rank,fips,county_name,state,moratorium_state_active,pillar_energy_carbon,pillar_water,pillar_climate_resilience,pillar_grid_infrastructure,pillar_land,pillar_community,pillar_cost,pillar_permitting,composite,coverage,floor_ok,horizon_delta,rank_delta_2050,top_reasons,robustness,failed_gates,unknown_gates
1,53025,Grant,WA,False,70.36,49.36,51.20,72.19,75.01,59.22,77.50,53.20,63.68,0.78,True,0.55,0.00,industrial_price_cents_kwh;state_policy_risk;land_area_sqkm,1.00,,
2,47181,Wayne,TN,False,44.30,62.02,50.86,65.96,65.74,59.53,84.72,69.59,63.19,0.73,True,-0.02,0.00,industrial_price_cents_kwh;state_policy_risk;fiber_share_locations,1.00,,max_queue_median_age_years
3,53075,Whitman,WA,False,70.33,74.69,50.48,54.29,81.28,44.78,77.50,53.20,63.06,0.76,True,0.01,0.00,industrial_price_cents_kwh;state_policy_risk;land_area_sqkm,0.97,,max_queue_median_age_years
4,40097,Mayes,OK,False,60.95,48.40,44.83,76.09,48.23,51.62,95.66,53.20,62.22,0.78,True,0.08,1.00,industrial_price_cents_kwh;state_policy_risk;coal_retired_mw,0.94,,
5,19163,Scott,IA,False,59.25,57.66,71.42,71.74,20.23,66.98,74.08,55.51,62.08,0.73,True,-0.22,2.00,industrial_price_cents_kwh;coal_retired_mw;fiber_share_locations,0.83,,max_queue_median_age_years
6,53005,Benton,WA,False,70.15,69.05,50.53,51.54,57.06,65.40,77.50,53.20,62.05,0.78,True,0.51,-2.00,industrial_price_cents_kwh;state_policy_risk;land_area_sqkm,0.87,,
7,53011,Clark,WA,False,57.88,86.29,63.06,48.08,28.92,72.90,77.50,53.20,61.91,0.78,True,0.22,-1.00,industrial_price_cents_kwh;state_policy_risk;water_stress_bws,0.74,,
8,47151,Scott,TN,False,40.83,67.27,54.91,62.99,45.14,57.59,84.72,69.59,61.74,0.73,True,-0.11,0.00,industrial_price_cents_kwh;state_policy_risk;fiber_share_locations,0.81,,max_queue_median_age_years
9,40001,Adair,OK,False,49.74,67.68,43.27,64.65,51.72,51.89,95.66,53.20,61.12,0.73,True,0.09,0.00,industrial_price_cents_kwh;state_policy_risk;fiber_share_locations,0.50,,max_queue_median_age_years
10,40051,Grady,OK,False,79.44,31.75,41.63,64.29,64.23,40.54,95.66,53.20,61.02,0.78,True,-0.15,0.00,industrial_price_cents_kwh;state_policy_risk;wind_speed_100m_ms,0.51,,
11,47049,Fentress,TN,False,41.70,65.08,53.00,63.45,44.37,49.87,84.72,69.59,60.75,0.73,True,-0.06,0.00,industrial_price_cents_kwh;state_policy_risk;fiber_share_locations,0.32,,max_queue_median_age_years
12,40119,Payne,OK,False,67.61,39.31,47.53,72.57,40.95,43.46,95.66,53.20,60.75,0.78,True,-0.43,4.00,industrial_price_cents_kwh;state_policy_risk;water_stress_bws,0.35,,
13,19127,Marshall,IA,False,64.94,43.95,44.05,73.70,41.19,75.30,74.08,55.51,60.49,0.78,True,-0.14,2.00,industrial_price_cents_kwh;coal_retired_mw;queue_withdrawal_rate,0.20,,
14,45025,Chesterfield,SC,False,60.24,49.88,52.18,61.82,55.34,57.14,69.11,69.59,60.45,0.78,True,0.04,0.00,industrial_price_cents_kwh;state_policy_risk;plant_clean_capacity_mw_100km,0.15,,
15,05143,Washington,AR,False,50.22,64.06,51.85,60.21,45.74,51.51,77.50,69.59,60.45,0.73,True,0.09,-2.00,industrial_price_cents_kwh;state_policy_risk;fiber_share_locations,0.09,,max_queue_median_age_years
16,53071,Walla Walla,WA,False,69.14,51.55,53.30,50.86,66.53,59.34,77.50,53.20,60.17,0.78,True,0.48,-4.00,industrial_price_cents_kwh;state_policy_risk;land_area_sqkm,0.09,,
17,40081,Lincoln,OK,False,66.99,29.25,42.75,71.39,67.30,36.90,95.66,53.20,59.94,0.78,True,-0.29,3.00,industrial_price_cents_kwh;state_policy_risk;queue_withdrawal_rate,0.15,,
18,47055,Giles,TN,False,43.08,57.13,51.64,62.52,48.41,49.22,84.72,69.59,59.93,0.73,True,0.03,0.00,industrial_price_cents_kwh;state_policy_risk;fiber_share_locations,0.01,,max_queue_median_age_years
19,47077,Henderson,TN,False,41.44,53.85,60.89,61.20,40.58,52.33,84.72,69.59,59.92,0.76,True,0.08,-2.00,industrial_price_cents_kwh;state_policy_risk;fiber_share_locations,0.03,,max_queue_median_age_years
20,39155,Trumbull,OH,False,43.71,86.17,56.66,63.98,31.71,87.24,66.95,43.16,59.69,0.78,True,-0.12,1.00,industrial_price_cents_kwh;drought_share_weeks_d2plus;nri_drought_score,0.15,,
21,47007,Bledsoe,TN,False,50.83,52.47,44.38,66.42,38.53,48.64,84.72,69.59,59.57,0.73,True,0.09,-2.00,industrial_price_cents_kwh;state_policy_risk;fiber_share_locations,0.00,,max_queue_median_age_years
22,40017,Canadian,OK,False,61.82,31.83,49.03,71.51,45.96,46.00,95.66,53.20,59.55,0.78,True,-0.20,3.00,industrial_price_cents_kwh;state_policy_risk;wind_speed_100m_ms,0.02,,
23,48331,Milam,TX,False,71.24,27.76,48.19,77.08,73.11,43.97,90.33,36.26,59.54,0.76,True,0.01,-1.00,industrial_price_cents_kwh;coal_retired_mw;queue_active_mw_clean_excl_storage,0.11,,
24,19139,Muscatine,IA,False,61.38,53.30,58.00,65.28,28.00,63.30,74.08,55.51,59.51,0.78,True,-0.02,-1.00,industrial_price_cents_kwh;queue_withdrawal_rate;coal_retired_mw,0.00,,
25,19189,Winnebago,IA,False,69.84,43.79,47.31,70.97,42.47,54.51,74.08,55.51,59.51,0.78,True,-0.21,1.00,industrial_price_cents_kwh;fiber_share_locations;queue_withdrawal_rate,0.00,,
26,45069,Marlboro,SC,False,55.27,49.90,51.11,60.98,37.89,70.50,69.11,69.59,59.39,0.78,True,0.09,-2.00,industrial_price_cents_kwh;state_policy_risk;fiber_share_locations,0.00,,
27,42079,Luzerne,PA,False,63.65,87.66,61.43,60.97,42.01,86.24,38.13,43.16,59.32,0.78,True,-0.03,0.00,drought_share_weeks_d2plus;nri_drought_score;dc_existing_count,0.14,,
28,40133,Seminole,OK,False,57.46,29.95,45.83,65.50,53.99,59.75,95.66,53.20,59.07,0.78,True,-0.23,2.00,industrial_price_cents_kwh;state_policy_risk;queue_median_age_years,0.00,,
29,19187,Webster,IA,False,68.26,46.90,51.93,53.00,52.94,64.46,74.08,55.51,59.00,0.78,True,-0.08,0.00,industrial_price_cents_kwh;wind_speed_100m_ms;fiber_share_locations,0.00,,
30,19097,Jackson,IA,False,51.53,64.31,51.74,59.68,56.96,54.53,74.08,55.51,58.94,0.73,True,-0.27,3.00,industrial_price_cents_kwh;fiber_share_locations;water_stress_bws,0.00,,max_queue_median_age_years
31,45039,Fairfield,SC,False,56.61,36.87,54.86,58.85,59.34,61.58,69.11,69.59,58.86,0.76,True,0.22,-3.00,industrial_price_cents_kwh;state_policy_risk;plant_clean_capacity_mw_100km,0.00,,max_queue_median_age_years
32,19155,Pottawattamie,IA,False,63.66,47.01,44.90,67.26,53.15,54.78,74.08,55.51,58.85,0.76,True,-0.07,-1.00,industrial_price_cents_kwh;dc_existing_count;coal_retired_mw,0.00,,max_queue_median_age_years
33,47101,Lewis,TN,False,45.27,44.32,58.79,66.87,29.75,47.19,84.72,69.59,58.82,0.73,True,-0.24,3.00,industrial_price_cents_kwh;state_policy_risk;fiber_share_locations,0.00,,max_queue_median_age_years
34,19113,Linn,IA,False,59.56,52.39,52.93,59.41,36.65,69.84,74.08,55.51,58.77,0.78,True,-0.13,0.00,industrial_price_cents_kwh;queue_active_mw_clean_excl_storage;coal_retired_mw,0.00,,
35,21083,Graves,KY,False,44.91,54.52,47.79,72.38,39.51,62.04,81.26,55.51,58.76,0.78,True,-0.13,0.00,industrial_price_cents_kwh;queue_median_age_years;water_permit_risk,0.00,,
36,05069,Jefferson,AR,False,52.05,50.67,39.52,55.13,53.31,67.04,77.50,69.59,58.73,0.78,True,0.02,-4.00,industrial_price_cents_kwh;state_policy_risk;queue_active_mw_clean_excl_storage,0.00,,
37,47069,Hardeman,TN,False,41.05,44.02,57.16,52.01,55.23,62.68,84.72,69.59,58.72,0.76,True,-0.19,1.00,industrial_price_cents_kwh;state_policy_risk;fiber_share_locations,0.00,,max_queue_median_age_years
38,19153,Polk,IA,False,55.47,46.96,57.97,72.92,25.25,59.42,74.08,55.51,58.50,0.73,True,-0.00,1.00,industrial_price_cents_kwh;dc_existing_count;fiber_share_locations,0.00,,max_queue_median_age_years
39,47153,Sequatchie,TN,False,45.38,52.96,45.56,67.41,24.77,51.55,84.72,69.59,58.40,0.73,True,0.01,2.00,industrial_price_cents_kwh;state_policy_risk;fiber_share_locations,0.00,,max_queue_median_age_years
40,47175,Van Buren,TN,False,45.13,47.50,46.10,66.00,38.65,50.07,84.72,69.59,58.38,0.73,True,-0.01,2.00,industrial_price_cents_kwh;state_policy_risk;fiber_share_locations,0.00,,max_queue_median_age_years
41,39147,Seneca,OH,False,48.40,87.79,49.58,61.30,34.46,73.45,66.95,43.16,58.36,0.78,True,-0.07,5.00,industrial_price_cents_kwh;drought_share_weeks_d2plus;water_stress_bws,0.00,,
42,40143,Tulsa,OK,False,49.49,29.73,56.81,73.18,24.08,60.79,95.66,53.20,58.36,0.78,True,0.00,1.00,industrial_price_cents_kwh;state_policy_risk;dc_existing_count,0.00,,
43,19145,Page,IA,False,62.31,50.27,48.76,65.44,50.72,46.07,74.08,55.51,58.30,0.73,True,0.03,1.00,industrial_price_cents_kwh;fiber_share_locations;plant_capacity_mw_100km,0.00,,max_queue_median_age_years
44,45075,Orangeburg,SC,False,63.33,37.96,52.27,48.04,59.12,64.40,69.11,69.59,58.28,0.78,True,0.13,-4.00,industrial_price_cents_kwh;state_policy_risk;land_area_sqkm,0.00,,
45,40101,Muskogee,OK,False,58.32,37.68,46.32,54.58,50.34,59.56,95.66,53.20,58.24,0.78,True,0.09,0.00,industrial_price_cents_kwh;state_policy_risk;queue_active_mw_clean_excl_storage,0.00,,
46,45003,Aiken,SC,False,61.20,32.46,48.42,65.34,51.24,55.66,69.11,69.59,58.22,0.78,True,0.34,-9.00,industrial_price_cents_kwh;state_policy_risk;queue_median_age_years,0.00,,
47,19033,Cerro Gordo,IA,False,67.56,43.07,46.76,62.15,39.51,62.81,74.08,55.51,58.17,0.78,True,-0.20,7.00,industrial_price_cents_kwh;plant_clean_capacity_mw_100km;fiber_share_locations,0.00,,
48,05123,St. Francis,AR,False,48.72,30.07,49.67,61.82,54.89,67.57,77.50,69.59,58.15,0.78,True,-0.00,-1.00,industrial_price_cents_kwh;state_policy_risk;queue_median_age_years,0.00,,
49,47039,Decatur,TN,False,34.71,57.65,49.75,63.72,35.67,53.19,84.72,69.59,58.14,0.73,True,0.00,-1.00,industrial_price_cents_kwh;state_policy_risk;fiber_share_locations,0.00,,max_queue_median_age_years
50,47143,Rhea,TN,False,39.24,52.48,44.55,68.57,19.73,63.35,84.72,69.59,58.12,0.73,True,0.02,-1.00,industrial_price_cents_kwh;state_policy_risk;coal_retired_mw,0.00,,max_queue_median_age_years
51,47141,Putnam,TN,False,40.76,50.55,56.11,61.46,18.83,60.40,84.72,69.59,58.10,0.73,True,-0.08,0.00,industrial_price_cents_kwh;state_policy_risk;fiber_share_locations,0.00,,max_queue_median_age_years
52,48231,Hunt,TX,False,72.52,36.33,46.11,63.73,46.72,60.67,90.33,36.26,58.09,0.76,True,-0.08,0.00,industrial_price_cents_kwh;queue_operational_mw_online_5y;queue_withdrawal_rate,0.00,,
53,19109,Kossuth,IA,False,67.25,45.83,50.33,49.97,77.34,44.20,74.08,55.51,58.00,0.73,True,-0.16,5.00,industrial_price_cents_kwh;queue_operational_mw_online_5y;plant_clean_capacity_mw_100km,0.00,,max_queue_median_age_years
54,47185,White,TN,False,40.42,47.85,50.37,67.20,26.65,54.86,84.72,69.59,57.98,0.73,True,-0.04,1.00,industrial_price_cents_kwh;state_policy_risk;fiber_share_locations,0.00,,max_queue_median_age_years
55,48233,Hutchinson,TX,False,70.90,27.58,45.48,60.54,70.18,61.48,90.33,36.26,57.90,0.76,True,-0.18,6.00,industrial_price_cents_kwh;wind_speed_100m_ms;queue_active_mw_clean_excl_storage,0.00,,
56,47133,Overton,TN,False,40.65,52.60,50.17,60.64,35.49,51.66,84.72,69.59,57.89,0.73,True,-0.10,3.00,industrial_price_cents_kwh;state_policy_risk;fiber_share_locations,0.00,,max_queue_median_age_years
57,40021,Cherokee,OK,False,48.89,45.57,46.18,66.70,51.58,38.62,95.66,53.20,57.88,0.73,True,0.11,-4.00,industrial_price_cents_kwh;state_policy_risk;fiber_share_locations,0.00,,max_queue_median_age_years
58,48309,McLennan,TX,False,80.73,38.61,48.29,62.28,47.89,55.01,90.33,27.06,57.84,0.76,True,-0.32,6.00,industrial_price_cents_kwh;queue_operational_mw_online_5y;queue_active_mw_clean_excl_storage,0.00,,
59,45057,Lancaster,SC,False,52.38,47.55,56.21,60.96,29.37,59.38,69.11,69.59,57.75,0.73,True,0.09,-2.00,industrial_price_cents_kwh;state_policy_risk;plant_capacity_mw_100km,0.00,,max_queue_median_age_years
60,45011,Barnwell,SC,False,60.00,29.81,51.92,61.19,47.59,61.27,69.11,69.59,57.72,0.73,True,0.34,-10.00,industrial_price_cents_kwh;state_policy_risk;fiber_share_locations,0.00,,max_queue_median_age_years
61,45041,Florence,SC,False,54.80,50.07,54.58,56.51,43.21,50.30,69.11,69.59,57.71,0.78,True,0.07,-1.00,industrial_price_cents_kwh;state_policy_risk;grid_co2_lb_mwh,0.00,,
62,47123,Monroe,TN,False,41.21,57.29,49.03,49.55,44.44,56.18,84.72,69.59,57.69,0.73,True,-0.02,0.00,industrial_price_cents_kwh;state_policy_risk;water_stress_bws,0.00,,max_queue_median_age_years
63,45085,Sumter,SC,False,58.86,52.92,54.39,46.77,38.39,59.91,69.11,69.59,57.65,0.76,True,0.20,-7.00,industrial_price_cents_kwh;state_policy_risk;grid_co2_lb_mwh,0.00,,max_queue_median_age_years
64,40107,Okfuskee,OK,False,55.66,26.30,45.56,61.98,62.40,51.15,95.66,53.20,57.63,0.76,True,-0.32,873.00,industrial_price_cents_kwh;state_policy_risk;fiber_share_locations,0.00,,max_queue_median_age_years
65,21069,Fleming,KY,False,42.41,77.27,53.84,54.98,32.89,49.04,81.26,55.51,57.59,0.78,True,-0.08,0.00,industrial_price_cents_kwh;water_stress_bws;queue_withdrawal_rate,0.00,,
66,22077,Pointe Coupee,LA,False,50.19,41.54,57.27,52.31,48.42,43.08,97.93,55.51,57.58,0.76,True,-0.26,7.00,industrial_price_cents_kwh;water_stress_bws;queue_operational_mw_online_5y,0.00,,max_queue_median_age_years
67,47047,Fayette,TN,False,40.46,54.54,49.75,53.72,49.95,46.92,84.72,69.59,57.56,0.76,True,-0.10,0.00,industrial_price_cents_kwh;state_policy_risk;fiber_share_locations,0.00,,max_queue_median_age_years
68,47107,McMinn,TN,False,44.81,54.64,49.54,50.68,24.70,64.72,84.72,69.59,57.54,0.76,True,0.02,-5.00,industrial_price_cents_kwh;state_policy_risk;water_stress_bws,0.00,,max_queue_median_age_years
69,19005,Allamakee,IA,False,44.74,69.60,49.07,54.80,61.37,51.72,74.08,55.51,57.53,0.76,True,-0.47,18.00,industrial_price_cents_kwh;coal_retired_mw;water_permit_risk,0.00,,max_queue_median_age_years
70,19169,Story,IA,False,65.37,51.29,50.62,63.60,32.23,45.08,74.08,55.51,57.49,0.76,True,-0.02,-4.00,industrial_price_cents_kwh;coal_retired_mw;water_stress_bws,0.00,,max_queue_median_age_years
71,21097,Harrison,KY,False,48.24,76.20,54.32,50.80,25.99,51.07,81.26,55.51,57.48,0.73,True,-0.04,-3.00,industrial_price_cents_kwh;plant_capacity_mw_100km;water_stress_bws,0.00,,max_queue_median_age_years
72,19059,Dickinson,IA,False,67.73,66.58,38.38,59.05,33.19,43.73,74.08,55.51,57.47,0.73,True,-0.13,0.00,industrial_price_cents_kwh;fiber_share_locations;wind_speed_100m_ms,0.00,,max_queue_median_age_years
73,19141,O'Brien,IA,False,58.40,61.23,44.80,58.02,55.81,42.40,74.08,55.51,57.43,0.73,True,-0.09,-2.00,industrial_price_cents_kwh;fiber_share_locations;water_stress_bws,0.00,,max_queue_median_age_years
74,47017,Carroll,TN,False,38.57,46.03,59.48,46.98,48.36,60.49,84.72,69.59,57.43,0.73,True,-0.02,-5.00,industrial_price_cents_kwh;state_policy_risk;water_permit_risk,0.00,,max_queue_median_age_years
75,47145,Roane,TN,False,43.47,53.67,49.24,55.33,18.86,62.73,84.72,69.59,57.33,0.78,True,-0.02,-1.00,industrial_price_cents_kwh;state_policy_risk;queue_withdrawal_rate,0.00,,
76,47057,Grainger,TN,False,36.27,53.16,68.25,56.57,21.02,45.80,84.72,69.59,57.33,0.73,True,-0.07,0.00,industrial_price_cents_kwh;state_policy_risk;fiber_share_locations,0.00,,max_queue_median_age_years
77,19049,Dallas,IA,False,63.31,45.95,48.35,67.45,33.37,49.66,74.08,55.51,57.32,0.73,True,-0.09,1.00,industrial_price_cents_kwh;dc_existing_count;water_permit_risk,0.00,,max_queue_median_age_years
78,48117,Deaf Smith,TX,False,71.23,27.73,41.68,64.83,84.01,40.37,90.33,36.26,57.32,0.76,True,0.04,-8.00,industrial_price_cents_kwh;land_area_sqkm;wind_speed_100m_ms,0.00,,
79,40131,Rogers,OK,False,55.95,36.68,43.93,66.89,39.35,44.30,95.66,53.20,57.32,0.78,True,-0.08,-2.00,industrial_price_cents_kwh;state_policy_risk;coal_retired_mw,0.00,,
80,40023,Choctaw,OK,False,57.11,34.06,43.92,52.78,69.09,47.37,95.66,53.20,57.30,0.78,True,0.01,-5.00,industrial_price_cents_kwh;state_policy_risk;water_stress_bws,0.00,,
81,47009,Blount,TN,False,38.20,58.52,53.86,49.44,28.59,60.93,84.72,69.59,57.26,0.73,True,-0.08,-1.00,industrial_price_cents_kwh;state_policy_risk;water_stress_bws,0.00,,max_queue_median_age_years
82,40087,McClain,OK,False,59.17,28.18,44.25,74.18,39.64,35.53,95.66,53.20,57.23,0.78,True,-0.12,0.00,industrial_price_cents_kwh;state_policy_risk;queue_withdrawal_rate,0.00,,
83,39173,Wood,OH,False,60.04,85.82,42.35,54.80,33.93,63.87,66.95,43.16,57.21,0.78,True,-0.03,-2.00,industrial_price_cents_kwh;water_stress_bws;nri_drought_score,0.00,,
84,19069,Franklin,IA,False,69.17,43.03,48.30,53.43,60.78,45.13,74.08,55.51,57.20,0.78,True,-0.20,6.00,industrial_price_cents_kwh;wind_speed_100m_ms;plant_clean_capacity_mw_100km,0.00,,
85,40121,Pittsburg,OK,False,56.93,33.76,38.57,50.25,72.48,56.12,95.66,53.20,57.19,0.78,True,-0.11,-1.00,industrial_price_cents_kwh;state_policy_risk;land_area_sqkm,0.00,,
86,21081,Grant,KY,False,34.97,67.34,65.29,66.10,18.70,46.40,81.26,55.51,57.15,0.73,True,-0.08,0.00,industrial_price_cents_kwh;plant_capacity_mw_100km;drought_share_weeks_d2plus,0.00,,max_queue_median_age_years
87,22067,Morehouse,LA,False,52.36,34.38,43.89,45.12,63.19,63.54,97.93,55.51,57.11,0.78,True,0.08,-8.00,industrial_price_cents_kwh;queue_active_mw_clean_excl_storage;queue_operational_mw_online_5y,0.00,,
88,22009,Avoyelles,LA,False,50.45,39.74,46.92,49.93,58.54,49.72,97.93,55.51,57.06,0.76,True,-0.12,9.00,industrial_price_cents_kwh;water_stress_bws;water_permit_risk,0.00,,max_queue_median_age_years
89,47061,Grundy,TN,False,46.87,48.97,48.09,52.42,35.43,53.48,84.72,69.59,57.05,0.76,True,-0.03,0.00,industrial_price_cents_kwh;state_policy_risk;fiber_share_locations,0.00,,max_queue_median_age_years
90,48069,Castro,TX,False,81.35,28.48,37.88,61.51,78.69,33.07,90.33,36.26,57.01,0.76,True,-0.03,2.00,industrial_price_cents_kwh;wind_speed_100m_ms;queue_active_mw_clean_excl_storage,0.00,,
91,48145,Falls,TX,False,75.50,38.35,47.57,50.67,66.76,45.15,90.33,36.26,57.00,0.76,True,-0.32,14.00,industrial_price_cents_kwh;queue_operational_mw_online_5y;queue_withdrawal_rate,0.00,,
92,48387,Red River,TX,False,56.26,37.32,44.29,62.65,80.94,52.83,90.33,36.26,57.00,0.76,True,-0.05,3.00,industrial_price_cents_kwh;queue_withdrawal_rate;pop_density_per_sqkm,0.00,,
93,21177,Muhlenberg,KY,False,41.48,49.47,53.20,66.49,34.69,61.13,81.26,55.51,56.97,0.78,True,-0.27,11.00,industrial_price_cents_kwh;coal_retired_mw;water_permit_risk,0.00,,
94,48363,Palo Pinto,TX,False,76.57,32.59,41.67,60.11,69.38,40.08,90.33,36.26,56.97,0.76,True,-0.33,14.00,industrial_price_cents_kwh;queue_withdrawal_rate;queue_operational_mw_online_5y,0.00,,
95,05125,Saline,AR,False,48.33,50.72,39.88,59.74,40.46,53.82,77.50,69.59,56.91,0.76,True,0.07,-4.00,industrial_price_cents_kwh;state_policy_risk;water_permit_risk,0.00,,max_queue_median_age_years
96,47167,Tipton,TN,False,34.62,47.95,57.35,62.18,26.21,52.15,84.72,69.59,56.91,0.73,True,-0.03,4.00,industrial_price_cents_kwh;state_policy_risk;fiber_share_locations,0.00,,max_queue_median_age_years
97,19047,Crawford,IA,False,65.41,48.18,41.04,46.69,64.18,60.59,74.08,55.51,56.89,0.73,True,0.02,2.00,industrial_price_cents_kwh;wind_speed_100m_ms;water_permit_risk,0.00,,max_queue_median_age_years
98,19079,Hamilton,IA,False,57.41,52.38,43.21,60.01,55.74,48.78,74.08,55.51,56.88,0.73,True,0.07,-2.00,industrial_price_cents_kwh;fiber_share_locations;wind_speed_100m_ms,0.00,,max_queue_median_age_years
99,42033,Clearfield,PA,False,60.36,86.28,68.39,42.99,60.76,72.97,38.13,43.16,56.88,0.78,True,-0.08,3.00,drought_share_weeks_d2plus;nri_drought_score;cdd_hist,0.01,,
100,47183,Weakley,TN,False,35.44,39.34,50.47,61.39,44.84,58.06,84.72,69.59,56.84,0.73,True,-0.10,3.00,industrial_price_cents_kwh;state_policy_risk;plant_capacity_mw_100km,0.00,,max_queue_median_age_years
101,45017,Calhoun,SC,False,57.63,39.56,52.55,64.78,36.64,42.65,69.11,69.59,56.82,0.73,True,0.16,-8.00,industrial_price_cents_kwh;state_policy_risk;fiber_share_locations,0.00,,max_queue_median_age_years
102,48131,Duval,TX,False,69.28,25.57,53.25,53.98,89.21,40.17,90.33,36.26,56.82,0.76,True,-0.00,849.00,industrial_price_cents_kwh;land_area_sqkm;pop_density_per_sqkm,0.00,,
103,45055,Kershaw,SC,False,55.97,51.75,51.70,47.66,46.19,52.84,69.11,69.59,56.81,0.76,True,0.12,-5.00,industrial_price_cents_kwh;state_policy_risk;plant_clean_capacity_mw_100km,0.00,,max_queue_median_age_years
104,19037,Chickasaw,IA,False,63.13,61.56,45.63,49.71,51.29,43.29,74.08,55.51,56.79,0.73,True,-0.25,6.00,industrial_price_cents_kwh;queue_operational_mw_online_5y;water_permit_risk,0.00,,max_queue_median_age_years
105,22083,Richland,LA,False,49.40,27.51,46.86,61.41,49.07,52.52,97.93,55.51,56.79,0.78,True,0.06,-4.00,industrial_price_cents_kwh;queue_median_age_years;dc_existing_count,0.00,,
106,18141,St. Joseph,IN,False,60.39,68.77,68.98,69.33,18.27,71.61,31.34,55.51,56.76,0.78,True,-0.08,0.00,dc_existing_count;nri_drought_score;queue_operational_mw_online_5y,0.00,,
107,45007,Anderson,SC,False,55.55,30.58,55.56,62.53,36.91,57.52,69.11,69.59,56.73,0.78,True,0.33,-19.00,industrial_price_cents_kwh;state_policy_risk;coal_retired_mw,0.00,,
108,19027,Carroll,IA,False,66.71,47.75,47.49,54.97,50.11,44.16,74.08,55.51,56.72,0.73,True,-0.11,1.00,industrial_price_cents_kwh;fiber_share_locations;wind_speed_100m_ms,0.00,,max_queue_median_age_years
109,40117,Pawnee,OK,False,63.74,36.15,42.85,51.67,53.62,41.26,95.66,53.20,56.70,0.73,True,-0.04,-2.00,industrial_price_cents_kwh;state_policy_risk;plant_capacity_mw_100km,0.00,,max_queue_median_age_years
110,48223,Hopkins,TX,False,72.39,39.49,38.94,61.18,56.05,46.60,90.33,36.26,56.64,0.76,True,-0.10,2.00,industrial_price_cents_kwh;queue_operational_mw_online_5y;queue_withdrawal_rate,0.00,,
111,45001,Abbeville,SC,False,50.52,27.57,55.67,66.58,39.90,59.88,69.11,69.59,56.64,0.73,True,0.45,-28.00,industrial_price_cents_kwh;state_policy_risk;fiber_share_locations,0.00,,max_queue_median_age_years
112,05007,Benton,AR,False,54.55,58.48,48.19,37.55,40.69,56.37,77.50,69.59,56.61,0.76,True,-0.10,2.00,industrial_price_cents_kwh;state_policy_risk;water_permit_risk,0.00,,max_queue_median_age_years
113,21229,Washington,KY,False,40.05,74.40,56.24,54.57,31.76,43.94,81.26,55.51,56.60,0.76,True,-0.14,3.00,industrial_price_cents_kwh;water_stress_bws;water_permit_risk,0.00,,max_queue_median_age_years
114,40125,Pottawatomie,OK,False,57.29,29.41,46.63,59.51,48.18,45.99,95.66,53.20,56.59,0.73,True,-0.22,8.00,industrial_price_cents_kwh;state_policy_risk;wind_speed_100m_ms,0.00,,max_queue_median_age_years
115,22029,Concordia,LA,False,54.48,43.38,44.34,41.89,61.63,47.32,97.93,55.51,56.58,0.76,True,-0.11,0.00,industrial_price_cents_kwh;water_stress_bws;water_permit_risk,0.00,,max_queue_median_age_years
116,19115,Louisa,IA,False,62.09,54.43,48.67,55.32,42.55,45.02,74.08,55.51,56.56,0.78,True,-0.02,-5.00,industrial_price_cents_kwh;water_permit_risk;queue_active_mw_clean_excl_storage,0.00,,
117,19065,Fayette,IA,False,48.51,65.29,48.58,46.92,63.57,52.48,74.08,55.51,56.54,0.73,True,-0.30,13.00,industrial_price_cents_kwh;water_stress_bws;water_permit_risk,0.00,,max_queue_median_age_years
118,47075,Haywood,TN,False,40.28,40.38,48.33,53.08,48.57,59.14,84.72,69.59,56.53,0.78,True,-0.19,6.00,industrial_price_cents_kwh;state_policy_risk;water_permit_risk,0.00,,
119,40037,Creek,OK,False,49.18,29.54,48.87,59.82,56.19,49.37,95.66,53.20,56.51,0.78,True,-0.13,1.00,industrial_price_cents_kwh;state_policy_risk;wind_speed_100m_ms,0.00,,
120,45065,McCormick,SC,False,50.08,40.56,50.83,66.55,40.08,47.51,69.11,69.59,56.50,0.73,True,0.48,-26.00,industrial_price_cents_kwh;state_policy_risk;fiber_share_locations,0.00,,max_queue_median_age_years
121,19143,Osceola,IA,False,58.81,62.25,47.46,53.44,48.05,39.60,74.08,55.51,56.47,0.73,True,-0.12,2.00,industrial_price_cents_kwh;wind_speed_100m_ms;plant_clean_capacity_mw_100km,0.00,,max_queue_median_age_years
122,47097,Lauderdale,TN,False,35.29,43.01,52.27,56.17,37.97,61.01,84.72,69.59,56.45,0.73,True,-0.04,-3.00,industrial_price_cents_kwh;state_policy_risk;water_permit_risk,0.00,,max_queue_median_age_years
123,05053,Grant,AR,False,41.43,53.14,43.77,57.66,57.62,41.88,77.50,69.59,56.44,0.78,True,0.02,-6.00,industrial_price_cents_kwh;state_policy_risk;queue_active_mw_clean_excl_storage,0.00,,
124,19035,Cherokee,IA,False,63.80,59.17,38.17,48.46,58.89,47.54,74.08,55.51,56.41,0.73,True,-0.09,2.00,industrial_price_cents_kwh;water_stress_bws;wind_speed_100m_ms,0.00,,max_queue_median_age_years
125,19105,Jones,IA,False,51.94,62.36,47.05,56.01,51.21,44.39,74.08,55.51,56.40,0.73,True,-0.22,9.00,industrial_price_cents_kwh;fiber_share_locations;water_stress_bws,0.00,,max_queue_median_age_years
126,19161,Sac,IA,False,58.08,49.65,47.23,56.72,60.24,42.28,74.08,55.51,56.39,0.73,True,0.00,-5.00,industrial_price_cents_kwh;fiber_share_locations;wind_speed_100m_ms,0.00,,max_queue_median_age_years
127,19073,Greene,IA,False,64.02,43.16,48.19,56.20,60.13,40.04,74.08,55.51,56.36,0.76,True,-0.07,0.00,industrial_price_cents_kwh;plant_clean_capacity_mw_100km;fiber_share_locations,0.00,,max_queue_median_age_years
128,39025,Clermont,OH,False,48.94,74.22,57.97,68.90,18.85,54.67,66.95,43.16,56.34,0.78,True,-0.09,1.00,industrial_price_cents_kwh;water_stress_bws;coal_retired_mw,0.00,,
129,40027,Cleveland,OK,False,59.59,29.93,48.42,64.84,23.37,45.85,95.66,53.20,56.33,0.78,True,-0.13,2.00,industrial_price_cents_kwh;state_policy_risk;wind_speed_100m_ms,0.00,,
130,48035,Bosque,TX,False,79.16,37.86,41.09,58.74,75.86,34.50,90.33,27.06,56.27,0.76,True,-0.32,12.00,industrial_price_cents_kwh;plant_clean_capacity_mw_100km;plant_capacity_mw_100km,0.00,,
131,48375,Potter,TX,False,68.36,26.68,52.30,60.44,49.26,55.51,90.33,36.26,56.27,0.73,True,-0.14,845.00,industrial_price_cents_kwh;dc_existing_count;wind_speed_100m_ms,0.00,,max_queue_median_age_years
132,40111,Okmulgee,OK,False,48.29,27.85,43.18,59.70,51.61,62.17,95.66,53.20,56.26,0.73,True,-0.19,6.00,industrial_price_cents_kwh;state_policy_risk;plant_capacity_mw_100km,0.00,,max_queue_median_age_years
133,16055,Kootenai,ID,False,55.32,65.58,64.95,48.29,53.81,63.64,51.06,53.20,56.25,0.78,True,0.08,-8.00,state_policy_risk;cdd_hist;land_area_sqkm,0.00,,
134,39051,Fulton,OH,False,60.22,71.85,53.57,53.11,24.24,66.85,66.95,43.16,56.24,0.78,True,-0.05,-2.00,industrial_price_cents_kwh;water_stress_bws;drought_share_weeks_d2plus,0.00,,
135,19013,Black Hawk,IA,False,51.81,48.54,52.15,56.09,29.64,71.86,74.08,55.51,56.22,0.73,True,-0.12,2.00,industrial_price_cents_kwh;fiber_share_locations;water_permit_risk,0.00,,max_queue_median_age_years
136,05145,White,AR,False,49.67,44.78,38.97,52.77,58.14,50.96,77.50,69.59,56.20,0.76,True,-0.01,-3.00,industrial_price_cents_kwh;state_policy_risk;queue_operational_mw_online_5y,0.00,,max_queue_median_age_years
137,05103,Ouachita,AR,False,39.98,47.06,40.20,51.54,61.71,62.76,77.50,69.59,56.19,0.78,True,-0.28,12.00,industrial_price_cents_kwh;state_policy_risk;queue_active_mw_clean_excl_storage,0.00,,
138,13303,Washington,GA,False,63.04,26.02,47.93,74.56,59.47,51.02,62.98,55.51,56.17,0.78,True,0.27,-20.00,industrial_price_cents_kwh;dc_existing_count;queue_operational_mw_online_5y,0.00,,
139,40137,Stephens,OK,False,56.94,29.92,47.76,47.04,58.83,53.33,95.66,53.20,56.17,0.73,True,-0.29,11.00,industrial_price_cents_kwh;state_policy_risk;wind_speed_100m_ms,0.00,,max_queue_median_age_years
140,05071,Johnson,AR,False,35.26,63.33,43.18,49.13,54.65,54.12,77.50,69.59,56.17,0.73,True,0.08,-12.00,industrial_price_cents_kwh;state_policy_risk;water_stress_bws,0.00,,max_queue_median_age_years
141,48077,Clay,TX,False,71.23,31.18,43.64,58.65,82.44,31.39,90.33,36.26,56.15,0.76,True,-0.19,2.00,industrial_price_cents_kwh;queue_active_mw_clean_excl_storage;pop_density_per_sqkm,0.00,,
142,45073,Oconee,SC,False,55.42,39.72,54.50,54.00,37.92,53.98,69.11,69.59,56.13,0.76,True,0.40,-29.00,industrial_price_cents_kwh;state_policy_risk;plant_clean_capacity_mw_100km,0.00,,max_queue_median_age_years
143,40041,Delaware,OK,False,50.04,57.59,38.36,48.95,53.01,40.23,95.66,53.20,56.08,0.76,True,0.08,-8.00,industrial_price_cents_kwh;state_policy_risk;water_stress_bws,0.00,,max_queue_median_age_years
144,48181,Grayson,TX,False,66.24,39.68,49.33,61.49,49.08,57.77,90.33,27.06,56.07,0.76,True,-0.11,-4.00,industrial_price_cents_kwh;queue_withdrawal_rate;land_area_sqkm,0.00,,
145,48343,Morris,TX,False,52.28,52.91,40.82,68.53,27.92,63.81,90.33,36.26,56.06,0.76,True,-0.42,20.00,industrial_price_cents_kwh;nri_drought_score;queue_withdrawal_rate,0.00,,
146,49007,Carbon,UT,False,61.87,56.29,63.42,52.91,83.03,49.74,41.52,53.20,56.05,0.76,True,0.05,-10.00,state_policy_risk;coal_retired_mw;cdd_hist,0.00,,max_queue_median_age_years
147,47187,Williamson,TN,False,33.54,52.93,53.38,56.77,28.29,50.55,84.72,69.59,56.04,0.73,True,-0.13,1.00,industrial_price_cents_kwh;state_policy_risk;fiber_share_locations,0.00,,max_queue_median_age_years
148,26027,Cass,MI,False,63.26,83.00,63.78,63.82,30.15,72.68,28.53,43.16,56.02,0.78,True,-0.09,-3.00,water_stress_bws;queue_operational_mw_online_5y;dc_existing_count,0.00,,
149,19031,Cedar,IA,False,53.26,53.27,50.75,56.90,53.04,41.67,74.08,55.51,55.99,0.73,True,-0.12,2.00,industrial_price_cents_kwh;fiber_share_locations;water_permit_risk,0.00,,max_queue_median_age_years
150,47103,Lincoln,TN,False,41.33,50.79,49.83,48.81,42.33,46.74,84.72,69.59,55.97,0.73,True,-0.05,-4.00,industrial_price_cents_kwh;state_policy_risk;plant_clean_capacity_mw_100km,0.00,,max_queue_median_age_years
151,37021,Buncombe,NC,False,57.88,47.01,64.37,73.21,32.68,59.88,45.37,55.51,55.92,0.78,True,0.05,-12.00,coal_retired_mw;dc_existing_count;plant_clean_capacity_mw_100km,0.00,,
152,47071,Hardin,TN,False,36.86,53.27,49.94,45.85,47.57,51.55,84.72,69.59,55.91,0.73,True,0.04,-8.00,industrial_price_cents_kwh;state_policy_risk;water_stress_bws,0.00,,max_queue_median_age_years
153,47109,McNairy,TN,False,41.69,47.02,53.16,42.12,45.79,55.24,84.72,69.59,55.91,0.76,True,-0.04,-1.00,industrial_price_cents_kwh;state_policy_risk;water_permit_risk,0.00,,max_queue_median_age_years
154,47155,Sevier,TN,False,36.12,54.99,52.24,49.72,34.00,51.04,84.72,69.59,55.90,0.73,True,0.06,-13.00,industrial_price_cents_kwh;state_policy_risk;water_permit_risk,0.00,,max_queue_median_age_years
155,19081,Hancock,IA,False,58.61,44.40,50.84,47.57,58.83,55.37,74.08,55.51,55.89,0.76,True,-0.10,1.00,industrial_price_cents_kwh;fiber_share_locations;wind_speed_100m_ms,0.00,,max_queue_median_age_years
156,19083,Hardin,IA,False,63.41,45.21,39.77,54.85,52.96,52.22,74.08,55.51,55.85,0.73,True,-0.15,3.00,industrial_price_cents_kwh;wind_speed_100m_ms;water_permit_risk,0.00,,max_queue_median_age_years
157,40113,Osage,OK,False,55.49,34.19,41.55,39.83,82.18,49.13,95.66,53.20,55.85,0.76,True,-0.02,-3.00,industrial_price_cents_kwh;state_policy_risk;land_area_sqkm,0.00,,max_queue_median_age_years
158,19179,Wapello,IA,False,49.36,45.73,49.20,61.09,29.54,71.00,74.08,55.51,55.84,0.78,True,-0.26,14.00,industrial_price_cents_kwh;water_stress_bws;queue_median_age_years,0.00,,
159,42107,Schuylkill,PA,False,57.19,79.97,59.18,52.98,42.04,84.70,38.13,43.16,55.80,0.76,True,0.04,-6.00,plant_capacity_mw_100km;coal_retired_mw;nri_drought_score,0.00,,max_queue_median_age_years
160,48139,Ellis,TX,False,81.55,42.07,43.95,73.86,46.70,55.34,90.33,2.28,55.79,0.76,True,-0.13,3.00,industrial_price_cents_kwh;dc_existing_count;queue_operational_mw_online_5y,0.00,,
161,19063,Emmet,IA,False,58.64,43.82,45.38,58.34,43.53,54.99,74.08,55.51,55.75,0.73,True,-0.30,17.00,industrial_price_cents_kwh;fiber_share_locations;wind_speed_100m_ms,0.00,,max_queue_median_age_years
162,38055,McLean,ND,False,56.54,74.90,43.72,60.26,90.87,33.19,58.49,39.12,55.75,0.73,True,0.17,-15.00,fiber_share_locations;land_area_sqkm;pop_density_per_sqkm,0.00,,max_queue_median_age_years
163,19019,Buchanan,IA,False,48.69,62.13,49.00,53.05,50.53,45.84,74.08,55.51,55.73,0.76,True,-0.36,21.00,industrial_price_cents_kwh;water_permit_risk;grid_renewable_share,0.00,,max_queue_median_age_years
164,17073,Henry,IL,False,65.28,47.43,70.37,66.35,54.99,71.52,16.26,60.85,55.72,0.76,True,-0.09,2.00,water_permit_risk;queue_withdrawal_rate;queue_operational_mw_online_5y,0.00,,
165,47079,Henry,TN,False,34.19,50.92,52.41,49.24,42.36,52.00,84.72,69.59,55.72,0.73,True,0.01,-7.00,industrial_price_cents_kwh;state_policy_risk;water_permit_risk,0.00,,max_queue_median_age_years
166,37155,Robeson,NC,False,55.07,47.72,53.64,67.95,50.82,71.27,45.37,55.51,55.70,0.78,True,0.11,-11.00,queue_median_age_years;coal_retired_mw;grid_co2_lb_mwh,0.00,,
167,19015,Boone,IA,False,66.57,46.55,43.99,53.33,46.59,44.67,74.08,55.51,55.69,0.73,True,-0.01,-6.00,industrial_price_cents_kwh;queue_operational_mw_online_5y;plant_clean_capacity_mw_100km,0.00,,max_queue_median_age_years
168,40013,Bryan,OK,False,59.07,33.56,47.19,47.94,59.81,37.02,95.66,53.20,55.68,0.78,True,0.01,-8.00,industrial_price_cents_kwh;state_policy_risk;water_stress_bws,0.00,,
169,01071,Jackson,AL,False,45.31,48.11,37.61,77.40,64.62,49.57,58.49,60.85,55.67,0.73,True,0.05,817.00,coal_retired_mw;dc_existing_count;water_permit_risk,0.00,,max_queue_median_age_years
170,21011,Bath,KY,False,35.07,75.66,58.83,53.19,29.45,40.79,81.26,55.51,55.66,0.76,True,-0.10,3.00,industrial_price_cents_kwh;water_stress_bws;water_permit_risk,0.00,,max_queue_median_age_years
171,48395,Robertson,TX,False,61.09,41.85,41.13,59.29,70.87,40.49,90.33,36.26,55.65,0.76,True,-0.04,-2.00,industrial_price_cents_kwh;queue_operational_mw_online_5y;queue_active_mw_clean_excl_storage,0.00,,
172,39143,Sandusky,OH,False,50.27,87.25,42.72,53.47,21.95,72.53,66.95,43.16,55.64,0.73,True,-0.01,-5.00,industrial_price_cents_kwh;drought_share_weeks_d2plus;water_stress_bws,0.00,,max_queue_median_age_years
173,26091,Lenawee,MI,False,55.48,85.33,54.12,66.12,43.50,77.58,28.53,43.16,55.64,0.78,True,-0.03,-3.00,water_stress_bws;drought_share_weeks_d2plus;queue_active_mw_clean_excl_storage,0.00,,
174,45063,Lexington,SC,False,59.37,31.25,52.05,57.83,34.11,52.46,69.11,69.59,55.63,0.76,True,0.14,-17.00,industrial_price_cents_kwh;state_policy_risk;plant_clean_capacity_mw_100km,0.00,,max_queue_median_age_years
175,40019,Carter,OK,False,68.87,26.21,47.39,40.87,55.16,45.20,95.66,53.20,55.63,0.76,True,-0.26,823.00,industrial_price_cents_kwh;state_policy_risk;queue_operational_mw_online_5y,0.00,,max_queue_median_age_years
176,05093,Mississippi,AR,False,47.49,25.54,48.91,46.76,62.34,68.68,77.50,69.59,55.63,0.78,True,0.02,-12.00,industrial_price_cents_kwh;state_policy_risk;queue_active_mw_clean_excl_storage,0.00,,
177,48213,Henderson,TX,False,67.07,34.55,48.52,55.36,50.50,52.07,90.33,36.26,55.58,0.76,True,0.05,-9.00,industrial_price_cents_kwh;queue_operational_mw_online_5y;queue_withdrawal_rate,0.00,,
178,19057,Des Moines,IA,False,51.46,55.02,54.85,42.87,26.74,78.04,74.08,55.51,55.56,0.76,True,-0.27,10.00,industrial_price_cents_kwh;water_stress_bws;water_permit_risk,0.00,,max_queue_median_age_years
179,19151,Pocahontas,IA,False,66.69,44.22,48.63,46.06,63.04,39.46,74.08,55.51,55.55,0.76,True,-0.12,0.00,industrial_price_cents_kwh;plant_clean_capacity_mw_100km;wind_speed_100m_ms,0.00,,max_queue_median_age_years
180,39027,Clinton,OH,False,54.61,68.44,56.91,55.95,24.83,63.26,66.95,43.16,55.54,0.73,True,-0.05,-5.00,industrial_price_cents_kwh;drought_share_weeks_d2plus;plant_capacity_mw_100km,0.00,,max_queue_median_age_years
181,39111,Monroe,OH,False,34.57,67.03,59.48,60.84,45.64,71.78,66.95,43.16,55.50,0.73,True,-0.05,-4.00,industrial_price_cents_kwh;plant_capacity_mw_100km;drought_share_weeks_d2plus,0.00,,max_queue_median_age_years
182,01093,Marion,AL,False,45.75,53.14,40.49,69.62,58.33,54.72,58.49,60.85,55.49,0.71,True,0.10,-11.00,fiber_share_locations;water_permit_risk;plant_capacity_mw_100km,0.00,,max_queue_median_age_years
183,48277,Lamar,TX,False,73.59,31.83,40.54,51.14,58.97,55.07,90.33,36.26,55.48,0.76,True,0.01,-7.00,industrial_price_cents_kwh;queue_active_mw_clean_excl_storage;queue_operational_mw_online_5y,0.00,,
184,21093,Hardin,KY,False,37.57,66.37,58.17,47.75,35.20,53.31,81.26,55.51,55.48,0.76,True,-0.11,1.00,industrial_price_cents_kwh;drought_share_weeks_d2plus;water_permit_risk,0.00,,max_queue_median_age_years
185,47111,Macon,TN,False,34.75,53.74,55.86,54.77,22.02,45.48,84.72,69.59,55.46,0.73,True,-0.05,-5.00,industrial_price_cents_kwh;state_policy_risk;fiber_share_locations,0.00,,max_queue_median_age_years
186,22073,Ouachita,LA,False,41.23,40.33,55.23,48.66,32.57,58.07,97.93,55.51,55.46,0.78,True,0.07,-12.00,industrial_price_cents_kwh;queue_active_mw_clean_excl_storage;water_permit_risk,0.00,,
187,42115,Susquehanna,PA,False,53.08,90.63,54.39,54.97,58.57,62.94,38.13,43.16,55.45,0.76,True,-0.05,-5.00,drought_share_weeks_d2plus;nri_drought_score;cdd_hist,0.00,,max_queue_median_age_years
188,47091,Johnson,TN,False,33.43,55.73,62.42,43.90,26.01,52.04,84.72,69.59,55.44,0.73,True,-0.07,-5.00,industrial_price_cents_kwh;state_policy_risk;cdd_hist,0.00,,max_queue_median_age_years
189,47131,Obion,TN,False,40.73,37.01,47.69,50.76,41.46,60.99,84.72,69.59,55.44,0.76,True,-0.09,-3.00,industrial_price_cents_kwh;state_policy_risk;fiber_share_locations,0.00,,max_queue_median_age_years
190,47139,Polk,TN,False,39.92,56.29,37.59,49.30,39.42,53.88,84.72,69.59,55.44,0.73,True,0.05,805.00,industrial_price_cents_kwh;state_policy_risk;plant_capacity_mw_100km,0.00,,max_queue_median_age_years
191,48161,Freestone,TX,False,64.69,36.63,39.40,62.36,70.07,36.15,90.33,36.26,55.42,0.76,True,-0.15,-2.00,industrial_price_cents_kwh;coal_retired_mw;queue_active_mw_clean_excl_storage,0.00,,
192,19191,Winneshiek,IA,False,51.12,65.83,48.30,39.75,60.05,49.34,74.08,55.51,55.37,0.73,True,-0.42,15.00,industrial_price_cents_kwh;water_permit_risk;grid_renewable_share,0.00,,max_queue_median_age_years
193,26151,Sanilac,MI,False,56.30,81.32,56.40,57.82,64.60,73.35,28.53,43.16,55.36,0.78,True,-0.03,-6.00,drought_share_weeks_d2plus;nri_drought_score;queue_active_mw_clean_excl_storage,0.00,,
194,13033,Burke,GA,False,64.17,30.85,48.17,59.26,65.17,55.25,62.98,55.51,55.35,0.78,True,0.32,-32.00,industrial_price_cents_kwh;queue_operational_mw_online_5y;queue_median_age_years,0.00,,
195,19023,Butler,IA,False,54.14,50.57,42.65,56.81,56.45,44.59,74.08,55.51,55.30,0.73,True,-0.10,-3.00,industrial_price_cents_kwh;fiber_share_locations;water_permit_risk,0.00,,max_queue_median_age_years
196,47117,Marshall,TN,False,42.99,47.17,48.30,51.11,23.53,53.59,84.72,69.59,55.27,0.73,True,-0.21,3.00,industrial_price_cents_kwh;state_policy_risk;plant_clean_capacity_mw_100km,0.00,,max_queue_median_age_years
197,21141,Logan,KY,False,38.71,51.42,55.89,53.81,43.41,55.16,81.26,55.51,55.25,0.76,True,-0.27,8.00,industrial_price_cents_kwh;fiber_share_locations;water_permit_risk,0.00,,max_queue_median_age_years
198,48193,Hamilton,TX,False,74.98,31.43,41.54,51.68,75.51,34.70,90.33,36.26,55.24,0.71,True,-0.13,0.00,industrial_price_cents_kwh;pop_density_per_sqkm;queue_operational_mw_online_5y,0.00,,max_queue_median_age_years
199,21211,Shelby,KY,False,33.67,73.46,55.50,53.37,20.78,52.52,81.26,55.51,55.22,0.73,True,-0.09,-2.00,industrial_price_cents_kwh;plant_capacity_mw_100km;drought_share_weeks_d2plus,0.00,,max_queue_median_age_years
200,48217,Hill,TX,False,82.48,31.40,39.10,54.58,66.11,43.07,90.33,27.06,55.21,0.76,True,-0.29,12.00,industrial_price_cents_kwh;queue_operational_mw_online_5y;queue_active_mw_clean_excl_storage,0.00,,
201,45059,Laurens,SC,False,56.59,29.77,54.12,50.72,44.90,55.72,69.11,69.59,55.20,0.76,True,0.20,-20.00,industrial_price_cents_kwh;state_policy_risk;plant_capacity_mw_100km,0.00,,max_queue_median_age_years
202,42081,Lycoming,PA,False,52.74,84.86,57.19,49.79,57.77,74.80,38.13,43.16,55.20,0.78,True,-0.05,-7.00,drought_share_weeks_d2plus;nri_drought_score;land_area_sqkm,0.00,,
203,19099,Jasper,IA,False,52.04,52.66,47.38,48.81,53.80,54.07,74.08,55.51,55.20,0.73,True,-0.02,-10.00,industrial_price_cents_kwh;water_stress_bws;water_permit_risk,0.00,,max_queue_median_age_years
204,40135,Sequoyah,OK,False,41.44,45.00,40.55,56.34,49.10,48.75,95.66,53.20,55.11,0.73,True,0.09,-13.00,industrial_price_cents_kwh;state_policy_risk;water_stress_bws,0.00,,max_queue_median_age_years
205,39151,Stark,OH,False,39.03,72.02,59.30,54.62,26.21,78.21,66.95,43.16,55.03,0.76,True,-0.06,1.00,industrial_price_cents_kwh;dc_existing_count;drought_share_weeks_d2plus,0.00,,max_queue_median_age_years
206,45087,Union,SC,False,54.71,32.53,57.51,42.67,40.51,66.47,69.11,69.59,55.03,0.76,True,0.20,-16.00,industrial_price_cents_kwh;state_policy_risk;plant_capacity_mw_100km,0.00,,max_queue_median_age_years
207,39157,Tuscarawas,OH,False,36.87,62.73,57.38,66.88,31.81,71.04,66.95,43.16,55.02,0.73,True,0.03,-7.00,industrial_price_cents_kwh;coal_retired_mw;plant_capacity_mw_100km,0.00,,max_queue_median_age_years
208,19137,Montgomery,IA,False,57.83,44.18,40.59,61.52,45.59,46.54,74.08,55.51,55.01,0.73,True,-0.08,2.00,industrial_price_cents_kwh;plant_capacity_mw_100km;plant_clean_capacity_mw_100km,0.00,,max_queue_median_age_years
209,19197,Wright,IA,False,58.71,43.04,45.56,52.18,57.94,46.47,74.08,55.51,55.00,0.73,True,0.01,-8.00,industrial_price_cents_kwh;wind_speed_100m_ms;plant_clean_capacity_mw_100km,0.00,,max_queue_median_age_years
210,17161,Rock Island,IL,False,63.36,51.79,72.60,67.33,18.58,84.55,16.26,60.85,55.00,0.76,True,-0.05,-2.00,water_permit_risk;queue_active_mw_clean_excl_storage;queue_withdrawal_rate,0.00,,
211,05027,Columbia,AR,False,39.65,31.71,51.81,47.53,63.36,60.33,77.50,69.59,54.99,0.78,True,0.01,-9.00,industrial_price_cents_kwh;state_policy_risk;queue_active_mw_clean_excl_storage,0.00,,
212,47023,Chester,TN,False,34.50,43.45,56.03,61.19,25.59,40.05,84.72,69.59,54.98,0.73,True,-0.11,2.00,industrial_price_cents_kwh;state_policy_risk;fiber_share_locations,0.00,,max_queue_median_age_years
213,48093,Comanche,TX,False,71.87,26.95,39.38,54.92,76.89,39.33,90.33,36.26,54.96,0.76,True,-0.08,0.00,industrial_price_cents_kwh;queue_withdrawal_rate;queue_active_mw_clean_excl_storage,0.00,,
214,13163,Jefferson,GA,False,65.40,30.33,47.60,62.06,49.71,56.69,62.98,55.51,54.91,0.78,True,0.24,-20.00,industrial_price_cents_kwh;queue_operational_mw_online_5y;queue_active_mw_clean_excl_storage,0.00,,
215,21035,Calloway,KY,False,35.52,55.08,51.79,65.02,23.50,53.28,81.26,55.51,54.91,0.73,True,-0.08,2.00,industrial_price_cents_kwh;dc_existing_count;water_stress_bws,0.00,,max_queue_median_age_years
216,19119,Lyon,IA,False,56.29,49.21,44.24,54.98,59.36,36.67,74.08,55.51,54.90,0.73,True,-0.11,4.00,industrial_price_cents_kwh;fiber_share_locations;water_permit_risk,0.00,,max_queue_median_age_years
217,22041,Franklin,LA,False,47.52,30.86,44.86,46.89,55.74,52.62,97.93,55.51,54.90,0.78,True,0.04,-8.00,industrial_price_cents_kwh;water_permit_risk;queue_active_mw_clean_excl_storage,0.00,,
218,48157,Fort Bend,TX,False,74.93,31.26,44.55,77.00,37.55,55.97,90.33,11.47,54.88,0.76,True,-0.16,6.00,industrial_price_cents_kwh;queue_operational_mw_online_5y;plant_capacity_mw_100km,0.00,,
219,17053,Ford,IL,False,67.94,64.35,50.86,69.13,48.17,60.78,16.26,60.85,54.87,0.76,True,-0.14,2.00,water_permit_risk;plant_clean_capacity_mw_100km;plant_capacity_mw_100km,0.00,,
220,39033,Crawford,OH,False,47.52,84.72,54.75,39.08,24.04,79.23,66.95,43.16,54.86,0.76,True,-0.03,-4.00,industrial_price_cents_kwh;drought_share_weeks_d2plus;nri_drought_score,0.00,,max_queue_median_age_years
221,39077,Huron,OH,False,44.02,85.13,50.87,45.30,29.19,74.87,66.95,43.16,54.84,0.76,True,-0.00,-6.00,industrial_price_cents_kwh;drought_share_weeks_d2plus;nri_drought_score,0.00,,max_queue_median_age_years
222,45081,Saluda,SC,False,61.64,30.85,45.03,56.99,40.16,45.82,69.11,69.59,54.82,0.76,True,0.17,-18.00,industrial_price_cents_kwh;state_policy_risk;plant_clean_capacity_mw_100km,0.00,,max_queue_median_age_years
223,30003,Big Horn,MT,False,61.45,60.22,46.98,39.87,96.12,41.46,55.66,53.20,54.81,0.76,True,0.33,-27.00,state_policy_risk;land_area_sqkm;pop_density_per_sqkm,0.00,,max_queue_median_age_years
224,21213,Simpson,KY,False,40.15,53.60,61.17,55.84,19.62,51.95,81.26,55.51,54.78,0.73,True,-0.29,19.00,industrial_price_cents_kwh;fiber_share_locations;water_permit_risk,0.00,,max_queue_median_age_years
225,19017,Bremer,IA,False,52.15,54.33,50.43,57.24,34.54,42.60,74.08,55.51,54.78,0.73,True,-0.19,10.00,industrial_price_cents_kwh;fiber_share_locations;water_permit_risk,0.00,,max_queue_median_age_years
226,05011,Bradley,AR,False,36.12,44.65,41.05,46.97,65.10,60.69,77.50,69.59,54.77,0.76,True,-0.04,-4.00,industrial_price_cents_kwh;state_policy_risk;water_permit_risk,0.00,,max_queue_median_age_years
227,19171,Tama,IA,False,60.95,43.82,42.82,43.58,64.43,52.66,74.08,55.51,54.76,0.76,True,-0.19,9.00,industrial_price_cents_kwh;water_permit_risk;grid_renewable_share,0.00,,max_queue_median_age_years
228,47113,Madison,TN,False,34.68,39.19,60.27,49.68,30.23,54.25,84.72,69.59,54.76,0.76,True,-0.13,4.00,industrial_price_cents_kwh;state_policy_risk;fiber_share_locations,0.00,,max_queue_median_age_years
229,39037,Darke,OH,False,42.12,71.84,51.21,60.13,40.45,59.55,66.95,43.16,54.75,0.73,True,0.05,-10.00,industrial_price_cents_kwh;dc_existing_count;drought_share_weeks_d2plus,0.00,,max_queue_median_age_years
230,42069,Lackawanna,PA,False,56.20,89.00,59.04,51.72,19.30,82.00,38.13,43.16,54.74,0.76,True,-0.01,-7.00,drought_share_weeks_d2plus;nri_drought_score;plant_capacity_mw_100km,0.00,,max_queue_median_age_years
231,05131,Sebastian,AR,False,37.28,54.62,40.92,54.94,26.83,60.69,77.50,69.59,54.73,0.76,True,-0.05,-3.00,industrial_price_cents_kwh;state_policy_risk;water_permit_risk,0.00,,max_queue_median_age_years
232,48037,Bowie,TX,False,53.56,36.36,42.86,59.88,49.89,64.14,90.33,36.26,54.73,0.76,True,-0.08,-1.00,industrial_price_cents_kwh;dc_existing_count;queue_active_mw_clean_excl_storage,0.00,,
233,19075,Grundy,IA,False,55.40,48.61,50.12,50.13,50.51,44.46,74.08,55.51,54.71,0.73,True,-0.07,-3.00,industrial_price_cents_kwh;water_permit_risk;wind_speed_100m_ms,0.00,,max_queue_median_age_years
234,41067,Washington,OR,False,61.18,82.97,70.52,52.67,33.68,67.53,33.40,39.12,54.71,0.78,True,0.28,-31.00,water_stress_bws;cdd_hist;dc_existing_count,0.00,,
235,47121,Meigs,TN,False,38.81,49.22,46.31,56.05,21.52,47.01,84.72,69.59,54.70,0.71,True,0.02,-10.00,industrial_price_cents_kwh;state_policy_risk;plant_capacity_mw_100km,0.00,,max_queue_median_age_years
236,16069,Nez Perce,ID,False,57.87,73.16,49.23,47.18,57.99,50.77,51.06,53.20,54.69,0.73,True,0.23,-25.00,state_policy_risk;water_stress_bws;grid_renewable_share,0.00,,max_queue_median_age_years
237,22079,Rapides,LA,False,47.84,37.17,40.27,43.42,57.96,51.65,97.93,55.51,54.69,0.78,True,-0.01,-10.00,industrial_price_cents_kwh;land_area_sqkm;queue_active_mw_clean_excl_storage,0.00,,
238,05067,Jackson,AR,False,48.76,30.76,38.49,50.17,58.86,59.15,77.50,69.59,54.68,0.78,True,0.02,-12.00,industrial_price_cents_kwh;state_policy_risk;queue_active_mw_clean_excl_storage,0.00,,
239,45079,Richland,SC,False,58.04,33.02,55.89,50.88,35.86,46.60,69.11,69.59,54.66,0.76,True,0.14,-21.00,industrial_price_cents_kwh;state_policy_risk;grid_co2_lb_mwh,0.00,,max_queue_median_age_years
240,37157,Rockingham,NC,False,50.18,36.35,61.24,77.64,31.70,70.86,45.37,55.51,54.65,0.78,True,-0.03,-7.00,coal_retired_mw;dc_existing_count;grid_co2_lb_mwh,0.00,,
241,18039,Elkhart,IN,False,47.53,75.76,65.64,63.07,19.64,74.86,31.34,55.51,54.64,0.78,True,-0.08,-4.00,water_stress_bws;queue_median_age_years;water_permit_risk,0.00,,
242,26117,Montcalm,MI,False,52.21,90.94,62.77,55.13,44.42,70.73,28.53,43.16,54.63,0.78,True,-0.15,3.00,drought_share_weeks_d2plus;water_stress_bws;nri_drought_score,0.00,,
243,47127,Moore,TN,False,50.33,56.06,42.98,47.17,24.04,34.51,84.72,69.59,54.63,0.73,True,-0.08,-4.00,industrial_price_cents_kwh;state_policy_risk;plant_clean_capacity_mw_100km,0.00,,max_queue_median_age_years
244,19095,Iowa,IA,False,49.90,44.60,46.02,56.81,55.32,48.81,74.08,55.51,54.63,0.73,True,-0.11,-3.00,industrial_price_cents_kwh;fiber_share_locations;water_permit_risk,0.00,,max_queue_median_age_years
245,05031,Craighead,AR,False,54.05,26.05,51.78,52.45,40.06,47.81,77.50,69.59,54.62,0.78,True,0.04,-16.00,industrial_price_cents_kwh;state_policy_risk;queue_active_mw_clean_excl_storage,0.00,,
246,01059,Franklin,AL,False,47.99,59.00,49.15,58.87,49.47,46.38,58.49,60.85,54.61,0.71,True,-0.00,-12.00,water_permit_risk;industrial_price_cents_kwh;plant_clean_capacity_mw_100km,0.00,,max_queue_median_age_years
247,19157,Poweshiek,IA,False,52.61,44.62,48.75,53.78,53.46,46.12,74.08,55.51,54.55,0.73,True,-0.03,-7.00,industrial_price_cents_kwh;water_permit_risk;grid_renewable_share,0.00,,max_queue_median_age_years
248,39137,Putnam,OH,False,54.56,85.07,44.28,46.58,34.56,55.11,66.95,43.16,54.55,0.73,True,-0.12,2.00,industrial_price_cents_kwh;water_stress_bws;nri_drought_score,0.00,,max_queue_median_age_years
249,47033,Crockett,TN,False,34.05,38.30,48.52,60.94,26.95,52.80,84.72,69.59,54.54,0.73,True,-0.09,0.00,industrial_price_cents_kwh;state_policy_risk;fiber_share_locations,0.00,,max_queue_median_age_years
250,19077,Guthrie,IA,False,57.83,45.46,39.33,54.81,60.97,40.71,74.08,55.51,54.54,0.73,True,-0.07,-3.00,industrial_price_cents_kwh;wind_speed_100m_ms;plant_clean_capacity_mw_100km,0.00,,max_queue_median_age_years
251,19181,Warren,IA,False,54.04,45.09,44.92,65.40,36.99,40.26,74.08,55.51,54.53,0.73,True,-0.05,-5.00,industrial_price_cents_kwh;dc_existing_count;water_stress_bws,0.00,,max_queue_median_age_years
252,19025,Calhoun,IA,False,58.22,42.45,49.40,49.67,59.26,40.58,74.08,55.51,54.52,0.73,True,-0.03,-10.00,industrial_price_cents_kwh;wind_speed_100m_ms;water_permit_risk,0.00,,max_queue_median_age_years
253,17095,Knox,IL,False,57.45,56.48,65.09,62.06,49.15,78.45,16.26,60.85,54.51,0.76,True,-0.17,1.00,water_permit_risk;queue_active_mw_clean_excl_storage;plant_clean_capacity_mw_100km,0.00,,
254,54077,Preston,WV,False,42.04,70.51,57.41,57.21,49.71,58.54,42.88,60.85,54.51,0.73,True,-0.09,-3.00,coal_retired_mw;water_permit_risk;drought_share_weeks_d2plus,0.00,,max_queue_median_age_years
255,19111,Lee,IA,False,45.35,55.86,47.54,44.55,38.05,73.51,74.08,55.51,54.50,0.76,True,-0.22,2.00,industrial_price_cents_kwh;water_stress_bws;queue_operational_mw_online_5y,0.00,,max_queue_median_age_years
256,48221,Hood,TX,False,74.65,30.28,40.80,77.32,22.63,41.81,90.33,27.06,54.49,0.76,True,-0.31,8.00,industrial_price_cents_kwh;dc_existing_count;queue_operational_mw_online_5y,0.00,,
257,05045,Faulkner,AR,False,42.87,48.96,44.49,50.46,36.04,51.32,77.50,69.59,54.49,0.76,True,0.06,-19.00,industrial_price_cents_kwh;state_policy_risk;water_stress_bws,0.00,,max_queue_median_age_years
258,22035,East Carroll,LA,False,47.24,43.32,43.68,40.35,49.32,48.98,97.93,55.51,54.45,0.76,True,-0.06,-6.00,industrial_price_cents_kwh;water_stress_bws;water_permit_risk,0.00,,max_queue_median_age_years
259,48203,Harrison,TX,False,46.38,30.64,42.63,69.55,54.17,61.10,90.33,36.26,54.43,0.76,True,-0.33,7.00,industrial_price_cents_kwh;coal_retired_mw;queue_withdrawal_rate,0.00,,
260,39067,Harrison,OH,False,47.16,56.94,56.64,60.55,38.76,60.31,66.95,43.16,54.40,0.78,True,0.06,-12.00,industrial_price_cents_kwh;drought_share_weeks_d2plus;plant_capacity_mw_100km,0.00,,
261,05009,Boone,AR,False,43.33,53.73,41.54,46.67,43.74,47.38,77.50,69.59,54.38,0.73,True,-0.18,1.00,industrial_price_cents_kwh;state_policy_risk;dc_existing_count,0.00,,max_queue_median_age_years
262,37045,Cleveland,NC,False,53.93,33.75,59.89,83.28,23.48,62.92,45.37,55.51,54.38,0.78,True,0.10,-18.00,queue_median_age_years;queue_withdrawal_rate;dc_existing_count,0.00,,
263,21155,Marion,KY,False,41.41,72.23,49.62,46.91,28.66,43.68,81.26,55.51,54.36,0.78,True,-0.12,-4.00,industrial_price_cents_kwh;water_stress_bws;water_permit_risk,0.00,,
264,19093,Ida,IA,False,57.57,56.59,42.33,49.42,50.55,37.09,74.08,55.51,54.33,0.73,True,-0.06,-6.00,industrial_price_cents_kwh;wind_speed_100m_ms;water_stress_bws,0.00,,max_queue_median_age_years
265,19123,Mahaska,IA,False,48.78,53.67,45.72,51.79,49.36,48.34,74.08,55.51,54.28,0.73,True,-0.06,-4.00,industrial_price_cents_kwh;water_stress_bws;water_permit_risk,0.00,,max_queue_median_age_years
266,37007,Anson,NC,False,55.26,48.36,47.85,70.49,45.05,61.55,45.37,55.51,54.28,0.78,True,0.06,-13.00,queue_median_age_years;plant_clean_capacity_mw_100km;queue_withdrawal_rate,0.00,,
267,47051,Franklin,TN,False,41.70,47.84,47.59,41.77,37.18,49.98,84.72,69.59,54.26,0.73,True,-0.06,-4.00,industrial_price_cents_kwh;state_policy_risk;plant_clean_capacity_mw_100km,0.00,,max_queue_median_age_years
268,17143,Peoria,IL,False,56.24,49.00,66.91,71.88,32.42,81.01,16.26,60.85,54.23,0.76,True,-0.14,-1.00,water_permit_risk;queue_active_mw_clean_excl_storage;coal_retired_mw,0.00,,
269,48373,Polk,TX,False,48.73,56.35,39.36,48.60,64.25,52.26,90.33,36.26,54.19,0.76,True,-0.13,1.00,industrial_price_cents_kwh;nri_drought_score;queue_operational_mw_online_5y,0.00,,
270,21151,Madison,KY,False,36.60,61.03,63.78,43.10,21.98,58.05,81.26,55.51,54.16,0.76,True,-0.13,1.00,industrial_price_cents_kwh;nri_drought_score;water_permit_risk,0.00,,max_queue_median_age_years
271,45077,Pickens,SC,False,49.35,26.21,64.42,53.82,24.24,57.91,69.11,69.59,54.15,0.73,True,0.17,-16.00,industrial_price_cents_kwh;state_policy_risk;plant_capacity_mw_100km,0.00,,max_queue_median_age_years
272,47045,Dyer,TN,False,33.50,37.23,48.80,52.05,36.36,58.80,84.72,69.59,54.15,0.73,True,-0.13,1.00,industrial_price_cents_kwh;state_policy_risk;water_permit_risk,0.00,,max_queue_median_age_years
273,21009,Barren,KY,False,43.33,57.71,48.77,46.33,31.67,57.77,81.26,55.51,54.14,0.78,True,-0.20,5.00,industrial_price_cents_kwh;water_permit_risk;fiber_share_locations,0.00,,
274,39133,Portage,OH,False,41.50,83.94,56.40,47.29,22.55,66.70,66.95,43.16,54.13,0.73,True,-0.11,-2.00,industrial_price_cents_kwh;drought_share_weeks_d2plus;nri_drought_score,0.00,,max_queue_median_age_years
275,19011,Benton,IA,False,50.84,51.50,43.94,48.71,58.68,46.35,74.08,55.51,54.12,0.73,True,-0.12,-1.00,industrial_price_cents_kwh;water_permit_risk;grid_renewable_share,0.00,,max_queue_median_age_years
276,01089,Madison,AL,False,46.79,47.15,47.24,72.78,37.89,46.27,58.49,60.85,54.12,0.71,True,-0.03,-8.00,dc_existing_count;water_permit_risk;industrial_price_cents_kwh,0.00,,max_queue_median_age_years
277,48341,Moore,TX,False,60.58,30.02,48.37,53.63,70.54,40.09,90.33,36.26,54.10,0.71,True,-0.17,2.00,industrial_price_cents_kwh;wind_speed_100m_ms;plant_clean_capacity_mw_100km,0.00,,max_queue_median_age_years
278,19091,Humboldt,IA,False,65.14,42.02,41.94,49.93,47.75,42.88,74.08,55.51,54.09,0.73,True,-0.20,3.00,industrial_price_cents_kwh;plant_clean_capacity_mw_100km;wind_speed_100m_ms,0.00,,max_queue_median_age_years
279,21137,Lincoln,KY,False,41.48,61.61,62.31,40.00,24.78,52.75,81.26,55.51,54.07,0.76,True,-0.19,4.00,industrial_price_cents_kwh;water_permit_risk;drought_share_weeks_d2plus,0.00,,max_queue_median_age_years
280,48423,Smith,TX,False,44.56,47.30,51.05,56.35,45.32,55.71,90.33,36.26,54.06,0.71,True,0.06,-15.00,industrial_price_cents_kwh;nri_drought_score;plant_capacity_mw_100km,0.00,,max_queue_median_age_years
281,18181,White,IN,False,64.09,76.53,55.92,52.13,41.15,52.75,31.34,55.51,54.02,0.78,True,-0.05,-6.00,queue_operational_mw_online_5y;queue_active_mw_clean_excl_storage;nri_drought_score,0.00,,
282,48467,Van Zandt,TX,False,60.80,28.69,43.07,63.47,52.98,43.82,90.33,36.26,53.98,0.76,True,-0.01,-6.00,industrial_price_cents_kwh;queue_withdrawal_rate;queue_active_mw_clean_excl_storage,0.00,,
283,13121,Fulton,GA,False,38.47,45.07,68.25,67.85,19.70,58.12,62.98,55.51,53.97,0.76,True,0.26,-23.00,industrial_price_cents_kwh;dc_existing_count;nri_drought_score,0.00,,max_queue_median_age_years
284,17183,Vermilion,IL,False,57.77,60.00,52.66,60.90,53.38,82.72,16.26,60.85,53.97,0.76,True,-0.08,-2.00,water_permit_risk;drought_share_weeks_d2plus;coal_retired_mw,0.00,,
285,28093,Marshall,MS,False,36.77,56.78,48.03,56.03,53.49,56.81,71.16,53.20,53.95,0.73,True,-0.08,-1.00,industrial_price_cents_kwh;state_policy_risk;water_stress_bws,0.00,,max_queue_median_age_years
286,21047,Christian,KY,False,35.17,53.41,48.22,48.46,44.58,62.62,81.26,55.51,53.93,0.76,True,-0.02,-6.00,industrial_price_cents_kwh;fiber_share_locations;water_permit_risk,0.00,,max_queue_median_age_years
287,21017,Bourbon,KY,False,34.75,76.01,55.78,43.48,23.99,46.15,81.26,55.51,53.89,0.76,True,-0.08,2.00,industrial_price_cents_kwh;water_stress_bws;drought_share_weeks_d2plus,0.00,,max_queue_median_age_years
288,19029,Cass,IA,False,62.06,38.94,41.12,50.73,55.28,43.90,74.08,55.51,53.88,0.73,True,-0.19,12.00,industrial_price_cents_kwh;wind_speed_100m_ms;water_permit_risk,0.00,,max_queue_median_age_years
289,54067,Nicholas,WV,False,47.52,72.52,55.70,42.98,54.52,62.40,42.88,60.85,53.86,0.76,True,-0.14,9.00,water_permit_risk;drought_share_weeks_d2plus;cdd_hist,0.00,,
290,13107,Emanuel,GA,False,56.17,30.47,49.21,63.78,57.64,48.95,62.98,55.51,53.85,0.78,True,0.22,-21.00,industrial_price_cents_kwh;fiber_share_locations;plant_clean_capacity_mw_100km,0.00,,
291,17113,McLean,IL,False,70.05,55.73,52.88,62.34,53.36,62.18,16.26,60.85,53.84,0.76,True,-0.12,6.00,water_permit_risk;plant_clean_capacity_mw_100km;queue_active_mw_clean_excl_storage,0.00,,
292,19183,Washington,IA,False,47.36,55.99,46.46,55.49,48.50,35.30,74.08,55.51,53.83,0.78,True,0.02,-5.00,industrial_price_cents_kwh;water_permit_risk;queue_withdrawal_rate,0.00,,
293,48113,Dallas,TX,False,60.82,32.33,53.79,81.71,36.07,63.83,90.33,2.28,53.83,0.76,True,-0.24,17.00,industrial_price_cents_kwh;dc_existing_count;queue_operational_mw_online_5y,0.00,,
294,26155,Shiawassee,MI,False,55.70,77.17,59.91,61.55,30.85,77.47,28.53,43.16,53.82,0.78,True,0.05,-8.00,drought_share_weeks_d2plus;nri_drought_score;queue_active_mw_clean_excl_storage,0.00,,
295,47053,Gibson,TN,False,33.19,37.17,52.38,45.39,40.90,58.65,84.72,69.59,53.80,0.76,True,-0.08,1.00,industrial_price_cents_kwh;state_policy_risk;water_permit_risk,0.00,,max_queue_median_age_years
296,37153,Richmond,NC,False,64.43,52.14,49.40,55.84,31.20,69.31,45.37,55.51,53.80,0.78,True,0.07,-11.00,queue_median_age_years;grid_co2_lb_mwh;queue_operational_mw_online_5y,0.00,,
297,39079,Jackson,OH,False,38.42,60.61,58.29,61.88,29.19,66.49,66.95,43.16,53.78,0.78,True,-0.03,-4.00,industrial_price_cents_kwh;drought_share_weeks_d2plus;plant_capacity_mw_100km,0.00,,
298,48085,Collin,TX,False,63.53,31.41,61.08,75.53,36.46,60.19,90.33,2.28,53.78,0.76,True,-0.11,6.00,industrial_price_cents_kwh;dc_existing_count;queue_withdrawal_rate,0.00,,
299,45021,Cherokee,SC,False,54.88,29.77,59.65,45.01,20.68,63.91,69.11,69.59,53.77,0.76,True,0.18,-22.00,industrial_price_cents_kwh;state_policy_risk;plant_capacity_mw_100km,0.00,,max_queue_median_age_years
300,26157,Tuscola,MI,False,55.68,79.70,49.21,60.37,53.09,72.61,28.53,43.16,53.76,0.78,True,0.09,-12.00,drought_share_weeks_d2plus;nri_drought_score;queue_active_mw_clean_excl_storage,0.00,,
301,18157,Tippecanoe,IN,False,53.20,64.46,70.22,63.91,22.66,59.71,31.34,55.51,53.76,0.78,True,0.01,-10.00,drought_share_weeks_d2plus;fiber_share_locations;water_permit_risk,0.00,,
302,17195,Whiteside,IL,False,63.57,45.58,62.59,61.95,45.34,80.52,16.26,60.85,53.75,0.76,True,-0.10,4.00,water_permit_risk;plant_clean_capacity_mw_100km;queue_active_mw_clean_excl_storage,0.00,,
303,19175,Union,IA,False,62.81,47.76,44.42,43.12,43.73,46.84,74.08,55.51,53.74,0.73,True,0.07,-13.00,industrial_price_cents_kwh;wind_speed_100m_ms;water_permit_risk,0.00,,max_queue_median_age_years
304,48185,Grimes,TX,False,51.08,29.83,51.74,63.58,60.12,38.67,90.33,36.26,53.72,0.76,True,-0.06,-1.00,industrial_price_cents_kwh;queue_active_mw_clean_excl_storage;queue_operational_mw_online_5y,0.00,,
305,39175,Wyandot,OH,False,45.15,85.91,47.28,50.06,32.89,51.78,66.95,43.16,53.70,0.76,True,-0.11,6.00,industrial_price_cents_kwh;drought_share_weeks_d2plus;nri_drought_score,0.00,,max_queue_median_age_years
306,19129,Mills,IA,False,61.06,45.93,38.10,56.32,42.73,37.98,74.08,55.51,53.70,0.76,True,0.00,-7.00,industrial_price_cents_kwh;fiber_share_locations;water_permit_risk,0.00,,max_queue_median_age_years
307,16057,Latah,ID,False,52.62,75.24,56.02,38.57,68.70,42.88,51.06,53.20,53.69,0.73,True,0.00,-6.00,state_policy_risk;cdd_hist;grid_renewable_share,0.00,,max_queue_median_age_years
308,40127,Pushmataha,OK,False,43.39,38.57,38.89,41.81,86.12,36.31,95.66,53.20,53.68,0.73,True,0.06,-14.00,industrial_price_cents_kwh;state_policy_risk;water_stress_bws,0.00,,max_queue_median_age_years
309,26123,Newaygo,MI,False,50.89,92.55,65.54,45.59,55.32,64.28,28.53,43.16,53.68,0.73,True,-0.14,5.00,drought_share_weeks_d2plus;water_stress_bws;nri_drought_score,0.00,,max_queue_median_age_years
310,19053,Decatur,IA,False,52.96,48.14,38.72,56.00,57.70,37.02,74.08,55.51,53.68,0.73,True,0.05,-15.00,industrial_price_cents_kwh;fiber_share_locations;pop_density_per_sqkm,0.00,,max_queue_median_age_years
311,54025,Greenbrier,WV,False,39.22,82.70,56.75,37.21,69.85,57.69,42.88,60.85,53.68,0.71,True,-0.11,1.00,water_permit_risk;drought_share_weeks_d2plus;land_area_sqkm,0.00,,max_queue_median_age_years
312,17037,DeKalb,IL,False,58.59,49.65,66.30,65.77,36.56,77.80,16.26,60.85,53.67,0.76,True,-0.08,-3.00,water_permit_risk;plant_clean_capacity_mw_100km;plant_capacity_mw_100km,0.00,,
313,19009,Audubon,IA,False,67.92,39.30,38.32,50.90,53.35,35.21,74.08,55.51,53.64,0.73,True,-0.27,11.00,industrial_price_cents_kwh;wind_speed_100m_ms;queue_operational_mw_online_5y,0.00,,max_queue_median_age_years
314,18135,Randolph,IN,False,61.95,70.05,48.55,56.70,36.35,66.75,31.34,55.51,53.61,0.78,True,0.07,-12.00,nri_drought_score;queue_operational_mw_online_5y;drought_share_weeks_d2plus,0.00,,
315,22091,St. Helena,LA,False,48.13,27.65,40.87,54.74,43.34,42.17,97.93,55.51,53.61,0.76,True,-0.04,-2.00,industrial_price_cents_kwh;plant_capacity_mw_100km;queue_active_mw_clean_excl_storage,0.00,,max_queue_median_age_years
316,22125,West Feliciana,LA,False,34.30,40.42,47.39,56.12,37.63,42.07,97.93,55.51,53.60,0.73,True,-0.20,5.00,industrial_price_cents_kwh;water_stress_bws;water_permit_risk,0.00,,max_queue_median_age_years
317,37083,Halifax,NC,False,67.13,38.12,51.55,51.38,50.11,71.52,45.37,55.51,53.59,0.73,True,-0.11,-1.00,grid_co2_lb_mwh;queue_operational_mw_online_5y;water_permit_risk,0.00,,max_queue_median_age_years
318,19085,Harrison,IA,False,52.29,52.25,46.89,41.67,64.46,40.00,74.08,55.51,53.56,0.73,True,-0.07,-3.00,industrial_price_cents_kwh;water_stress_bws;water_permit_risk,0.00,,max_queue_median_age_years
319,01133,Winston,AL,False,45.60,48.55,40.21,65.49,52.41,51.00,58.49,60.85,53.54,0.71,True,0.22,-27.00,water_permit_risk;fiber_share_locations;plant_capacity_mw_100km,0.00,,max_queue_median_age_years
320,22025,Catahoula,LA,False,45.13,38.31,38.05,40.47,69.67,40.37,97.93,55.51,53.53,0.73,True,-0.07,743.00,industrial_price_cents_kwh;pop_density_per_sqkm;water_stress_bws,0.00,,max_queue_median_age_years
321,05119,Pulaski,AR,False,39.87,54.41,38.94,45.51,36.12,54.45,77.50,69.59,53.53,0.76,True,0.07,-13.00,industrial_price_cents_kwh;state_policy_risk;water_permit_risk,0.00,,max_queue_median_age_years
322,05057,Hempstead,AR,False,38.20,46.85,37.97,44.17,63.09,49.87,77.50,69.59,53.50,0.76,True,-0.03,-5.00,industrial_price_cents_kwh;state_policy_risk;water_permit_risk,0.00,,max_queue_median_age_years
323,18089,Lake,IN,False,56.85,64.14,55.43,72.40,19.43,88.26,31.34,38.99,53.50,0.78,True,-0.05,-5.00,nri_drought_score;plant_clean_capacity_mw_100km;plant_capacity_mw_100km,0.00,,
324,19125,Marion,IA,False,51.11,49.13,43.01,57.41,41.06,41.38,74.08,55.51,53.48,0.73,True,-0.16,4.00,industrial_price_cents_kwh;coal_retired_mw;water_stress_bws,0.00,,max_queue_median_age_years
325,38101,Ward,ND,False,57.73,66.81,54.45,47.54,74.96,36.20,58.49,39.12,53.47,0.73,True,0.15,-18.00,land_area_sqkm;fiber_share_locations;industrial_price_cents_kwh,0.00,,
326,39039,Defiance,OH,False,44.40,80.39,46.96,46.87,26.23,69.14,66.95,43.16,53.43,0.76,True,-0.06,-3.00,industrial_price_cents_kwh;water_stress_bws;water_permit_risk,0.00,,max_queue_median_age_years
327,42065,Jefferson,PA,False,51.58,87.60,54.14,45.77,46.45,72.67,38.13,43.16,53.42,0.78,True,-0.06,-2.00,drought_share_weeks_d2plus;nri_drought_score;cdd_hist,0.00,,
328,37121,Mitchell,NC,False,48.88,70.57,61.41,53.49,21.98,61.80,45.37,55.51,53.41,0.73,True,0.01,-9.00,nri_drought_score;cdd_hist;grid_co2_lb_mwh,0.00,,max_queue_median_age_years
329,16001,Ada,ID,False,71.19,47.52,58.94,42.49,45.08,52.73,51.06,53.20,53.41,0.78,True,0.25,-24.00,state_policy_risk;queue_operational_mw_online_5y;grid_renewable_share,0.00,,
330,01079,Lawrence,AL,False,55.02,49.05,48.88,54.45,52.72,39.08,58.49,60.85,53.39,0.73,True,0.03,-10.00,water_permit_risk;industrial_price_cents_kwh;fiber_share_locations,0.00,,max_queue_median_age_years
331,05059,Hot Spring,AR,False,36.23,48.67,39.63,49.48,47.39,50.10,77.50,69.59,53.38,0.76,True,-0.18,5.00,industrial_price_cents_kwh;state_policy_risk;water_permit_risk,0.00,,max_queue_median_age_years
332,37081,Guilford,NC,False,50.09,31.43,62.39,73.34,29.75,70.52,45.37,55.51,53.37,0.73,True,-0.02,-6.00,dc_existing_count;plant_capacity_mw_100km;grid_co2_lb_mwh,0.00,,max_queue_median_age_years
333,21183,Ohio,KY,False,35.81,59.28,48.81,42.00,50.19,52.22,81.26,55.51,53.30,0.76,True,-0.29,18.00,industrial_price_cents_kwh;water_permit_risk;drought_share_weeks_d2plus,0.00,,max_queue_median_age_years
334,39101,Marion,OH,False,46.03,75.33,51.24,46.69,20.63,70.62,66.95,43.16,53.30,0.78,True,0.05,-7.00,industrial_price_cents_kwh;drought_share_weeks_d2plus;nri_drought_score,0.00,,
335,05033,Crawford,AR,False,38.01,47.55,37.75,53.86,38.20,49.53,77.50,69.59,53.29,0.73,True,0.10,-13.00,industrial_price_cents_kwh;state_policy_risk;water_stress_bws,0.00,,max_queue_median_age_years
336,39059,Guernsey,OH,False,36.45,54.67,55.77,60.54,36.57,72.51,66.95,43.16,53.28,0.73,True,0.00,-6.00,industrial_price_cents_kwh;plant_capacity_mw_100km;queue_operational_mw_online_5y,0.00,,max_queue_median_age_years
337,26065,Ingham,MI,False,51.46,87.61,58.05,61.86,24.90,70.87,28.53,43.16,53.27,0.78,True,-0.07,-2.00,nri_drought_score;drought_share_weeks_d2plus;coal_retired_mw,0.00,,
338,48067,Cass,TX,False,44.02,38.12,45.37,54.03,68.88,53.55,90.33,36.26,53.27,0.71,True,-0.47,29.00,industrial_price_cents_kwh;land_area_sqkm;water_stress_bws,0.00,,max_queue_median_age_years
339,05111,Poinsett,AR,False,43.44,26.74,44.65,43.69,62.77,57.65,77.50,69.59,53.27,0.76,True,0.01,-8.00,industrial_price_cents_kwh;state_policy_risk;water_permit_risk,0.00,,max_queue_median_age_years
340,39169,Wayne,OH,False,35.53,74.90,56.31,52.51,29.08,65.32,66.95,43.16,53.26,0.76,True,-0.03,-7.00,industrial_price_cents_kwh;drought_share_weeks_d2plus;coal_retired_mw,0.00,,max_queue_median_age_years
341,17039,De Witt,IL,False,65.59,52.94,59.77,68.10,36.89,60.27,16.26,60.85,53.25,0.76,True,-0.14,2.00,water_permit_risk;queue_median_age_years;plant_clean_capacity_mw_100km,0.00,,
342,48281,Lampasas,TX,False,67.76,28.91,41.74,53.83,59.97,35.63,90.33,36.26,53.21,0.76,True,-0.34,20.00,industrial_price_cents_kwh;queue_withdrawal_rate;queue_active_mw_clean_excl_storage,0.00,,
343,42129,Westmoreland,PA,False,51.35,77.19,72.66,51.57,46.22,78.61,38.13,26.64,53.20,0.78,True,-0.09,1.00,drought_share_weeks_d2plus;dc_existing_count;plant_capacity_mw_100km,0.00,,
344,55073,Marathon,WI,False,43.06,70.39,68.18,60.58,59.95,59.17,21.66,55.51,53.20,0.78,True,-0.20,10.00,nri_drought_score;land_area_sqkm;coal_retired_mw,0.00,,
345,39171,Williams,OH,False,46.75,79.19,54.23,39.10,27.79,66.41,66.95,43.16,53.19,0.76,True,-0.09,0.00,industrial_price_cents_kwh;water_stress_bws;drought_share_weeks_d2plus,0.00,,max_queue_median_age_years
346,19185,Wayne,IA,False,49.21,49.07,42.82,49.84,58.43,41.25,74.08,55.51,53.17,0.73,True,0.05,-12.00,industrial_price_cents_kwh;fiber_share_locations;pop_density_per_sqkm,0.00,,max_queue_median_age_years
347,39047,Fayette,OH,False,50.36,56.22,60.50,51.48,29.06,59.72,66.95,43.16,53.17,0.78,True,-0.01,-8.00,industrial_price_cents_kwh;drought_share_weeks_d2plus;dc_existing_count,0.00,,
348,17201,Winnebago,IL,False,60.91,49.40,67.01,60.93,21.92,87.32,16.26,60.85,53.16,0.76,True,-0.12,2.00,water_permit_risk;queue_median_age_years;queue_operational_mw_online_5y,0.00,,
349,26159,Van Buren,MI,False,55.15,81.46,55.11,57.43,37.05,73.76,28.53,43.16,53.15,0.78,True,-0.02,-7.00,nri_drought_score;queue_active_mw_clean_excl_storage;drought_share_weeks_d2plus,0.00,,
350,39007,Ashtabula,OH,False,37.02,81.87,51.60,36.49,40.87,77.57,66.95,43.16,53.15,0.76,True,0.04,-13.00,industrial_price_cents_kwh;drought_share_weeks_d2plus;nri_drought_score,0.00,,max_queue_median_age_years
351,22069,Natchitoches,LA,False,35.29,43.28,37.91,37.81,73.72,48.22,97.93,55.51,53.14,0.73,True,0.02,732.00,industrial_price_cents_kwh;land_area_sqkm;water_permit_risk,0.00,,max_queue_median_age_years
352,56021,Laramie,WY,False,72.03,49.66,60.08,58.45,75.04,45.59,34.35,39.12,53.14,0.78,True,0.10,-20.00,land_area_sqkm;wind_speed_100m_ms;queue_active_mw_clean_excl_storage,0.00,,
353,37119,Mecklenburg,NC,False,56.55,27.48,59.06,80.68,19.49,61.24,45.37,55.51,53.12,0.78,True,0.06,-15.00,plant_clean_capacity_mw_100km;dc_existing_count;plant_capacity_mw_100km,0.00,,
354,26149,St. Joseph,MI,False,54.06,78.49,60.16,58.22,29.48,77.05,28.53,43.16,53.12,0.78,True,-0.04,-6.00,water_stress_bws;drought_share_weeks_d2plus;queue_active_mw_clean_excl_storage,0.00,,
355,26127,Oceana,MI,False,50.97,88.59,62.09,57.81,42.70,55.86,28.53,43.16,53.11,0.78,True,0.04,-15.00,drought_share_weeks_d2plus;nri_drought_score;queue_withdrawal_rate,0.00,,
356,17011,Bureau,IL,False,58.16,48.15,64.46,57.05,62.82,71.21,16.26,60.85,53.10,0.76,True,-0.15,2.00,water_permit_risk;plant_clean_capacity_mw_100km;plant_capacity_mw_100km,0.00,,
357,18091,LaPorte,IN,False,55.61,63.96,58.80,52.18,33.68,76.36,31.34,55.51,53.08,0.78,True,-0.09,-2.00,nri_drought_score;queue_active_mw_clean_excl_storage;drought_share_weeks_d2plus,0.00,,
358,39097,Madison,OH,False,59.30,64.28,59.83,42.54,30.15,47.41,66.95,43.16,53.08,0.78,True,0.00,-11.00,industrial_price_cents_kwh;drought_share_weeks_d2plus;queue_operational_mw_online_5y,0.00,,
359,19107,Keokuk,IA,False,49.09,51.01,42.05,45.50,60.49,44.70,74.08,55.51,53.06,0.73,True,0.03,-13.00,industrial_price_cents_kwh;water_permit_risk;grid_renewable_share,0.00,,max_queue_median_age_years
360,42031,Clarion,PA,False,51.82,87.01,53.92,45.28,44.77,71.09,38.13,43.16,53.04,0.78,True,-0.09,-3.00,drought_share_weeks_d2plus;nri_drought_score;cdd_hist,0.00,,
361,39149,Shelby,OH,False,43.51,71.61,51.87,50.49,23.37,67.27,66.95,43.16,53.03,0.73,True,0.03,-12.00,industrial_price_cents_kwh;drought_share_weeks_d2plus;nri_drought_score,0.00,,max_queue_median_age_years
362,04015,Mohave,AZ,False,61.95,40.34,51.36,58.79,87.71,50.49,34.96,53.20,53.03,0.78,True,0.26,-33.00,state_policy_risk;land_area_sqkm;queue_active_mw_clean_excl_storage,0.00,,
363,21221,Trigg,KY,False,33.15,53.80,43.70,58.19,43.29,44.90,81.26,55.51,53.02,0.73,True,-0.09,-4.00,industrial_price_cents_kwh;water_stress_bws;plant_capacity_mw_100km,0.00,,max_queue_median_age_years
364,26121,Muskegon,MI,False,53.05,91.96,61.06,66.94,23.37,76.37,28.53,26.64,53.00,0.78,True,-0.15,0.00,drought_share_weeks_d2plus;water_stress_bws;nri_drought_score,0.00,,
365,39117,Morrow,OH,False,46.63,74.66,54.66,47.33,26.54,55.83,66.95,43.16,52.96,0.78,True,-0.00,-9.00,industrial_price_cents_kwh;drought_share_weeks_d2plus;nri_drought_score,0.00,,
366,37087,Haywood,NC,False,57.66,55.77,65.59,46.02,33.47,59.74,45.37,55.51,52.96,0.73,True,0.05,-14.00,cdd_hist;plant_clean_capacity_mw_100km;grid_co2_lb_mwh,0.00,,max_queue_median_age_years
367,19007,Appanoose,IA,False,48.55,46.65,46.36,44.53,50.14,54.42,74.08,55.51,52.95,0.73,True,0.04,-14.00,industrial_price_cents_kwh;water_stress_bws;water_permit_risk,0.00,,max_queue_median_age_years
368,05091,Miller,AR,False,36.97,34.91,41.97,55.91,44.72,50.10,77.50,69.59,52.93,0.73,True,-0.10,-3.00,industrial_price_cents_kwh;state_policy_risk;fiber_share_locations,0.00,,max_queue_median_age_years
369,18111,Newton,IN,False,57.73,66.60,51.76,62.74,39.06,53.62,31.34,55.51,52.93,0.78,True,-0.13,-1.00,nri_drought_score;plant_clean_capacity_mw_100km;plant_capacity_mw_100km,0.00,,
370,42089,Monroe,PA,False,57.70,73.87,59.93,47.55,32.13,75.18,38.13,43.16,52.92,0.76,True,-0.02,-10.00,plant_capacity_mw_100km;nri_drought_score;drought_share_weeks_d2plus,0.00,,max_queue_median_age_years
371,21007,Ballard,KY,False,41.26,49.59,45.62,54.21,33.84,46.63,81.26,55.51,52.88,0.76,True,-0.13,4.00,industrial_price_cents_kwh;fiber_share_locations;water_stress_bws,0.00,,max_queue_median_age_years
372,55105,Rock,WI,False,62.89,56.26,64.48,56.96,38.71,68.22,21.66,55.51,52.88,0.78,True,-0.10,-2.00,queue_operational_mw_online_5y;queue_withdrawal_rate;water_permit_risk,0.00,,
373,17179,Tazewell,IL,False,57.13,50.00,59.99,64.85,35.82,81.64,16.26,60.85,52.88,0.76,True,-0.12,1.00,water_permit_risk;queue_active_mw_clean_excl_storage;plant_clean_capacity_mw_100km,0.00,,
374,42037,Columbia,PA,False,49.10,88.41,59.63,47.69,27.94,72.95,38.13,43.16,52.85,0.76,True,-0.09,-1.00,drought_share_weeks_d2plus;nri_drought_score;plant_capacity_mw_100km,0.00,,max_queue_median_age_years
375,42011,Berks,PA,False,61.41,57.53,60.07,71.17,39.22,71.69,38.13,26.64,52.84,0.78,True,0.06,-14.00,plant_capacity_mw_100km;dc_existing_count;plant_clean_capacity_mw_100km,0.00,,
376,21225,Union,KY,False,35.45,59.30,52.17,42.33,34.21,54.46,81.26,55.51,52.80,0.76,True,-0.20,9.00,industrial_price_cents_kwh;water_stress_bws;plant_capacity_mw_100km,0.00,,max_queue_median_age_years
377,21045,Casey,KY,False,33.21,61.94,50.12,40.27,42.26,54.78,81.26,55.51,52.79,0.73,True,-0.21,11.00,industrial_price_cents_kwh;water_permit_risk;drought_share_weeks_d2plus,0.00,,max_queue_median_age_years
378,39069,Henry,OH,False,43.69,78.15,43.40,46.09,30.94,68.69,66.95,43.16,52.79,0.76,True,-0.10,-1.00,industrial_price_cents_kwh;water_stress_bws;plant_capacity_mw_100km,0.00,,max_queue_median_age_years
379,26133,Osceola,MI,False,52.91,90.72,64.24,40.63,47.84,69.24,28.53,43.16,52.77,0.73,True,0.00,-8.00,drought_share_weeks_d2plus;nri_drought_score;cdd_hist,0.00,,max_queue_median_age_years
380,21207,Russell,KY,False,35.28,59.62,52.37,48.05,22.47,52.62,81.26,55.51,52.76,0.76,True,-0.22,13.00,industrial_price_cents_kwh;fiber_share_locations;water_permit_risk,0.00,,max_queue_median_age_years
381,39141,Ross,OH,False,43.23,53.18,57.74,51.24,41.99,65.90,66.95,43.16,52.76,0.73,True,-0.03,-5.00,industrial_price_cents_kwh;queue_operational_mw_online_5y;drought_share_weeks_d2plus,0.00,,max_queue_median_age_years
382,41059,Umatilla,OR,False,76.37,45.05,55.14,51.01,80.94,56.77,33.40,39.12,52.74,0.78,True,0.39,-41.00,land_area_sqkm;queue_active_mw_clean_excl_storage;grid_renewable_share,0.00,,
383,42043,Dauphin,PA,False,59.67,74.44,58.41,56.72,22.60,61.81,38.13,43.16,52.73,0.78,True,0.04,-11.00,drought_share_weeks_d2plus;plant_clean_capacity_mw_100km;plant_capacity_mw_100km,0.00,,
384,48121,Denton,TX,False,63.23,30.30,46.44,82.61,38.16,56.33,90.33,2.28,52.73,0.73,True,-0.16,5.00,industrial_price_cents_kwh;dc_existing_count;queue_withdrawal_rate,0.00,,max_queue_median_age_years
385,05035,Crittenden,AR,False,45.77,30.46,43.97,43.29,42.46,59.71,77.50,69.59,52.72,0.78,True,0.07,-16.00,industrial_price_cents_kwh;state_policy_risk;queue_active_mw_clean_excl_storage,0.00,,
386,42133,York,PA,False,63.11,61.90,62.75,48.47,41.44,66.71,38.13,43.16,52.72,0.76,True,-0.07,-5.00,plant_capacity_mw_100km;plant_clean_capacity_mw_100km;drought_share_weeks_d2plus,0.00,,max_queue_median_age_years
387,21079,Garrard,KY,False,40.88,58.27,59.76,41.48,20.92,46.61,81.26,55.51,52.71,0.76,True,-0.15,3.00,industrial_price_cents_kwh;queue_operational_mw_online_5y;water_permit_risk,0.00,,max_queue_median_age_years
388,21099,Hart,KY,False,36.16,58.86,48.60,48.34,35.45,45.74,81.26,55.51,52.70,0.76,True,-0.16,3.00,industrial_price_cents_kwh;water_permit_risk;drought_share_weeks_d2plus,0.00,,max_queue_median_age_years
389,48099,Coryell,TX,False,62.92,28.61,55.44,50.45,57.59,44.03,90.33,27.06,52.70,0.71,True,-0.08,-6.00,industrial_price_cents_kwh;land_area_sqkm;wind_speed_100m_ms,0.00,,max_queue_median_age_years
390,21171,Monroe,KY,False,33.39,60.57,48.91,42.64,35.61,57.96,81.26,55.51,52.69,0.73,True,-0.15,2.00,industrial_price_cents_kwh;water_permit_risk;drought_share_weeks_d2plus,0.00,,max_queue_median_age_years
391,37161,Rutherford,NC,False,49.16,35.63,54.89,69.13,34.32,72.61,45.37,55.51,52.67,0.73,True,0.18,-28.00,dc_existing_count;plant_capacity_mw_100km;plant_clean_capacity_mw_100km,0.00,,max_queue_median_age_years
392,42013,Blair,PA,False,48.71,74.96,66.58,51.95,26.68,73.97,38.13,43.16,52.67,0.76,True,-0.16,2.00,drought_share_weeks_d2plus;nri_drought_score;coal_retired_mw,0.00,,max_queue_median_age_years
393,05021,Clay,AR,False,39.89,27.53,39.09,48.55,60.92,56.38,77.50,69.59,52.67,0.76,True,0.01,-15.00,industrial_price_cents_kwh;state_policy_risk;fiber_share_locations,0.00,,max_queue_median_age_years
394,42039,Crawford,PA,False,54.22,86.93,48.85,37.44,56.42,74.34,38.13,43.16,52.66,0.78,True,-0.07,-7.00,drought_share_weeks_d2plus;nri_drought_score;cdd_hist,0.00,,
395,01033,Colbert,AL,False,48.17,50.94,47.68,54.67,38.71,52.26,58.49,60.85,52.63,0.73,True,0.04,-16.00,coal_retired_mw;water_permit_risk;industrial_price_cents_kwh,0.00,,max_queue_median_age_years
396,19051,Davis,IA,False,49.45,47.09,44.21,53.21,54.28,32.47,74.08,55.51,52.63,0.73,True,0.04,-16.00,industrial_price_cents_kwh;fiber_share_locations;water_stress_bws,0.00,,max_queue_median_age_years
397,42007,Beaver,PA,False,49.92,88.27,58.46,59.92,18.69,85.66,38.13,26.64,52.61,0.78,True,-0.12,-1.00,drought_share_weeks_d2plus;nri_drought_score;plant_capacity_mw_100km,0.00,,
398,40067,Jefferson,OK,False,53.21,31.19,38.04,36.33,75.04,36.26,95.66,53.20,52.61,0.73,True,-0.32,14.00,industrial_price_cents_kwh;state_policy_risk;pop_density_per_sqkm,0.00,,max_queue_median_age_years
399,17167,Sangamon,IL,False,54.46,53.39,61.54,65.48,43.73,68.89,16.26,60.85,52.61,0.76,True,-0.17,2.00,water_permit_risk;coal_retired_mw;queue_active_mw_clean_excl_storage,0.00,,
400,37113,Macon,NC,False,57.10,60.63,61.78,47.09,36.35,50.67,45.37,55.51,52.59,0.73,True,0.00,-14.00,plant_clean_capacity_mw_100km;grid_co2_lb_mwh;water_stress_bws,0.00,,max_queue_median_age_years
401,22123,West Carroll,LA,False,46.79,27.36,41.97,44.68,40.25,51.87,97.93,55.51,52.58,0.76,True,0.07,-19.00,industrial_price_cents_kwh;water_permit_risk;unemployment_rate_pct_2023,0.00,,max_queue_median_age_years
402,55117,Sheboygan,WI,False,60.78,78.08,70.85,61.09,26.05,61.15,21.66,38.99,52.55,0.78,True,0.05,-18.00,drought_share_weeks_d2plus;nri_drought_score;coal_retired_mw,0.00,,
403,42127,Wayne,PA,False,54.56,79.88,56.23,42.65,49.50,68.03,38.13,43.16,52.54,0.76,True,-0.10,-3.00,drought_share_weeks_d2plus;nri_drought_score;cdd_hist,0.00,,max_queue_median_age_years
404,26045,Eaton,MI,False,49.18,85.67,55.87,63.21,32.07,63.49,28.53,43.16,52.50,0.78,True,-0.04,-7.00,nri_drought_score;drought_share_weeks_d2plus;queue_median_age_years,0.00,,
405,13301,Warren,GA,False,63.13,26.90,47.52,55.67,41.97,54.91,62.98,55.51,52.49,0.78,True,0.33,-39.00,industrial_price_cents_kwh;plant_clean_capacity_mw_100km;queue_operational_mw_online_5y,0.00,,
406,55095,Polk,WI,False,54.06,60.48,66.51,53.37,60.97,59.45,21.66,55.51,52.49,0.73,True,-0.21,9.00,cdd_hist;water_permit_risk;nri_drought_score,0.00,,max_queue_median_age_years
407,13291,Union,GA,False,49.05,56.85,53.70,53.44,23.35,48.49,62.98,55.51,52.49,0.73,True,-0.07,-3.00,industrial_price_cents_kwh;plant_clean_capacity_mw_100km;water_stress_bws,0.00,,max_queue_median_age_years
408,42019,Butler,PA,False,49.65,88.56,54.31,64.29,40.78,64.46,38.13,26.64,52.48,0.78,True,-0.12,0.00,drought_share_weeks_d2plus;nri_drought_score;plant_capacity_mw_100km,0.00,,
409,42003,Allegheny,PA,False,46.66,82.19,61.54,62.47,32.34,78.64,38.13,26.64,52.48,0.78,True,-0.05,-7.00,drought_share_weeks_d2plus;nri_drought_score;dc_existing_count,0.00,,
410,21219,Todd,KY,False,35.08,45.73,45.57,59.64,37.99,45.00,81.26,55.51,52.45,0.76,True,-0.13,1.00,industrial_price_cents_kwh;fiber_share_locations;water_permit_risk,0.00,,max_queue_median_age_years
411,39107,Mercer,OH,False,42.29,74.91,50.05,53.33,30.25,49.86,66.95,43.16,52.44,0.73,True,-0.02,-8.00,industrial_price_cents_kwh;nri_drought_score;drought_share_weeks_d2plus,0.00,,max_queue_median_age_years
412,48357,Ochiltree,TX,False,67.53,27.57,37.94,46.71,78.40,31.90,90.33,36.26,52.42,0.73,True,-0.36,725.00,industrial_price_cents_kwh;wind_speed_100m_ms;pop_density_per_sqkm,0.00,,max_queue_median_age_years
413,28033,DeSoto,MS,False,43.03,53.09,52.90,55.04,21.21,53.26,71.16,53.20,52.40,0.78,True,-0.04,-6.00,industrial_price_cents_kwh;state_policy_risk;water_stress_bws,0.00,,
414,37191,Wayne,NC,False,62.31,39.51,50.48,64.67,28.98,58.72,45.37,55.51,52.40,0.78,True,0.01,-9.00,coal_retired_mw;grid_co2_lb_mwh;water_permit_risk,0.00,,
415,48407,San Jacinto,TX,False,36.61,52.27,49.54,61.18,45.32,36.93,90.33,36.26,52.40,0.73,True,-0.23,8.00,industrial_price_cents_kwh;nri_drought_score;plant_capacity_mw_100km,0.00,,max_queue_median_age_years
416,01049,DeKalb,AL,False,40.00,51.74,49.30,59.89,47.83,44.11,58.49,60.85,52.39,0.71,True,0.11,-21.00,water_permit_risk;industrial_price_cents_kwh;plant_capacity_mw_100km,0.00,,max_queue_median_age_years
417,55005,Barron,WI,False,52.29,63.91,71.89,50.12,57.25,57.94,21.66,55.51,52.39,0.78,True,-0.15,-1.00,nri_drought_score;cdd_hist;queue_withdrawal_rate,0.00,,
418,19071,Fremont,IA,False,54.42,43.76,42.55,48.64,57.40,33.17,74.08,55.51,52.37,0.73,True,-0.02,-8.00,industrial_price_cents_kwh;pop_density_per_sqkm;water_permit_risk,0.00,,max_queue_median_age_years
419,56001,Albany,WY,False,67.86,58.77,73.19,39.64,90.43,34.26,34.35,39.12,52.35,0.76,True,0.09,-20.00,land_area_sqkm;cdd_hist;nri_drought_score,0.00,,max_queue_median_age_years
420,21001,Adair,KY,False,37.13,59.92,49.07,44.38,34.80,45.39,81.26,55.51,52.35,0.76,True,-0.23,9.00,industrial_price_cents_kwh;water_permit_risk;drought_share_weeks_d2plus,0.00,,max_queue_median_age_years
421,19101,Jefferson,IA,False,42.48,51.99,50.92,45.03,41.61,50.13,74.08,55.51,52.33,0.73,True,-0.28,10.00,industrial_price_cents_kwh;water_stress_bws;water_permit_risk,0.00,,max_queue_median_age_years
422,47015,Cannon,TN,False,34.69,36.64,48.40,54.77,26.20,39.79,84.72,69.59,52.33,0.73,True,-0.04,-8.00,industrial_price_cents_kwh;state_policy_risk;fiber_share_locations,0.00,,max_queue_median_age_years
423,37151,Randolph,NC,False,53.66,39.35,58.04,58.34,42.09,63.83,45.37,55.51,52.31,0.76,True,-0.02,-10.00,plant_capacity_mw_100km;grid_co2_lb_mwh;water_permit_risk,0.00,,max_queue_median_age_years
424,17125,Mason,IL,False,63.34,51.73,54.21,62.86,52.99,59.03,16.26,60.85,52.28,0.76,True,-0.09,-2.00,water_permit_risk;coal_retired_mw;queue_operational_mw_online_5y,0.00,,
425,28153,Wayne,MS,False,36.85,45.50,38.10,58.22,67.06,51.93,71.16,53.20,52.28,0.73,True,-0.18,710.00,industrial_price_cents_kwh;state_policy_risk;fiber_share_locations,0.00,,max_queue_median_age_years
426,17103,Lee,IL,False,68.87,46.50,61.64,49.60,55.18,68.00,16.26,60.85,52.28,0.76,True,-0.08,-6.00,water_permit_risk;plant_clean_capacity_mw_100km;plant_capacity_mw_100km,0.00,,
427,26023,Branch,MI,False,58.35,77.73,56.90,57.93,33.42,62.42,28.53,43.16,52.27,0.78,True,-0.07,-6.00,drought_share_weeks_d2plus;water_stress_bws;queue_operational_mw_online_5y,0.00,,
428,19087,Henry,IA,False,38.47,57.08,54.54,44.43,37.54,48.54,74.08,55.51,52.25,0.73,True,-0.32,13.00,industrial_price_cents_kwh;water_stress_bws;water_permit_risk,0.00,,max_queue_median_age_years
429,39019,Carroll,OH,False,38.23,67.92,56.96,48.16,28.66,65.39,66.95,43.16,52.23,0.76,True,-0.03,-10.00,industrial_price_cents_kwh;plant_capacity_mw_100km;drought_share_weeks_d2plus,0.00,,max_queue_median_age_years
430,55139,Winnebago,WI,False,51.68,75.73,67.66,57.66,18.58,63.86,21.66,55.51,52.23,0.78,True,-0.17,0.00,drought_share_weeks_d2plus;queue_withdrawal_rate;water_permit_risk,0.00,,
431,47003,Bedford,TN,False,34.01,38.37,43.50,47.62,29.13,54.79,84.72,69.59,52.23,0.73,True,-0.23,6.00,industrial_price_cents_kwh;state_policy_risk;water_permit_risk,0.00,,max_queue_median_age_years
432,55011,Buffalo,WI,False,45.69,71.19,58.41,61.43,64.25,50.56,21.66,55.51,52.22,0.73,True,-0.49,22.00,coal_retired_mw;water_permit_risk;grid_renewable_share,0.00,,max_queue_median_age_years
433,29113,Lincoln,MO,False,45.66,70.72,51.35,64.42,40.32,45.84,38.13,55.51,52.22,0.78,True,0.00,-16.00,water_stress_bws;queue_median_age_years;drought_share_weeks_d2plus,0.00,,
434,21123,Larue,KY,False,39.91,64.29,45.67,44.35,25.60,44.91,81.26,55.51,52.22,0.73,True,-0.08,-8.00,industrial_price_cents_kwh;water_permit_risk;drought_share_weeks_d2plus,0.00,,max_queue_median_age_years
435,48041,Brazos,TX,False,52.23,34.67,59.15,55.29,28.88,41.44,90.33,36.26,52.20,0.71,True,0.02,-17.00,industrial_price_cents_kwh;water_stress_bws;plant_capacity_mw_100km,0.00,,max_queue_median_age_years
436,13077,Coweta,GA,False,36.24,28.52,59.22,79.11,19.68,56.75,62.98,55.51,52.19,0.78,True,0.21,-30.00,industrial_price_cents_kwh;coal_retired_mw;plant_capacity_mw_100km,0.00,,
437,17107,Logan,IL,False,63.56,51.59,59.16,54.78,50.48,67.20,16.26,60.85,52.18,0.76,True,-0.14,-4.00,water_permit_risk;queue_operational_mw_online_5y;plant_clean_capacity_mw_100km,0.00,,
438,48257,Kaufman,TX,False,74.16,34.86,38.98,62.06,41.43,52.08,90.33,11.47,52.18,0.76,True,-0.04,-11.00,industrial_price_cents_kwh;queue_operational_mw_online_5y;queue_active_mw_clean_excl_storage,0.00,,
439,13115,Floyd,GA,False,49.00,32.06,49.16,67.61,26.76,57.52,62.98,55.51,52.16,0.78,True,0.29,-41.00,industrial_price_cents_kwh;coal_retired_mw;plant_capacity_mw_100km,0.00,,
440,28107,Panola,MS,False,37.56,51.69,51.25,45.26,52.46,56.89,71.16,53.20,52.14,0.76,True,-0.01,-12.00,industrial_price_cents_kwh;state_policy_risk;water_stress_bws,0.00,,max_queue_median_age_years
441,39011,Auglaize,OH,False,41.85,81.18,48.80,45.48,22.93,59.74,66.95,43.16,52.11,0.76,True,-0.08,-7.00,industrial_price_cents_kwh;coal_retired_mw;nri_drought_score,0.00,,max_queue_median_age_years
442,37185,Warren,NC,False,66.65,35.47,51.95,55.09,37.92,61.20,45.37,55.51,52.11,0.73,True,-0.10,-7.00,plant_capacity_mw_100km;grid_co2_lb_mwh;queue_operational_mw_online_5y,0.00,,max_queue_median_age_years
443,22039,Evangeline,LA,False,39.72,26.27,38.89,50.62,51.53,45.00,97.93,55.51,52.09,0.78,True,-0.04,-11.00,industrial_price_cents_kwh;water_permit_risk;queue_active_mw_clean_excl_storage,0.00,,
444,17123,Marshall,IL,False,63.20,49.55,61.08,62.03,39.85,62.38,16.26,60.85,52.09,0.73,True,-0.08,-8.00,water_permit_risk;plant_capacity_mw_100km;plant_clean_capacity_mw_100km,0.00,,max_queue_median_age_years
445,26163,Wayne,MI,False,39.46,84.08,62.37,70.58,25.73,90.33,28.53,26.64,52.05,0.78,True,0.10,-20.00,drought_share_weeks_d2plus;nri_drought_score;coal_retired_mw,0.00,,
446,26165,Wexford,MI,False,52.74,92.18,68.31,36.36,42.20,65.45,28.53,43.16,52.05,0.73,True,-0.17,-2.00,water_stress_bws;nri_drought_score;cdd_hist,0.00,,max_queue_median_age_years
447,22037,East Feliciana,LA,False,43.79,28.61,45.93,47.05,39.95,39.53,97.93,55.51,52.03,0.78,True,-0.08,-9.00,industrial_price_cents_kwh;water_permit_risk;queue_active_mw_clean_excl_storage,0.00,,
448,26025,Calhoun,MI,False,58.51,78.62,58.38,41.99,38.74,80.14,28.53,43.16,52.01,0.78,True,-0.07,-9.00,nri_drought_score;drought_share_weeks_d2plus;queue_operational_mw_online_5y,0.00,,
449,37183,Wake,NC,False,58.31,34.80,59.73,61.51,36.12,54.78,45.37,55.51,51.99,0.78,True,-0.07,-7.00,grid_co2_lb_mwh;water_permit_risk;population,0.00,,
450,48285,Lavaca,TX,False,48.74,25.62,52.03,50.13,74.24,40.93,90.33,36.26,51.99,0.71,True,-0.02,693.00,industrial_price_cents_kwh;plant_capacity_mw_100km;land_area_sqkm,0.00,,max_queue_median_age_years
451,28061,Jasper,MS,False,42.32,47.38,43.02,48.10,61.74,51.42,71.16,53.20,51.97,0.78,True,-0.21,-1.00,industrial_price_cents_kwh;state_policy_risk;queue_active_mw_clean_excl_storage,0.00,,
452,17085,Jo Daviess,IL,False,44.45,66.30,59.19,63.64,52.65,60.47,16.26,60.85,51.94,0.71,True,-0.26,5.00,water_permit_risk;fiber_share_locations;plant_clean_capacity_mw_100km,0.00,,max_queue_median_age_years
453,29077,Greene,MO,False,47.49,50.20,54.11,71.57,32.90,56.85,38.13,55.51,51.91,0.78,True,-0.25,8.00,queue_withdrawal_rate;coal_retired_mw;queue_median_age_years,0.00,,
454,28141,Tishomingo,MS,False,36.39,48.67,49.41,57.03,37.54,53.63,71.16,53.20,51.89,0.73,True,0.05,-14.00,industrial_price_cents_kwh;state_policy_risk;fiber_share_locations,0.00,,max_queue_median_age_years
455,48225,Houston,TX,False,41.56,34.63,40.69,58.38,79.61,36.58,90.33,36.26,51.87,0.76,True,-0.12,-3.00,industrial_price_cents_kwh;land_area_sqkm;queue_active_mw_clean_excl_storage,0.00,,
456,48001,Anderson,TX,False,44.23,39.39,42.79,54.16,62.77,43.16,90.33,36.26,51.87,0.76,True,-0.06,-10.00,industrial_price_cents_kwh;queue_withdrawal_rate;land_area_sqkm,0.00,,
457,48499,Wood,TX,False,46.09,33.02,43.71,61.94,45.37,47.27,90.33,36.26,51.86,0.71,True,-0.06,-9.00,industrial_price_cents_kwh;fiber_share_locations;plant_capacity_mw_100km,0.00,,max_queue_median_age_years
458,17155,Putnam,IL,False,55.55,50.98,60.25,69.95,30.30,66.02,16.26,60.85,51.86,0.76,True,-0.09,-7.00,water_permit_risk;plant_clean_capacity_mw_100km;plant_capacity_mw_100km,0.00,,
459,28011,Bolivar,MS,False,47.98,48.60,39.37,39.50,64.70,56.06,71.16,53.20,51.83,0.78,True,-0.01,-14.00,industrial_price_cents_kwh;state_policy_risk;water_stress_bws,0.00,,
460,37123,Montgomery,NC,False,56.52,46.89,47.87,57.48,39.06,60.06,45.37,55.51,51.78,0.78,True,0.02,-13.00,plant_clean_capacity_mw_100km;grid_co2_lb_mwh;water_permit_risk,0.00,,
461,17057,Fulton,IL,False,53.49,56.21,64.25,48.67,62.50,68.34,16.26,60.85,51.77,0.76,True,-0.12,1.00,water_permit_risk;queue_active_mw_clean_excl_storage;unemployment_rate_pct_2023,0.00,,
462,39163,Vinton,OH,False,46.50,52.16,55.49,48.23,41.54,58.68,66.95,43.16,51.76,0.73,True,-0.01,-9.00,industrial_price_cents_kwh;plant_capacity_mw_100km;drought_share_weeks_d2plus,0.00,,max_queue_median_age_years
463,22043,Grant,LA,False,34.25,39.74,38.57,44.36,55.79,40.24,97.93,55.51,51.74,0.73,True,-0.07,-5.00,industrial_price_cents_kwh;water_stress_bws;water_permit_risk,0.00,,max_queue_median_age_years
464,41005,Clackamas,OR,False,58.47,78.16,58.51,41.88,53.92,63.89,33.40,39.12,51.71,0.76,True,0.21,-21.00,land_area_sqkm;cdd_hist;grid_renewable_share,0.00,,max_queue_median_age_years
465,13181,Lincoln,GA,False,43.29,40.19,47.86,68.68,30.49,48.10,62.98,55.51,51.71,0.73,True,0.44,-41.00,industrial_price_cents_kwh;fiber_share_locations;plant_capacity_mw_100km,0.00,,max_queue_median_age_years
466,28089,Madison,MS,False,45.68,39.01,46.64,58.54,40.69,46.87,71.16,53.20,51.70,0.78,True,-0.02,-10.00,industrial_price_cents_kwh;state_policy_risk;dc_existing_count,0.00,,
467,28015,Carroll,MS,False,38.59,49.40,40.23,54.31,64.01,43.01,71.16,53.20,51.70,0.73,True,-0.05,-3.00,industrial_price_cents_kwh;state_policy_risk;fiber_share_locations,0.00,,max_queue_median_age_years
468,18007,Benton,IN,False,54.13,71.80,60.19,52.39,45.64,39.96,31.34,55.51,51.70,0.78,True,-0.16,2.00,nri_drought_score;drought_share_weeks_d2plus;plant_clean_capacity_mw_100km,0.00,,
469,37193,Wilkes,NC,False,47.47,46.70,51.65,54.51,47.72,68.74,45.37,55.51,51.69,0.76,True,-0.07,-1.00,plant_capacity_mw_100km;grid_co2_lb_mwh;water_permit_risk,0.00,,max_queue_median_age_years
470,55033,Dunn,WI,False,56.98,63.96,63.85,51.29,57.08,50.29,21.66,55.51,51.67,0.73,True,-0.14,2.00,nri_drought_score;water_permit_risk;queue_active_mw_clean_excl_storage,0.00,,max_queue_median_age_years
471,37027,Caldwell,NC,False,47.59,39.43,59.74,63.61,25.33,68.62,45.37,55.51,51.67,0.73,True,0.11,-22.00,dc_existing_count;plant_capacity_mw_100km;grid_co2_lb_mwh,0.00,,max_queue_median_age_years
472,18083,Knox,IN,False,42.66,55.86,57.56,72.54,36.76,56.75,31.34,55.51,51.64,0.78,True,0.02,-12.00,coal_retired_mw;drought_share_weeks_d2plus;queue_active_mw_clean_excl_storage,0.00,,
473,48015,Austin,TX,False,49.95,28.57,47.28,62.50,51.11,33.11,90.33,36.26,51.62,0.76,True,-0.12,3.00,industrial_price_cents_kwh;plant_capacity_mw_100km;queue_withdrawal_rate,0.00,,
474,17135,Montgomery,IL,False,49.87,57.12,54.76,62.84,56.05,64.61,16.26,60.85,51.61,0.76,True,-0.05,-5.00,water_permit_risk;coal_retired_mw;drought_share_weeks_d2plus,0.00,,
475,13263,Talbot,GA,False,54.00,29.49,46.43,61.44,47.88,43.71,62.98,55.51,51.61,0.78,True,0.09,-20.00,industrial_price_cents_kwh;queue_withdrawal_rate;plant_capacity_mw_100km,0.00,,
476,26139,Ottawa,MI,False,50.24,83.21,60.42,55.74,25.33,66.88,28.53,43.16,51.60,0.78,True,0.05,-11.00,nri_drought_score;drought_share_weeks_d2plus;coal_retired_mw,0.00,,
477,17117,Macoupin,IL,False,55.71,65.51,58.43,49.01,57.91,60.03,16.26,60.85,51.56,0.73,True,-0.04,-3.00,water_permit_risk;queue_operational_mw_online_5y;drought_share_weeks_d2plus,0.00,,max_queue_median_age_years
478,39001,Adams,OH,False,37.36,70.71,52.82,42.10,47.78,56.55,66.95,43.16,51.56,0.78,True,-0.07,-1.00,industrial_price_cents_kwh;drought_share_weeks_d2plus;water_permit_risk,0.00,,
479,26073,Isabella,MI,False,51.16,71.31,62.70,58.03,35.65,65.77,28.53,43.16,51.55,0.78,True,0.10,-16.00,nri_drought_score;drought_share_weeks_d2plus;water_permit_risk,0.00,,
480,26057,Gratiot,MI,False,53.92,78.32,57.88,49.91,39.95,68.55,28.53,43.16,51.52,0.78,True,0.11,-13.00,nri_drought_score;drought_share_weeks_d2plus;queue_active_mw_clean_excl_storage,0.00,,
481,38015,Burleigh,ND,False,51.85,79.33,47.01,37.47,65.12,42.56,58.49,39.12,51.50,0.73,True,0.17,-22.00,land_area_sqkm;industrial_price_cents_kwh;water_stress_bws,0.00,,max_queue_median_age_years
482,42029,Chester,PA,False,57.35,47.52,61.51,80.49,34.90,61.96,38.13,26.64,51.50,0.76,True,0.04,-11.00,plant_capacity_mw_100km;dc_existing_count;coal_retired_mw,0.00,,max_queue_median_age_years
483,17045,Edgar,IL,False,51.44,54.84,54.14,64.11,58.04,60.50,16.26,60.85,51.49,0.76,True,-0.10,0.00,water_permit_risk;queue_median_age_years;drought_share_weeks_d2plus,0.00,,
484,37005,Alleghany,NC,False,50.72,48.95,61.54,55.71,27.63,57.02,45.37,55.51,51.46,0.73,True,-0.19,10.00,fiber_share_locations;cdd_hist;grid_co2_lb_mwh,0.00,,max_queue_median_age_years
485,26077,Kalamazoo,MI,False,51.39,78.78,60.43,54.27,25.60,71.37,28.53,43.16,51.42,0.78,True,-0.03,-3.00,nri_drought_score;drought_share_weeks_d2plus;water_permit_risk,0.00,,
486,17131,Mercer,IL,False,54.20,60.76,69.13,50.59,52.77,54.00,16.26,60.85,51.42,0.73,True,-0.07,-1.00,water_permit_risk;water_stress_bws;queue_withdrawal_rate,0.00,,max_queue_median_age_years
487,20111,Lyon,KS,False,64.95,54.63,39.31,56.77,62.14,48.28,48.67,39.12,51.42,0.73,True,0.03,-7.00,wind_speed_100m_ms;fiber_share_locations;water_stress_bws,0.00,,max_queue_median_age_years
488,48419,Shelby,TX,False,46.27,40.64,39.24,43.67,63.96,55.19,90.33,36.26,51.40,0.71,True,0.12,-15.00,industrial_price_cents_kwh;nri_drought_score;nri_inland_flood_score,0.00,,max_queue_median_age_years
489,42125,Washington,PA,False,51.47,71.90,58.16,60.70,42.84,71.18,38.13,26.64,51.40,0.76,True,-0.06,-1.00,plant_capacity_mw_100km;drought_share_weeks_d2plus;water_permit_risk,0.00,,max_queue_median_age_years
490,28139,Tippah,MS,False,34.45,47.11,54.32,55.09,38.84,48.94,71.16,53.20,51.38,0.73,True,-0.04,-4.00,industrial_price_cents_kwh;state_policy_risk;fiber_share_locations,0.00,,max_queue_median_age_years
491,48251,Johnson,TX,False,72.31,35.03,42.13,66.61,38.34,52.19,90.33,2.28,51.38,0.73,True,-0.28,17.00,industrial_price_cents_kwh;plant_capacity_mw_100km;fiber_share_locations,0.00,,max_queue_median_age_years
492,41047,Marion,OR,False,56.52,76.99,69.54,37.50,49.00,61.39,33.40,39.12,51.37,0.78,True,0.26,-26.00,cdd_hist;grid_renewable_share;water_stress_bws,0.00,,
493,26107,Mecosta,MI,False,44.63,86.94,61.99,47.87,38.89,70.17,28.53,43.16,51.37,0.73,True,0.10,-14.00,drought_share_weeks_d2plus;nri_drought_score;cdd_hist,0.00,,max_queue_median_age_years
494,17177,Stephenson,IL,False,63.95,49.57,60.58,47.52,38.55,80.16,16.26,60.85,51.34,0.76,True,-0.15,7.00,water_permit_risk;plant_clean_capacity_mw_100km;queue_operational_mw_online_5y,0.00,,
495,55087,Outagamie,WI,False,40.89,79.09,78.82,46.71,33.27,60.46,21.66,55.51,51.34,0.76,True,-0.18,9.00,drought_share_weeks_d2plus;nri_drought_score;water_permit_risk,0.00,,max_queue_median_age_years
496,05055,Greene,AR,False,42.52,25.84,39.92,50.30,39.96,50.81,77.50,69.59,51.34,0.76,True,0.02,-12.00,industrial_price_cents_kwh;state_policy_risk;fiber_share_locations,0.00,,max_queue_median_age_years
497,28003,Alcorn,MS,False,36.17,42.26,53.87,57.46,26.05,58.43,71.16,53.20,51.32,0.73,True,-0.06,-2.00,industrial_price_cents_kwh;state_policy_risk;fiber_share_locations,0.00,,max_queue_median_age_years
498,29007,Audrain,MO,False,51.34,64.83,48.78,44.34,57.41,59.20,38.13,55.51,51.31,0.76,True,-0.00,-8.00,water_stress_bws;water_permit_risk;queue_active_mw_clean_excl_storage,0.00,,max_queue_median_age_years
499,39049,Franklin,OH,False,41.75,54.79,67.68,45.19,19.80,63.95,66.95,43.16,51.31,0.76,True,-0.01,-8.00,industrial_price_cents_kwh;dc_existing_count;drought_share_weeks_d2plus,0.00,,max_queue_median_age_years
500,55039,Fond du Lac,WI,False,44.75,78.54,69.06,47.72,41.62,58.70,21.66,55.51,51.27,0.76,True,-0.08,2.00,drought_share_weeks_d2plus;nri_drought_score;water_permit_risk,0.00,,max_queue_median_age_years
501,29219,Warren,MO,False,54.72,71.46,50.22,53.41,28.69,48.09,38.13,55.51,51.27,0.73,True,-0.08,-1.00,water_stress_bws;queue_operational_mw_online_5y;drought_share_weeks_d2plus,0.00,,max_queue_median_age_years
502,29021,Buchanan,MO,False,52.58,51.60,54.52,61.75,19.51,66.03,38.13,55.51,51.27,0.73,True,0.04,-13.00,fiber_share_locations;water_stress_bws;water_permit_risk,0.00,,max_queue_median_age_years
503,13193,Macon,GA,False,54.51,35.85,38.48,58.49,40.95,51.68,62.98,55.51,51.25,0.76,True,0.14,-22.00,industrial_price_cents_kwh;queue_operational_mw_online_5y;water_permit_risk,0.00,,max_queue_median_age_years
504,26075,Jackson,MI,False,47.09,84.79,57.94,46.72,37.58,76.13,28.53,43.16,51.25,0.78,True,-0.06,-1.00,nri_drought_score;drought_share_weeks_d2plus;queue_withdrawal_rate,0.00,,
505,20011,Bourbon,KS,False,75.96,40.54,39.49,56.13,60.60,48.18,48.67,39.12,51.24,0.78,True,0.00,-9.00,queue_operational_mw_online_5y;queue_withdrawal_rate;queue_active_mw_clean_excl_storage,0.00,,
506,13103,Effingham,GA,False,54.31,30.97,37.90,77.38,27.32,36.34,62.98,55.51,51.23,0.78,True,0.26,-28.00,industrial_price_cents_kwh;queue_operational_mw_online_5y;queue_withdrawal_rate,0.00,,
507,28111,Perry,MS,False,38.80,40.42,39.96,54.58,64.18,49.23,71.16,53.20,51.22,0.78,True,-0.17,7.00,industrial_price_cents_kwh;state_policy_risk;fiber_share_locations,0.00,,
508,19117,Lucas,IA,False,53.98,48.40,42.34,38.22,48.49,39.74,74.08,55.51,51.18,0.73,True,0.08,-15.00,industrial_price_cents_kwh;water_stress_bws;water_permit_risk,0.00,,max_queue_median_age_years
509,48147,Fannin,TX,False,63.84,29.34,44.29,45.60,61.79,44.50,90.33,27.06,51.18,0.71,True,0.02,-10.00,industrial_price_cents_kwh;queue_operational_mw_online_5y;water_stress_bws,0.00,,max_queue_median_age_years
510,21075,Fulton,KY,False,34.76,46.31,46.47,45.95,32.60,57.35,81.26,55.51,51.16,0.73,True,-0.04,-4.00,industrial_price_cents_kwh;water_permit_risk;water_stress_bws,0.00,,max_queue_median_age_years
511,17115,Macon,IL,False,56.61,53.32,57.39,53.14,32.90,84.73,16.26,60.85,51.15,0.76,True,-0.19,11.00,water_permit_risk;plant_clean_capacity_mw_100km;queue_active_mw_clean_excl_storage,0.00,,
512,21157,Marshall,KY,False,34.26,53.94,47.02,44.58,19.23,59.76,81.26,55.51,51.15,0.73,True,-0.12,4.00,industrial_price_cents_kwh;water_stress_bws;water_permit_risk,0.00,,max_queue_median_age_years
513,01013,Butler,AL,False,42.31,52.03,45.07,40.11,65.94,51.94,58.49,60.85,51.15,0.71,True,-0.08,-2.00,water_permit_risk;industrial_price_cents_kwh;nri_drought_score,0.00,,max_queue_median_age_years
514,39083,Knox,OH,False,36.84,76.27,53.22,40.23,31.06,60.71,66.95,43.16,51.12,0.76,True,0.09,-16.00,industrial_price_cents_kwh;drought_share_weeks_d2plus;nri_drought_score,0.00,,max_queue_median_age_years
515,39159,Union,OH,False,57.76,66.00,50.63,35.39,23.58,55.74,66.95,43.16,51.12,0.78,True,0.02,-10.00,industrial_price_cents_kwh;drought_share_weeks_d2plus;queue_operational_mw_online_5y,0.00,,
516,13299,Ware,GA,False,57.94,33.55,51.03,39.37,63.35,45.99,62.98,55.51,51.11,0.73,True,-0.04,-4.00,industrial_price_cents_kwh;queue_operational_mw_online_5y;water_permit_risk,0.00,,max_queue_median_age_years
517,13317,Wilkes,GA,False,39.20,30.93,45.22,66.26,51.08,52.90,62.98,55.51,51.11,0.73,True,0.40,-42.00,industrial_price_cents_kwh;fiber_share_locations;plant_capacity_mw_100km,0.00,,max_queue_median_age_years
518,48367,Parker,TX,False,70.88,32.96,46.06,66.14,46.74,42.89,90.33,2.28,51.09,0.76,True,-0.33,20.00,industrial_price_cents_kwh;queue_withdrawal_rate;plant_capacity_mw_100km,0.00,,
519,55127,Walworth,WI,False,51.03,54.95,73.81,60.53,29.70,57.97,21.66,55.51,51.08,0.78,True,-0.04,-4.00,queue_median_age_years;plant_capacity_mw_100km;water_permit_risk,0.00,,
520,01073,Jefferson,AL,False,35.04,37.44,44.64,64.42,45.06,57.80,58.49,60.85,51.05,0.71,True,0.30,-33.00,dc_existing_count;water_permit_risk;industrial_price_cents_kwh,0.00,,max_queue_median_age_years
521,28133,Sunflower,MS,False,45.96,48.74,39.95,36.79,57.43,59.96,71.16,53.20,51.03,0.78,True,-0.02,-4.00,industrial_price_cents_kwh;state_policy_risk;water_stress_bws,0.00,,
522,13111,Fannin,GA,False,47.37,49.40,50.39,51.33,28.61,48.92,62.98,55.51,51.02,0.73,True,0.08,-15.00,industrial_price_cents_kwh;plant_capacity_mw_100km;plant_clean_capacity_mw_100km,0.00,,max_queue_median_age_years
523,37127,Nash,NC,False,60.34,36.68,51.53,55.94,29.09,64.00,45.37,55.51,51.01,0.78,True,-0.03,-3.00,grid_co2_lb_mwh;plant_clean_capacity_mw_100km;water_permit_risk,0.00,,
524,13161,Jeff Davis,GA,False,50.62,34.75,50.95,56.84,31.75,50.07,62.98,55.51,51.00,0.76,True,0.08,-14.00,industrial_price_cents_kwh;queue_withdrawal_rate;queue_operational_mw_online_5y,0.00,,max_queue_median_age_years
525,48459,Upshur,TX,False,43.26,35.73,41.30,60.17,41.91,47.61,90.33,36.26,50.99,0.71,True,-0.40,30.00,industrial_price_cents_kwh;plant_capacity_mw_100km;fiber_share_locations,0.00,,max_queue_median_age_years
526,29121,Macon,MO,False,46.58,63.07,43.99,51.15,70.04,50.53,38.13,55.51,50.96,0.78,True,0.01,-5.00,water_stress_bws;fiber_share_locations;water_permit_risk,0.00,,
527,26067,Ionia,MI,False,53.19,89.96,53.81,43.76,35.06,67.66,28.53,43.16,50.96,0.78,True,-0.09,2.00,water_stress_bws;nri_drought_score;drought_share_weeks_d2plus,0.00,,
528,37065,Edgecombe,NC,False,60.35,38.63,50.92,50.51,32.29,68.71,45.37,55.51,50.95,0.76,True,-0.16,7.00,grid_co2_lb_mwh;water_permit_risk;plant_clean_capacity_mw_100km,0.00,,max_queue_median_age_years
529,20045,Douglas,KS,False,62.61,51.87,50.43,66.74,21.95,49.54,48.67,39.12,50.95,0.76,True,0.06,-11.00,coal_retired_mw;plant_capacity_mw_100km;wind_speed_100m_ms,0.00,,max_queue_median_age_years
530,28073,Lamar,MS,False,46.35,42.04,50.79,54.39,28.79,43.70,71.16,53.20,50.95,0.76,True,-0.17,7.00,industrial_price_cents_kwh;state_policy_risk;coal_retired_mw,0.00,,max_queue_median_age_years
531,42051,Fayette,PA,False,48.76,66.32,62.48,55.98,43.39,80.55,38.13,26.64,50.94,0.78,True,-0.11,1.00,drought_share_weeks_d2plus;plant_capacity_mw_100km;queue_median_age_years,0.00,,
532,01043,Cullman,AL,False,39.72,47.75,40.91,61.84,43.50,44.80,58.49,60.85,50.94,0.71,True,0.35,-40.00,water_permit_risk;industrial_price_cents_kwh;fiber_share_locations,0.00,,max_queue_median_age_years
533,37011,Avery,NC,False,53.03,69.10,60.23,41.71,22.21,49.78,45.37,55.51,50.93,0.73,True,-0.02,-8.00,nri_drought_score;cdd_hist;grid_co2_lb_mwh,0.00,,max_queue_median_age_years
534,48449,Titus,TX,False,44.64,42.14,38.48,59.00,27.90,52.69,90.33,36.26,50.93,0.73,True,-0.34,22.00,industrial_price_cents_kwh;coal_retired_mw;nri_inland_flood_score,0.00,,max_queue_median_age_years
535,20107,Linn,KS,False,68.14,54.00,41.72,54.44,61.80,38.69,48.67,39.12,50.92,0.78,True,-0.09,-2.00,queue_withdrawal_rate;queue_active_mw_clean_excl_storage;pop_density_per_sqkm,0.00,,
536,17001,Adams,IL,False,44.85,61.45,60.03,54.22,52.46,70.49,16.26,60.85,50.92,0.76,True,0.03,-13.00,water_permit_risk;water_stress_bws;queue_active_mw_clean_excl_storage,0.00,,
537,28051,Holmes,MS,False,39.30,46.92,48.03,35.14,66.71,57.32,71.16,53.20,50.91,0.76,True,-0.08,-3.00,industrial_price_cents_kwh;state_policy_risk;water_stress_bws,0.00,,max_queue_median_age_years
538,29211,Sullivan,MO,False,47.30,57.50,44.07,57.08,68.74,45.98,38.13,55.51,50.85,0.73,True,0.03,-11.00,fiber_share_locations;pop_density_per_sqkm;water_permit_risk,0.00,,max_queue_median_age_years
539,13285,Troup,GA,False,42.53,44.53,49.95,61.04,21.28,51.42,62.98,55.51,50.85,0.73,True,0.24,-30.00,industrial_price_cents_kwh;dc_existing_count;nri_drought_score,0.00,,max_queue_median_age_years
540,08041,El Paso,CO,False,65.17,38.97,56.71,80.01,52.33,56.10,19.48,39.12,50.83,0.78,True,0.07,-14.00,land_area_sqkm;dc_existing_count;coal_retired_mw,0.00,,
541,19135,Monroe,IA,False,50.86,46.93,44.10,37.36,50.19,40.96,74.08,55.51,50.83,0.73,True,0.03,-11.00,industrial_price_cents_kwh;water_stress_bws;water_permit_risk,0.00,,max_queue_median_age_years
542,26059,Hillsdale,MI,False,50.15,80.31,57.34,45.94,41.96,70.18,28.53,43.16,50.78,0.78,True,-0.07,-1.00,drought_share_weeks_d2plus;water_permit_risk;queue_active_mw_clean_excl_storage,0.00,,
543,42041,Cumberland,PA,False,52.31,72.86,59.26,53.91,24.32,56.85,38.13,43.16,50.78,0.76,True,-0.00,-7.00,drought_share_weeks_d2plus;plant_capacity_mw_100km;plant_clean_capacity_mw_100km,0.00,,max_queue_median_age_years
544,13165,Jenkins,GA,False,50.62,33.48,45.22,55.64,40.46,52.55,62.98,55.51,50.78,0.73,True,0.16,-20.00,industrial_price_cents_kwh;plant_capacity_mw_100km;plant_clean_capacity_mw_100km,0.00,,max_queue_median_age_years
545,13105,Elbert,GA,False,55.74,32.43,54.33,48.26,29.19,54.05,62.98,55.51,50.76,0.73,True,0.48,-48.00,industrial_price_cents_kwh;plant_capacity_mw_100km;plant_clean_capacity_mw_100km,0.00,,max_queue_median_age_years
546,18037,Dubois,IN,False,39.55,68.16,55.54,66.47,26.47,56.55,31.34,55.51,50.74,0.78,True,-0.05,-1.00,plant_capacity_mw_100km;fiber_share_locations;drought_share_weeks_d2plus,0.00,,
547,28081,Lee,MS,False,38.30,43.03,50.84,55.13,23.46,57.23,71.16,53.20,50.74,0.73,True,0.24,-28.00,industrial_price_cents_kwh;state_policy_risk;fiber_share_locations,0.00,,max_queue_median_age_years
548,39031,Coshocton,OH,False,33.16,70.81,52.12,39.46,40.95,65.37,66.95,43.16,50.73,0.76,True,0.02,-9.00,industrial_price_cents_kwh;drought_share_weeks_d2plus;water_permit_risk,0.00,,max_queue_median_age_years
549,17061,Greene,IL,False,43.63,67.57,61.45,55.68,54.60,55.46,16.26,60.85,50.72,0.76,True,-0.13,5.00,water_permit_risk;water_stress_bws;drought_share_weeks_d2plus,0.00,,
550,37077,Granville,NC,False,60.59,34.16,57.48,58.93,31.78,47.79,45.37,55.51,50.71,0.78,True,-0.02,-6.00,queue_median_age_years;grid_co2_lb_mwh;water_permit_risk,0.00,,
551,37097,Iredell,NC,False,50.01,37.41,58.40,58.65,28.87,63.61,45.37,55.51,50.70,0.73,True,0.02,-9.00,plant_capacity_mw_100km;plant_clean_capacity_mw_100km;grid_co2_lb_mwh,0.00,,max_queue_median_age_years
552,28009,Benton,MS,False,33.09,55.45,49.14,49.12,47.20,42.90,71.16,53.20,50.69,0.73,True,-0.08,0.00,industrial_price_cents_kwh;state_policy_risk;water_stress_bws,0.00,,max_queue_median_age_years
553,17109,McDonough,IL,False,50.53,58.75,69.63,45.74,48.58,66.28,16.26,60.85,50.69,0.76,True,0.01,-10.00,water_permit_risk;water_stress_bws;queue_active_mw_clean_excl_storage,0.00,,
554,31109,Lancaster,NE,False,58.62,49.18,43.88,65.39,40.01,51.27,53.26,36.26,50.66,0.76,True,0.06,-14.00,dc_existing_count;queue_active_mw_clean_excl_storage;wind_speed_100m_ms,0.00,,
555,21139,Livingston,KY,False,38.79,53.74,47.72,37.09,37.42,43.93,81.26,55.51,50.65,0.73,True,-0.17,9.00,industrial_price_cents_kwh;water_stress_bws;water_permit_risk,0.00,,max_queue_median_age_years
556,55093,Pierce,WI,False,54.91,67.66,60.82,53.37,40.69,50.36,21.66,55.51,50.65,0.73,True,-0.27,16.00,water_permit_risk;grid_renewable_share;cdd_hist,0.00,,max_queue_median_age_years
557,37101,Johnston,NC,False,59.07,33.78,55.56,53.36,40.14,56.15,45.37,55.51,50.64,0.78,True,0.04,-9.00,grid_co2_lb_mwh;water_permit_risk;plant_clean_capacity_mw_100km,0.00,,
558,01015,Calhoun,AL,False,45.86,42.70,41.57,54.69,33.82,56.68,58.49,60.85,50.61,0.71,True,0.26,-30.00,plant_capacity_mw_100km;water_permit_risk;industrial_price_cents_kwh,0.00,,max_queue_median_age_years
559,26081,Kent,MI,False,40.28,88.46,70.22,41.20,37.81,68.31,28.53,43.16,50.61,0.76,True,-0.01,-6.00,drought_share_weeks_d2plus;nri_drought_score;water_stress_bws,0.00,,max_queue_median_age_years
560,28097,Montgomery,MS,False,35.91,51.57,42.14,50.45,44.29,51.93,71.16,53.20,50.60,0.73,True,-0.06,-2.00,industrial_price_cents_kwh;state_policy_risk;water_stress_bws,0.00,,max_queue_median_age_years
561,48005,Angelina,TX,False,44.43,38.19,37.60,48.98,46.82,58.83,90.33,36.26,50.59,0.76,True,0.07,642.00,industrial_price_cents_kwh;queue_operational_mw_online_5y;mfg_emp_share_1969,0.00,,
562,17199,Williamson,IL,False,42.13,53.10,63.22,72.69,22.26,69.53,16.26,60.85,50.58,0.73,True,0.04,-11.00,water_permit_risk;coal_retired_mw;drought_share_weeks_d2plus,0.00,,max_queue_median_age_years
563,26037,Clinton,MI,False,52.96,88.71,55.27,49.18,33.11,54.93,28.53,43.16,50.57,0.76,True,-0.02,-2.00,drought_share_weeks_d2plus;nri_drought_score;water_stress_bws,0.00,,max_queue_median_age_years
564,13055,Chattooga,GA,False,43.08,41.31,43.68,59.62,22.92,61.61,62.98,55.51,50.56,0.73,True,0.30,-33.00,industrial_price_cents_kwh;plant_capacity_mw_100km;plant_clean_capacity_mw_100km,0.00,,max_queue_median_age_years
565,29001,Adair,MO,False,55.10,62.50,50.41,46.88,46.82,48.41,38.13,55.51,50.55,0.73,True,-0.02,-3.00,water_stress_bws;queue_operational_mw_online_5y;water_permit_risk,0.00,,max_queue_median_age_years
566,18051,Gibson,IN,False,51.08,54.61,61.42,59.77,35.37,49.18,31.34,55.51,50.55,0.78,True,-0.13,4.00,queue_operational_mw_online_5y;drought_share_weeks_d2plus;plant_capacity_mw_100km,0.00,,
567,13273,Terrell,GA,False,53.45,29.24,47.06,53.51,39.27,52.71,62.98,55.51,50.54,0.76,True,0.15,-20.00,industrial_price_cents_kwh;water_permit_risk;plant_clean_capacity_mw_100km,0.00,,max_queue_median_age_years
568,49049,Utah,UT,False,55.22,40.11,64.32,61.08,52.01,58.11,41.52,36.68,50.54,0.78,True,0.52,-55.00,state_policy_risk;land_area_sqkm;queue_active_mw_clean_excl_storage,0.00,,
569,29013,Bates,MO,False,50.64,51.51,42.53,60.63,70.83,38.56,38.13,55.51,50.52,0.73,True,-0.05,-3.00,fiber_share_locations;water_permit_risk;pop_density_per_sqkm,0.00,,max_queue_median_age_years
570,01005,Barbour,AL,False,41.12,39.18,41.29,46.92,67.84,56.20,58.49,60.85,50.52,0.71,True,0.02,-10.00,water_permit_risk;industrial_price_cents_kwh;land_area_sqkm,0.00,,max_queue_median_age_years
571,18153,Sullivan,IN,False,46.13,59.57,59.76,56.62,38.53,56.15,31.34,55.51,50.51,0.78,True,0.04,-12.00,queue_active_mw_clean_excl_storage;drought_share_weeks_d2plus;plant_capacity_mw_100km,0.00,,
572,28117,Prentiss,MS,False,34.38,45.92,51.70,56.20,32.12,47.41,71.16,53.20,50.50,0.73,True,0.14,-22.00,industrial_price_cents_kwh;state_policy_risk;fiber_share_locations,0.00,,max_queue_median_age_years
573,01095,Marshall,AL,False,44.34,53.63,46.38,49.18,31.17,47.83,58.49,60.85,50.48,0.71,True,0.04,-10.00,water_permit_risk;industrial_price_cents_kwh;plant_clean_capacity_mw_100km,0.00,,max_queue_median_age_years
574,31067,Gage,NE,False,56.04,37.56,41.66,67.21,67.77,47.59,53.26,36.26,50.47,0.76,True,0.20,-25.00,wind_speed_100m_ms;queue_withdrawal_rate;queue_median_age_years,0.00,,
575,17173,Shelby,IL,False,54.75,51.44,52.40,57.13,63.94,56.87,16.26,60.85,50.41,0.76,True,-0.03,-2.00,water_permit_risk;drought_share_weeks_d2plus;queue_active_mw_clean_excl_storage,0.00,,
576,48455,Trinity,TX,False,35.94,53.96,37.57,45.00,64.78,42.62,90.33,36.26,50.40,0.73,True,-0.11,651.00,industrial_price_cents_kwh;nri_drought_score;queue_withdrawal_rate,0.00,,max_queue_median_age_years
577,37039,Cherokee,NC,False,39.40,62.05,52.99,51.86,34.30,60.16,45.37,55.51,50.40,0.73,True,-0.04,0.00,plant_capacity_mw_100km;water_stress_bws;plant_clean_capacity_mw_100km,0.00,,max_queue_median_age_years
578,42067,Juniata,PA,False,49.78,74.64,55.47,50.48,30.17,61.08,38.13,43.16,50.39,0.76,True,-0.17,6.00,drought_share_weeks_d2plus;nri_drought_score;water_permit_risk,0.00,,max_queue_median_age_years
579,13155,Irwin,GA,False,55.13,28.30,48.68,55.61,40.16,42.46,62.98,55.51,50.38,0.73,True,-0.01,-4.00,industrial_price_cents_kwh;fiber_share_locations;water_permit_risk,0.00,,max_queue_median_age_years
580,17025,Clay,IL,False,46.06,52.93,57.27,65.55,46.96,61.73,16.26,60.85,50.38,0.76,True,-0.01,-6.00,water_permit_risk;drought_share_weeks_d2plus;queue_active_mw_clean_excl_storage,0.00,,
581,13199,Meriwether,GA,False,43.71,27.89,51.48,55.15,43.23,57.85,62.98,55.51,50.37,0.73,True,0.21,-24.00,industrial_price_cents_kwh;plant_capacity_mw_100km;water_permit_risk,0.00,,max_queue_median_age_years
582,28017,Chickasaw,MS,False,35.04,45.79,45.09,45.31,46.45,62.09,71.16,53.20,50.36,0.76,True,0.12,-17.00,industrial_price_cents_kwh;state_policy_risk;fiber_share_locations,0.00,,max_queue_median_age_years
583,18177,Wayne,IN,False,47.22,67.43,50.70,52.98,20.23,75.17,31.34,55.51,50.35,0.76,True,0.09,-14.00,drought_share_weeks_d2plus;nri_drought_score;water_permit_risk,0.00,,max_queue_median_age_years
584,26111,Midland,MI,False,59.44,68.14,58.60,47.26,28.48,71.98,28.53,43.16,50.35,0.78,True,0.10,-16.00,nri_drought_score;queue_operational_mw_online_5y;water_permit_risk,0.00,,
585,29165,Platte,MO,False,49.86,52.93,52.45,71.56,19.31,43.38,38.13,55.51,50.33,0.73,True,-0.01,-6.00,dc_existing_count;water_stress_bws;water_permit_risk,0.00,,max_queue_median_age_years
586,48063,Camp,TX,False,44.48,44.79,38.70,58.64,22.08,47.03,90.33,36.26,50.31,0.71,True,-0.75,44.00,industrial_price_cents_kwh;water_stress_bws;plant_capacity_mw_100km,0.00,,max_queue_median_age_years
587,39091,Logan,OH,False,50.42,67.95,46.93,36.18,28.92,56.12,66.95,43.16,50.30,0.76,True,0.08,-16.00,industrial_price_cents_kwh;drought_share_weeks_d2plus;water_permit_risk,0.00,,max_queue_median_age_years
588,46011,Brookings,SD,False,68.59,59.76,46.98,66.48,58.44,35.93,26.13,39.12,50.30,0.78,True,-0.09,-3.00,queue_median_age_years;fiber_share_locations;wind_speed_100m_ms,0.00,,
589,17051,Fayette,IL,False,50.46,55.14,51.85,57.04,61.15,60.99,16.26,60.85,50.27,0.76,True,-0.04,-6.00,water_permit_risk;drought_share_weeks_d2plus;queue_active_mw_clean_excl_storage,0.00,,
590,37199,Yancey,NC,False,48.11,50.94,60.85,54.34,26.84,48.64,45.37,55.51,50.24,0.73,True,0.04,-10.00,cdd_hist;fiber_share_locations;grid_co2_lb_mwh,0.00,,max_queue_median_age_years
591,22081,Red River,LA,False,35.16,34.12,39.91,40.22,45.50,42.53,97.93,55.51,50.23,0.76,True,0.13,-15.00,industrial_price_cents_kwh;water_permit_risk;pop_density_per_sqkm,0.00,,max_queue_median_age_years
592,17015,Carroll,IL,False,45.72,56.54,57.81,63.19,42.60,62.52,16.26,60.85,50.23,0.71,True,-0.27,9.00,water_permit_risk;plant_capacity_mw_100km;plant_clean_capacity_mw_100km,0.00,,max_queue_median_age_years
593,28057,Itawamba,MS,False,33.26,41.24,48.76,57.71,44.18,44.30,71.16,53.20,50.21,0.73,True,0.24,-26.00,industrial_price_cents_kwh;state_policy_risk;fiber_share_locations,0.00,,max_queue_median_age_years
594,28083,Leflore,MS,False,39.77,49.32,38.37,40.92,48.73,62.32,71.16,53.20,50.21,0.76,True,-0.04,-6.00,industrial_price_cents_kwh;state_policy_risk;water_stress_bws,0.00,,max_queue_median_age_years
595,37033,Caswell,NC,False,50.64,34.43,58.63,59.68,34.58,54.01,45.37,55.51,50.19,0.73,True,-0.02,-8.00,plant_capacity_mw_100km;grid_co2_lb_mwh;water_permit_risk,0.00,,max_queue_median_age_years
596,49035,Salt Lake,UT,False,56.82,32.21,67.66,69.62,33.27,56.97,41.52,36.68,50.18,0.78,True,0.51,-50.00,state_policy_risk;grid_renewable_share;dc_existing_count,0.00,,
597,42059,Greene,PA,False,54.58,66.18,46.83,52.43,43.39,59.68,38.13,43.16,50.17,0.76,True,-0.15,-1.00,plant_capacity_mw_100km;drought_share_weeks_d2plus;queue_operational_mw_online_5y,0.00,,max_queue_median_age_years
598,37179,Union,NC,False,53.33,34.18,53.22,59.53,31.76,59.15,45.37,55.51,50.16,0.73,True,0.06,-12.00,plant_capacity_mw_100km;plant_clean_capacity_mw_100km;grid_co2_lb_mwh,0.00,,max_queue_median_age_years
599,13015,Bartow,GA,False,46.48,30.10,52.62,56.84,22.69,58.99,62.98,55.51,50.15,0.78,True,0.20,-21.00,industrial_price_cents_kwh;plant_capacity_mw_100km;water_permit_risk,0.00,,
600,48477,Washington,TX,False,51.59,31.47,49.86,44.26,45.46,42.10,90.33,36.26,50.11,0.71,True,-0.16,3.00,industrial_price_cents_kwh;water_stress_bws;plant_capacity_mw_100km,0.00,,max_queue_median_age_years
601,01045,Dale,AL,False,48.48,38.69,48.09,52.43,36.75,44.06,58.49,60.85,50.10,0.73,True,-0.07,-6.00,water_permit_risk;industrial_price_cents_kwh;fiber_share_locations,0.00,,max_queue_median_age_years
602,55141,Wood,WI,False,43.41,68.02,60.11,46.19,48.26,71.81,21.66,55.51,50.09,0.78,True,-0.22,7.00,nri_drought_score;cdd_hist;water_permit_risk,0.00,,
603,37175,Transylvania,NC,False,52.11,46.01,64.39,46.97,24.53,56.68,45.37,55.51,50.08,0.73,True,0.08,-14.00,plant_capacity_mw_100km;plant_clean_capacity_mw_100km;grid_co2_lb_mwh,0.00,,max_queue_median_age_years
604,17197,Will,IL,False,64.00,57.93,58.84,62.02,37.23,75.44,16.26,36.06,50.08,0.76,True,-0.08,-7.00,water_permit_risk;queue_operational_mw_online_5y;coal_retired_mw,0.00,,
605,42071,Lancaster,PA,False,50.65,69.15,54.70,61.54,42.18,64.30,38.13,26.64,50.03,0.76,True,0.02,-13.00,plant_capacity_mw_100km;dc_existing_count;plant_clean_capacity_mw_100km,0.00,,max_queue_median_age_years
606,29019,Boone,MO,False,39.72,63.79,46.03,67.41,35.82,46.15,38.13,55.51,50.03,0.73,True,-0.07,-6.00,coal_retired_mw;fiber_share_locations;water_stress_bws,0.00,,max_queue_median_age_years
607,21143,Lyon,KY,False,38.88,49.60,53.67,40.78,28.82,34.16,81.26,55.51,50.02,0.76,True,-0.10,-2.00,industrial_price_cents_kwh;water_stress_bws;water_permit_risk,0.00,,max_queue_median_age_years
608,20131,Nemaha,KS,False,68.46,49.78,40.17,52.50,69.19,33.00,48.67,39.12,50.01,0.73,True,-0.18,6.00,queue_operational_mw_online_5y;wind_speed_100m_ms;pop_density_per_sqkm,0.00,,max_queue_median_age_years
609,37023,Burke,NC,False,49.45,38.26,58.87,51.85,27.31,68.00,45.37,55.51,49.99,0.73,True,0.16,-19.00,plant_capacity_mw_100km;plant_clean_capacity_mw_100km;grid_co2_lb_mwh,0.00,,max_queue_median_age_years
610,01077,Lauderdale,AL,False,40.91,53.15,52.55,43.65,39.24,43.80,58.49,60.85,49.99,0.73,True,0.05,-17.00,water_permit_risk;industrial_price_cents_kwh;plant_clean_capacity_mw_100km,0.00,,max_queue_median_age_years
611,18113,Noble,IN,False,46.92,68.90,59.83,46.24,23.83,65.74,31.34,55.51,49.98,0.76,True,-0.01,-12.00,water_stress_bws;water_permit_risk;drought_share_weeks_d2plus,0.00,,max_queue_median_age_years
612,13143,Haralson,GA,False,41.24,37.79,47.63,63.97,18.38,52.96,62.98,55.51,49.95,0.73,True,0.30,-30.00,industrial_price_cents_kwh;plant_capacity_mw_100km;water_permit_risk,0.00,,max_queue_median_age_years
613,55119,Taylor,WI,False,42.26,70.19,64.58,38.71,74.72,55.25,21.66,55.51,49.95,0.73,True,-0.40,18.00,cdd_hist;nri_drought_score;land_area_sqkm,0.00,,max_queue_median_age_years
614,13293,Upson,GA,False,36.92,37.17,49.68,66.30,22.45,51.18,62.98,55.51,49.94,0.73,True,0.20,-23.00,industrial_price_cents_kwh;plant_capacity_mw_100km;fiber_share_locations,0.00,,max_queue_median_age_years
615,28007,Attala,MS,False,36.12,39.92,47.66,39.21,64.65,56.14,71.16,53.20,49.93,0.73,True,0.06,-17.00,industrial_price_cents_kwh;state_policy_risk;queue_active_mw_clean_excl_storage,0.00,,max_queue_median_age_years
616,29137,Monroe,MO,False,39.82,65.91,49.53,51.21,66.32,41.56,38.13,55.51,49.92,0.73,True,-0.01,-9.00,water_stress_bws;pop_density_per_sqkm;water_permit_risk,0.00,,max_queue_median_age_years
617,20177,Shawnee,KS,False,56.47,52.28,45.38,64.08,26.04,56.24,48.67,39.12,49.90,0.76,True,-0.01,-9.00,coal_retired_mw;wind_speed_100m_ms;plant_capacity_mw_100km,0.00,,max_queue_median_age_years
618,32003,Clark,NV,False,76.04,31.06,61.07,66.52,56.59,57.96,18.17,36.68,49.89,0.78,True,0.38,-37.00,state_policy_risk;land_area_sqkm;queue_active_mw_clean_excl_storage,0.00,,
619,20121,Miami,KS,False,56.97,55.96,51.66,58.16,43.71,37.76,48.67,39.12,49.89,0.73,True,-0.05,-7.00,plant_capacity_mw_100km;wind_speed_100m_ms;grid_renewable_share,0.00,,max_queue_median_age_years
620,13279,Toombs,GA,False,51.50,33.84,50.87,52.13,26.10,49.48,62.98,55.51,49.86,0.73,True,0.10,-18.00,industrial_price_cents_kwh;fiber_share_locations;queue_operational_mw_online_5y,0.00,,max_queue_median_age_years
621,37145,Person,NC,False,59.24,33.81,62.07,50.74,23.66,55.36,45.37,55.51,49.85,0.78,True,-0.01,-10.00,grid_co2_lb_mwh;water_permit_risk;plant_capacity_mw_100km,0.00,,
622,18023,Clinton,IN,False,54.63,63.49,59.74,45.98,27.15,55.79,31.34,55.51,49.84,0.76,True,-0.05,-6.00,drought_share_weeks_d2plus;water_permit_risk;wind_speed_100m_ms,0.00,,max_queue_median_age_years
623,13069,Coffee,GA,False,50.32,36.97,50.18,44.26,42.25,49.10,62.98,55.51,49.83,0.76,True,0.09,-17.00,industrial_price_cents_kwh;water_permit_risk;nri_inland_flood_score,0.00,,max_queue_median_age_years
624,49041,Sevier,UT,False,55.76,41.45,57.44,41.30,86.01,35.17,41.52,53.20,49.82,0.76,True,0.21,-30.00,state_policy_risk;land_area_sqkm;cdd_hist,0.00,,max_queue_median_age_years
625,28029,Copiah,MS,False,34.99,51.13,44.45,36.38,60.97,53.58,71.16,53.20,49.81,0.73,True,0.00,-10.00,industrial_price_cents_kwh;state_policy_risk;water_stress_bws,0.00,,max_queue_median_age_years
626,01011,Bullock,AL,False,46.05,27.43,39.29,59.45,63.36,39.07,58.49,60.85,49.80,0.71,True,0.07,-16.00,fiber_share_locations;water_permit_risk;industrial_price_cents_kwh,0.00,,max_queue_median_age_years
627,17175,Stark,IL,False,59.62,46.98,61.53,54.92,41.91,55.72,16.26,60.85,49.77,0.76,True,-0.21,0.00,water_permit_risk;plant_clean_capacity_mw_100km;queue_active_mw_clean_excl_storage,0.00,,
628,46037,Day,SD,False,60.31,80.92,44.26,45.32,84.38,35.98,26.13,39.12,49.76,0.76,True,0.16,-24.00,fiber_share_locations;pop_density_per_sqkm;drought_share_weeks_d2plus,0.00,,max_queue_median_age_years
629,55097,Portage,WI,False,46.48,68.86,64.57,46.00,49.31,54.31,21.66,55.51,49.74,0.78,True,-0.23,7.00,queue_active_mw_clean_excl_storage;drought_share_weeks_d2plus;nri_drought_score,0.00,,
630,42025,Carbon,PA,False,59.69,74.40,62.77,47.35,18.70,70.12,38.13,26.64,49.73,0.78,True,-0.13,-7.00,nri_drought_score;drought_share_weeks_d2plus;plant_capacity_mw_100km,0.00,,
631,28019,Choctaw,MS,False,34.05,43.99,49.12,50.50,47.89,42.59,71.16,53.20,49.71,0.76,True,0.06,-14.00,industrial_price_cents_kwh;state_policy_risk;fiber_share_locations,0.00,,max_queue_median_age_years
632,18087,LaGrange,IN,False,44.63,75.38,56.65,49.77,22.32,56.52,31.34,55.51,49.67,0.78,True,0.01,-13.00,water_stress_bws;water_permit_risk;drought_share_weeks_d2plus,0.00,,
633,55065,Lafayette,WI,False,53.83,64.42,58.59,51.86,58.81,36.44,21.66,55.51,49.65,0.76,True,-0.28,17.00,water_permit_risk;drought_share_weeks_d2plus;queue_withdrawal_rate,0.00,,max_queue_median_age_years
634,26021,Berrien,MI,False,52.22,78.22,59.72,51.24,28.93,83.00,28.53,26.64,49.62,0.73,True,0.00,-13.00,nri_drought_score;plant_capacity_mw_100km;drought_share_weeks_d2plus,0.00,,max_queue_median_age_years
635,13149,Heard,GA,False,34.22,34.46,42.05,76.56,32.29,40.14,62.98,55.51,49.60,0.78,True,0.23,-22.00,industrial_price_cents_kwh;coal_retired_mw;plant_capacity_mw_100km,0.00,,
636,29055,Crawford,MO,False,38.93,69.89,47.58,42.70,61.79,55.43,38.13,55.51,49.59,0.73,True,-0.08,-1.00,water_stress_bws;water_permit_risk;drought_share_weeks_d2plus,0.00,,max_queue_median_age_years
637,20139,Osage,KS,False,66.91,50.85,41.47,50.51,63.88,35.44,48.67,39.12,49.59,0.76,True,-0.00,-13.00,wind_speed_100m_ms;queue_active_mw_clean_excl_storage;pop_density_per_sqkm,0.00,,max_queue_median_age_years
638,29195,Saline,MO,False,33.91,56.57,49.71,58.27,62.24,51.71,38.13,55.51,49.59,0.73,True,-0.03,-10.00,coal_retired_mw;water_stress_bws;water_permit_risk,0.00,,max_queue_median_age_years
639,26085,Lake,MI,False,42.20,89.44,62.36,39.21,56.50,50.91,28.53,43.16,49.57,0.73,True,-0.05,-6.00,nri_drought_score;drought_share_weeks_d2plus;cdd_hist,0.00,,max_queue_median_age_years
640,55135,Waupaca,WI,False,41.54,69.73,70.73,39.37,50.42,62.36,21.66,55.51,49.57,0.73,True,-0.09,-1.00,drought_share_weeks_d2plus;nri_drought_score;cdd_hist,0.00,,max_queue_median_age_years
641,20103,Leavenworth,KS,False,50.91,50.84,52.17,69.68,24.45,45.93,48.67,39.12,49.56,0.78,True,0.00,-12.00,queue_withdrawal_rate;queue_median_age_years;plant_capacity_mw_100km,0.00,,
642,13281,Towns,GA,False,43.21,50.49,55.09,47.04,19.23,46.32,62.98,55.51,49.56,0.73,True,-0.06,-5.00,industrial_price_cents_kwh;plant_clean_capacity_mw_100km;water_stress_bws,0.00,,max_queue_median_age_years
643,48051,Burleson,TX,False,46.13,33.46,45.22,46.40,59.52,33.71,90.33,36.26,49.53,0.71,True,-0.00,-11.00,industrial_price_cents_kwh;water_stress_bws;plant_capacity_mw_100km,0.00,,max_queue_median_age_years
644,17029,Coles,IL,False,54.67,49.87,57.05,54.51,33.05,71.59,16.26,60.85,49.51,0.76,True,-0.03,-6.00,water_permit_risk;drought_share_weeks_d2plus;queue_active_mw_clean_excl_storage,0.00,,
645,37069,Franklin,NC,False,54.57,34.50,58.36,54.14,27.63,54.54,45.37,55.51,49.50,0.73,True,-0.06,-2.00,plant_capacity_mw_100km;grid_co2_lb_mwh;plant_clean_capacity_mw_100km,0.00,,max_queue_median_age_years
646,20029,Cloud,KS,False,66.34,41.85,38.04,55.93,69.83,38.19,48.67,39.12,49.49,0.78,True,0.12,-24.00,queue_active_mw_clean_excl_storage;pop_density_per_sqkm;wind_speed_100m_ms,0.00,,
647,40095,Marshall,OK,False,52.61,27.06,41.87,35.64,34.14,34.73,95.66,53.20,49.47,0.76,True,-0.26,631.00,industrial_price_cents_kwh;state_policy_risk;wind_speed_100m_ms,0.00,,max_queue_median_age_years
648,13269,Taylor,GA,False,46.07,30.13,42.73,57.88,44.11,46.45,62.98,55.51,49.46,0.73,True,0.13,-23.00,industrial_price_cents_kwh;water_permit_risk;plant_capacity_mw_100km,0.00,,max_queue_median_age_years
649,17079,Jasper,IL,False,46.86,52.26,55.85,64.03,53.38,50.04,16.26,60.85,49.46,0.76,True,-0.02,-7.00,water_permit_risk;drought_share_weeks_d2plus;coal_retired_mw,0.00,,
650,28037,Franklin,MS,False,38.54,40.38,39.01,46.54,60.42,47.90,71.16,53.20,49.46,0.73,True,0.06,-16.00,industrial_price_cents_kwh;state_policy_risk;pop_density_per_sqkm,0.00,,max_queue_median_age_years
651,17191,Wayne,IL,False,36.97,59.67,57.09,57.28,64.38,58.89,16.26,60.85,49.45,0.71,True,0.02,-11.00,water_permit_risk;drought_share_weeks_d2plus;fiber_share_locations,0.00,,max_queue_median_age_years
652,01001,Autauga,AL,False,45.60,35.18,42.25,59.53,38.45,40.39,58.49,60.85,49.43,0.76,True,0.27,-34.00,water_permit_risk;industrial_price_cents_kwh;queue_operational_mw_online_5y,0.00,,
653,13241,Rabun,GA,False,40.35,42.75,54.43,49.48,32.94,46.31,62.98,55.51,49.43,0.73,True,0.23,-33.00,industrial_price_cents_kwh;plant_clean_capacity_mw_100km;plant_capacity_mw_100km,0.00,,max_queue_median_age_years
654,18075,Jay,IN,False,52.72,68.45,48.95,43.39,31.46,63.60,31.34,55.51,49.41,0.78,True,-0.03,-6.00,nri_drought_score;drought_share_weeks_d2plus;water_permit_risk,0.00,,
655,18165,Vermillion,IN,False,53.55,61.25,50.97,52.63,24.85,57.93,31.34,55.51,49.41,0.78,True,-0.03,-6.00,drought_share_weeks_d2plus;queue_active_mw_clean_excl_storage;water_permit_risk,0.00,,
656,29163,Pike,MO,False,38.52,68.62,49.40,47.04,60.57,46.28,38.13,55.51,49.40,0.73,True,0.01,-9.00,water_stress_bws;water_permit_risk;drought_share_weeks_d2plus,0.00,,max_queue_median_age_years
657,20059,Franklin,KS,False,63.47,52.87,43.25,57.27,47.20,35.14,48.67,39.12,49.40,0.73,True,-0.07,-4.00,plant_capacity_mw_100km;wind_speed_100m_ms;grid_renewable_share,0.00,,max_queue_median_age_years
658,20013,Brown,KS,False,60.31,47.78,39.01,57.84,59.89,42.70,48.67,39.12,49.39,0.73,True,-0.04,-6.00,wind_speed_100m_ms;plant_capacity_mw_100km;pop_density_per_sqkm,0.00,,max_queue_median_age_years
659,37093,Hoke,NC,False,56.61,42.01,53.33,48.07,20.96,62.40,45.37,55.51,49.39,0.76,True,0.07,-18.00,grid_co2_lb_mwh;water_permit_risk;mfg_emp_share_1969,0.00,,max_queue_median_age_years
660,37125,Moore,NC,False,50.26,40.49,51.80,52.22,40.13,55.05,45.37,55.51,49.37,0.73,True,0.06,-15.00,grid_co2_lb_mwh;water_permit_risk;plant_clean_capacity_mw_100km,0.00,,max_queue_median_age_years
661,26101,Manistee,MI,False,44.97,87.53,59.01,36.12,44.21,66.15,28.53,43.16,49.36,0.73,True,0.00,-10.00,nri_drought_score;drought_share_weeks_d2plus;cdd_hist,0.00,,max_queue_median_age_years
662,13243,Randolph,GA,False,44.35,30.06,47.00,49.96,51.06,51.09,62.98,55.51,49.36,0.73,True,0.07,-16.00,industrial_price_cents_kwh;water_permit_risk;pop_density_per_sqkm,0.00,,max_queue_median_age_years
663,18129,Posey,IN,False,40.20,66.30,55.27,57.68,31.34,53.80,31.34,55.51,49.34,0.78,True,-0.12,-3.00,coal_retired_mw;water_stress_bws;drought_share_weeks_d2plus,0.00,,
664,28001,Adams,MS,False,39.09,41.42,46.18,42.12,34.93,62.38,71.16,53.20,49.34,0.73,True,-0.07,-6.00,industrial_price_cents_kwh;state_policy_risk;water_stress_bws,0.00,,max_queue_median_age_years
665,48497,Wise,TX,False,70.35,26.58,40.58,59.95,54.07,44.91,90.33,2.28,49.32,0.76,True,-0.08,-6.00,industrial_price_cents_kwh;queue_operational_mw_online_5y;queue_withdrawal_rate,0.00,,
666,18085,Kosciusko,IN,False,37.95,70.14,59.15,48.19,29.69,65.03,31.34,55.51,49.31,0.76,True,0.02,-12.00,water_permit_risk;drought_share_weeks_d2plus;fiber_share_locations,0.00,,max_queue_median_age_years
667,13131,Grady,GA,False,51.15,31.28,45.49,57.88,35.80,36.58,62.98,55.51,49.30,0.73,True,-0.08,-6.00,industrial_price_cents_kwh;fiber_share_locations;water_permit_risk,0.00,,max_queue_median_age_years
668,46109,Roberts,SD,False,50.68,79.49,43.00,52.55,82.73,39.79,26.13,39.12,49.28,0.73,True,0.01,-12.00,fiber_share_locations;nri_drought_score;pop_density_per_sqkm,0.00,,max_queue_median_age_years
669,29053,Cooper,MO,False,48.19,54.18,49.26,51.90,52.28,45.43,38.13,55.51,49.25,0.76,True,-0.05,-7.00,water_stress_bws;fiber_share_locations;water_permit_risk,0.00,,max_queue_median_age_years
670,13213,Murray,GA,False,45.02,44.19,43.37,48.98,20.02,60.48,62.98,55.51,49.25,0.73,True,0.32,-44.00,industrial_price_cents_kwh;plant_capacity_mw_100km;plant_clean_capacity_mw_100km,0.00,,max_queue_median_age_years
671,29139,Montgomery,MO,False,45.35,66.51,47.50,46.85,54.34,42.64,38.13,55.51,49.21,0.76,True,-0.04,-4.00,water_stress_bws;water_permit_risk;drought_share_weeks_d2plus,0.00,,max_queue_median_age_years
672,26113,Missaukee,MI,False,37.64,92.82,65.41,41.01,53.67,44.86,28.53,43.16,49.21,0.73,True,-0.21,2.00,water_stress_bws;nri_drought_score;drought_share_weeks_d2plus,0.00,,max_queue_median_age_years
673,37057,Davidson,NC,False,56.82,31.59,55.60,49.29,26.78,64.24,45.37,55.51,49.19,0.76,True,-0.05,-5.00,plant_capacity_mw_100km;grid_co2_lb_mwh;plant_clean_capacity_mw_100km,0.00,,max_queue_median_age_years
674,29101,Johnson,MO,False,46.61,53.59,46.86,54.33,53.78,45.84,38.13,55.51,49.16,0.73,True,0.03,-10.00,water_stress_bws;water_permit_risk;wind_speed_100m_ms,0.00,,max_queue_median_age_years
675,56031,Platte,WY,False,71.71,47.10,44.00,47.13,91.22,32.72,34.35,39.12,49.15,0.78,True,0.16,-20.00,land_area_sqkm;pop_density_per_sqkm;wind_speed_100m_ms,0.00,,
676,13197,Marion,GA,False,47.43,31.71,43.76,56.21,43.81,39.83,62.98,55.51,49.14,0.73,True,0.05,-13.00,industrial_price_cents_kwh;water_permit_risk;fiber_share_locations,0.00,,max_queue_median_age_years
677,01021,Chilton,AL,False,37.98,36.48,40.68,63.15,48.36,36.12,58.49,60.85,49.10,0.71,True,0.34,-33.00,water_permit_risk;industrial_price_cents_kwh;plant_capacity_mw_100km,0.00,,max_queue_median_age_years
678,01069,Houston,AL,False,49.92,32.11,44.33,55.34,32.55,42.21,58.49,60.85,49.08,0.76,True,-0.07,-5.00,water_permit_risk;industrial_price_cents_kwh;queue_median_age_years,0.00,,
679,28049,Hinds,MS,False,45.63,41.40,43.22,36.23,43.00,55.91,71.16,53.20,49.08,0.78,True,-0.09,-4.00,industrial_price_cents_kwh;state_policy_risk;queue_active_mw_clean_excl_storage,0.00,,
680,13305,Wayne,GA,False,42.01,43.88,47.23,43.88,50.84,43.38,62.98,55.51,49.07,0.73,True,0.07,-11.00,industrial_price_cents_kwh;water_permit_risk;water_stress_bws,0.00,,max_queue_median_age_years
681,55137,Waushara,WI,False,53.42,62.38,62.36,43.07,52.64,48.54,21.66,55.51,49.05,0.78,True,-0.14,1.00,drought_share_weeks_d2plus;queue_operational_mw_online_5y;water_permit_risk,0.00,,
682,13025,Brantley,GA,False,41.44,39.76,42.80,60.23,39.98,35.32,62.98,55.51,49.04,0.73,True,0.15,-17.00,industrial_price_cents_kwh;fiber_share_locations;water_permit_risk,0.00,,max_queue_median_age_years
683,20133,Neosho,KS,False,67.29,46.16,39.58,46.14,54.34,52.95,48.67,39.12,49.04,0.73,True,0.09,-13.00,queue_operational_mw_online_5y;water_stress_bws;wind_speed_100m_ms,0.00,,max_queue_median_age_years
684,55057,Juneau,WI,False,42.63,61.68,58.10,50.70,61.16,53.74,21.66,55.51,49.00,0.76,True,-0.17,6.00,water_permit_risk;cdd_hist;fiber_share_locations,0.00,,max_queue_median_age_years
685,17147,Piatt,IL,False,55.98,50.23,55.01,61.16,40.90,47.37,16.26,60.85,49.00,0.71,True,-0.12,0.00,water_permit_risk;plant_capacity_mw_100km;plant_clean_capacity_mw_100km,0.00,,max_queue_median_age_years
686,55103,Richland,WI,False,49.80,61.32,56.36,49.92,54.71,50.30,21.66,55.51,49.00,0.73,True,-0.22,8.00,fiber_share_locations;queue_operational_mw_online_5y;water_permit_risk,0.00,,max_queue_median_age_years
687,55021,Columbia,WI,False,50.62,62.12,63.11,43.06,49.89,54.30,21.66,55.51,48.99,0.78,True,-0.14,-1.00,queue_active_mw_clean_excl_storage;water_permit_risk;drought_share_weeks_d2plus,0.00,,
688,18001,Adams,IN,False,48.27,77.78,54.77,43.14,20.62,54.35,31.34,55.51,48.98,0.73,True,-0.17,3.00,nri_drought_score;water_permit_risk;drought_share_weeks_d2plus,0.00,,max_queue_median_age_years
689,49039,Sanpete,UT,False,46.64,43.02,59.53,38.83,81.23,44.38,41.52,53.20,48.94,0.76,True,0.22,-23.00,state_policy_risk;cdd_hist;land_area_sqkm,0.00,,max_queue_median_age_years
690,42055,Franklin,PA,False,55.04,63.01,59.34,37.31,41.27,60.29,38.13,43.16,48.94,0.78,True,-0.20,8.00,drought_share_weeks_d2plus;queue_operational_mw_online_5y;water_permit_risk,0.00,,
691,29107,Lafayette,MO,False,48.27,56.40,51.43,49.84,48.50,42.07,38.13,55.51,48.93,0.73,True,0.03,-14.00,water_stress_bws;water_permit_risk;wind_speed_100m_ms,0.00,,max_queue_median_age_years
692,29081,Harrison,MO,False,54.06,47.23,37.62,52.71,71.05,40.53,38.13,55.51,48.92,0.73,True,0.02,-14.00,fiber_share_locations;pop_density_per_sqkm;water_permit_risk,0.00,,max_queue_median_age_years
693,17065,Hamilton,IL,False,40.95,62.71,55.47,59.11,49.95,51.62,16.26,60.85,48.90,0.73,True,-0.00,-10.00,water_permit_risk;drought_share_weeks_d2plus;pop_density_per_sqkm,0.00,,
694,48473,Waller,TX,False,56.40,30.07,46.86,67.21,30.72,40.45,90.33,11.47,48.90,0.76,True,-0.17,6.00,industrial_price_cents_kwh;plant_capacity_mw_100km;queue_operational_mw_online_5y,0.00,,
695,31003,Antelope,NE,False,73.56,36.11,39.27,46.94,77.77,31.22,53.26,36.26,48.89,0.71,True,0.10,-19.00,wind_speed_100m_ms;pop_density_per_sqkm;queue_operational_mw_online_5y,0.00,,max_queue_median_age_years
696,01109,Pike,AL,False,36.56,44.30,44.13,53.74,51.54,34.79,58.49,60.85,48.88,0.71,True,-0.04,-9.00,fiber_share_locations;water_permit_risk;industrial_price_cents_kwh,0.00,,max_queue_median_age_years
697,20001,Allen,KS,False,67.14,47.68,40.74,49.18,50.14,45.43,48.67,39.12,48.88,0.73,True,0.05,-18.00,wind_speed_100m_ms;water_stress_bws;queue_active_mw_clean_excl_storage,0.00,,max_queue_median_age_years
698,48313,Madison,TX,False,38.03,39.65,38.61,56.85,46.33,32.46,90.33,36.26,48.84,0.76,True,-0.19,8.00,industrial_price_cents_kwh;queue_withdrawal_rate;water_stress_bws,0.00,,
699,29177,Ray,MO,False,48.10,54.83,45.80,55.52,48.13,41.31,38.13,55.51,48.83,0.73,True,0.07,-15.00,water_stress_bws;water_permit_risk;fiber_share_locations,0.00,,max_queue_median_age_years
700,20115,Marion,KS,False,63.28,53.84,39.27,42.75,78.26,34.33,48.67,39.12,48.83,0.73,True,-0.04,-8.00,wind_speed_100m_ms;queue_operational_mw_online_5y;pop_density_per_sqkm,0.00,,max_queue_median_age_years
701,39015,Brown,OH,False,33.19,74.49,45.70,37.02,32.08,57.83,66.95,43.16,48.79,0.76,True,-0.13,2.00,industrial_price_cents_kwh;water_stress_bws;drought_share_weeks_d2plus,0.00,,max_queue_median_age_years
702,01085,Lowndes,AL,False,36.10,45.02,42.60,35.88,69.19,53.54,58.49,60.85,48.78,0.73,True,0.14,-22.00,water_permit_risk;industrial_price_cents_kwh;pop_density_per_sqkm,0.00,,max_queue_median_age_years
703,55001,Adams,WI,False,43.55,62.32,54.84,52.67,56.53,53.22,21.66,55.51,48.77,0.73,True,-0.22,9.00,fiber_share_locations;water_permit_risk;cdd_hist,0.00,,max_queue_median_age_years
704,01113,Russell,AL,False,37.43,31.23,46.54,58.26,42.06,45.83,58.49,60.85,48.73,0.71,True,0.02,-8.00,fiber_share_locations;water_permit_risk;industrial_price_cents_kwh,0.00,,max_queue_median_age_years
705,26161,Washtenaw,MI,False,54.97,76.19,56.39,52.50,33.69,68.86,28.53,26.64,48.72,0.78,True,0.12,-17.00,nri_drought_score;drought_share_weeks_d2plus;queue_active_mw_clean_excl_storage,0.00,,
706,13079,Crawford,GA,False,43.86,29.04,45.90,61.32,34.01,40.60,62.98,55.51,48.71,0.73,True,0.20,-25.00,industrial_price_cents_kwh;fiber_share_locations;water_permit_risk,0.00,,max_queue_median_age_years
707,12105,Polk,FL,False,54.21,33.45,54.23,68.50,50.24,47.11,23.90,55.51,48.71,0.78,True,-0.24,8.00,land_area_sqkm;plant_capacity_mw_100km;queue_operational_mw_online_5y,0.00,,
708,17023,Clark,IL,False,48.55,56.65,52.09,53.97,47.72,59.62,16.26,60.85,48.69,0.76,True,-0.02,-7.00,water_permit_risk;drought_share_weeks_d2plus;queue_active_mw_clean_excl_storage,0.00,,
709,13119,Franklin,GA,False,42.81,38.31,51.30,53.85,19.72,46.34,62.98,55.51,48.67,0.73,True,0.36,-37.00,industrial_price_cents_kwh;plant_capacity_mw_100km;plant_clean_capacity_mw_100km,0.00,,max_queue_median_age_years
710,13209,Montgomery,GA,False,49.87,29.22,46.33,52.20,31.97,46.37,62.98,55.51,48.66,0.73,True,0.18,-21.00,industrial_price_cents_kwh;fiber_share_locations;queue_operational_mw_online_5y,0.00,,max_queue_median_age_years
711,29127,Marion,MO,False,45.52,62.85,47.99,49.80,32.92,52.19,38.13,55.51,48.66,0.76,True,-0.02,-6.00,water_stress_bws;water_permit_risk;queue_withdrawal_rate,0.00,,max_queue_median_age_years
712,13189,McDuffie,GA,False,54.29,26.01,50.50,43.32,20.42,62.19,62.98,55.51,48.65,0.78,True,0.40,-41.00,industrial_price_cents_kwh;plant_clean_capacity_mw_100km;water_permit_risk,0.00,,
713,18151,Steuben,IN,False,40.73,73.81,60.33,49.84,18.93,51.16,31.34,55.51,48.65,0.73,True,-0.03,-5.00,water_stress_bws;water_permit_risk;drought_share_weeks_d2plus,0.00,,max_queue_median_age_years
714,17157,Randolph,IL,False,38.42,60.56,52.24,58.60,45.46,64.81,16.26,60.85,48.62,0.73,True,0.05,-12.00,coal_retired_mw;water_permit_risk;drought_share_weeks_d2plus,0.00,,max_queue_median_age_years
715,29221,Washington,MO,False,34.07,71.44,47.73,41.30,62.34,52.05,38.13,55.51,48.59,0.73,True,-0.12,-1.00,water_stress_bws;water_permit_risk;drought_share_weeks_d2plus,0.00,,max_queue_median_age_years
716,17033,Crawford,IL,False,43.60,53.10,58.78,57.70,39.63,62.54,16.26,60.85,48.57,0.71,True,0.03,-6.00,water_permit_risk;plant_capacity_mw_100km;drought_share_weeks_d2plus,0.00,,max_queue_median_age_years
717,26005,Allegan,MI,False,49.89,73.54,52.30,59.43,45.09,63.97,28.53,26.64,48.56,0.78,True,-0.16,1.00,nri_drought_score;drought_share_weeks_d2plus;water_permit_risk,0.00,,
718,20005,Atchison,KS,False,58.29,49.55,41.56,52.61,40.32,55.50,48.67,39.12,48.55,0.73,True,0.02,-7.00,plant_capacity_mw_100km;wind_speed_100m_ms;water_stress_bws,0.00,,max_queue_median_age_years
719,55091,Pepin,WI,False,51.89,63.40,59.72,57.64,33.08,36.84,21.66,55.51,48.53,0.73,True,-0.35,10.00,fiber_share_locations;water_permit_risk;grid_renewable_share,0.00,,max_queue_median_age_years
720,13159,Jasper,GA,False,43.63,28.73,43.76,63.38,34.19,37.90,62.98,55.51,48.49,0.73,True,0.25,-21.00,industrial_price_cents_kwh;plant_capacity_mw_100km;water_permit_risk,0.00,,max_queue_median_age_years
721,01031,Coffee,AL,False,40.61,41.80,37.74,53.49,45.27,40.64,58.49,60.85,48.48,0.71,True,-0.02,600.00,fiber_share_locations;water_permit_risk;industrial_price_cents_kwh,0.00,,max_queue_median_age_years
722,18071,Jackson,IN,False,35.94,56.70,54.08,63.11,33.27,55.01,31.34,55.51,48.47,0.73,True,-0.02,-6.00,plant_capacity_mw_100km;drought_share_weeks_d2plus;water_permit_risk,0.00,,max_queue_median_age_years
723,20117,Marshall,KS,False,58.89,43.57,38.01,53.61,77.31,35.29,48.67,39.12,48.46,0.73,True,0.17,-16.00,wind_speed_100m_ms;pop_density_per_sqkm;land_area_sqkm,0.00,,max_queue_median_age_years
724,01117,Shelby,AL,False,36.97,32.20,39.45,61.49,39.85,47.58,58.49,60.85,48.43,0.71,True,0.32,-27.00,water_permit_risk;plant_capacity_mw_100km;industrial_price_cents_kwh,0.00,,max_queue_median_age_years
725,17121,Marion,IL,False,42.84,56.90,61.80,48.42,42.09,67.28,16.26,60.85,48.42,0.76,True,-0.02,-6.00,water_permit_risk;drought_share_weeks_d2plus;queue_active_mw_clean_excl_storage,0.00,,
726,46051,Grant,SD,False,55.30,75.39,46.97,48.58,68.98,39.54,26.13,39.12,48.41,0.76,True,0.03,-9.00,wind_speed_100m_ms;fiber_share_locations;pop_density_per_sqkm,0.00,,max_queue_median_age_years
727,17129,Menard,IL,False,53.80,53.25,61.23,55.21,33.13,48.05,16.26,60.85,48.39,0.71,True,-0.15,0.00,water_permit_risk;queue_active_mw_clean_excl_storage;plant_clean_capacity_mw_100km,0.00,,max_queue_median_age_years
728,51117,Mecklenburg,VA,False,67.11,32.02,58.01,67.86,49.49,60.66,12.48,43.16,48.36,0.78,True,0.02,-7.00,dc_existing_count;coal_retired_mw;grid_co2_lb_mwh,0.00,,
729,01009,Blount,AL,False,43.52,43.18,37.75,49.80,42.14,41.05,58.49,60.85,48.35,0.71,True,0.32,576.00,water_permit_risk;plant_capacity_mw_100km;industrial_price_cents_kwh,0.00,,max_queue_median_age_years
730,28087,Lowndes,MS,False,34.56,37.89,37.91,53.68,30.43,58.02,71.16,53.20,48.34,0.76,True,0.28,-21.00,industrial_price_cents_kwh;state_policy_risk;queue_operational_mw_online_5y,0.00,,max_queue_median_age_years
731,26015,Barry,MI,False,44.12,83.66,54.90,42.58,33.31,63.91,28.53,43.16,48.33,0.73,True,-0.05,-7.00,nri_drought_score;drought_share_weeks_d2plus;water_permit_risk,0.00,,max_queue_median_age_years
732,28123,Scott,MS,False,35.74,43.46,46.54,39.60,49.84,45.57,71.16,53.20,48.31,0.76,True,0.08,-12.00,industrial_price_cents_kwh;state_policy_risk;queue_operational_mw_online_5y,0.00,,max_queue_median_age_years
733,20037,Crawford,KS,False,62.99,37.79,42.65,57.11,43.37,48.36,48.67,39.12,48.29,0.76,True,0.07,-11.00,fiber_share_locations;wind_speed_100m_ms;queue_active_mw_clean_excl_storage,0.00,,max_queue_median_age_years
734,37169,Stokes,NC,False,42.71,35.21,61.94,54.44,28.37,54.21,45.37,55.51,48.26,0.78,True,-0.12,0.00,grid_co2_lb_mwh;water_permit_risk;queue_median_age_years,0.00,,
735,28149,Warren,MS,False,36.81,39.45,46.22,39.12,41.80,56.32,71.16,53.20,48.26,0.76,True,-0.13,1.00,industrial_price_cents_kwh;state_policy_risk;water_stress_bws,0.00,,max_queue_median_age_years
736,29205,Shelby,MO,False,37.95,63.44,47.74,49.27,57.22,41.88,38.13,55.51,48.24,0.73,True,-0.00,-11.00,water_stress_bws;pop_density_per_sqkm;water_permit_risk,0.00,,max_queue_median_age_years
737,18159,Tipton,IN,False,49.35,60.51,57.21,47.52,25.33,52.64,31.34,55.51,48.22,0.76,True,0.01,-9.00,water_permit_risk;drought_share_weeks_d2plus;wind_speed_100m_ms,0.00,,max_queue_median_age_years
738,13287,Turner,GA,False,50.02,27.24,47.77,45.39,35.17,51.29,62.98,55.51,48.22,0.76,True,-0.08,-3.00,industrial_price_cents_kwh;water_permit_risk;fiber_share_locations,0.00,,max_queue_median_age_years
739,13195,Madison,GA,False,43.75,34.82,50.47,55.36,18.33,43.47,62.98,55.51,48.20,0.73,True,0.45,-35.00,industrial_price_cents_kwh;plant_capacity_mw_100km;plant_clean_capacity_mw_100km,0.00,,max_queue_median_age_years
740,20099,Labette,KS,False,60.60,45.40,39.84,43.34,57.16,58.19,48.67,39.12,48.16,0.78,True,0.07,-14.00,wind_speed_100m_ms;water_stress_bws;mfg_emp_share_1969,0.00,,
741,17031,Cook,IL,False,44.56,56.47,58.30,65.10,38.71,83.92,16.26,36.06,48.16,0.76,True,-0.02,-8.00,water_permit_risk;dc_existing_count;coal_retired_mw,0.00,,
742,20003,Anderson,KS,False,58.70,47.49,46.37,49.83,62.35,33.60,48.67,39.12,48.16,0.73,True,0.00,-11.00,wind_speed_100m_ms;pop_density_per_sqkm;grid_renewable_share,0.00,,max_queue_median_age_years
743,13321,Worth,GA,False,42.99,26.94,46.52,51.52,50.47,42.11,62.98,55.51,48.15,0.73,True,0.03,-13.00,industrial_price_cents_kwh;fiber_share_locations;water_permit_risk,0.00,,max_queue_median_age_years
744,29083,Henry,MO,False,44.86,44.78,42.42,59.75,59.01,41.72,38.13,55.51,48.15,0.78,True,-0.13,-4.00,coal_retired_mw;queue_active_mw_clean_excl_storage;water_permit_risk,0.00,,
745,51005,Alleghany,VA,False,52.25,60.32,55.09,61.25,43.21,65.81,12.48,43.16,48.11,0.73,True,-0.17,1.00,coal_retired_mw;drought_share_weeks_d2plus;grid_co2_lb_mwh,0.00,,max_queue_median_age_years
746,17187,Warren,IL,False,46.78,57.16,62.86,42.05,50.16,59.56,16.26,60.85,48.10,0.71,True,-0.07,-7.00,water_permit_risk;nri_wildfire_score;water_stress_bws,0.00,,max_queue_median_age_years
747,01061,Geneva,AL,False,41.74,36.58,43.56,52.18,47.27,33.70,58.49,60.85,48.07,0.71,True,-0.09,-5.00,water_permit_risk;industrial_price_cents_kwh;fiber_share_locations,0.00,,max_queue_median_age_years
748,01123,Tallapoosa,AL,False,38.40,30.71,41.50,49.68,51.70,51.68,58.49,60.85,48.06,0.71,True,0.29,-25.00,plant_capacity_mw_100km;water_permit_risk;industrial_price_cents_kwh,0.00,,max_queue_median_age_years
749,29135,Moniteau,MO,False,40.42,60.14,49.87,51.36,39.32,46.95,38.13,55.51,48.01,0.73,True,-0.05,-5.00,fiber_share_locations;water_stress_bws;water_permit_risk,0.00,,max_queue_median_age_years
750,29017,Bollinger,MO,False,41.63,52.82,41.06,52.48,62.85,46.52,38.13,55.51,48.01,0.78,True,-0.08,-2.00,queue_withdrawal_rate;water_permit_risk;drought_share_weeks_d2plus,0.00,,
751,13109,Evans,GA,False,42.99,36.46,43.88,58.24,23.09,40.52,62.98,55.51,48.00,0.73,True,0.08,-14.00,industrial_price_cents_kwh;fiber_share_locations;water_permit_risk,0.00,,max_queue_median_age_years
752,17185,Wabash,IL,False,43.67,61.41,61.54,55.74,26.20,54.38,16.26,60.85,47.99,0.71,True,-0.01,-11.00,plant_capacity_mw_100km;water_permit_risk;water_stress_bws,0.00,,max_queue_median_age_years
753,18121,Parke,IN,False,40.82,59.30,53.59,55.82,41.75,43.34,31.34,55.51,47.94,0.73,True,-0.01,-6.00,drought_share_weeks_d2plus;water_permit_risk;plant_capacity_mw_100km,0.00,,max_queue_median_age_years
754,29217,Vernon,MO,False,59.00,39.66,40.00,43.40,67.71,46.29,38.13,55.51,47.90,0.76,True,-0.00,-5.00,water_permit_risk;wind_speed_100m_ms;land_area_sqkm,0.00,,max_queue_median_age_years
755,37147,Pitt,NC,False,58.93,38.63,45.74,41.52,34.75,56.64,45.37,55.51,47.89,0.76,True,-0.03,-4.00,grid_co2_lb_mwh;water_permit_risk;population,0.00,,max_queue_median_age_years
756,55111,Sauk,WI,False,38.20,62.10,61.15,47.24,51.37,57.53,21.66,55.51,47.86,0.73,True,-0.13,0.00,water_permit_risk;cdd_hist;nri_drought_score,0.00,,max_queue_median_age_years
757,29037,Cass,MO,False,47.17,52.92,47.45,51.50,39.74,45.82,38.13,55.51,47.85,0.76,True,-0.03,-5.00,water_permit_risk;wind_speed_100m_ms;population,0.00,,max_queue_median_age_years
758,29115,Linn,MO,False,36.35,51.02,42.34,50.64,61.66,59.00,38.13,55.51,47.84,0.73,True,0.03,-8.00,fiber_share_locations;water_permit_risk;pop_density_per_sqkm,0.00,,max_queue_median_age_years
759,17193,White,IL,False,48.50,61.54,52.15,47.60,48.65,53.51,16.26,60.85,47.84,0.71,True,-0.06,-5.00,water_permit_risk;drought_share_weeks_d2plus;queue_operational_mw_online_5y,0.00,,max_queue_median_age_years
760,29033,Carroll,MO,False,51.62,51.01,40.71,42.21,68.94,42.53,38.13,55.51,47.79,0.73,True,0.01,-7.00,pop_density_per_sqkm;water_permit_risk;water_stress_bws,0.00,,max_queue_median_age_years
761,18005,Bartholomew,IN,False,36.89,55.91,51.35,63.00,19.36,60.99,31.34,55.51,47.74,0.76,True,-0.03,-3.00,dc_existing_count;plant_capacity_mw_100km;drought_share_weeks_d2plus,0.00,,max_queue_median_age_years
762,01055,Etowah,AL,False,36.93,45.76,41.72,43.10,28.22,59.09,58.49,60.85,47.68,0.71,True,0.26,-17.00,water_permit_risk;industrial_price_cents_kwh;mfg_emp_share_1969,0.00,,max_queue_median_age_years
763,29159,Pettis,MO,False,42.63,56.87,49.51,44.17,48.47,49.69,38.13,55.51,47.67,0.73,True,0.01,-2.00,water_stress_bws;water_permit_risk;wind_speed_100m_ms,0.00,,max_queue_median_age_years
764,18021,Clay,IN,False,42.14,55.61,56.25,54.50,25.81,54.32,31.34,55.51,47.66,0.76,True,0.05,-7.00,drought_share_weeks_d2plus;water_permit_risk;plant_capacity_mw_100km,0.00,,max_queue_median_age_years
765,28127,Simpson,MS,False,35.59,44.60,39.31,38.27,49.20,49.11,71.16,53.20,47.62,0.76,True,0.03,-2.00,industrial_price_cents_kwh;state_policy_risk;queue_active_mw_clean_excl_storage,0.00,,max_queue_median_age_years
766,17159,Richland,IL,False,35.59,57.54,61.55,57.54,33.40,60.83,16.26,60.85,47.61,0.71,True,0.02,-2.00,water_permit_risk;plant_capacity_mw_100km;drought_share_weeks_d2plus,0.00,,max_queue_median_age_years
767,26125,Oakland,MI,False,41.72,79.22,59.64,53.76,36.94,65.99,28.53,26.64,47.61,0.73,True,0.08,-7.00,plant_capacity_mw_100km;nri_drought_score;drought_share_weeks_d2plus,0.00,,max_queue_median_age_years
768,04027,Yuma,AZ,False,63.59,25.52,50.13,41.11,76.81,46.47,34.96,53.20,47.58,0.78,True,0.57,-36.00,state_policy_risk;land_area_sqkm;queue_active_mw_clean_excl_storage,0.00,,
769,28121,Rankin,MS,False,33.26,35.81,48.40,47.41,41.24,42.20,71.16,53.20,47.57,0.76,True,0.09,-7.00,industrial_price_cents_kwh;state_policy_risk;population,0.00,,max_queue_median_age_years
770,31043,Dakota,NE,False,62.50,49.83,38.23,51.51,21.16,54.89,53.26,36.26,47.56,0.71,True,0.03,-5.00,water_stress_bws;fiber_share_locations;grid_renewable_share,0.00,,max_queue_median_age_years
771,20113,McPherson,KS,False,65.03,39.22,42.74,46.55,65.91,34.98,48.67,39.12,47.56,0.76,True,0.18,-16.00,wind_speed_100m_ms;queue_active_mw_clean_excl_storage;nri_drought_score,0.00,,max_queue_median_age_years
772,29039,Cedar,MO,False,49.13,45.71,45.14,53.82,46.30,42.48,38.13,55.51,47.53,0.73,True,-0.03,-4.00,fiber_share_locations;water_permit_risk;wind_speed_100m_ms,0.00,,max_queue_median_age_years
773,13185,Lowndes,GA,False,41.58,29.18,54.89,48.10,24.90,48.98,62.98,55.51,47.52,0.73,True,-0.14,1.00,industrial_price_cents_kwh;fiber_share_locations;water_permit_risk,0.00,,max_queue_median_age_years
774,48471,Walker,TX,False,37.35,28.55,44.88,45.45,47.11,44.54,90.33,36.26,47.49,0.73,True,-0.21,6.00,industrial_price_cents_kwh;unemployment_rate_pct_2023;land_area_sqkm,0.00,,max_queue_median_age_years
775,29089,Howard,MO,False,38.81,58.33,41.64,53.75,49.77,45.10,38.13,55.51,47.49,0.73,True,-0.02,-4.00,fiber_share_locations;water_stress_bws;water_permit_risk,0.00,,max_queue_median_age_years
776,13071,Colquitt,GA,False,48.91,30.94,45.90,45.35,36.28,41.17,62.98,55.51,47.47,0.73,True,-0.11,0.00,industrial_price_cents_kwh;water_permit_risk;nri_inland_flood_score,0.00,,max_queue_median_age_years
777,28085,Lincoln,MS,False,36.56,44.89,45.17,37.95,44.64,41.08,71.16,53.20,47.46,0.76,True,0.04,-8.00,industrial_price_cents_kwh;state_policy_risk;nri_heat_wave_score,0.00,,max_queue_median_age_years
778,37167,Stanly,NC,False,50.84,31.86,53.65,53.00,19.96,55.43,45.37,55.51,47.43,0.73,True,0.06,-8.00,plant_capacity_mw_100km;plant_clean_capacity_mw_100km;grid_co2_lb_mwh,0.00,,max_queue_median_age_years
779,17047,Edwards,IL,False,39.79,51.95,59.13,60.32,34.95,56.13,16.26,60.85,47.43,0.73,True,0.10,-12.00,water_permit_risk;drought_share_weeks_d2plus;plant_capacity_mw_100km,0.00,,max_queue_median_age_years
780,18171,Warren,IN,False,45.07,68.82,58.03,37.48,42.10,42.80,31.34,55.51,47.42,0.76,True,-0.04,-5.00,drought_share_weeks_d2plus;plant_clean_capacity_mw_100km;water_permit_risk,0.00,,max_queue_median_age_years
781,20151,Pratt,KS,False,68.48,25.71,38.67,55.32,71.07,31.61,48.67,39.12,47.41,0.78,True,-0.16,599.00,wind_speed_100m_ms;queue_median_age_years;pop_density_per_sqkm,0.00,,
782,17081,Jefferson,IL,False,42.72,54.62,59.44,47.20,42.09,63.92,16.26,60.85,47.38,0.76,True,-0.02,-5.00,water_permit_risk;drought_share_weeks_d2plus;queue_active_mw_clean_excl_storage,0.00,,
783,18139,Rush,IN,False,45.92,61.68,53.91,43.31,37.01,49.74,31.34,55.51,47.35,0.76,True,-0.04,-5.00,drought_share_weeks_d2plus;plant_capacity_mw_100km;water_permit_risk,0.00,,max_queue_median_age_years
784,20015,Butler,KS,False,65.22,41.47,38.37,41.15,67.90,42.95,48.67,39.12,47.33,0.76,True,-0.04,-5.00,land_area_sqkm;wind_speed_100m_ms;queue_active_mw_clean_excl_storage,0.00,,max_queue_median_age_years
785,01115,St. Clair,AL,False,34.21,43.99,38.83,51.06,37.12,44.24,58.49,60.85,47.27,0.71,True,0.31,-19.00,water_permit_risk;industrial_price_cents_kwh;plant_capacity_mw_100km,0.00,,max_queue_median_age_years
786,17041,Douglas,IL,False,45.77,49.85,55.56,58.20,35.83,54.12,16.26,60.85,47.24,0.71,True,-0.11,8.00,water_permit_risk;plant_capacity_mw_100km;drought_share_weeks_d2plus,0.00,,max_queue_median_age_years
787,42099,Perry,PA,False,40.49,78.42,57.09,38.61,36.57,49.33,38.13,43.16,47.23,0.76,True,0.03,-5.00,drought_share_weeks_d2plus;nri_drought_score;water_permit_risk,0.00,,max_queue_median_age_years
788,01101,Montgomery,AL,False,43.61,33.01,45.27,41.55,39.80,48.11,58.49,60.85,47.22,0.73,True,0.18,-15.00,water_permit_risk;industrial_price_cents_kwh;queue_operational_mw_online_5y,0.00,,max_queue_median_age_years
789,42087,Mifflin,PA,False,39.81,74.31,57.23,36.43,24.25,69.56,38.13,43.16,47.20,0.76,True,-0.06,3.00,drought_share_weeks_d2plus;nri_drought_score;water_permit_risk,0.00,,max_queue_median_age_years
790,46029,Codington,SD,False,63.60,68.94,46.31,44.93,54.63,38.39,26.13,39.12,47.20,0.76,True,-0.13,5.00,wind_speed_100m_ms;drought_share_weeks_d2plus;grid_renewable_share,0.00,,
791,28065,Jefferson Davis,MS,False,38.59,39.38,43.73,36.90,42.91,47.27,71.16,53.20,47.19,0.73,True,-0.03,-1.00,industrial_price_cents_kwh;state_policy_risk;pop_change_pct_since_peak,0.00,,max_queue_median_age_years
792,29075,Gentry,MO,False,47.83,45.51,37.74,57.33,56.18,37.14,38.13,55.51,47.19,0.73,True,0.05,-7.00,fiber_share_locations;pop_density_per_sqkm;water_permit_risk,0.00,,max_queue_median_age_years
793,26093,Livingston,MI,False,54.61,71.24,60.12,52.74,27.42,57.53,28.53,26.64,47.17,0.78,True,0.07,-9.00,nri_drought_score;drought_share_weeks_d2plus;queue_active_mw_clean_excl_storage,0.00,,
794,13183,Long,GA,False,42.02,49.61,41.10,45.55,35.35,30.85,62.98,55.51,47.16,0.73,True,0.04,-6.00,industrial_price_cents_kwh;water_stress_bws;water_permit_risk,0.00,,max_queue_median_age_years
795,29061,Daviess,MO,False,58.55,48.19,40.28,40.09,59.47,38.61,38.13,55.51,47.16,0.73,True,0.01,-6.00,water_permit_risk;pop_density_per_sqkm;wind_speed_100m_ms,0.00,,max_queue_median_age_years
796,13229,Pierce,GA,False,47.94,36.85,46.72,47.33,28.18,32.43,62.98,55.51,47.13,0.73,True,0.11,-13.00,industrial_price_cents_kwh;water_permit_risk;fiber_share_locations,0.00,,max_queue_median_age_years
797,29097,Jasper,MO,False,57.83,35.71,38.52,51.45,35.61,57.54,38.13,55.51,47.08,0.78,True,-0.21,10.00,coal_retired_mw;water_permit_risk;wind_speed_100m_ms,0.00,,
798,29011,Barton,MO,False,68.61,37.35,41.35,35.52,60.04,40.65,38.13,55.51,47.05,0.76,True,-0.08,5.00,queue_operational_mw_online_5y;water_permit_risk;wind_speed_100m_ms,0.00,,max_queue_median_age_years
799,29111,Lewis,MO,False,37.06,61.78,50.38,45.53,53.62,37.60,38.13,55.51,47.04,0.73,True,0.03,-3.00,water_stress_bws;water_permit_risk;pop_density_per_sqkm,0.00,,max_queue_median_age_years
800,17049,Effingham,IL,False,43.38,55.98,61.07,50.78,34.29,54.07,16.26,60.85,47.01,0.71,True,-0.03,0.00,water_permit_risk;drought_share_weeks_d2plus;nri_heat_wave_score,0.00,,max_queue_median_age_years
801,18169,Wabash,IN,False,40.31,56.58,56.74,41.85,29.04,68.05,31.34,55.51,47.01,0.76,True,-0.01,-2.00,water_permit_risk;fiber_share_locations;drought_share_weeks_d2plus,0.00,,max_queue_median_age_years
802,01067,Henry,AL,False,42.01,37.21,43.14,40.81,51.17,37.66,58.49,60.85,47.00,0.73,True,-0.01,-1.00,water_permit_risk;industrial_price_cents_kwh;water_stress_bws,0.00,,max_queue_median_age_years
803,20043,Doniphan,KS,False,57.79,51.68,41.54,51.52,45.96,32.49,48.67,39.12,46.99,0.73,True,0.07,-6.00,water_stress_bws;wind_speed_100m_ms;plant_capacity_mw_100km,0.00,,max_queue_median_age_years
804,20205,Wilson,KS,False,62.89,39.68,37.96,42.39,60.42,49.81,48.67,39.12,46.97,0.73,True,-0.09,2.00,wind_speed_100m_ms;pop_density_per_sqkm;pop_change_pct_since_peak,0.00,,max_queue_median_age_years
805,17145,Perry,IL,False,43.86,50.66,54.35,50.59,37.97,66.78,16.26,60.85,46.95,0.76,True,-0.07,0.00,water_permit_risk;queue_active_mw_clean_excl_storage;drought_share_weeks_d2plus,0.00,,
806,20041,Dickinson,KS,False,63.34,37.22,43.61,39.93,69.65,41.28,48.67,39.12,46.95,0.73,True,0.19,-15.00,wind_speed_100m_ms;queue_active_mw_clean_excl_storage;pop_density_per_sqkm,0.00,,max_queue_median_age_years
807,29143,New Madrid,MO,False,45.93,37.54,49.29,43.09,61.79,53.75,38.13,55.51,46.94,0.78,True,0.11,-9.00,queue_operational_mw_online_5y;water_permit_risk;pop_change_pct_since_peak,0.00,,
808,37111,McDowell,NC,False,45.72,33.22,56.47,46.92,27.68,57.42,45.37,55.51,46.91,0.73,True,0.29,-22.00,plant_capacity_mw_100km;grid_co2_lb_mwh;water_permit_risk,0.00,,max_queue_median_age_years
809,13211,Morgan,GA,False,36.86,34.49,39.08,62.32,28.47,36.50,62.98,55.51,46.91,0.73,True,0.29,-22.00,industrial_price_cents_kwh;plant_capacity_mw_100km;water_permit_risk,0.00,,max_queue_median_age_years
810,01007,Bibb,AL,False,35.55,29.95,37.86,49.68,54.26,46.85,58.49,60.85,46.87,0.71,True,0.27,-17.00,water_permit_risk;industrial_price_cents_kwh;plant_capacity_mw_100km,0.00,,max_queue_median_age_years
811,18183,Whitley,IN,False,44.66,57.95,59.40,44.66,20.76,53.97,31.34,55.51,46.83,0.78,True,0.02,-3.00,water_permit_risk;drought_share_weeks_d2plus;mfg_emp_share_1969,0.00,,
812,29109,Lawrence,MO,False,52.07,50.13,45.30,39.56,45.27,48.88,38.13,55.51,46.82,0.73,True,-0.13,0.00,wind_speed_100m_ms;water_permit_risk;grid_renewable_share,0.00,,max_queue_median_age_years
813,17169,Schuyler,IL,False,36.88,65.71,60.26,44.54,51.45,48.28,16.26,60.85,46.80,0.71,True,-0.05,-2.00,water_permit_risk;water_stress_bws;pop_density_per_sqkm,0.00,,max_queue_median_age_years
814,51037,Charlotte,VA,False,60.85,36.69,60.21,61.78,49.16,54.79,12.48,43.16,46.77,0.78,True,-0.11,0.00,queue_active_mw_clean_excl_storage;grid_co2_lb_mwh;water_permit_risk,0.00,,
815,20009,Barton,KS,False,54.76,39.14,39.56,47.48,68.11,45.12,48.67,39.12,46.76,0.73,True,0.05,-6.00,wind_speed_100m_ms;fiber_share_locations;land_area_sqkm,0.00,,max_queue_median_age_years
816,29117,Livingston,MO,False,36.02,46.59,45.10,59.30,51.32,41.89,38.13,55.51,46.76,0.73,True,0.05,-6.00,coal_retired_mw;fiber_share_locations;water_permit_risk,0.00,,max_queue_median_age_years
817,13053,Chattahoochee,GA,False,37.69,36.22,50.31,44.05,31.57,45.03,62.98,55.51,46.72,0.73,True,-0.04,-4.00,industrial_price_cents_kwh;water_stress_bws;water_permit_risk,0.00,,max_queue_median_age_years
818,18027,Daviess,IN,False,42.61,53.49,52.69,56.09,29.82,43.85,31.34,55.51,46.69,0.76,True,-0.08,-2.00,plant_capacity_mw_100km;drought_share_weeks_d2plus;queue_active_mw_clean_excl_storage,0.00,,max_queue_median_age_years
819,20161,Riley,KS,False,57.10,49.53,42.06,50.55,37.73,40.67,48.67,39.12,46.68,0.73,True,0.30,-17.00,wind_speed_100m_ms;nri_drought_score;fiber_share_locations,0.00,,max_queue_median_age_years
820,29185,St. Clair,MO,False,47.88,40.40,43.13,48.70,67.08,37.40,38.13,55.51,46.67,0.73,True,-0.12,-2.00,pop_density_per_sqkm;water_permit_risk;fiber_share_locations,0.00,,max_queue_median_age_years
821,51069,Frederick,VA,False,63.68,45.71,58.47,66.15,19.57,53.87,12.48,43.16,46.65,0.78,True,-0.26,0.00,dc_existing_count;queue_operational_mw_online_5y;grid_co2_lb_mwh,0.00,,
822,29003,Andrew,MO,False,57.37,46.61,40.69,50.45,38.81,32.79,38.13,55.51,46.53,0.76,True,0.10,-7.00,fiber_share_locations;water_permit_risk;water_stress_bws,0.00,,max_queue_median_age_years
823,13093,Dooly,GA,False,39.47,26.29,38.04,54.18,41.12,44.48,62.98,55.51,46.50,0.73,True,0.19,575.00,industrial_price_cents_kwh;fiber_share_locations;water_permit_risk,0.00,,max_queue_median_age_years
824,29063,DeKalb,MO,False,42.79,47.59,39.65,58.86,44.48,38.94,38.13,55.51,46.48,0.73,True,0.04,-5.00,fiber_share_locations;water_permit_risk;wind_speed_100m_ms,0.00,,max_queue_median_age_years
825,29049,Clinton,MO,False,41.58,51.80,38.92,63.39,34.74,35.84,38.13,55.51,46.48,0.78,True,0.10,-8.00,queue_withdrawal_rate;water_stress_bws;fiber_share_locations,0.00,,
826,55077,Marquette,WI,False,37.45,59.05,59.13,51.66,43.39,47.82,21.66,55.51,46.46,0.73,True,-0.20,-2.00,water_permit_risk;cdd_hist;drought_share_weeks_d2plus,0.00,,max_queue_median_age_years
827,29161,Phelps,MO,False,40.03,56.44,53.40,39.27,47.25,43.28,38.13,55.51,46.31,0.73,True,-0.35,8.00,water_permit_risk;drought_share_weeks_d2plus;nri_heat_wave_score,0.00,,max_queue_median_age_years
828,29071,Franklin,MO,False,36.02,72.55,49.99,41.42,50.79,55.67,38.13,38.99,46.30,0.73,True,-0.07,-3.00,water_stress_bws;drought_share_weeks_d2plus;water_permit_risk,0.00,,max_queue_median_age_years
829,28031,Covington,MS,False,35.71,45.02,40.58,37.73,36.67,41.55,71.16,53.20,46.26,0.73,True,-0.26,4.00,industrial_price_cents_kwh;state_policy_risk;drought_share_weeks_d2plus,0.00,,max_queue_median_age_years
830,17035,Cumberland,IL,False,47.68,52.19,55.12,50.62,38.20,48.27,16.26,60.85,46.26,0.76,True,-0.05,-4.00,water_permit_risk;drought_share_weeks_d2plus;queue_active_mw_clean_excl_storage,0.00,,
831,31141,Platte,NE,False,53.07,40.84,37.80,49.79,51.09,48.28,53.26,36.26,46.21,0.71,True,0.10,-8.00,fiber_share_locations;wind_speed_100m_ms;grid_renewable_share,0.00,,max_queue_median_age_years
832,31111,Lincoln,NE,False,44.71,34.91,43.87,47.80,86.35,38.15,53.26,36.26,46.18,0.71,True,0.18,-10.00,land_area_sqkm;fiber_share_locations;wind_speed_100m_ms,0.00,,max_queue_median_age_years
833,29119,McDonald,MO,False,49.25,41.35,37.79,51.43,44.87,48.06,38.13,55.51,46.17,0.73,True,-0.31,3.00,water_permit_risk;mfg_emp_share_1969;wind_speed_100m_ms,0.00,,max_queue_median_age_years
834,51025,Brunswick,VA,False,65.24,30.16,54.60,57.38,53.28,60.98,12.48,43.16,46.13,0.78,True,0.02,-7.00,queue_active_mw_clean_excl_storage;grid_co2_lb_mwh;queue_median_age_years,0.00,,
835,01051,Elmore,AL,False,37.67,28.19,39.71,56.08,36.76,36.71,58.49,60.85,46.13,0.71,True,0.29,-15.00,water_permit_risk;industrial_price_cents_kwh;plant_capacity_mw_100km,0.00,,max_queue_median_age_years
836,29187,St. Francois,MO,False,35.22,57.74,51.77,45.80,25.09,56.14,38.13,55.51,46.12,0.73,True,-0.00,-7.00,water_permit_risk;plant_capacity_mw_100km;drought_share_weeks_d2plus,0.00,,max_queue_median_age_years
837,20021,Cherokee,KS,False,60.80,39.10,37.67,42.88,53.33,48.64,48.67,39.12,46.04,0.76,True,0.05,-7.00,wind_speed_100m_ms;water_stress_bws;queue_active_mw_clean_excl_storage,0.00,,max_queue_median_age_years
838,08081,Moffat,CO,False,39.97,57.16,60.41,50.28,95.66,32.89,19.48,39.12,46.01,0.78,True,0.12,-10.00,land_area_sqkm;pop_density_per_sqkm;cdd_hist,0.00,,
839,55131,Washington,WI,False,40.39,67.39,73.77,47.01,19.03,62.29,21.66,38.99,45.97,0.73,True,-0.01,-5.00,drought_share_weeks_d2plus;plant_capacity_mw_100km;water_permit_risk,0.00,,max_queue_median_age_years
840,29031,Cape Girardeau,MO,False,36.72,53.33,44.82,51.52,34.50,49.57,38.13,55.51,45.95,0.73,True,0.07,-9.00,plant_capacity_mw_100km;drought_share_weeks_d2plus;water_permit_risk,0.00,,max_queue_median_age_years
841,18161,Union,IN,False,37.10,63.81,47.79,54.70,27.03,42.26,31.34,55.51,45.95,0.73,True,0.06,-9.00,drought_share_weeks_d2plus;plant_capacity_mw_100km;water_permit_risk,0.00,,max_queue_median_age_years
842,17087,Johnson,IL,False,43.34,58.49,50.27,55.90,34.32,43.59,16.26,60.85,45.91,0.76,True,-0.10,-4.00,water_permit_risk;queue_withdrawal_rate;water_stress_bws,0.00,,
843,29133,Mississippi,MO,False,33.62,54.86,51.54,42.72,42.26,52.30,38.13,55.51,45.87,0.73,True,-0.07,-4.00,water_stress_bws;water_permit_risk;pop_change_pct_since_peak,0.00,,max_queue_median_age_years
844,18179,Wells,IN,False,41.97,64.29,53.95,39.56,25.68,51.61,31.34,55.51,45.87,0.76,True,-0.11,-3.00,water_permit_risk;drought_share_weeks_d2plus;nri_drought_score,0.00,,max_queue_median_age_years
845,17089,Kane,IL,False,47.62,48.94,64.23,58.51,20.76,79.41,16.26,36.06,45.82,0.73,True,-0.01,-8.00,plant_capacity_mw_100km;water_permit_risk;plant_clean_capacity_mw_100km,0.00,,max_queue_median_age_years
846,17077,Jackson,IL,False,37.99,55.07,51.22,48.73,39.10,64.34,16.26,60.85,45.79,0.73,True,0.00,-6.00,water_permit_risk;drought_share_weeks_d2plus;nri_wildfire_score,0.00,,max_queue_median_age_years
847,12095,Orange,FL,False,39.65,37.03,56.18,69.31,38.55,38.80,23.90,55.51,45.76,0.78,True,-0.39,3.00,queue_withdrawal_rate;plant_capacity_mw_100km;water_permit_risk,0.00,,
848,18145,Shelby,IN,False,43.79,55.87,55.18,41.49,24.41,54.48,31.34,55.51,45.75,0.76,True,0.00,-6.00,drought_share_weeks_d2plus;water_permit_risk;nri_wildfire_score,0.00,,max_queue_median_age_years
849,18015,Carroll,IN,False,43.82,59.97,51.44,45.22,30.27,42.00,31.34,55.51,45.70,0.73,True,-0.02,-5.00,water_permit_risk;drought_share_weeks_d2plus;plant_clean_capacity_mw_100km,0.00,,max_queue_median_age_years
850,55047,Green Lake,WI,False,40.47,60.07,61.35,43.90,29.41,54.14,21.66,55.51,45.70,0.73,True,-0.18,-5.00,drought_share_weeks_d2plus;water_permit_risk;cdd_hist,0.00,,max_queue_median_age_years
851,29207,Stoddard,MO,False,38.61,39.17,43.99,41.18,62.88,59.93,38.13,55.51,45.69,0.76,True,0.02,-8.00,water_permit_risk;queue_active_mw_clean_excl_storage;land_area_sqkm,0.00,,max_queue_median_age_years
852,51143,Pittsylvania,VA,False,52.85,44.99,61.15,45.75,59.20,63.67,12.48,43.16,45.63,0.78,True,-0.18,-4.00,queue_operational_mw_online_5y;queue_active_mw_clean_excl_storage;land_area_sqkm,0.00,,
853,46101,Moody,SD,False,56.99,52.35,44.96,56.07,58.28,32.30,26.13,39.12,45.49,0.73,True,-0.14,-1.00,fiber_share_locations;wind_speed_100m_ms;pop_density_per_sqkm,0.00,,max_queue_median_age_years
854,29025,Caldwell,MO,False,38.25,50.96,45.18,49.75,47.73,36.35,38.13,55.51,45.45,0.73,True,0.07,-8.00,water_permit_risk;wind_speed_100m_ms;pop_density_per_sqkm,0.00,,max_queue_median_age_years
855,51083,Halifax,VA,False,54.94,36.30,63.05,46.51,59.99,65.27,12.48,43.16,45.45,0.78,True,-0.11,0.00,queue_operational_mw_online_5y;queue_active_mw_clean_excl_storage;water_permit_risk,0.00,,
856,12097,Osceola,FL,False,44.48,34.83,52.32,61.41,49.98,39.70,23.90,55.51,45.42,0.78,True,-0.46,5.00,land_area_sqkm;plant_capacity_mw_100km;water_permit_risk,0.00,,
857,55133,Waukesha,WI,False,39.73,59.01,75.10,47.64,23.21,61.78,21.66,38.99,45.37,0.73,True,-0.02,-6.00,plant_capacity_mw_100km;drought_share_weeks_d2plus;water_permit_risk,0.00,,max_queue_median_age_years
858,31177,Washington,NE,False,51.98,44.62,37.95,56.87,31.38,37.45,53.26,36.26,45.33,0.73,True,0.14,-11.00,wind_speed_100m_ms;grid_renewable_share;queue_withdrawal_rate,0.00,,max_queue_median_age_years
859,17111,McHenry,IL,False,55.09,46.36,60.25,52.89,28.82,72.91,16.26,36.06,45.32,0.76,True,-0.02,-3.00,water_permit_risk;plant_capacity_mw_100km;queue_active_mw_clean_excl_storage,0.00,,
860,29157,Perry,MO,False,33.40,68.94,45.61,41.08,42.33,37.65,38.13,55.51,45.32,0.73,True,0.03,-7.00,drought_share_weeks_d2plus;water_stress_bws;water_permit_risk,0.00,,max_queue_median_age_years
861,08101,Pueblo,CO,False,50.83,29.15,54.78,56.93,65.41,64.57,19.48,39.12,45.32,0.78,True,0.10,-12.00,land_area_sqkm;queue_active_mw_clean_excl_storage;coal_retired_mw,0.00,,
862,13037,Calhoun,GA,False,44.03,29.67,46.21,37.66,40.90,35.25,62.98,55.51,45.25,0.73,True,0.09,-8.00,industrial_price_cents_kwh;water_permit_risk;plant_clean_capacity_mw_100km,0.00,,max_queue_median_age_years
863,18147,Spencer,IN,False,36.70,64.91,42.74,50.99,33.05,41.36,31.34,55.51,45.19,0.78,True,-0.18,-4.00,water_stress_bws;plant_capacity_mw_100km;drought_share_weeks_d2plus,0.00,,
864,17009,Brown,IL,False,37.54,64.03,63.21,43.93,41.14,34.87,16.26,60.85,45.12,0.69,True,-0.02,-6.00,water_permit_risk;water_stress_bws;drought_share_weeks_d2plus,0.00,,max_queue_median_age_years
865,08043,Fremont,CO,False,45.31,43.43,55.82,49.40,73.91,56.72,19.48,39.12,45.06,0.73,True,0.13,-8.00,coal_retired_mw;land_area_sqkm;cdd_hist,0.00,,max_queue_median_age_years
866,29023,Butler,MO,False,41.07,39.68,42.93,42.15,49.45,57.00,38.13,55.51,44.98,0.76,True,-0.00,-6.00,water_permit_risk;unemployment_rate_pct_2023;grid_renewable_share,0.00,,max_queue_median_age_years
867,17189,Washington,IL,False,43.50,54.45,56.88,39.06,54.37,42.45,16.26,60.85,44.93,0.76,True,-0.07,-5.00,water_permit_risk;drought_share_weeks_d2plus;queue_active_mw_clean_excl_storage,0.00,,
868,18031,Decatur,IN,False,37.36,60.96,45.60,46.84,27.00,50.59,31.34,55.51,44.89,0.76,True,-0.12,-3.00,plant_capacity_mw_100km;drought_share_weeks_d2plus;water_permit_risk,0.00,,max_queue_median_age_years
869,51109,Louisa,VA,False,62.34,45.61,59.16,51.74,33.92,49.04,12.48,43.16,44.87,0.78,True,-0.20,-1.00,grid_co2_lb_mwh;queue_operational_mw_online_5y;plant_capacity_mw_100km,0.00,,
870,46079,Lake,SD,False,56.36,60.94,43.92,44.33,57.24,37.26,26.13,39.12,44.85,0.73,True,-0.02,-6.00,wind_speed_100m_ms;grid_renewable_share;pop_density_per_sqkm,0.00,,max_queue_median_age_years
871,51085,Hanover,VA,False,59.98,42.51,56.07,63.13,23.26,49.08,12.48,43.16,44.80,0.78,True,-0.08,-5.00,dc_existing_count;plant_capacity_mw_100km;plant_clean_capacity_mw_100km,0.00,,
872,51147,Prince Edward,VA,False,58.60,34.82,64.36,56.77,27.68,58.61,12.48,43.16,44.79,0.78,True,0.04,-9.00,grid_co2_lb_mwh;water_permit_risk;plant_capacity_mw_100km,0.00,,
873,29051,Cole,MO,False,37.14,57.90,49.19,45.69,18.25,45.03,38.13,55.51,44.70,0.73,True,-0.08,-3.00,water_permit_risk;water_stress_bws;nri_heat_wave_score,0.00,,max_queue_median_age_years
874,12119,Sumter,FL,False,45.01,38.90,55.39,57.16,28.51,44.76,23.90,55.51,44.67,0.76,True,-0.35,-1.00,plant_capacity_mw_100km;queue_operational_mw_online_5y;nri_drought_score,0.00,,max_queue_median_age_years
875,17027,Clinton,IL,False,39.22,58.48,51.63,45.18,32.92,54.64,16.26,60.85,44.65,0.71,True,-0.02,-6.00,water_permit_risk;drought_share_weeks_d2plus;plant_capacity_mw_100km,0.00,,max_queue_median_age_years
876,51111,Lunenburg,VA,False,62.70,31.93,62.05,51.45,44.66,52.46,12.48,43.16,44.62,0.78,True,-0.01,-5.00,grid_co2_lb_mwh;plant_capacity_mw_100km;queue_active_mw_clean_excl_storage,0.00,,
877,13081,Crisp,GA,False,43.14,25.66,39.74,40.23,22.69,53.53,62.98,55.51,44.57,0.73,True,0.15,-10.00,industrial_price_cents_kwh;water_permit_risk;plant_clean_capacity_mw_100km,0.00,,max_queue_median_age_years
878,46099,Minnehaha,SD,False,55.71,45.34,51.99,47.38,41.38,51.04,26.13,39.12,44.41,0.73,True,-0.07,-6.00,wind_speed_100m_ms;grid_renewable_share;heat_sink_score,0.00,,max_queue_median_age_years
879,51063,Floyd,VA,False,41.77,55.18,69.37,58.78,35.12,39.27,12.48,43.16,44.41,0.73,True,-0.21,-4.00,fiber_share_locations;water_permit_risk;wind_speed_100m_ms,0.00,,max_queue_median_age_years
880,08069,Larimer,CO,False,56.85,50.05,54.55,52.00,58.68,55.58,19.48,22.60,44.20,0.78,True,0.09,-6.00,land_area_sqkm;cdd_hist;wind_speed_100m_ms,0.00,,
881,51165,Rockingham,VA,False,56.43,59.54,48.21,41.29,49.10,53.15,12.48,43.16,44.11,0.78,True,-0.10,-5.00,grid_co2_lb_mwh;water_permit_risk;drought_share_weeks_d2plus,0.00,,
882,51015,Augusta,VA,False,43.32,60.36,51.71,46.43,55.73,53.47,12.48,43.16,43.88,0.78,True,-0.14,-2.00,water_permit_risk;land_area_sqkm;drought_share_weeks_d2plus,0.00,,
883,51081,Greensville,VA,False,70.82,28.16,57.39,47.15,32.63,58.25,12.48,43.16,43.88,0.78,True,0.07,-6.00,queue_operational_mw_online_5y;plant_clean_capacity_mw_100km;grid_co2_lb_mwh,0.00,,
884,08123,Weld,CO,False,61.01,47.23,41.57,55.39,64.65,54.92,19.48,22.60,43.82,0.78,True,0.05,-6.00,land_area_sqkm;queue_active_mw_clean_excl_storage;queue_operational_mw_online_5y,0.00,,
885,29069,Dunklin,MO,False,35.19,26.34,48.86,42.77,42.43,67.68,38.13,55.51,43.73,0.76,True,0.05,-6.00,water_permit_risk;unemployment_rate_pct_2023;pop_change_pct_since_peak,0.00,,max_queue_median_age_years
886,46083,Lincoln,SD,False,61.48,47.48,45.68,46.31,35.65,43.73,26.13,39.12,43.63,0.73,True,-0.04,-5.00,wind_speed_100m_ms;grid_renewable_share;heat_sink_score,0.00,,max_queue_median_age_years
887,51185,Tazewell,VA,False,35.98,59.33,63.12,44.24,35.67,68.36,12.48,43.16,43.56,0.76,True,-0.11,-5.00,cdd_hist;water_permit_risk;queue_withdrawal_rate,0.00,,max_queue_median_age_years
888,12001,Alachua,FL,False,48.21,34.30,54.07,47.68,42.01,39.14,23.90,55.51,43.45,0.76,True,-0.25,-5.00,queue_operational_mw_online_5y;water_permit_risk;plant_capacity_mw_100km,0.00,,max_queue_median_age_years
889,51035,Carroll,VA,False,37.69,56.40,72.02,36.35,36.15,65.58,12.48,43.16,43.12,0.76,True,-0.15,-3.00,water_permit_risk;cdd_hist;mfg_emp_share_1969,0.00,,max_queue_median_age_years
890,31185,York,NE,False,50.33,28.33,37.92,46.17,55.56,37.13,53.26,36.26,43.12,0.71,True,0.07,-6.00,wind_speed_100m_ms;grid_renewable_share;fiber_share_locations,0.00,,max_queue_median_age_years
891,12083,Marion,FL,False,39.02,33.94,46.89,53.12,52.30,44.23,23.90,55.51,43.11,0.73,True,-0.18,-3.00,land_area_sqkm;plant_capacity_mw_100km;water_permit_risk,0.00,,max_queue_median_age_years
892,51049,Cumberland,VA,False,59.23,38.65,59.01,55.94,34.96,34.79,12.48,43.16,43.05,0.76,True,-0.10,-5.00,grid_co2_lb_mwh;plant_capacity_mw_100km;water_permit_risk,0.00,,
893,08001,Adams,CO,False,50.75,35.62,58.00,66.00,46.77,62.50,19.48,16.47,42.94,0.78,True,0.10,-8.00,coal_retired_mw;queue_active_mw_clean_excl_storage;land_area_sqkm,0.00,,
894,17163,St. Clair,IL,False,38.75,57.61,51.24,46.92,33.08,75.98,16.26,36.06,42.73,0.76,True,0.04,-5.00,water_permit_risk;drought_share_weeks_d2plus;nri_wildfire_score,0.00,,
895,29043,Christian,MO,False,36.76,46.02,42.91,36.27,31.30,52.71,38.13,55.51,42.58,0.73,True,-0.26,-4.00,water_permit_risk;drought_share_weeks_d2plus;population,0.00,,max_queue_median_age_years
896,56015,Goshen,WY,False,47.87,38.89,42.98,35.48,90.38,30.97,34.35,39.12,42.41,0.73,True,0.12,-6.00,land_area_sqkm;pop_density_per_sqkm;wind_speed_100m_ms,0.00,,max_queue_median_age_years
897,51137,Orange,VA,False,55.12,45.31,55.67,49.79,20.46,52.13,12.48,43.16,42.37,0.76,True,-0.18,-5.00,plant_capacity_mw_100km;grid_co2_lb_mwh;queue_operational_mw_online_5y,0.00,,max_queue_median_age_years
898,51023,Botetourt,VA,False,41.09,60.05,58.70,44.81,39.76,42.34,12.48,43.16,42.05,0.76,True,-0.16,-5.00,drought_share_weeks_d2plus;water_permit_risk;plant_clean_capacity_mw_100km,0.00,,max_queue_median_age_years
899,12039,Gadsden,FL,False,54.95,31.47,46.89,36.52,34.37,49.50,23.90,55.51,41.94,0.76,True,-0.06,-5.00,queue_operational_mw_online_5y;water_permit_risk;plant_clean_capacity_mw_100km,0.00,,max_queue_median_age_years
900,51009,Amherst,VA,False,41.16,51.74,60.24,46.85,35.06,49.79,12.48,43.16,41.88,0.78,True,-0.13,-4.00,water_permit_risk;plant_clean_capacity_mw_100km;drought_share_weeks_d2plus,0.00,,
901,51135,Nottoway,VA,False,57.13,33.82,65.87,46.52,29.37,42.99,12.48,43.16,41.85,0.76,True,-0.00,-6.00,plant_capacity_mw_100km;grid_co2_lb_mwh;water_permit_risk,0.00,,max_queue_median_age_years
902,51065,Fluvanna,VA,False,46.95,41.19,60.09,62.25,19.86,37.14,12.48,43.16,41.74,0.78,True,-0.11,-5.00,queue_median_age_years;grid_co2_lb_mwh;water_permit_risk,0.00,,
903,51089,Henry,VA,False,43.40,39.14,65.52,41.21,20.79,72.08,12.48,43.16,41.42,0.76,True,-0.24,-4.00,queue_operational_mw_online_5y;water_permit_risk;mfg_emp_share_1969,0.00,,max_queue_median_age_years
904,08013,Boulder,CO,False,42.25,47.39,46.42,62.03,35.57,62.60,19.48,22.60,41.24,0.73,True,0.16,-6.00,coal_retired_mw;cdd_hist;heat_sink_score,0.00,,max_queue_median_age_years
905,51075,Goochland,VA,False,54.41,40.33,61.83,48.40,20.39,36.85,12.48,43.16,40.88,0.76,True,-0.14,-5.00,plant_capacity_mw_100km;grid_co2_lb_mwh;water_permit_risk,0.00,,max_queue_median_age_years
906,12125,Union,FL,False,48.44,37.20,54.22,38.52,23.54,33.65,23.90,55.51,40.72,0.76,True,-0.28,-5.00,queue_operational_mw_online_5y;water_permit_risk;nri_drought_score,0.00,,max_queue_median_age_years
907,51113,Madison,VA,False,47.97,46.18,49.69,53.74,31.75,32.99,12.48,43.16,40.41,0.73,True,-0.23,-5.00,plant_capacity_mw_100km;grid_co2_lb_mwh;water_permit_risk,0.00,,max_queue_median_age_years
908,51171,Shenandoah,VA,False,35.90,58.81,45.27,46.09,33.60,52.51,12.48,43.16,40.15,0.76,True,-0.09,-5.00,water_permit_risk;drought_share_weeks_d2plus;mfg_emp_share_1969,0.00,,max_queue_median_age_years
909,51011,Appomattox,VA,False,33.13,44.31,61.83,48.60,30.27,47.94,12.48,43.16,39.74,0.73,True,-0.19,-5.00,water_permit_risk;drought_share_weeks_d2plus;nri_heat_wave_score,0.00,,max_queue_median_age_years
910,51003,Albemarle,VA,False,38.83,43.07,51.68,44.00,41.09,50.03,12.48,43.16,39.47,0.76,True,-0.11,-5.00,water_permit_risk;drought_share_weeks_d2plus;plant_capacity_mw_100km,0.00,,max_queue_median_age_years
911,12073,Leon,FL,False,41.30,30.21,41.74,44.24,32.70,39.71,23.90,55.51,39.33,0.78,True,-0.14,-5.00,water_permit_risk;population;nri_heat_wave_score,0.00,,
912,08035,Douglas,CO,False,41.50,43.62,53.45,45.65,39.43,56.87,19.48,22.60,38.78,0.73,True,0.01,-5.00,cdd_hist;heat_sink_score;population,0.00,,max_queue_median_age_years
913,40015,Caddo,OK,False,81.00,25.01,39.18,56.40,78.39,49.20,95.66,53.20,60.66,0.78,False,-0.19,-4.00,industrial_price_cents_kwh;state_policy_risk;queue_operational_mw_online_5y,0.00,,
914,47171,Unicoi,TN,False,37.14,69.72,65.81,56.77,16.97,66.40,84.72,69.59,60.65,0.73,False,0.01,-6.00,industrial_price_cents_kwh;state_policy_risk;fiber_share_locations,0.00,,max_queue_median_age_years
915,40109,Oklahoma,OK,False,69.27,25.43,50.62,75.16,31.83,56.04,95.66,53.20,60.56,0.78,False,-0.30,-5.00,industrial_price_cents_kwh;state_policy_risk;dc_existing_count,0.00,,
916,47163,Sullivan,TN,False,25.79,60.63,74.10,62.01,16.85,67.37,84.72,69.59,59.69,0.73,False,-0.13,-5.00,industrial_price_cents_kwh;state_policy_risk;coal_retired_mw,0.00,,max_queue_median_age_years
917,40047,Garfield,OK,False,78.19,25.14,44.95,54.74,61.79,48.58,95.66,53.20,59.50,0.78,False,-0.06,-4.00,industrial_price_cents_kwh;state_policy_risk;wind_speed_100m_ms,0.00,,
918,40103,Noble,OK,False,69.82,34.32,37.03,67.52,69.52,32.49,95.66,53.20,59.48,0.78,False,0.00,-6.00,industrial_price_cents_kwh;state_policy_risk;wind_speed_100m_ms,0.00,,
919,48441,Taylor,TX,False,77.29,18.21,56.51,79.99,48.20,45.36,90.33,36.26,59.19,0.76,False,-0.41,-4.00,industrial_price_cents_kwh;wind_speed_100m_ms;queue_withdrawal_rate,0.00,,
920,39061,Hamilton,OH,False,28.81,68.38,70.36,92.28,11.51,76.27,66.95,43.16,58.95,0.73,False,-0.03,-6.00,industrial_price_cents_kwh;dc_existing_count;coal_retired_mw,0.00,,max_queue_median_age_years
921,40089,McCurtain,OK,False,50.35,45.70,34.98,53.65,83.08,57.99,95.66,53.20,58.58,0.76,False,0.01,-5.00,industrial_price_cents_kwh;state_policy_risk;land_area_sqkm,0.00,,max_queue_median_age_years
922,47089,Jefferson,TN,False,32.15,54.84,69.83,60.75,13.43,61.84,84.72,69.59,58.57,0.73,False,-0.04,-5.00,industrial_price_cents_kwh;state_policy_risk;fiber_share_locations,0.00,,max_queue_median_age_years
923,48503,Young,TX,False,83.88,20.81,41.71,69.05,73.69,40.27,90.33,36.26,58.37,0.76,False,-0.56,3.00,industrial_price_cents_kwh;queue_operational_mw_online_5y;queue_withdrawal_rate,0.00,,
924,47029,Cocke,TN,False,31.64,51.97,63.10,58.58,29.69,63.37,84.72,69.59,58.26,0.73,False,-0.03,-6.00,industrial_price_cents_kwh;state_policy_risk;fiber_share_locations,0.00,,max_queue_median_age_years
925,47165,Sumner,TN,False,31.70,59.05,51.35,68.20,24.36,55.15,84.72,69.59,58.12,0.73,False,-0.06,-6.00,industrial_price_cents_kwh;state_policy_risk;dc_existing_count,0.00,,max_queue_median_age_years
926,21191,Pendleton,KY,False,31.73,78.13,59.74,66.33,27.11,48.90,81.26,55.51,58.09,0.73,False,-0.12,-5.00,industrial_price_cents_kwh;plant_capacity_mw_100km;water_stress_bws,0.00,,max_queue_median_age_years
927,40007,Beaver,OK,False,74.05,18.40,40.31,57.19,92.04,26.69,95.66,53.20,58.08,0.76,False,-0.33,0.00,industrial_price_cents_kwh;state_policy_risk;pop_density_per_sqkm,0.00,,
928,39035,Cuyahoga,OH,False,37.52,78.53,60.92,70.26,15.20,85.66,66.95,43.16,58.05,0.73,False,-0.05,-8.00,industrial_price_cents_kwh;dc_existing_count;coal_retired_mw,0.00,,max_queue_median_age_years
929,22097,St. Landry,LA,False,61.86,33.60,32.65,61.47,53.60,52.49,97.93,55.51,58.04,0.78,False,-0.11,-6.00,industrial_price_cents_kwh;queue_operational_mw_online_5y;queue_active_mw_clean_excl_storage,0.00,,
930,48047,Brooks,TX,False,75.24,25.13,41.17,69.38,81.18,38.90,90.33,36.26,57.94,0.76,False,0.01,-8.00,industrial_price_cents_kwh;pop_density_per_sqkm;queue_withdrawal_rate,0.00,,
931,48487,Wilbarger,TX,False,79.60,8.72,42.10,71.05,78.39,51.82,90.33,36.26,57.93,0.76,False,-0.04,-7.00,industrial_price_cents_kwh;queue_active_mw_clean_excl_storage;queue_operational_mw_online_5y,0.00,,
932,47125,Montgomery,TN,False,32.78,53.80,52.97,63.27,24.38,63.64,84.72,69.59,57.82,0.76,False,0.01,-7.00,industrial_price_cents_kwh;state_policy_risk;fiber_share_locations,0.00,,max_queue_median_age_years
933,21015,Boone,KY,False,38.58,75.63,59.70,59.64,7.57,64.56,81.26,55.51,57.82,0.76,False,-0.19,-2.00,industrial_price_cents_kwh;plant_capacity_mw_100km;fiber_share_locations,0.00,,max_queue_median_age_years
934,21117,Kenton,KY,False,33.16,76.34,58.73,68.68,3.86,60.93,81.26,55.51,57.78,0.73,False,-0.18,-2.00,industrial_price_cents_kwh;plant_capacity_mw_100km;fiber_share_locations,0.00,,max_queue_median_age_years
935,48215,Hidalgo,TX,False,79.55,9.89,59.53,69.98,48.23,50.08,90.33,36.26,57.77,0.76,False,-0.02,-7.00,industrial_price_cents_kwh;land_area_sqkm;queue_operational_mw_online_5y,0.00,,
936,48227,Howard,TX,False,81.55,7.09,50.81,66.90,64.83,54.28,90.33,36.26,57.72,0.76,False,-0.02,-7.00,industrial_price_cents_kwh;plant_clean_capacity_mw_100km;queue_active_mw_clean_excl_storage,0.00,,
937,21067,Fayette,KY,False,39.58,62.50,63.34,66.51,7.12,61.98,81.26,55.51,57.64,0.76,False,-0.18,-2.00,industrial_price_cents_kwh;dc_existing_count;fiber_share_locations,0.00,,max_queue_median_age_years
938,21037,Campbell,KY,False,29.94,78.79,59.13,68.71,4.99,60.15,81.26,55.51,57.64,0.73,False,-0.14,-4.00,industrial_price_cents_kwh;plant_capacity_mw_100km;fiber_share_locations,0.00,,max_queue_median_age_years
939,47011,Bradley,TN,False,39.59,50.73,51.77,63.04,12.74,64.77,84.72,69.59,57.63,0.73,False,0.02,-9.00,industrial_price_cents_kwh;state_policy_risk;plant_capacity_mw_100km,0.00,,max_queue_median_age_years
940,47037,Davidson,TN,False,29.62,56.50,55.79,66.53,19.12,57.13,84.72,69.59,57.59,0.73,False,-0.03,-7.00,industrial_price_cents_kwh;state_policy_risk;coal_retired_mw,0.00,,max_queue_median_age_years
941,48083,Coleman,TX,False,73.23,20.81,40.65,67.02,86.43,44.25,90.33,36.26,57.51,0.76,False,-0.23,-2.00,industrial_price_cents_kwh;queue_median_age_years;pop_density_per_sqkm,0.00,,
942,48353,Nolan,TX,False,85.56,18.89,46.59,55.00,75.28,46.97,90.33,36.26,57.51,0.76,False,-0.36,1.00,industrial_price_cents_kwh;wind_speed_100m_ms;plant_clean_capacity_mw_100km,0.00,,
943,48143,Erath,TX,False,80.64,38.08,37.39,60.01,67.77,37.15,90.33,36.26,57.37,0.76,False,-0.33,4.00,industrial_price_cents_kwh;land_area_sqkm;wind_speed_100m_ms,0.00,,
944,47059,Greene,TN,False,28.61,51.76,76.11,40.25,38.61,65.41,84.72,69.59,57.29,0.73,False,-0.10,-3.00,industrial_price_cents_kwh;state_policy_risk;water_permit_risk,0.00,,max_queue_median_age_years
945,47019,Carter,TN,False,31.74,59.19,66.14,48.52,17.18,65.18,84.72,69.59,57.26,0.73,False,-0.12,-1.00,industrial_price_cents_kwh;state_policy_risk;water_permit_risk,0.00,,max_queue_median_age_years
946,05141,Van Buren,AR,False,40.43,63.98,35.21,54.12,64.12,51.22,77.50,69.59,57.26,0.73,False,0.06,-10.00,industrial_price_cents_kwh;state_policy_risk;fiber_share_locations,0.00,,max_queue_median_age_years
947,47161,Stewart,TN,False,32.38,57.30,54.82,60.83,45.56,37.47,84.72,69.59,57.24,0.73,False,-0.02,-7.00,industrial_price_cents_kwh;state_policy_risk;fiber_share_locations,0.00,,max_queue_median_age_years
948,40091,McIntosh,OK,False,56.58,31.88,37.46,65.83,55.64,46.78,95.66,53.20,57.23,0.78,False,-0.15,-863.00,industrial_price_cents_kwh;state_policy_risk;queue_median_age_years,0.00,,
949,05047,Franklin,AR,False,44.08,57.80,36.44,63.01,56.56,40.67,77.50,69.59,57.18,0.78,False,0.12,-11.00,industrial_price_cents_kwh;state_policy_risk;fiber_share_locations,0.00,,
950,40071,Kay,OK,False,67.78,20.75,41.15,48.17,61.80,62.81,95.66,53.20,57.14,0.78,False,-0.03,-5.00,industrial_price_cents_kwh;state_policy_risk;wind_speed_100m_ms,0.00,,
951,48479,Webb,TX,False,75.83,22.76,62.45,54.04,65.04,41.87,90.33,36.26,57.09,0.76,False,0.08,-9.00,industrial_price_cents_kwh;land_area_sqkm;queue_active_mw_clean_excl_storage,0.00,,
952,36033,Franklin,NY,True,80.42,95.20,52.37,46.75,75.92,63.28,6.55,55.51,57.03,0.78,False,0.01,-6.00,drought_share_weeks_d2plus;water_stress_bws;land_area_sqkm,0.00,,
953,48027,Bell,TX,False,73.62,24.25,49.94,67.15,46.45,51.54,90.33,36.26,57.00,0.76,False,-0.06,-5.00,industrial_price_cents_kwh;queue_operational_mw_online_5y;dc_existing_count,0.00,,
954,47083,Houston,TN,False,32.97,64.16,47.92,59.32,28.53,48.48,84.72,69.59,56.88,0.73,False,-0.04,-4.00,industrial_price_cents_kwh;state_policy_risk;fiber_share_locations,0.00,,max_queue_median_age_years
955,39099,Mahoning,OH,False,40.84,88.66,57.35,54.11,15.13,85.74,66.95,43.16,56.87,0.73,False,-0.16,-2.00,industrial_price_cents_kwh;plant_capacity_mw_100km;drought_share_weeks_d2plus,0.00,,max_queue_median_age_years
956,48415,Scurry,TX,False,87.02,9.97,40.14,62.37,74.04,45.92,90.33,36.26,56.85,0.76,False,-0.02,-7.00,industrial_price_cents_kwh;plant_clean_capacity_mw_100km;queue_operational_mw_online_5y,0.00,,
957,05087,Madison,AR,False,53.87,54.71,37.61,54.19,70.02,26.39,77.50,69.59,56.80,0.73,False,-0.09,-3.00,industrial_price_cents_kwh;state_policy_risk;fiber_share_locations,0.00,,max_queue_median_age_years
958,48179,Gray,TX,False,72.93,17.80,42.36,60.98,72.10,60.47,90.33,36.26,56.79,0.76,False,-0.04,-6.00,industrial_price_cents_kwh;wind_speed_100m_ms;queue_active_mw_clean_excl_storage,0.00,,
959,47043,Dickson,TN,False,30.67,58.22,56.32,56.61,29.51,51.93,84.72,69.59,56.76,0.73,False,-0.11,-3.00,industrial_price_cents_kwh;state_policy_risk;fiber_share_locations,0.00,,max_queue_median_age_years
960,05127,Scott,AR,False,40.83,61.09,32.50,51.99,76.94,44.82,77.50,69.59,56.65,0.73,False,0.03,-5.00,industrial_price_cents_kwh;state_policy_risk;nri_drought_score,0.00,,max_queue_median_age_years
961,21111,Jefferson,KY,False,33.82,71.82,63.42,68.52,9.87,71.07,81.26,38.99,56.62,0.78,False,-0.24,2.00,industrial_price_cents_kwh;water_stress_bws;coal_retired_mw,0.00,,
962,48399,Runnels,TX,False,70.44,23.43,47.16,59.82,81.96,42.43,90.33,36.26,56.61,0.76,False,-0.10,-4.00,industrial_price_cents_kwh;plant_clean_capacity_mw_100km;pop_density_per_sqkm,0.00,,
963,05149,Yell,AR,False,42.52,59.26,32.91,48.55,73.11,52.41,77.50,69.59,56.60,0.73,False,0.02,-6.00,industrial_price_cents_kwh;state_policy_risk;water_stress_bws,0.00,,max_queue_median_age_years
964,40153,Woodward,OK,False,69.44,22.75,39.59,48.88,80.43,36.17,95.66,53.20,56.55,0.78,False,-0.33,6.00,industrial_price_cents_kwh;state_policy_risk;wind_speed_100m_ms,0.00,,
965,40011,Blaine,OK,False,62.15,26.10,33.94,59.11,79.53,34.53,95.66,53.20,56.53,0.73,False,-0.21,1.00,industrial_price_cents_kwh;state_policy_risk;wind_speed_100m_ms,0.00,,max_queue_median_age_years
966,48335,Mitchell,TX,False,73.77,9.30,41.62,73.92,78.50,39.64,90.33,36.26,56.46,0.76,False,0.03,-6.00,industrial_price_cents_kwh;plant_clean_capacity_mw_100km;queue_active_mw_clean_excl_storage,0.00,,
967,48451,Tom Green,TX,False,82.89,15.74,47.26,59.99,61.45,44.76,90.33,36.26,56.44,0.76,False,-0.13,0.00,industrial_price_cents_kwh;land_area_sqkm;queue_operational_mw_online_5y,0.00,,
968,48049,Brown,TX,False,79.71,20.55,50.16,52.81,64.89,49.37,90.33,36.26,56.40,0.76,False,-0.19,4.00,industrial_price_cents_kwh;queue_operational_mw_online_5y;queue_active_mw_clean_excl_storage,0.00,,
969,48249,Jim Wells,TX,False,73.31,18.90,53.28,62.68,60.31,44.63,90.33,36.26,56.39,0.76,False,0.03,-8.00,industrial_price_cents_kwh;queue_withdrawal_rate;queue_operational_mw_online_5y,0.00,,
970,48195,Hansford,TX,False,79.50,28.49,39.86,60.60,81.70,25.35,90.33,36.26,56.38,0.76,False,-0.39,10.00,industrial_price_cents_kwh;pop_density_per_sqkm;wind_speed_100m_ms,0.00,,
971,40039,Custer,OK,False,60.40,24.63,44.83,54.56,70.83,37.82,95.66,53.20,56.37,0.73,False,-0.16,0.00,industrial_price_cents_kwh;state_policy_risk;wind_speed_100m_ms,0.00,,max_queue_median_age_years
972,40005,Atoka,OK,False,56.23,40.55,35.86,54.24,77.76,30.59,95.66,53.20,56.37,0.78,False,0.03,-10.00,industrial_price_cents_kwh;state_policy_risk;water_stress_bws,0.00,,
973,48307,McCulloch,TX,False,78.00,10.08,44.75,62.09,83.79,42.52,90.33,36.26,56.37,0.76,False,-0.04,-9.00,industrial_price_cents_kwh;pop_density_per_sqkm;queue_withdrawal_rate,0.00,,
974,21147,McCreary,KY,False,30.79,68.21,54.97,57.14,39.13,57.69,81.26,55.51,56.36,0.73,False,-0.04,-9.00,industrial_price_cents_kwh;fiber_share_locations;water_permit_risk,0.00,,max_queue_median_age_years
975,48437,Swisher,TX,False,85.77,23.69,32.98,64.01,78.69,42.64,90.33,27.06,56.33,0.76,False,-0.02,-7.00,industrial_price_cents_kwh;queue_operational_mw_online_5y;wind_speed_100m_ms,0.00,,
976,45083,Spartanburg,SC,False,55.69,22.29,60.80,59.38,38.76,60.90,69.11,69.59,56.32,0.78,False,0.18,-17.00,industrial_price_cents_kwh;state_policy_risk;plant_clean_capacity_mw_100km,0.00,,
977,47173,Union,TN,False,31.61,63.96,58.05,57.29,18.64,41.14,84.72,69.59,56.24,0.73,False,-0.08,-4.00,industrial_price_cents_kwh;state_policy_risk;fiber_share_locations,0.00,,max_queue_median_age_years
978,05129,Searcy,AR,False,42.77,55.00,36.90,47.33,67.95,54.41,77.50,69.59,56.24,0.73,False,-0.10,-4.00,industrial_price_cents_kwh;state_policy_risk;nri_drought_score,0.00,,max_queue_median_age_years
979,48189,Hale,TX,False,79.97,20.73,40.54,62.65,69.43,55.02,90.33,27.06,56.20,0.76,False,-0.07,-4.00,industrial_price_cents_kwh;wind_speed_100m_ms;queue_operational_mw_online_5y,0.00,,
980,47025,Claiborne,TN,False,28.93,59.36,56.62,51.68,31.04,53.53,84.72,69.59,56.15,0.73,False,-0.12,-3.00,industrial_price_cents_kwh;state_policy_risk;fiber_share_locations,0.00,,max_queue_median_age_years
981,48025,Bee,TX,False,75.18,24.68,52.26,54.88,64.67,42.31,90.33,36.26,56.15,0.76,False,0.08,-12.00,industrial_price_cents_kwh;queue_operational_mw_online_5y;queue_active_mw_clean_excl_storage,0.00,,
982,21239,Woodford,KY,False,33.54,62.73,54.93,70.35,13.48,53.71,81.26,55.51,56.06,0.73,False,-0.16,2.00,industrial_price_cents_kwh;coal_retired_mw;plant_capacity_mw_100km,0.00,,max_queue_median_age_years
983,48253,Jones,TX,False,84.45,12.56,43.92,54.99,73.16,45.92,90.33,36.26,56.03,0.76,False,-0.37,6.00,industrial_price_cents_kwh;plant_clean_capacity_mw_100km;queue_active_mw_clean_excl_storage,0.00,,
984,47005,Benton,TN,False,29.80,59.06,53.04,52.29,35.99,50.82,84.72,69.59,56.02,0.73,False,-0.01,-6.00,industrial_price_cents_kwh;state_policy_risk;water_stress_bws,0.00,,max_queue_median_age_years
985,36049,Lewis,NY,True,78.77,92.76,56.29,38.94,78.30,64.31,6.55,55.51,56.01,0.76,False,-0.09,-2.00,drought_share_weeks_d2plus;nri_drought_score;cdd_hist,0.00,,max_queue_median_age_years
986,21073,Franklin,KY,False,31.81,64.43,57.61,67.92,10.37,56.47,81.26,55.51,55.97,0.73,False,-0.07,-1.00,industrial_price_cents_kwh;plant_capacity_mw_100km;fiber_share_locations,0.00,,max_queue_median_age_years
987,48115,Dawson,TX,False,78.13,12.00,40.58,62.81,75.97,45.71,90.33,36.26,55.97,0.76,False,0.04,-8.00,industrial_price_cents_kwh;queue_withdrawal_rate;fiber_share_locations,0.00,,
988,40035,Craig,OK,False,60.52,46.31,36.28,40.31,68.72,41.29,95.66,53.20,55.93,0.76,False,0.02,-6.00,industrial_price_cents_kwh;state_policy_risk;water_stress_bws,0.00,,max_queue_median_age_years
989,48009,Archer,TX,False,72.10,30.45,42.09,64.98,78.34,21.75,90.33,36.26,55.88,0.76,False,-0.21,-1.00,industrial_price_cents_kwh;pop_density_per_sqkm;wind_speed_100m_ms,0.00,,
990,22085,Sabine,LA,False,47.86,40.83,31.21,49.58,68.17,53.79,97.93,55.51,55.87,0.78,False,0.08,-9.00,industrial_price_cents_kwh;queue_active_mw_clean_excl_storage;water_permit_risk,0.00,,
991,48207,Haskell,TX,False,84.97,16.48,38.44,56.31,80.77,36.39,90.33,36.26,55.84,0.76,False,-0.59,8.00,industrial_price_cents_kwh;pop_density_per_sqkm;queue_operational_mw_online_5y,0.00,,
992,47137,Pickett,TN,False,31.06,63.45,48.49,53.56,31.83,46.75,84.72,69.59,55.76,0.73,False,-0.12,0.00,industrial_price_cents_kwh;state_policy_risk;fiber_share_locations,0.00,,max_queue_median_age_years
993,48059,Callahan,TX,False,85.73,22.16,48.59,50.18,74.85,27.77,90.33,36.26,55.76,0.76,False,-0.30,3.00,industrial_price_cents_kwh;wind_speed_100m_ms;queue_active_mw_clean_excl_storage,0.00,,
994,40093,Major,OK,False,70.14,18.84,32.83,53.63,81.09,30.89,95.66,53.20,55.71,0.73,False,-0.07,-3.00,industrial_price_cents_kwh;state_policy_risk;pop_density_per_sqkm,0.00,,max_queue_median_age_years
995,36029,Erie,NY,True,70.96,85.90,62.31,50.99,43.07,82.46,6.55,55.51,55.71,0.76,False,-0.01,-8.00,dc_existing_count;water_stress_bws;grid_co2_lb_mwh,0.00,,max_queue_median_age_years
996,39153,Summit,OH,False,36.21,77.03,61.29,61.38,13.12,79.47,66.95,43.16,55.68,0.73,False,-0.04,-6.00,industrial_price_cents_kwh;dc_existing_count;drought_share_weeks_d2plus,0.00,,max_queue_median_age_years
997,48427,Starr,TX,False,77.50,15.22,47.77,60.97,64.65,40.30,90.33,36.26,55.60,0.76,False,-0.06,-3.00,industrial_price_cents_kwh;queue_active_mw_clean_excl_storage;land_area_sqkm,0.00,,
998,35009,Curry,NM,False,69.20,18.48,44.00,56.41,72.80,40.94,99.49,36.26,55.55,0.76,False,0.01,-5.00,industrial_price_cents_kwh;land_area_sqkm;wind_speed_100m_ms,0.00,,
999,40075,Kiowa,OK,False,73.99,13.17,37.46,43.54,82.12,40.03,95.66,53.20,55.48,0.73,False,-0.04,-2.00,industrial_price_cents_kwh;state_policy_risk;wind_speed_100m_ms,0.00,,max_queue_median_age_years
1000,21145,McCracken,KY,False,42.90,51.97,49.35,64.07,10.97,64.92,81.26,55.51,55.37,0.78,False,-0.16,0.00,industrial_price_cents_kwh;water_stress_bws;dc_existing_count,0.00,,
1001,21223,Trimble,KY,False,31.36,72.67,50.75,66.29,22.69,40.26,81.26,55.51,55.28,0.78,False,-0.15,2.00,industrial_price_cents_kwh;queue_median_age_years;queue_withdrawal_rate,0.00,,
1002,48135,Ector,TX,False,84.04,6.62,48.60,63.32,45.98,45.91,90.33,36.26,55.24,0.76,False,-0.04,-1.00,industrial_price_cents_kwh;queue_active_mw_clean_excl_storage;queue_operational_mw_online_5y,0.00,,
1003,05105,Perry,AR,False,37.89,52.44,34.54,62.42,57.03,38.88,77.50,69.59,55.15,0.71,False,0.03,-1.00,industrial_price_cents_kwh;state_policy_risk;fiber_share_locations,0.00,,max_queue_median_age_years
1004,40065,Jackson,OK,False,65.46,9.92,40.84,57.28,63.90,41.09,95.66,53.20,55.14,0.78,False,-0.06,1.00,industrial_price_cents_kwh;state_policy_risk;queue_median_age_years,0.00,,
1005,05083,Logan,AR,False,36.03,56.37,32.95,52.73,60.53,52.61,77.50,69.59,55.07,0.73,False,0.03,-1.00,industrial_price_cents_kwh;state_policy_risk;fiber_share_locations,0.00,,max_queue_median_age_years
1006,47013,Campbell,TN,False,31.47,60.00,52.11,38.85,32.49,63.58,84.72,69.59,55.07,0.73,False,-0.06,3.00,industrial_price_cents_kwh;state_policy_risk;water_permit_risk,0.00,,max_queue_median_age_years
1007,48389,Reeves,TX,False,67.66,5.59,46.90,66.50,91.72,34.46,90.33,36.26,55.04,0.76,False,-0.02,1.00,industrial_price_cents_kwh;land_area_sqkm;pop_density_per_sqkm,0.00,,
1008,40063,Hughes,OK,False,56.41,45.29,36.00,35.50,71.15,46.62,95.66,53.20,55.02,0.76,False,-0.12,4.00,industrial_price_cents_kwh;state_policy_risk;wind_speed_100m_ms,0.00,,max_queue_median_age_years
1009,48469,Victoria,TX,False,75.52,13.60,49.90,62.73,49.89,44.68,90.33,36.26,55.00,0.76,False,-0.05,1.00,industrial_price_cents_kwh;queue_active_mw_clean_excl_storage;queue_operational_mw_online_5y,0.00,,
1010,39139,Richland,OH,False,32.25,77.77,63.46,52.92,24.46,79.84,66.95,43.16,54.93,0.76,False,-0.06,4.00,industrial_price_cents_kwh;drought_share_weeks_d2plus;coal_retired_mw,0.00,,max_queue_median_age_years
1011,47021,Cheatham,TN,False,28.22,58.67,50.67,56.69,17.14,51.82,84.72,69.59,54.93,0.73,False,-0.03,0.00,industrial_price_cents_kwh;state_policy_risk;fiber_share_locations,0.00,,max_queue_median_age_years
1012,21077,Gallatin,KY,False,31.48,72.37,53.84,64.92,16.68,39.25,81.26,55.51,54.92,0.73,False,-0.12,5.00,industrial_price_cents_kwh;plant_capacity_mw_100km;drought_share_weeks_d2plus,0.00,,max_queue_median_age_years
1013,45045,Greenville,SC,False,50.43,22.15,59.89,58.60,36.19,58.86,69.11,69.59,54.92,0.76,False,0.13,-6.00,industrial_price_cents_kwh;state_policy_risk;dc_existing_count,0.00,,max_queue_median_age_years
1014,48305,Lynn,TX,False,80.46,11.30,37.62,62.43,79.77,31.84,90.33,36.26,54.91,0.71,False,-0.04,-1.00,industrial_price_cents_kwh;fiber_share_locations;pop_density_per_sqkm,0.00,,max_queue_median_age_years
1015,21049,Clark,KY,False,34.75,65.64,60.78,51.55,14.94,58.25,81.26,55.51,54.90,0.76,False,-0.05,0.00,industrial_price_cents_kwh;coal_retired_mw;water_permit_risk,0.00,,max_queue_median_age_years
1016,21173,Montgomery,KY,False,37.47,71.90,61.09,41.15,13.65,63.88,81.26,55.51,54.90,0.76,False,-0.13,4.00,industrial_price_cents_kwh;water_permit_risk;water_stress_bws,0.00,,max_queue_median_age_years
1017,40141,Tillman,OK,False,56.92,21.81,40.03,43.09,77.89,52.22,95.66,53.20,54.88,0.76,False,-0.26,11.00,industrial_price_cents_kwh;state_policy_risk;pop_density_per_sqkm,0.00,,max_queue_median_age_years
1018,48021,Bastrop,TX,False,64.77,17.00,52.38,68.95,48.99,43.97,90.33,36.26,54.88,0.76,False,-0.18,5.00,industrial_price_cents_kwh;dc_existing_count;queue_withdrawal_rate,0.00,,
1019,36067,Onondaga,NY,True,71.44,90.01,64.35,48.15,36.23,73.76,6.55,55.51,54.87,0.76,False,-0.03,-3.00,drought_share_weeks_d2plus;nri_drought_score;grid_co2_lb_mwh,0.00,,max_queue_median_age_years
1020,21209,Scott,KY,False,34.63,64.11,63.40,52.76,13.57,55.55,81.26,55.51,54.87,0.76,False,-0.12,1.00,industrial_price_cents_kwh;plant_capacity_mw_100km;drought_share_weeks_d2plus,0.00,,max_queue_median_age_years
1021,21205,Rowan,KY,False,30.03,73.90,56.39,51.03,20.73,57.12,81.26,55.51,54.86,0.73,False,-0.09,-2.00,industrial_price_cents_kwh;water_stress_bws;water_permit_risk,0.00,,max_queue_median_age_years
1022,21005,Anderson,KY,False,32.05,71.57,58.23,56.78,15.02,48.37,81.26,55.51,54.85,0.73,False,-0.11,0.00,industrial_price_cents_kwh;plant_capacity_mw_100km;drought_share_weeks_d2plus,0.00,,max_queue_median_age_years
1023,21023,Bracken,KY,False,32.48,79.39,56.83,46.22,28.47,45.57,81.26,55.51,54.75,0.73,False,-0.10,2.00,industrial_price_cents_kwh;water_stress_bws;plant_capacity_mw_100km,0.00,,max_queue_median_age_years
1024,21085,Grayson,KY,False,30.17,62.80,51.35,57.35,39.42,51.73,81.26,55.51,54.74,0.73,False,-0.22,7.00,industrial_price_cents_kwh;water_permit_risk;drought_share_weeks_d2plus,0.00,,max_queue_median_age_years
1025,53003,Asotin,WA,False,54.09,67.26,57.71,29.60,55.16,41.38,77.50,53.20,54.71,0.76,False,0.36,-19.00,industrial_price_cents_kwh;state_policy_risk;grid_renewable_share,0.00,,max_queue_median_age_years
1026,42083,McKean,PA,False,56.61,88.36,58.85,32.51,65.47,79.60,38.13,43.16,54.69,0.78,False,-0.06,1.00,drought_share_weeks_d2plus;nri_drought_score;cdd_hist,0.00,,
1027,40149,Washita,OK,False,68.82,17.43,38.18,43.24,80.36,34.74,95.66,53.20,54.67,0.73,False,-0.03,-1.00,industrial_price_cents_kwh;state_policy_risk;wind_speed_100m_ms,0.00,,max_queue_median_age_years
1028,22115,Vernon,LA,False,29.59,49.67,39.06,47.04,71.70,50.65,97.93,55.51,54.65,0.73,False,0.03,-4.00,industrial_price_cents_kwh;nri_drought_score;land_area_sqkm,0.00,,max_queue_median_age_years
1029,49015,Emery,UT,False,64.08,52.54,58.53,54.50,96.17,27.69,41.52,53.20,54.62,0.78,False,0.16,-11.00,state_policy_risk;land_area_sqkm;pop_density_per_sqkm,0.00,,
1030,36019,Clinton,NY,True,69.78,93.94,53.89,47.56,57.94,65.68,6.55,55.51,54.54,0.78,False,0.05,-1.00,drought_share_weeks_d2plus;water_stress_bws;nri_drought_score,0.00,,
1031,05001,Arkansas,AR,False,44.78,45.83,31.17,48.42,76.95,42.25,77.50,69.59,54.52,0.78,False,0.08,-1.00,industrial_price_cents_kwh;state_policy_risk;queue_active_mw_clean_excl_storage,0.00,,
1032,48491,Williamson,TX,False,60.71,20.47,50.29,68.86,45.29,48.01,90.33,36.26,54.50,0.73,False,-0.04,0.00,industrial_price_cents_kwh;dc_existing_count;queue_withdrawal_rate,0.00,,max_queue_median_age_years
1033,48485,Wichita,TX,False,72.97,18.30,46.01,62.63,34.51,54.77,90.33,36.26,54.50,0.76,False,-0.25,3.00,industrial_price_cents_kwh;queue_active_mw_clean_excl_storage;plant_clean_capacity_mw_100km,0.00,,
1034,47081,Hickman,TN,False,29.32,43.42,55.15,49.57,51.35,45.09,84.72,69.59,54.48,0.73,False,-0.32,7.00,industrial_price_cents_kwh;state_policy_risk;water_permit_risk,0.00,,max_queue_median_age_years
1035,21025,Breathitt,KY,False,24.85,64.19,61.25,46.67,48.73,53.96,81.26,55.51,54.45,0.73,False,-0.20,0.00,industrial_price_cents_kwh;nri_drought_score;water_permit_risk,0.00,,max_queue_median_age_years
1036,05097,Montgomery,AR,False,39.55,56.20,32.91,38.30,73.35,54.65,77.50,69.59,54.42,0.73,False,-0.19,2.00,industrial_price_cents_kwh;state_policy_risk;nri_drought_score,0.00,,max_queue_median_age_years
1037,05039,Dallas,AR,False,31.07,40.80,43.26,51.50,69.20,56.30,77.50,69.59,54.40,0.73,False,-0.27,5.00,industrial_price_cents_kwh;state_policy_risk;pop_density_per_sqkm,0.00,,max_queue_median_age_years
1038,48089,Colorado,TX,False,67.89,20.19,47.31,62.02,73.85,27.63,90.33,36.26,54.38,0.76,False,-0.14,-1.00,industrial_price_cents_kwh;queue_withdrawal_rate;queue_active_mw_clean_excl_storage,0.00,,
1039,21215,Spencer,KY,False,31.06,75.35,54.99,54.09,15.73,47.85,81.26,55.51,54.36,0.71,False,-0.19,1.00,industrial_price_cents_kwh;water_stress_bws;plant_capacity_mw_100km,0.00,,max_queue_median_age_years
1040,40077,Latimer,OK,False,43.79,57.76,34.13,39.21,70.01,40.44,95.66,53.20,54.32,0.73,False,-0.02,-7.00,industrial_price_cents_kwh;state_policy_risk;nri_drought_score,0.00,,max_queue_median_age_years
1041,21185,Oldham,KY,False,32.10,75.35,55.16,68.43,7.88,54.39,81.26,38.99,54.23,0.73,False,-0.18,6.00,industrial_price_cents_kwh;plant_capacity_mw_100km;fiber_share_locations,0.00,,max_queue_median_age_years
1042,21021,Boyle,KY,False,35.10,69.75,66.12,38.93,11.79,61.50,81.26,55.51,54.21,0.76,False,0.00,-3.00,industrial_price_cents_kwh;water_permit_risk;nri_drought_score,0.00,,max_queue_median_age_years
1043,05099,Nevada,AR,False,40.49,43.24,36.51,49.52,64.67,49.92,77.50,69.59,54.17,0.78,False,-0.22,8.00,industrial_price_cents_kwh;state_policy_risk;queue_active_mw_clean_excl_storage,0.00,,
1044,48279,Lamb,TX,False,67.93,24.42,33.42,55.56,79.61,45.57,90.33,36.26,54.16,0.76,False,-0.09,2.00,industrial_price_cents_kwh;wind_speed_100m_ms;land_area_sqkm,0.00,,
1045,48297,Live Oak,TX,False,61.83,25.75,51.47,54.18,80.96,30.77,90.33,36.26,54.16,0.76,False,0.14,-11.00,industrial_price_cents_kwh;pop_density_per_sqkm;land_area_sqkm,0.00,,
1046,05051,Garland,AR,False,38.42,55.49,36.55,48.79,39.21,57.77,77.50,69.59,54.14,0.73,False,-0.14,3.00,industrial_price_cents_kwh;state_policy_risk;nri_drought_score,0.00,,max_queue_median_age_years
1047,25003,Berkshire,MA,False,76.50,84.06,48.45,50.47,49.58,79.01,2.27,55.51,54.12,0.78,False,-0.04,-3.00,cdd_hist;queue_operational_mw_online_5y;grid_co2_lb_mwh,0.00,,
1048,40083,Logan,OK,False,59.51,23.81,44.88,48.35,50.45,41.24,95.66,53.20,54.10,0.76,False,-0.25,5.00,industrial_price_cents_kwh;state_policy_risk;wind_speed_100m_ms,0.00,,max_queue_median_age_years
1049,36101,Steuben,NY,True,78.79,75.96,55.83,39.47,62.82,77.22,6.55,55.51,54.09,0.78,False,-0.01,-4.00,drought_share_weeks_d2plus;land_area_sqkm;grid_co2_lb_mwh,0.00,,
1050,05085,Lonoke,AR,False,45.09,45.81,35.33,55.67,47.15,40.40,77.50,69.59,53.98,0.78,False,0.04,-2.00,industrial_price_cents_kwh;state_policy_risk;queue_active_mw_clean_excl_storage,0.00,,
1051,50003,Bennington,VT,False,67.49,92.15,46.94,57.54,49.82,57.80,4.52,60.85,53.97,0.71,False,0.01,-1.00,drought_share_weeks_d2plus;water_permit_risk;cdd_hist,0.00,,max_queue_median_age_years
1052,45037,Edgefield,SC,False,51.90,24.32,49.99,62.73,39.58,45.29,69.11,69.59,53.93,0.73,False,0.38,-796.00,industrial_price_cents_kwh;state_policy_risk;plant_capacity_mw_100km,0.00,,max_queue_median_age_years
1053,13313,Whitfield,GA,False,44.53,46.54,48.15,74.47,11.13,67.41,62.98,55.51,53.90,0.73,False,0.19,-10.00,industrial_price_cents_kwh;dc_existing_count;plant_capacity_mw_100km,0.00,,max_queue_median_age_years
1054,39095,Lucas,OH,False,40.85,77.13,45.03,57.06,8.91,83.44,66.95,43.16,53.86,0.76,False,0.04,-2.00,industrial_price_cents_kwh;coal_retired_mw;water_stress_bws,0.00,,max_queue_median_age_years
1055,21227,Warren,KY,False,30.93,57.50,54.87,51.13,27.20,62.96,81.26,55.51,53.81,0.73,False,-0.14,0.00,industrial_price_cents_kwh;water_permit_risk;drought_share_weeks_d2plus,0.00,,max_queue_median_age_years
1056,48107,Crosby,TX,False,74.05,11.31,35.55,57.77,80.77,40.88,90.33,36.26,53.81,0.73,False,-0.03,-2.00,industrial_price_cents_kwh;pop_density_per_sqkm;wind_speed_100m_ms,0.00,,
1057,48337,Montague,TX,False,67.69,21.98,45.45,62.26,72.74,37.64,90.33,27.06,53.74,0.76,False,-0.33,10.00,industrial_price_cents_kwh;queue_median_age_years;queue_withdrawal_rate,0.00,,
1058,48439,Tarrant,TX,False,66.23,23.43,56.23,79.53,35.98,65.72,90.33,2.28,53.71,0.76,False,-0.10,0.00,industrial_price_cents_kwh;dc_existing_count;plant_capacity_mw_100km,0.00,,
1059,21031,Butler,KY,False,29.04,60.18,49.69,50.74,43.57,56.05,81.26,55.51,53.69,0.76,False,-0.25,7.00,industrial_price_cents_kwh;fiber_share_locations;water_permit_risk,0.00,,max_queue_median_age_years
1060,36065,Oneida,NY,True,65.28,89.88,63.33,37.81,51.64,78.53,6.55,55.51,53.67,0.76,False,-0.00,-4.00,drought_share_weeks_d2plus;nri_drought_score;grid_co2_lb_mwh,0.00,,max_queue_median_age_years
1061,48453,Travis,TX,False,58.34,18.23,56.20,74.30,41.33,47.11,90.33,27.06,53.65,0.76,False,-0.20,3.00,industrial_price_cents_kwh;dc_existing_count;queue_operational_mw_online_5y,0.00,,
1062,36013,Chautauqua,NY,True,83.76,86.82,49.39,46.30,53.26,81.92,6.55,38.99,53.64,0.78,False,-0.06,-3.00,drought_share_weeks_d2plus;nri_drought_score;grid_co2_lb_mwh,0.00,,
1063,21179,Nelson,KY,False,29.55,72.99,51.50,48.08,24.88,53.25,81.26,55.51,53.59,0.73,False,-0.20,5.00,industrial_price_cents_kwh;water_stress_bws;drought_share_weeks_d2plus,0.00,,max_queue_median_age_years
1064,21193,Perry,KY,False,28.91,66.16,61.87,41.48,23.67,61.99,81.26,55.51,53.57,0.76,False,-0.18,6.00,industrial_price_cents_kwh;nri_drought_score;water_permit_risk,0.00,,max_queue_median_age_years
1065,47147,Robertson,TN,False,32.96,46.80,52.62,48.72,26.42,47.83,84.72,69.59,53.55,0.76,False,-0.23,8.00,industrial_price_cents_kwh;state_policy_risk;fiber_share_locations,0.00,,max_queue_median_age_years
1066,48369,Parmer,TX,False,70.20,15.08,40.43,59.57,76.49,32.68,90.33,36.26,53.54,0.71,False,-0.09,-1.00,industrial_price_cents_kwh;fiber_share_locations;wind_speed_100m_ms,0.00,,max_queue_median_age_years
1067,40099,Murray,OK,False,69.58,22.51,37.69,48.39,41.01,35.54,95.66,53.20,53.51,0.76,False,-0.17,5.00,industrial_price_cents_kwh;state_policy_risk;queue_operational_mw_online_5y,0.00,,max_queue_median_age_years
1068,47041,DeKalb,TN,False,29.96,41.12,50.68,54.31,24.69,54.19,84.72,69.59,53.46,0.73,False,0.02,-6.00,industrial_price_cents_kwh;state_policy_risk;fiber_share_locations,0.00,,max_queue_median_age_years
1069,05029,Conway,AR,False,42.93,57.26,33.74,41.48,47.67,49.39,77.50,69.59,53.46,0.76,False,0.04,-8.00,industrial_price_cents_kwh;state_policy_risk;water_stress_bws,0.00,,max_queue_median_age_years
1070,48149,Fayette,TX,False,64.68,18.46,46.52,61.72,71.28,28.71,90.33,36.26,53.46,0.76,False,-0.15,4.00,industrial_price_cents_kwh;queue_withdrawal_rate;queue_operational_mw_online_5y,0.00,,
1071,48347,Nacogdoches,TX,False,49.88,44.10,37.00,57.44,57.48,51.49,90.33,36.26,53.45,0.76,False,0.07,-11.00,industrial_price_cents_kwh;queue_withdrawal_rate;queue_active_mw_clean_excl_storage,0.00,,
1072,36007,Broome,NY,True,62.10,85.95,62.75,47.96,36.59,81.76,6.55,55.51,53.45,0.76,False,-0.09,-1.00,drought_share_weeks_d2plus;dc_existing_count;nri_drought_score,0.00,,max_queue_median_age_years
1073,05025,Cleveland,AR,False,32.47,55.27,36.06,46.41,64.06,45.34,77.50,69.59,53.42,0.76,False,-0.03,-4.00,industrial_price_cents_kwh;state_policy_risk;nri_drought_score,0.00,,max_queue_median_age_years
1074,21187,Owen,KY,False,32.41,63.38,53.11,55.75,37.23,33.44,81.26,55.51,53.41,0.73,False,-0.14,2.00,industrial_price_cents_kwh;plant_capacity_mw_100km;drought_share_weeks_d2plus,0.00,,max_queue_median_age_years
1075,21131,Leslie,KY,False,28.05,67.69,61.81,35.92,42.89,54.20,81.26,55.51,53.41,0.73,False,-0.17,2.00,industrial_price_cents_kwh;nri_drought_score;water_permit_risk,0.00,,max_queue_median_age_years
1076,41051,Multnomah,OR,False,65.26,81.25,70.58,47.84,13.86,71.36,33.40,39.12,53.38,0.78,False,0.26,-19.00,water_stress_bws;cdd_hist;grid_renewable_share,0.00,,
1077,05049,Fulton,AR,False,35.10,51.77,37.06,51.27,61.50,36.64,77.50,69.59,53.35,0.71,False,-0.13,2.00,industrial_price_cents_kwh;state_policy_risk;fiber_share_locations,0.00,,max_queue_median_age_years
1078,47149,Rutherford,TN,False,32.23,35.49,54.36,51.04,29.41,53.00,84.72,69.59,53.29,0.73,False,-0.10,3.00,industrial_price_cents_kwh;state_policy_risk;fiber_share_locations,0.00,,max_queue_median_age_years
1079,39145,Scioto,OH,False,27.99,62.57,58.85,57.31,37.52,77.56,66.95,43.16,53.29,0.73,False,0.00,-4.00,industrial_price_cents_kwh;plant_capacity_mw_100km;drought_share_weeks_d2plus,0.00,,max_queue_median_age_years
1080,36009,Cattaraugus,NY,True,70.05,89.12,53.02,33.55,64.39,78.08,6.55,55.51,53.26,0.76,False,-0.02,-2.00,drought_share_weeks_d2plus;nri_drought_score;cdd_hist,0.00,,max_queue_median_age_years
1081,21115,Johnson,KY,False,24.57,61.82,57.52,54.28,20.42,57.68,81.26,55.51,53.24,0.73,False,-0.02,-1.00,industrial_price_cents_kwh;fiber_share_locations;nri_drought_score,0.00,,max_queue_median_age_years
1082,36075,Oswego,NY,True,68.29,90.39,56.36,38.76,50.85,75.78,6.55,55.51,53.22,0.76,False,-0.08,4.00,drought_share_weeks_d2plus;nri_drought_score;grid_co2_lb_mwh,0.00,,max_queue_median_age_years
1083,40061,Haskell,OK,False,42.88,39.31,30.94,52.55,58.78,44.12,95.66,53.20,53.19,0.73,False,-0.03,1.00,industrial_price_cents_kwh;state_policy_risk;water_stress_bws,0.00,,max_queue_median_age_years
1084,21043,Carter,KY,False,27.18,62.10,57.62,41.55,30.70,66.49,81.26,55.51,53.19,0.73,False,-0.05,3.00,industrial_price_cents_kwh;water_permit_risk;nri_drought_score,0.00,,max_queue_median_age_years
1085,27037,Dakota,MN,False,57.98,73.82,64.04,72.72,24.04,61.99,8.94,55.51,53.14,0.78,False,-0.17,8.00,coal_retired_mw;dc_existing_count;water_permit_risk,0.00,,
1086,48169,Garza,TX,False,61.34,7.70,43.06,62.89,80.01,41.32,90.33,36.26,53.10,0.71,False,-0.03,2.00,industrial_price_cents_kwh;fiber_share_locations;pop_density_per_sqkm,0.00,,max_queue_median_age_years
1087,05095,Monroe,AR,False,43.28,49.67,34.04,36.31,65.46,49.82,77.50,69.59,53.10,0.76,False,0.05,-2.00,industrial_price_cents_kwh;state_policy_risk;queue_operational_mw_online_5y,0.00,,max_queue_median_age_years
1088,22121,West Baton Rouge,LA,False,44.77,39.35,55.87,52.75,13.41,32.24,97.93,55.51,53.08,0.76,False,-0.24,11.00,industrial_price_cents_kwh;water_stress_bws;plant_capacity_mw_100km,0.00,,max_queue_median_age_years
1089,13063,Clayton,GA,False,33.60,44.95,60.40,76.51,2.32,65.28,62.98,55.51,53.03,0.73,False,0.17,-7.00,industrial_price_cents_kwh;dc_existing_count;plant_capacity_mw_100km,0.00,,max_queue_median_age_years
1090,23007,Franklin,ME,False,65.21,77.52,54.25,45.24,81.89,59.57,3.36,60.85,53.03,0.71,False,0.03,-1.00,water_permit_risk;cdd_hist;water_stress_bws,0.00,,max_queue_median_age_years
1091,22065,Madison,LA,False,38.53,44.25,44.83,30.94,63.77,49.92,97.93,55.51,52.99,0.76,False,-0.10,6.00,industrial_price_cents_kwh;water_stress_bws;water_permit_risk,0.00,,max_queue_median_age_years
1092,48381,Randall,TX,False,70.84,18.27,47.69,53.40,48.05,44.08,90.33,36.26,52.97,0.73,False,0.08,-2.00,industrial_price_cents_kwh;wind_speed_100m_ms;fiber_share_locations,0.00,,max_queue_median_age_years
1093,05041,Desha,AR,False,39.64,48.22,39.82,31.44,69.83,54.03,77.50,69.59,52.97,0.76,False,0.05,-2.00,industrial_price_cents_kwh;state_policy_risk;water_permit_risk,0.00,,max_queue_median_age_years
1094,42049,Erie,PA,False,64.98,83.62,50.99,33.93,39.48,79.70,38.13,43.16,52.93,0.78,False,-0.02,2.00,drought_share_weeks_d2plus;nri_drought_score;cdd_hist,0.00,,
1095,22049,Jackson,LA,False,30.21,57.49,42.51,33.47,54.54,51.71,97.93,55.51,52.93,0.73,False,-0.04,3.00,industrial_price_cents_kwh;nri_drought_score;water_stress_bws,0.00,,max_queue_median_age_years
1096,39109,Miami,OH,False,44.64,65.41,51.82,57.10,17.85,65.27,66.95,43.16,52.92,0.76,False,0.06,-4.00,industrial_price_cents_kwh;drought_share_weeks_d2plus;coal_retired_mw,0.00,,max_queue_median_age_years
1097,48003,Andrews,TX,False,76.51,6.18,45.60,53.83,84.06,23.23,90.33,36.26,52.89,0.76,False,-0.06,3.00,industrial_price_cents_kwh;land_area_sqkm;queue_operational_mw_online_5y,0.00,,
1098,48401,Rusk,TX,False,50.83,35.52,36.64,61.62,59.42,46.57,90.33,36.26,52.89,0.76,False,0.06,-3.00,industrial_price_cents_kwh;queue_withdrawal_rate;queue_active_mw_clean_excl_storage,0.00,,
1099,48255,Karnes,TX,False,61.64,8.52,51.76,64.93,67.58,30.59,90.33,36.26,52.83,0.76,False,0.13,-5.00,industrial_price_cents_kwh;queue_withdrawal_rate;queue_active_mw_clean_excl_storage,0.00,,
1100,22011,Beauregard,LA,False,40.63,24.66,27.55,59.42,71.89,37.78,97.93,55.51,52.80,0.78,False,-0.10,1.00,industrial_price_cents_kwh;queue_median_age_years;land_area_sqkm,0.00,,
1101,48445,Terry,TX,False,65.37,12.52,41.23,55.37,75.51,42.75,90.33,36.26,52.74,0.73,False,-0.04,1.00,industrial_price_cents_kwh;fiber_share_locations;pop_density_per_sqkm,0.00,,max_queue_median_age_years
1102,22059,LaSalle,LA,False,36.42,37.24,37.08,48.83,59.49,42.40,97.93,55.51,52.72,0.73,False,-0.10,3.00,industrial_price_cents_kwh;water_stress_bws;water_permit_risk,0.00,,max_queue_median_age_years
1103,40009,Beckham,OK,False,62.90,10.90,46.37,38.71,70.17,36.40,95.66,53.20,52.71,0.76,False,-0.06,1.00,industrial_price_cents_kwh;state_policy_risk;wind_speed_100m_ms,0.00,,max_queue_median_age_years
1104,21113,Jessamine,KY,False,30.37,61.38,64.37,49.90,8.25,49.65,81.26,55.51,52.71,0.73,False,-0.16,6.00,industrial_price_cents_kwh;nri_drought_score;water_permit_risk,0.00,,max_queue_median_age_years
1105,48097,Cooke,TX,False,71.96,20.83,42.09,56.96,59.41,43.98,90.33,27.06,52.68,0.76,False,-0.36,17.00,industrial_price_cents_kwh;queue_withdrawal_rate;queue_operational_mw_online_5y,0.00,,
1106,39057,Greene,OH,False,46.29,74.04,57.00,50.43,16.56,53.09,66.95,43.16,52.68,0.76,False,-0.06,0.00,industrial_price_cents_kwh;drought_share_weeks_d2plus;water_permit_risk,0.00,,max_queue_median_age_years
1107,27049,Goodhue,MN,False,62.61,71.91,56.78,65.09,51.87,52.08,8.94,55.51,52.64,0.78,False,-0.29,14.00,queue_median_age_years;water_permit_risk;queue_active_mw_clean_excl_storage,0.00,,
1108,48329,Midland,TX,False,78.58,5.94,52.13,64.16,46.03,35.92,90.33,27.06,52.62,0.76,False,-0.03,-1.00,industrial_price_cents_kwh;plant_clean_capacity_mw_100km;queue_withdrawal_rate,0.00,,
1109,33011,Hillsborough,NH,False,58.92,53.99,53.93,75.99,40.22,62.43,2.94,69.59,52.61,0.73,False,-0.04,-1.00,state_policy_risk;dc_existing_count;plant_capacity_mw_100km,0.00,,max_queue_median_age_years
1110,36063,Niagara,NY,True,71.01,73.50,55.26,52.97,23.74,85.05,6.55,55.51,52.61,0.78,False,0.07,-7.00,dc_existing_count;grid_co2_lb_mwh;drought_share_weeks_d2plus,0.00,,
1111,21217,Taylor,KY,False,32.24,60.57,60.30,41.43,18.94,58.30,81.26,55.51,52.58,0.73,False,-0.22,8.00,industrial_price_cents_kwh;water_permit_risk;drought_share_weeks_d2plus,0.00,,max_queue_median_age_years
1112,48017,Bailey,TX,False,66.77,22.35,33.46,51.53,76.18,41.83,90.33,36.26,52.58,0.73,False,-0.11,2.00,industrial_price_cents_kwh;fiber_share_locations;pop_density_per_sqkm,0.00,,max_queue_median_age_years
1113,39165,Warren,OH,False,43.67,66.74,53.41,60.11,13.67,56.63,66.95,43.16,52.57,0.73,False,-0.02,-2.00,industrial_price_cents_kwh;drought_share_weeks_d2plus;plant_capacity_mw_100km,0.00,,max_queue_median_age_years
1114,21051,Clay,KY,False,26.58,54.99,59.30,43.27,40.95,56.59,81.26,55.51,52.56,0.73,False,-0.15,1.00,industrial_price_cents_kwh;water_permit_risk;unemployment_rate_pct_2023,0.00,,max_queue_median_age_years
1115,28005,Amite,MS,False,48.52,45.41,34.51,49.18,68.32,54.45,71.16,53.20,52.55,0.78,False,0.01,-6.00,industrial_price_cents_kwh;state_policy_risk;queue_median_age_years,0.00,,
1116,40033,Cotton,OK,False,55.90,23.70,40.00,39.49,68.14,38.20,95.66,53.20,52.54,0.73,False,-0.29,11.00,industrial_price_cents_kwh;state_policy_risk;pop_density_per_sqkm,0.00,,max_queue_median_age_years
1117,47159,Smith,TN,False,30.01,50.77,43.36,54.83,25.80,37.93,84.72,69.59,52.52,0.73,False,-0.04,-4.00,industrial_price_cents_kwh;state_policy_risk;fiber_share_locations,0.00,,max_queue_median_age_years
1118,21121,Knox,KY,False,27.75,60.05,55.63,40.74,26.42,66.74,81.26,55.51,52.40,0.73,False,-0.14,11.00,industrial_price_cents_kwh;water_permit_risk;unemployment_rate_pct_2023,0.00,,max_queue_median_age_years
1119,36041,Hamilton,NY,True,59.85,93.90,54.66,42.69,91.46,38.88,6.55,55.51,52.37,0.73,False,-0.01,1.00,pop_density_per_sqkm;drought_share_weeks_d2plus;cdd_hist,0.00,,max_queue_median_age_years
1120,27109,Olmsted,MN,False,65.93,68.31,61.11,66.55,35.14,52.61,8.94,55.51,52.37,0.78,False,-0.51,30.00,coal_retired_mw;queue_active_mw_clean_excl_storage;water_permit_risk,0.00,,
1121,05133,Sevier,AR,False,25.92,56.81,34.67,46.03,52.94,54.07,77.50,69.59,52.36,0.73,False,0.00,-3.00,industrial_price_cents_kwh;state_policy_risk;water_stress_bws,0.00,,max_queue_median_age_years
1122,48237,Jack,TX,False,72.64,14.26,45.70,49.46,78.74,24.62,90.33,36.26,52.36,0.76,False,-0.16,10.00,industrial_price_cents_kwh;queue_active_mw_clean_excl_storage;pop_density_per_sqkm,0.00,,
1123,39055,Geauga,OH,False,38.30,80.54,55.29,44.05,18.06,67.17,66.95,43.16,52.35,0.73,False,-0.04,0.00,industrial_price_cents_kwh;drought_share_weeks_d2plus;nri_drought_score,0.00,,max_queue_median_age_years
1124,33005,Cheshire,NH,False,57.79,82.57,49.21,58.30,43.02,57.29,2.94,69.59,52.33,0.73,False,0.06,-8.00,state_policy_risk;nri_drought_score;cdd_hist,0.00,,max_queue_median_age_years
1125,05079,Lincoln,AR,False,32.98,39.79,38.07,50.00,54.76,51.35,77.50,69.59,52.32,0.73,False,0.06,-8.00,industrial_price_cents_kwh;state_policy_risk;water_permit_risk,0.00,,max_queue_median_age_years
1126,05137,Stone,AR,False,36.25,59.03,35.80,37.13,60.37,40.29,77.50,69.59,52.31,0.73,False,-0.17,8.00,industrial_price_cents_kwh;state_policy_risk;water_permit_risk,0.00,,max_queue_median_age_years
1127,13137,Habersham,GA,False,39.34,47.03,61.37,63.09,14.59,56.23,62.98,55.51,52.28,0.73,False,0.24,-15.00,industrial_price_cents_kwh;plant_capacity_mw_100km;plant_clean_capacity_mw_100km,0.00,,max_queue_median_age_years
1128,27053,Hennepin,MN,False,50.46,56.32,67.63,84.93,21.33,64.80,8.94,55.51,52.26,0.73,False,-0.43,24.00,dc_existing_count;coal_retired_mw;plant_capacity_mw_100km,0.00,,max_queue_median_age_years
1129,48075,Childress,TX,False,74.53,5.77,38.35,56.82,70.28,35.39,90.33,36.26,52.23,0.76,False,0.06,-5.00,industrial_price_cents_kwh;dc_existing_count;queue_operational_mw_online_5y,0.00,,
1130,05037,Cross,AR,False,47.37,28.35,36.63,43.29,57.51,52.18,77.50,69.59,52.22,0.78,False,0.02,0.00,industrial_price_cents_kwh;state_policy_risk;water_permit_risk,0.00,,
1131,48177,Gonzales,TX,False,54.58,20.30,38.87,60.78,77.50,37.19,90.33,36.26,52.22,0.76,False,0.06,-6.00,industrial_price_cents_kwh;queue_withdrawal_rate;queue_active_mw_clean_excl_storage,0.00,,
1132,48013,Atascosa,TX,False,58.05,7.85,53.39,62.11,68.64,32.48,90.33,36.26,52.20,0.76,False,0.08,-6.00,industrial_price_cents_kwh;land_area_sqkm;queue_active_mw_clean_excl_storage,0.00,,
1133,21199,Pulaski,KY,False,29.49,59.77,49.37,38.72,41.99,61.36,81.26,55.51,52.18,0.73,False,-0.20,9.00,industrial_price_cents_kwh;water_permit_risk;drought_share_weeks_d2plus,0.00,,max_queue_median_age_years
1134,48163,Frio,TX,False,66.68,8.92,49.31,56.42,79.54,22.44,90.33,36.26,52.18,0.76,False,0.08,-6.00,industrial_price_cents_kwh;queue_operational_mw_online_5y;land_area_sqkm,0.00,,
1135,36031,Essex,NY,True,62.65,94.93,48.54,35.32,80.73,60.19,6.55,55.51,52.14,0.76,False,0.04,-2.00,drought_share_weeks_d2plus;land_area_sqkm;water_stress_bws,0.00,,max_queue_median_age_years
1136,05019,Clark,AR,False,28.02,37.42,40.82,42.24,68.45,60.27,77.50,69.59,52.11,0.76,False,-0.25,15.00,industrial_price_cents_kwh;state_policy_risk;water_permit_risk,0.00,,max_queue_median_age_years
1137,36095,Schoharie,NY,True,68.17,89.97,54.01,42.33,49.42,61.56,6.55,55.51,52.11,0.76,False,-0.07,2.00,drought_share_weeks_d2plus;nri_drought_score;grid_co2_lb_mwh,0.00,,max_queue_median_age_years
1138,18167,Vigo,IN,False,46.53,59.37,52.52,72.26,17.75,73.12,31.34,55.51,52.11,0.78,False,0.10,-7.00,drought_share_weeks_d2plus;coal_retired_mw;queue_active_mw_clean_excl_storage,0.00,,
1139,55015,Calumet,WI,False,45.85,89.15,76.45,49.62,16.18,58.00,21.66,55.51,52.09,0.76,False,-0.01,-3.00,drought_share_weeks_d2plus;nri_drought_score;water_stress_bws,0.00,,max_queue_median_age_years
1140,05121,Randolph,AR,False,31.22,37.61,39.51,52.82,58.70,44.02,77.50,69.59,52.04,0.73,False,-0.06,1.00,industrial_price_cents_kwh;state_policy_risk;fiber_share_locations,0.00,,max_queue_median_age_years
1141,13141,Hancock,GA,False,47.00,25.32,40.31,68.96,52.28,58.46,62.98,55.51,52.02,0.78,False,0.33,-732.00,industrial_price_cents_kwh;queue_median_age_years;water_permit_risk,0.00,,
1142,29189,St. Louis,MO,False,29.38,70.67,59.85,85.19,18.83,70.45,38.13,38.99,52.01,0.73,False,-0.14,7.00,dc_existing_count;coal_retired_mw;water_stress_bws,0.00,,max_queue_median_age_years
1143,36055,Monroe,NY,True,60.00,71.60,67.90,52.29,29.62,79.15,6.55,55.51,52.00,0.76,False,-0.01,-3.00,coal_retired_mw;grid_co2_lb_mwh;drought_share_weeks_d2plus,0.00,,max_queue_median_age_years
1144,48289,Leon,TX,False,49.65,32.69,37.04,55.98,79.30,35.82,90.33,36.26,51.99,0.76,False,-0.20,11.00,industrial_price_cents_kwh;queue_active_mw_clean_excl_storage;land_area_sqkm,0.00,,
1145,13083,Dade,GA,False,48.15,50.78,43.39,67.71,16.95,45.76,62.98,55.51,51.92,0.73,False,0.01,1.00,industrial_price_cents_kwh;fiber_share_locations;plant_capacity_mw_100km,0.00,,max_queue_median_age_years
1146,39103,Medina,OH,False,37.75,77.90,54.11,47.72,16.87,62.63,66.95,43.16,51.90,0.73,False,-0.01,2.00,industrial_price_cents_kwh;drought_share_weeks_d2plus;nri_drought_score,0.00,,max_queue_median_age_years
1147,40055,Greer,OK,False,55.49,6.99,41.79,45.61,68.62,40.73,95.66,53.20,51.89,0.73,False,-0.14,10.00,industrial_price_cents_kwh;state_policy_risk;pop_density_per_sqkm,0.00,,max_queue_median_age_years
1148,23017,Oxford,ME,False,65.26,76.01,54.68,39.76,77.69,60.80,3.36,60.85,51.89,0.73,False,0.04,-3.00,land_area_sqkm;water_permit_risk;cdd_hist,0.00,,max_queue_median_age_years
1149,48187,Guadalupe,TX,False,64.03,8.91,52.37,60.68,37.54,45.21,90.33,36.26,51.87,0.76,False,0.06,-2.00,industrial_price_cents_kwh;queue_operational_mw_online_5y;queue_withdrawal_rate,0.00,,
1150,48501,Yoakum,TX,False,67.14,12.83,27.84,62.86,74.75,34.31,90.33,36.26,51.83,0.76,False,-0.13,10.00,industrial_price_cents_kwh;queue_active_mw_clean_excl_storage;pop_density_per_sqkm,0.00,,
1151,37071,Gaston,NC,False,50.21,33.90,59.75,74.03,11.03,66.14,45.37,55.51,51.82,0.78,False,0.23,-13.00,coal_retired_mw;plant_clean_capacity_mw_100km;plant_capacity_mw_100km,0.00,,
1152,36053,Madison,NY,True,73.55,89.54,56.38,34.62,41.35,65.74,6.55,55.51,51.79,0.78,False,0.03,2.00,drought_share_weeks_d2plus;nri_drought_score;grid_co2_lb_mwh,0.00,,
1153,48159,Franklin,TX,False,56.92,40.54,36.86,62.22,32.86,35.51,90.33,36.26,51.79,0.76,False,-0.31,12.00,industrial_price_cents_kwh;queue_withdrawal_rate;queue_active_mw_clean_excl_storage,0.00,,
1154,48219,Hockley,TX,False,66.26,13.36,38.81,52.09,71.00,41.53,90.33,36.26,51.77,0.73,False,-0.06,5.00,industrial_price_cents_kwh;wind_speed_100m_ms;land_area_sqkm,0.00,,max_queue_median_age_years
1155,13175,Laurens,GA,False,53.57,23.23,49.49,56.98,54.05,53.71,62.98,55.51,51.75,0.78,False,0.20,-11.00,industrial_price_cents_kwh;queue_withdrawal_rate;queue_active_mw_clean_excl_storage,0.00,,
1156,05073,Lafayette,AR,False,29.45,31.42,36.26,53.94,58.93,54.43,77.50,69.59,51.72,0.73,False,-0.01,2.00,industrial_price_cents_kwh;state_policy_risk;pop_density_per_sqkm,0.00,,max_queue_median_age_years
1157,48411,San Saba,TX,False,58.81,14.43,40.54,54.02,86.10,34.72,90.33,36.26,51.71,0.71,False,-0.26,11.00,industrial_price_cents_kwh;fiber_share_locations;pop_density_per_sqkm,0.00,,max_queue_median_age_years
1158,05043,Drew,AR,False,32.15,37.33,47.15,32.07,69.67,56.68,77.50,69.59,51.71,0.76,False,0.05,-2.00,industrial_price_cents_kwh;state_policy_risk;water_permit_risk,0.00,,max_queue_median_age_years
1159,22015,Bossier,LA,False,35.22,19.47,49.22,54.34,45.24,41.82,97.93,55.51,51.69,0.78,False,-0.00,2.00,industrial_price_cents_kwh;queue_median_age_years;water_permit_risk,0.00,,
1160,13311,White,GA,False,44.83,47.33,53.97,63.81,16.16,46.53,62.98,55.51,51.67,0.73,False,0.15,-7.00,industrial_price_cents_kwh;plant_capacity_mw_100km;plant_clean_capacity_mw_100km,0.00,,max_queue_median_age_years
1161,48029,Bexar,TX,False,59.70,11.95,56.36,85.89,44.02,50.49,90.33,2.28,51.59,0.76,False,0.06,1.00,industrial_price_cents_kwh;dc_existing_count;coal_retired_mw,0.00,,
1162,48119,Delta,TX,False,67.68,25.37,37.21,55.50,39.53,40.84,90.33,36.26,51.55,0.76,False,-0.10,5.00,industrial_price_cents_kwh;queue_operational_mw_online_5y;queue_withdrawal_rate,0.00,,
1163,48315,Marion,TX,False,45.76,34.01,32.20,69.24,41.78,48.64,90.33,36.26,51.55,0.76,False,-0.79,35.00,industrial_price_cents_kwh;water_stress_bws;queue_withdrawal_rate,0.00,,
1164,39023,Clark,OH,False,46.76,68.09,53.46,36.08,15.73,78.42,66.95,43.16,51.52,0.76,False,0.03,0.00,industrial_price_cents_kwh;drought_share_weeks_d2plus;water_permit_risk,0.00,,max_queue_median_age_years
1165,21125,Laurel,KY,False,30.83,59.83,56.67,36.29,24.09,59.47,81.26,55.51,51.51,0.73,False,-0.19,7.00,industrial_price_cents_kwh;water_permit_risk;drought_share_weeks_d2plus,0.00,,max_queue_median_age_years
1166,29147,Nodaway,MO,False,68.58,48.60,36.98,53.56,69.36,42.89,38.13,55.51,51.45,0.78,False,0.17,-3.00,fiber_share_locations;water_permit_risk;wind_speed_100m_ms,0.00,,
1167,39085,Lake,OH,False,38.84,79.27,52.73,42.17,5.53,73.79,66.95,43.16,51.40,0.73,False,-0.00,2.00,industrial_price_cents_kwh;drought_share_weeks_d2plus;nri_drought_score,0.00,,max_queue_median_age_years
1168,36021,Columbia,NY,True,64.06,87.71,50.14,49.74,41.11,61.97,6.55,55.51,51.35,0.76,False,-0.01,3.00,drought_share_weeks_d2plus;grid_co2_lb_mwh;water_stress_bws,0.00,,max_queue_median_age_years
1169,27123,Ramsey,MN,False,53.59,66.56,71.86,70.43,1.90,69.31,8.94,55.51,51.30,0.73,False,-0.46,25.00,coal_retired_mw;plant_capacity_mw_100km;nri_drought_score,0.00,,max_queue_median_age_years
1170,09150,Northeastern Connecticut,CT,False,74.21,69.86,49.93,56.12,30.11,76.61,2.64,53.07,51.27,0.76,False,0.10,0.00,state_policy_risk;plant_capacity_mw_100km;grid_co2_lb_mwh,0.00,,max_queue_median_age_years
1171,27127,Redwood,MN,False,66.32,64.76,42.52,61.04,73.01,49.27,8.94,55.51,51.24,0.78,False,-0.04,3.00,queue_active_mw_clean_excl_storage;water_stress_bws;queue_median_age_years,0.00,,
1172,13057,Cherokee,GA,False,38.80,42.41,57.84,62.13,15.28,57.46,62.98,55.51,51.23,0.73,False,0.24,-6.00,industrial_price_cents_kwh;plant_capacity_mw_100km;nri_drought_score,0.00,,max_queue_median_age_years
1173,54081,Raleigh,WV,False,32.29,76.04,62.08,39.80,37.04,64.33,42.88,60.85,51.19,0.71,False,-0.02,4.00,water_permit_risk;drought_share_weeks_d2plus;cdd_hist,0.00,,max_queue_median_age_years
1174,42093,Montour,PA,False,48.08,85.34,59.77,55.68,12.77,56.99,38.13,43.16,51.18,0.78,False,-0.04,5.00,drought_share_weeks_d2plus;nri_drought_score;coal_retired_mw,0.00,,
1175,39003,Allen,OH,False,40.76,83.87,46.16,33.63,17.93,76.00,66.95,43.16,51.18,0.76,False,-0.14,9.00,industrial_price_cents_kwh;nri_drought_score;drought_share_weeks_d2plus,0.00,,max_queue_median_age_years
1176,27047,Freeborn,MN,False,66.78,46.90,53.72,66.12,55.08,61.49,8.94,55.51,51.11,0.78,False,-0.22,15.00,queue_median_age_years;wind_speed_100m_ms;water_permit_risk,0.00,,
1177,50025,Windham,VT,False,59.14,86.36,48.81,50.00,54.10,54.68,4.52,60.85,51.10,0.71,False,0.09,-2.00,water_permit_risk;nri_drought_score;cdd_hist,0.00,,max_queue_median_age_years
1178,13135,Gwinnett,GA,False,36.10,24.65,59.55,75.45,13.65,60.47,62.98,55.51,51.10,0.73,False,0.19,-5.00,industrial_price_cents_kwh;dc_existing_count;plant_capacity_mw_100km,0.00,,max_queue_median_age_years
1179,36023,Cortland,NY,True,70.16,84.80,57.67,34.13,32.12,76.71,6.55,55.51,51.09,0.76,False,-0.01,3.00,drought_share_weeks_d2plus;nri_drought_score;grid_co2_lb_mwh,0.00,,max_queue_median_age_years
1180,22061,Lincoln,LA,False,30.10,47.37,53.02,34.50,29.50,47.74,97.93,55.51,51.08,0.76,False,0.06,0.00,industrial_price_cents_kwh;water_permit_risk;nri_drought_score,0.00,,max_queue_median_age_years
1181,28013,Calhoun,MS,False,27.62,50.75,42.09,55.58,58.22,52.84,71.16,53.20,51.04,0.73,False,-0.02,4.00,industrial_price_cents_kwh;state_policy_risk;fiber_share_locations,0.00,,max_queue_median_age_years
1182,48153,Floyd,TX,False,71.70,16.67,34.18,37.32,83.56,41.16,90.33,36.26,51.01,0.71,False,-0.02,5.00,industrial_price_cents_kwh;pop_density_per_sqkm;wind_speed_100m_ms,0.00,,max_queue_median_age_years
1183,09110,Capitol,CT,False,74.21,66.24,48.20,52.04,42.76,78.16,2.64,53.07,51.00,0.78,False,0.17,-7.00,state_policy_risk;plant_capacity_mw_100km;grid_co2_lb_mwh,0.00,,
1184,39041,Delaware,OH,False,37.02,69.51,54.54,48.97,18.06,61.25,66.95,43.16,51.00,0.73,False,0.06,-1.00,industrial_price_cents_kwh;dc_existing_count;drought_share_weeks_d2plus,0.00,,max_queue_median_age_years
1185,13091,Dodge,GA,False,52.88,22.51,50.41,57.91,43.42,51.84,62.98,55.51,50.93,0.78,False,0.19,-4.00,industrial_price_cents_kwh;queue_median_age_years;water_permit_risk,0.00,,
1186,48303,Lubbock,TX,False,63.49,9.05,42.06,57.13,42.43,51.83,90.33,36.26,50.93,0.76,False,-0.10,9.00,industrial_price_cents_kwh;wind_speed_100m_ms;plant_clean_capacity_mw_100km,0.00,,
1187,13097,Douglas,GA,False,38.52,46.71,58.56,63.15,5.66,53.04,62.98,55.51,50.92,0.76,False,0.25,-9.00,industrial_price_cents_kwh;dc_existing_count;nri_drought_score,0.00,,max_queue_median_age_years
1188,48457,Tyler,TX,False,30.48,52.50,36.71,45.40,72.90,54.14,90.33,36.26,50.88,0.73,False,0.05,1.00,industrial_price_cents_kwh;nri_drought_score;land_area_sqkm,0.00,,max_queue_median_age_years
1189,05147,Woodruff,AR,False,43.21,28.65,33.81,40.27,64.41,47.31,77.50,69.59,50.88,0.76,False,0.01,3.00,industrial_price_cents_kwh;state_policy_risk;pop_density_per_sqkm,0.00,,max_queue_median_age_years
1190,39121,Noble,OH,False,26.19,60.93,54.54,59.94,38.42,55.14,66.95,43.16,50.86,0.73,False,-0.01,3.00,industrial_price_cents_kwh;plant_capacity_mw_100km;drought_share_weeks_d2plus,0.00,,max_queue_median_age_years
1191,37035,Catawba,NC,False,49.65,33.27,65.26,63.46,15.39,64.42,45.37,55.51,50.85,0.73,False,0.13,-3.00,dc_existing_count;plant_capacity_mw_100km;plant_clean_capacity_mw_100km,0.00,,max_queue_median_age_years
1192,13139,Hall,GA,False,42.28,43.27,56.57,57.77,13.53,55.92,62.98,55.51,50.80,0.73,False,0.21,-6.00,industrial_price_cents_kwh;plant_capacity_mw_100km;water_permit_risk,0.00,,max_queue_median_age_years
1193,37089,Henderson,NC,False,56.16,40.90,69.68,50.82,14.91,57.89,45.37,55.51,50.76,0.73,False,0.03,4.00,plant_capacity_mw_100km;plant_clean_capacity_mw_100km;grid_co2_lb_mwh,0.00,,max_queue_median_age_years
1194,39105,Meigs,OH,False,31.69,67.38,52.63,48.95,35.40,59.64,66.95,43.16,50.74,0.73,False,-0.04,7.00,industrial_price_cents_kwh;plant_capacity_mw_100km;drought_share_weeks_d2plus,0.00,,max_queue_median_age_years
1195,27073,Lac qui Parle,MN,False,63.48,69.92,47.94,57.52,74.04,39.16,8.94,55.51,50.74,0.73,False,0.06,1.00,fiber_share_locations;pop_density_per_sqkm;water_permit_risk,0.00,,max_queue_median_age_years
1196,54061,Monongalia,WV,False,37.05,67.10,57.27,58.42,14.73,53.98,42.88,60.85,50.74,0.71,False,-0.20,13.00,plant_capacity_mw_100km;water_permit_risk;drought_share_weeks_d2plus,0.00,,max_queue_median_age_years
1197,48205,Hartley,TX,False,52.43,25.31,40.20,51.04,89.74,22.41,90.33,36.26,50.73,0.71,False,-0.00,3.00,industrial_price_cents_kwh;pop_density_per_sqkm;land_area_sqkm,0.00,,max_queue_median_age_years
1198,05081,Little River,AR,False,36.68,43.56,35.47,35.34,53.17,51.71,77.50,69.59,50.71,0.76,False,-0.03,4.00,industrial_price_cents_kwh;state_policy_risk;water_stress_bws,0.00,,max_queue_median_age_years
1199,48055,Caldwell,TX,False,53.25,9.15,52.97,68.26,35.85,37.05,90.33,36.26,50.67,0.76,False,0.08,0.00,industrial_price_cents_kwh;queue_withdrawal_rate;plant_capacity_mw_100km,0.00,,
1200,21029,Bullitt,KY,False,28.76,72.91,51.89,46.81,12.50,61.72,81.26,38.99,50.66,0.76,False,-0.25,16.00,industrial_price_cents_kwh;water_stress_bws;drought_share_weeks_d2plus,0.00,,max_queue_median_age_years
1201,05117,Prairie,AR,False,36.01,48.42,32.42,34.96,66.79,39.66,77.50,69.59,50.66,0.76,False,-0.07,5.00,industrial_price_cents_kwh;state_policy_risk;pop_density_per_sqkm,0.00,,max_queue_median_age_years
1202,28069,Kemper,MS,False,25.66,33.08,47.75,58.50,72.55,51.80,71.16,53.20,50.65,0.73,False,-0.03,3.00,industrial_price_cents_kwh;state_policy_risk;fiber_share_locations,0.00,,max_queue_median_age_years
1203,37063,Durham,NC,False,54.73,30.40,58.52,71.06,7.27,58.85,45.37,55.51,50.62,0.78,False,-0.04,4.00,queue_median_age_years;grid_co2_lb_mwh;water_permit_risk,0.00,,
1204,49027,Millard,UT,False,61.38,39.67,54.12,49.60,97.51,16.90,41.52,53.20,50.58,0.78,False,0.35,-14.00,state_policy_risk;land_area_sqkm;pop_density_per_sqkm,0.00,,
1205,20127,Morris,KS,False,59.11,58.25,41.40,58.34,71.53,30.50,48.67,39.12,50.57,0.73,False,0.08,-1.00,fiber_share_locations;wind_speed_100m_ms;pop_density_per_sqkm,0.00,,max_queue_median_age_years
1206,28137,Tate,MS,False,32.58,54.12,50.74,52.67,29.21,49.77,71.16,53.20,50.55,0.73,False,-0.04,4.00,industrial_price_cents_kwh;state_policy_risk;water_stress_bws,0.00,,max_queue_median_age_years
1207,18127,Porter,IN,False,51.89,64.29,57.03,68.48,16.77,69.23,31.34,38.99,50.55,0.78,False,-0.06,5.00,nri_drought_score;coal_retired_mw;plant_capacity_mw_100km,0.00,,
1208,55079,Milwaukee,WI,False,36.55,67.24,68.56,79.58,3.96,83.34,21.66,38.99,50.50,0.73,False,0.01,3.00,coal_retired_mw;dc_existing_count;drought_share_weeks_d2plus,0.00,,max_queue_median_age_years
1209,33003,Carroll,NH,False,51.03,85.14,50.04,49.43,60.02,45.30,2.94,69.59,50.48,0.73,False,0.06,-1.00,state_policy_risk;nri_drought_score;cdd_hist,0.00,,max_queue_median_age_years
1210,27149,Stevens,MN,False,61.06,75.12,53.88,57.09,58.59,37.80,8.94,55.51,50.46,0.76,False,-0.05,7.00,fiber_share_locations;wind_speed_100m_ms;water_permit_risk,0.00,,max_queue_median_age_years
1211,28159,Winston,MS,False,27.43,43.58,49.32,51.48,56.13,54.98,71.16,53.20,50.43,0.73,False,0.03,2.00,industrial_price_cents_kwh;state_policy_risk;nri_inland_flood_score,0.00,,max_queue_median_age_years
1212,09160,Northwest Hills,CT,False,64.57,69.83,45.38,58.61,44.13,74.62,2.64,53.07,50.41,0.76,False,0.01,3.00,state_policy_risk;plant_capacity_mw_100km;grid_co2_lb_mwh,0.00,,max_queue_median_age_years
1213,28161,Yalobusha,MS,False,29.89,50.78,40.84,54.96,47.59,52.58,71.16,53.20,50.40,0.73,False,0.03,1.00,industrial_price_cents_kwh;state_policy_risk;fiber_share_locations,0.00,,max_queue_median_age_years
1214,20209,Wyandotte,KS,False,47.49,48.54,53.33,72.94,3.65,74.28,48.67,39.12,50.40,0.78,False,-0.05,7.00,queue_median_age_years;queue_withdrawal_rate;fiber_share_locations,0.00,,
1215,27105,Nobles,MN,False,67.13,58.85,49.05,58.99,60.39,50.74,8.94,55.51,50.39,0.78,False,-0.36,28.00,wind_speed_100m_ms;plant_clean_capacity_mw_100km;queue_median_age_years,0.00,,
1216,39131,Pike,OH,False,32.46,58.85,56.14,45.66,33.97,68.14,66.95,43.16,50.39,0.76,False,-0.09,9.00,industrial_price_cents_kwh;drought_share_weeks_d2plus;plant_capacity_mw_100km,0.00,,max_queue_median_age_years
1217,48287,Lee,TX,False,52.67,28.35,50.83,50.50,57.64,25.25,90.33,36.26,50.37,0.76,False,-0.00,2.00,industrial_price_cents_kwh;water_stress_bws;nri_inland_flood_score,0.00,,
1218,28027,Coahoma,MS,False,41.98,50.59,50.70,30.82,47.81,59.84,71.16,53.20,50.34,0.76,False,0.03,0.00,industrial_price_cents_kwh;state_policy_risk;water_stress_bws,0.00,,max_queue_median_age_years
1219,37181,Vance,NC,False,54.54,34.72,64.45,51.00,13.88,72.33,45.37,55.51,50.34,0.76,False,-0.11,15.00,plant_capacity_mw_100km;grid_co2_lb_mwh;water_permit_risk,0.00,,max_queue_median_age_years
1220,31127,Nemaha,NE,False,64.91,49.61,36.16,66.32,47.97,37.97,53.26,36.26,50.31,0.76,False,0.05,0.00,queue_withdrawal_rate;queue_active_mw_clean_excl_storage;queue_median_age_years,0.00,,
1221,48165,Gaines,TX,False,64.01,13.81,36.95,48.18,82.86,27.52,90.33,36.26,50.28,0.71,False,-0.04,11.00,industrial_price_cents_kwh;land_area_sqkm;pop_density_per_sqkm,0.00,,max_queue_median_age_years
1222,36001,Albany,NY,True,60.73,90.84,64.67,41.62,22.10,60.32,6.55,55.51,50.27,0.76,False,0.00,6.00,drought_share_weeks_d2plus;nri_drought_score;grid_co2_lb_mwh,0.00,,max_queue_median_age_years
1223,18057,Hamilton,IN,False,47.83,57.28,59.21,66.16,12.24,58.06,31.34,55.51,50.27,0.76,False,-0.03,10.00,dc_existing_count;drought_share_weeks_d2plus;fiber_share_locations,0.00,,max_queue_median_age_years
1224,22119,Webster,LA,False,28.49,23.27,47.59,35.24,44.60,69.00,97.93,55.51,50.26,0.76,False,-0.02,6.00,industrial_price_cents_kwh;water_permit_risk;mfg_emp_share_1969,0.00,,max_queue_median_age_years
1225,27081,Lincoln,MN,False,75.24,63.22,41.08,59.48,60.12,38.98,8.94,55.51,50.26,0.73,False,-0.13,12.00,fiber_share_locations;wind_speed_100m_ms;pop_density_per_sqkm,0.00,,max_queue_median_age_years
1226,31055,Douglas,NE,False,61.75,45.18,45.99,71.92,7.64,57.67,53.26,36.26,50.26,0.76,False,0.06,-4.00,dc_existing_count;queue_median_age_years;queue_operational_mw_online_5y,0.00,,
1227,48365,Panola,TX,False,38.90,44.82,35.80,47.78,65.57,44.89,90.33,36.26,50.23,0.71,False,0.09,-4.00,industrial_price_cents_kwh;nri_drought_score;plant_capacity_mw_100km,0.00,,max_queue_median_age_years
1228,27099,Mower,MN,False,67.34,58.39,52.19,52.79,51.45,62.76,8.94,55.51,50.21,0.78,False,-0.37,27.00,wind_speed_100m_ms;queue_active_mw_clean_excl_storage;water_permit_risk,0.00,,
1229,48325,Medina,TX,False,52.63,7.39,40.08,60.16,70.12,40.33,90.33,36.26,50.20,0.76,False,0.06,0.00,industrial_price_cents_kwh;land_area_sqkm;queue_median_age_years,0.00,,
1230,21235,Whitley,KY,False,29.70,59.94,52.85,32.10,29.82,53.86,81.26,55.51,50.17,0.73,False,-0.12,12.00,industrial_price_cents_kwh;water_permit_risk;drought_share_weeks_d2plus,0.00,,max_queue_median_age_years
1231,48493,Wilson,TX,False,56.91,8.88,51.91,59.00,53.47,28.93,90.33,36.26,50.16,0.76,False,0.08,0.00,industrial_price_cents_kwh;queue_active_mw_clean_excl_storage;queue_withdrawal_rate,0.00,,
1232,36091,Saratoga,NY,True,62.85,90.93,58.26,34.83,40.53,60.98,6.55,55.51,50.11,0.76,False,-0.01,7.00,drought_share_weeks_d2plus;nri_drought_score;grid_co2_lb_mwh,0.00,,max_queue_median_age_years
1233,36035,Fulton,NY,True,55.80,90.51,58.21,36.64,30.44,78.96,6.55,55.51,50.10,0.76,False,-0.02,7.00,drought_share_weeks_d2plus;nri_drought_score;grid_co2_lb_mwh,0.00,,max_queue_median_age_years
1234,01105,Perry,AL,False,45.71,37.33,36.99,43.51,70.83,55.33,58.49,60.85,50.10,0.76,False,0.22,-10.00,water_permit_risk;industrial_price_cents_kwh;pop_density_per_sqkm,0.00,,
1235,01075,Lamar,AL,False,31.95,42.15,42.38,57.52,58.85,49.77,58.49,60.85,50.06,0.71,False,0.23,-9.00,fiber_share_locations;water_permit_risk;industrial_price_cents_kwh,0.00,,max_queue_median_age_years
1236,25027,Worcester,MA,False,68.23,56.37,58.02,50.69,48.04,72.39,2.27,55.51,50.06,0.78,False,0.06,2.00,land_area_sqkm;plant_capacity_mw_100km;grid_co2_lb_mwh,0.00,,
1237,28071,Lafayette,MS,False,27.81,55.71,52.38,53.57,41.80,36.36,71.16,53.20,50.06,0.73,False,-0.04,9.00,industrial_price_cents_kwh;state_policy_risk;fiber_share_locations,0.00,,max_queue_median_age_years
1238,13095,Dougherty,GA,False,50.70,30.67,36.89,65.00,14.10,63.56,62.98,55.51,50.04,0.76,False,0.17,-3.00,industrial_price_cents_kwh;queue_withdrawal_rate;coal_retired_mw,0.00,,max_queue_median_age_years
1239,13043,Candler,GA,False,53.31,34.75,47.12,67.94,28.58,21.85,62.98,55.51,50.04,0.73,False,0.10,-3.00,industrial_price_cents_kwh;fiber_share_locations;plant_capacity_mw_100km,0.00,,max_queue_median_age_years
1240,27011,Big Stone,MN,False,60.99,75.96,47.44,54.35,57.94,46.19,8.94,55.51,50.03,0.78,False,-0.01,4.00,queue_withdrawal_rate;pop_density_per_sqkm;queue_active_mw_clean_excl_storage,0.00,,
1241,22021,Caldwell,LA,False,29.60,36.06,42.41,37.68,55.79,40.02,97.93,55.51,50.01,0.73,False,0.01,4.00,industrial_price_cents_kwh;water_permit_risk;pop_density_per_sqkm,0.00,,max_queue_median_age_years
1242,05135,Sharp,AR,False,32.27,44.41,38.83,40.75,55.95,33.57,77.50,69.59,50.01,0.73,False,0.04,-1.00,industrial_price_cents_kwh;state_policy_risk;nri_drought_score,0.00,,max_queue_median_age_years
1243,51760,Richmond,VA,False,54.44,61.21,63.43,80.56,1.17,70.10,12.48,43.16,50.00,0.73,False,-0.03,4.00,plant_capacity_mw_100km;coal_retired_mw;fiber_share_locations,0.00,,max_queue_median_age_years
1244,28155,Webster,MS,False,28.63,47.27,45.83,56.94,45.71,45.33,71.16,53.20,49.95,0.73,False,0.01,4.00,industrial_price_cents_kwh;state_policy_risk;fiber_share_locations,0.00,,max_queue_median_age_years
1245,18067,Howard,IN,False,52.58,59.89,62.02,40.96,12.35,82.35,31.34,55.51,49.85,0.76,False,0.04,6.00,water_permit_risk;drought_share_weeks_d2plus;mfg_emp_share_1969,0.00,,max_queue_median_age_years
1246,48091,Comal,TX,False,55.58,5.64,50.00,69.05,27.29,54.27,90.33,27.06,49.85,0.73,False,0.04,6.00,industrial_price_cents_kwh;queue_withdrawal_rate;queue_operational_mw_online_5y,0.00,,max_queue_median_age_years
1247,29047,Clay,MO,False,36.16,54.91,51.88,73.23,13.24,62.06,38.13,55.51,49.83,0.78,False,0.04,6.00,water_stress_bws;coal_retired_mw;fiber_share_locations,0.00,,
1248,42075,Lebanon,PA,False,57.37,69.23,57.54,48.34,13.41,62.45,38.13,43.16,49.80,0.76,False,-0.02,8.00,plant_capacity_mw_100km;plant_clean_capacity_mw_100km;queue_operational_mw_online_5y,0.00,,max_queue_median_age_years
1249,13113,Fayette,GA,False,36.08,28.70,55.18,74.43,5.77,53.71,62.98,55.51,49.79,0.73,False,0.12,1.00,industrial_price_cents_kwh;dc_existing_count;plant_capacity_mw_100km,0.00,,max_queue_median_age_years
1250,50001,Addison,VT,False,56.38,90.91,52.52,42.16,55.93,45.10,4.52,60.85,49.77,0.71,False,0.09,4.00,water_permit_risk;drought_share_weeks_d2plus;nri_drought_score,0.00,,max_queue_median_age_years
1251,13117,Forsyth,GA,False,36.00,46.58,55.52,60.17,5.08,53.66,62.98,55.51,49.71,0.73,False,0.23,-2.00,industrial_price_cents_kwh;nri_drought_score;plant_capacity_mw_100km,0.00,,max_queue_median_age_years
1252,05075,Lawrence,AR,False,32.49,30.44,36.39,43.00,55.64,48.29,77.50,69.59,49.66,0.76,False,0.00,6.00,industrial_price_cents_kwh;state_policy_risk;fiber_share_locations,0.00,,max_queue_median_age_years
1253,20057,Ford,KS,False,80.76,21.92,43.09,53.14,71.37,38.48,48.67,39.12,49.63,0.78,False,0.00,6.00,wind_speed_100m_ms;queue_operational_mw_online_5y;queue_active_mw_clean_excl_storage,0.00,,
1254,48241,Jasper,TX,False,30.44,37.19,37.64,46.52,67.14,61.89,90.33,36.26,49.60,0.73,False,-0.01,6.00,industrial_price_cents_kwh;land_area_sqkm;plant_capacity_mw_100km,0.00,,max_queue_median_age_years
1255,27067,Kandiyohi,MN,False,58.38,65.99,60.86,52.22,55.18,47.00,8.94,55.51,49.60,0.73,False,-0.19,15.00,coal_retired_mw;water_permit_risk;grid_renewable_share,0.00,,max_queue_median_age_years
1256,48073,Cherokee,TX,False,39.84,30.87,33.86,52.01,64.35,51.32,90.33,36.26,49.59,0.76,False,0.11,1.00,industrial_price_cents_kwh;land_area_sqkm;fiber_share_locations,0.00,,
1257,37067,Forsyth,NC,False,48.80,29.16,60.49,62.11,13.28,67.58,45.37,55.51,49.58,0.76,False,-0.06,9.00,plant_capacity_mw_100km;grid_co2_lb_mwh;water_permit_risk,0.00,,max_queue_median_age_years
1258,37195,Wilson,NC,False,60.56,33.35,49.98,53.67,16.74,67.63,45.37,55.51,49.58,0.76,False,0.00,3.00,grid_co2_lb_mwh;water_permit_risk;plant_clean_capacity_mw_100km,0.00,,max_queue_median_age_years
1259,28145,Union,MS,False,30.02,50.79,52.71,53.74,30.69,41.02,71.16,53.20,49.52,0.73,False,0.02,6.00,industrial_price_cents_kwh;state_policy_risk;fiber_share_locations,0.00,,max_queue_median_age_years
1260,28115,Pontotoc,MS,False,28.03,48.28,49.47,56.67,37.01,42.10,71.16,53.20,49.50,0.73,False,0.04,3.00,industrial_price_cents_kwh;state_policy_risk;fiber_share_locations,0.00,,max_queue_median_age_years
1261,01041,Crenshaw,AL,False,35.65,50.54,36.15,52.46,60.02,41.60,58.49,60.85,49.50,0.71,False,-0.14,10.00,water_permit_risk;fiber_share_locations;industrial_price_cents_kwh,0.00,,max_queue_median_age_years
1262,36097,Schuyler,NY,True,64.37,70.80,57.39,48.42,28.61,64.65,6.55,55.51,49.43,0.78,False,-0.01,7.00,drought_share_weeks_d2plus;grid_co2_lb_mwh;cdd_hist,0.00,,
1263,36093,Schenectady,NY,True,59.51,88.56,60.31,44.79,5.56,69.38,6.55,55.51,49.42,0.76,False,-0.09,11.00,drought_share_weeks_d2plus;nri_drought_score;grid_co2_lb_mwh,0.00,,max_queue_median_age_years
1264,13247,Rockdale,GA,False,34.53,38.69,55.81,59.49,4.41,64.62,62.98,55.51,49.36,0.73,False,0.08,4.00,industrial_price_cents_kwh;plant_capacity_mw_100km;nri_drought_score,0.00,,max_queue_median_age_years
1265,27033,Cottonwood,MN,False,69.81,59.89,43.64,46.48,63.75,59.54,8.94,55.51,49.34,0.78,False,-0.07,11.00,wind_speed_100m_ms;queue_active_mw_clean_excl_storage;water_permit_risk,0.00,,
1266,28103,Noxubee,MS,False,25.46,44.11,39.65,48.88,67.69,53.74,71.16,53.20,49.33,0.76,False,0.21,-2.00,industrial_price_cents_kwh;state_policy_risk;fiber_share_locations,0.00,,max_queue_median_age_years
1267,50007,Chittenden,VT,False,54.17,92.94,60.88,41.41,25.78,54.73,4.52,60.85,49.32,0.71,False,0.03,5.00,water_permit_risk;drought_share_weeks_d2plus;water_stress_bws,0.00,,max_queue_median_age_years
1268,39005,Ashland,OH,False,29.89,77.00,55.63,31.37,24.33,68.66,66.95,43.16,49.29,0.76,False,-0.04,9.00,industrial_price_cents_kwh;drought_share_weeks_d2plus;nri_drought_score,0.00,,max_queue_median_age_years
1269,13187,Lumpkin,GA,False,38.63,38.78,55.71,58.83,17.43,47.18,62.98,55.51,49.29,0.73,False,0.28,-7.00,industrial_price_cents_kwh;plant_capacity_mw_100km;water_permit_risk,0.00,,max_queue_median_age_years
1270,33019,Sullivan,NH,False,61.94,81.32,49.42,39.91,36.10,53.61,2.94,69.59,49.24,0.76,False,0.06,5.00,state_policy_risk;nri_drought_score;cdd_hist,0.00,,max_queue_median_age_years
1271,01027,Clay,AL,False,41.18,44.87,36.21,51.23,58.48,39.76,58.49,60.85,49.23,0.71,False,0.26,-4.00,water_permit_risk;industrial_price_cents_kwh;plant_capacity_mw_100km,0.00,,max_queue_median_age_years
1272,31147,Richardson,NE,False,59.63,44.45,35.36,63.51,59.09,38.37,53.26,36.26,49.15,0.71,False,-0.20,18.00,fiber_share_locations;plant_capacity_mw_100km;pop_density_per_sqkm,0.00,,max_queue_median_age_years
1273,36117,Wayne,NY,True,64.31,86.18,48.40,35.74,35.43,69.65,6.55,55.51,49.13,0.76,False,-0.05,13.00,water_stress_bws;drought_share_weeks_d2plus;grid_co2_lb_mwh,0.00,,max_queue_median_age_years
1274,09140,Naugatuck Valley,CT,False,58.33,67.03,47.95,68.25,13.43,77.97,2.64,53.07,49.10,0.73,False,0.05,6.00,state_policy_risk;plant_capacity_mw_100km;fiber_share_locations,0.00,,max_queue_median_age_years
1275,01057,Fayette,AL,False,31.88,40.22,37.16,55.72,58.67,51.79,58.49,60.85,49.09,0.71,False,0.26,-2.00,fiber_share_locations;water_permit_risk;industrial_price_cents_kwh,0.00,,max_queue_median_age_years
1276,27173,Yellow Medicine,MN,False,64.41,66.36,47.78,45.95,71.78,45.74,8.94,55.51,49.07,0.78,False,0.01,9.00,pop_density_per_sqkm;wind_speed_100m_ms;water_permit_risk,0.00,,
1277,13167,Johnson,GA,False,46.18,24.08,46.73,63.15,36.23,41.33,62.98,55.51,49.07,0.73,False,0.21,-620.00,industrial_price_cents_kwh;fiber_share_locations;plant_clean_capacity_mw_100km,0.00,,max_queue_median_age_years
1278,13255,Spalding,GA,False,36.71,27.61,53.95,65.86,8.27,60.40,62.98,55.51,49.04,0.73,False,0.12,3.00,industrial_price_cents_kwh;plant_capacity_mw_100km;fiber_share_locations,0.00,,max_queue_median_age_years
1279,31131,Otoe,NE,False,61.33,54.83,35.62,51.32,57.96,41.42,53.26,36.26,49.00,0.71,False,0.19,0.00,water_stress_bws;wind_speed_100m_ms;grid_renewable_share,0.00,,max_queue_median_age_years
1280,48379,Rains,TX,False,58.41,28.43,41.73,54.58,25.14,29.89,90.33,36.26,48.98,0.73,False,-0.05,13.00,industrial_price_cents_kwh;queue_withdrawal_rate;grid_co2_lb_mwh,0.00,,max_queue_median_age_years
1281,37025,Cabarrus,NC,False,51.41,29.71,52.53,63.58,11.47,64.76,45.37,55.51,48.96,0.73,False,0.08,6.00,plant_capacity_mw_100km;plant_clean_capacity_mw_100km;grid_co2_lb_mwh,0.00,,max_queue_median_age_years
1282,20149,Pottawatomie,KS,False,59.90,53.55,41.25,54.42,64.97,29.26,48.67,39.12,48.96,0.73,False,0.14,2.00,fiber_share_locations;wind_speed_100m_ms;nri_drought_score,0.00,,max_queue_median_age_years
1283,18117,Orange,IN,False,30.51,62.62,50.70,69.38,33.32,55.59,31.34,55.51,48.95,0.73,False,0.00,6.00,fiber_share_locations;plant_capacity_mw_100km;drought_share_weeks_d2plus,0.00,,max_queue_median_age_years
1284,27157,Wabasha,MN,False,55.70,72.06,53.08,55.71,44.66,48.68,8.94,55.51,48.95,0.78,False,-0.46,34.00,water_permit_risk;grid_renewable_share;queue_withdrawal_rate,0.00,,
1285,54013,Calhoun,WV,False,26.77,64.22,51.45,49.47,39.48,59.73,42.88,60.85,48.93,0.71,False,-0.14,11.00,plant_capacity_mw_100km;water_permit_risk;drought_share_weeks_d2plus,0.00,,max_queue_median_age_years
1286,27085,McLeod,MN,False,58.64,62.34,59.99,53.77,34.42,58.71,8.94,55.51,48.92,0.76,False,-0.28,21.00,water_permit_risk;grid_renewable_share;wind_speed_100m_ms,0.00,,max_queue_median_age_years
1287,28143,Tunica,MS,False,43.75,51.51,43.94,31.62,49.65,45.11,71.16,53.20,48.91,0.78,False,-0.12,8.00,industrial_price_cents_kwh;state_policy_risk;water_stress_bws,0.00,,
1288,36099,Seneca,NY,True,69.95,74.92,52.73,42.74,20.33,65.99,6.55,55.51,48.90,0.78,False,-0.03,6.00,water_stress_bws;drought_share_weeks_d2plus;grid_co2_lb_mwh,0.00,,
1289,36015,Chemung,NY,True,55.90,69.65,65.85,42.30,19.43,81.63,6.55,55.51,48.88,0.76,False,0.05,3.00,drought_share_weeks_d2plus;grid_co2_lb_mwh;cdd_hist,0.00,,max_queue_median_age_years
1290,27147,Steele,MN,False,58.35,63.61,54.69,61.76,28.56,54.66,8.94,55.51,48.88,0.73,False,-0.27,21.00,fiber_share_locations;wind_speed_100m_ms;plant_clean_capacity_mw_100km,0.00,,max_queue_median_age_years
1291,01121,Talladega,AL,False,36.77,40.63,36.21,53.07,44.55,56.98,58.49,60.85,48.85,0.73,False,0.28,-9.00,water_permit_risk;coal_retired_mw;industrial_price_cents_kwh,0.00,,max_queue_median_age_years
1292,13157,Jackson,GA,False,42.32,37.26,52.29,55.42,15.09,50.22,62.98,55.51,48.85,0.73,False,0.27,-9.00,industrial_price_cents_kwh;plant_capacity_mw_100km;plant_clean_capacity_mw_100km,0.00,,max_queue_median_age_years
1293,46077,Kingsbury,SD,False,54.96,72.22,49.43,53.24,77.79,30.61,26.13,39.12,48.83,0.73,False,0.17,-5.00,fiber_share_locations;pop_density_per_sqkm;wind_speed_100m_ms,0.00,,max_queue_median_age_years
1294,20031,Coffey,KS,False,69.27,48.67,36.94,46.67,65.15,37.35,48.67,39.12,48.82,0.76,False,0.12,-3.00,wind_speed_100m_ms;queue_active_mw_clean_excl_storage;pop_density_per_sqkm,0.00,,max_queue_median_age_years
1295,13047,Catoosa,GA,False,39.64,43.94,46.18,58.60,6.67,54.64,62.98,55.51,48.79,0.73,False,-0.02,3.00,industrial_price_cents_kwh;plant_capacity_mw_100km;plant_clean_capacity_mw_100km,0.00,,max_queue_median_age_years
1296,55053,Jackson,WI,False,45.93,73.97,57.82,31.76,74.57,51.75,21.66,55.51,48.78,0.73,False,-0.46,31.00,cdd_hist;land_area_sqkm;water_permit_risk,0.00,,max_queue_median_age_years
1297,48183,Gregg,TX,False,39.45,22.16,47.80,63.92,9.22,57.63,90.33,36.26,48.76,0.71,False,-0.01,5.00,industrial_price_cents_kwh;fiber_share_locations;plant_capacity_mw_100km,0.00,,max_queue_median_age_years
1298,27101,Murray,MN,False,70.74,55.77,44.77,48.40,69.68,46.99,8.94,55.51,48.76,0.78,False,-0.17,14.00,wind_speed_100m_ms;plant_clean_capacity_mw_100km;pop_density_per_sqkm,0.00,,
1299,37003,Alexander,NC,False,49.43,43.85,56.98,49.34,15.65,61.88,45.37,55.51,48.73,0.73,False,0.03,1.00,plant_capacity_mw_100km;plant_clean_capacity_mw_100km;grid_co2_lb_mwh,0.00,,max_queue_median_age_years
1300,48199,Hardin,TX,False,38.82,32.21,32.29,50.23,56.16,52.75,90.33,36.26,48.70,0.76,False,0.02,4.00,industrial_price_cents_kwh;plant_capacity_mw_100km;queue_active_mw_clean_excl_storage,0.00,,
1301,39129,Pickaway,OH,False,47.23,50.50,56.66,33.08,29.80,58.18,66.95,43.16,48.66,0.78,False,-0.03,8.00,industrial_price_cents_kwh;drought_share_weeks_d2plus;queue_operational_mw_online_5y,0.00,,
1302,28023,Clarke,MS,False,32.92,38.56,40.09,41.91,63.25,55.67,71.16,53.20,48.66,0.76,False,-0.18,18.00,industrial_price_cents_kwh;state_policy_risk;queue_operational_mw_online_5y,0.00,,max_queue_median_age_years
1303,37109,Lincoln,NC,False,54.77,35.81,59.15,51.05,12.01,59.38,45.37,55.51,48.65,0.73,False,0.09,0.00,plant_capacity_mw_100km;plant_clean_capacity_mw_100km;grid_co2_lb_mwh,0.00,,max_queue_median_age_years
1304,36123,Yates,NY,True,60.63,75.18,53.39,53.34,25.18,55.48,6.55,55.51,48.64,0.76,False,-0.01,4.00,dc_existing_count;coal_retired_mw;drought_share_weeks_d2plus,0.00,,max_queue_median_age_years
1305,27151,Swift,MN,False,58.99,71.94,48.92,42.07,70.73,48.74,8.94,55.51,48.63,0.73,False,0.01,1.00,pop_density_per_sqkm;water_permit_risk;grid_renewable_share,0.00,,max_queue_median_age_years
1306,50023,Washington,VT,False,51.09,92.97,51.35,42.67,44.61,48.01,4.52,60.85,48.62,0.71,False,-0.00,4.00,water_permit_risk;drought_share_weeks_d2plus;nri_drought_score,0.00,,max_queue_median_age_years
1307,13309,Wheeler,GA,False,46.31,25.46,48.22,53.12,38.31,47.91,62.98,55.51,48.60,0.73,False,0.18,-612.00,industrial_price_cents_kwh;fiber_share_locations;water_permit_risk,0.00,,max_queue_median_age_years
1308,13283,Treutlen,GA,False,42.51,25.40,50.32,59.14,32.25,45.83,62.98,55.51,48.59,0.73,False,0.20,-615.00,industrial_price_cents_kwh;fiber_share_locations;water_permit_risk,0.00,,max_queue_median_age_years
1309,42077,Lehigh,PA,False,48.34,54.54,66.48,66.83,9.57,71.91,38.13,26.64,48.58,0.73,False,-0.02,5.00,plant_capacity_mw_100km;dc_existing_count;plant_clean_capacity_mw_100km,0.00,,max_queue_median_age_years
1310,39115,Morgan,OH,False,26.57,57.32,49.33,46.92,41.07,61.23,66.95,43.16,48.58,0.76,False,-0.03,6.00,industrial_price_cents_kwh;plant_capacity_mw_100km;drought_share_weeks_d2plus,0.00,,max_queue_median_age_years
1311,13013,Barrow,GA,False,36.43,47.52,54.26,50.46,5.68,56.71,62.98,55.51,48.55,0.73,False,0.23,-14.00,industrial_price_cents_kwh;nri_drought_score;water_permit_risk,0.00,,max_queue_median_age_years
1312,01125,Tuscaloosa,AL,False,31.09,44.55,43.11,50.41,52.83,46.73,58.49,60.85,48.55,0.71,False,0.21,-11.00,water_permit_risk;industrial_price_cents_kwh;land_area_sqkm,0.00,,max_queue_median_age_years
1313,13289,Twiggs,GA,False,45.71,20.09,44.67,60.30,42.70,44.34,62.98,55.51,48.54,0.73,False,0.24,-14.00,industrial_price_cents_kwh;fiber_share_locations;water_permit_risk,0.00,,max_queue_median_age_years
1314,17007,Boone,IL,False,45.86,49.03,67.61,52.15,14.02,81.55,16.26,60.85,48.51,0.71,False,-0.08,9.00,plant_capacity_mw_100km;water_permit_risk;plant_clean_capacity_mw_100km,0.00,,max_queue_median_age_years
1315,36069,Ontario,NY,True,62.48,75.61,57.87,39.54,36.47,59.37,6.55,55.51,48.50,0.76,False,-0.01,4.00,drought_share_weeks_d2plus;grid_co2_lb_mwh;water_stress_bws,0.00,,max_queue_median_age_years
1316,31153,Sarpy,NE,False,59.37,49.60,48.43,63.76,6.40,47.17,53.26,36.26,48.48,0.73,False,0.08,-1.00,dc_existing_count;queue_operational_mw_online_5y;grid_renewable_share,0.00,,max_queue_median_age_years
1317,20155,Reno,KS,False,57.22,38.77,33.86,55.49,66.29,56.41,48.67,39.12,48.47,0.76,False,-0.13,8.00,wind_speed_100m_ms;land_area_sqkm;fiber_share_locations,0.00,,max_queue_median_age_years
1318,27019,Carver,MN,False,52.98,64.78,63.00,63.99,14.23,53.28,8.94,55.51,48.43,0.73,False,-0.33,20.00,plant_capacity_mw_100km;fiber_share_locations;water_permit_risk,0.00,,max_queue_median_age_years
1319,28129,Smith,MS,False,27.06,45.45,40.02,49.14,60.92,42.62,71.16,53.20,48.41,0.73,False,-0.21,14.00,industrial_price_cents_kwh;state_policy_risk;fiber_share_locations,0.00,,max_queue_median_age_years
1320,28043,Grenada,MS,False,33.04,48.45,36.71,46.36,35.11,57.74,71.16,53.20,48.39,0.73,False,0.02,4.00,industrial_price_cents_kwh;state_policy_risk;water_stress_bws,0.00,,max_queue_median_age_years
1321,20027,Clay,KS,False,63.87,45.05,37.03,53.52,66.66,33.06,48.67,39.12,48.36,0.73,False,0.15,-608.00,fiber_share_locations;pop_density_per_sqkm;wind_speed_100m_ms,0.00,,max_queue_median_age_years
1322,39119,Muskingum,OH,False,26.31,56.94,49.67,44.18,39.76,64.73,66.95,43.16,48.32,0.73,False,-0.07,9.00,industrial_price_cents_kwh;drought_share_weeks_d2plus;water_permit_risk,0.00,,max_queue_median_age_years
1323,28067,Jones,MS,False,29.73,45.07,45.83,43.95,43.73,52.30,71.16,53.20,48.32,0.73,False,-0.14,11.00,industrial_price_cents_kwh;state_policy_risk;nri_drought_score,0.00,,max_queue_median_age_years
1324,13215,Muscogee,GA,False,36.32,24.92,53.03,62.33,5.42,66.32,62.98,55.51,48.32,0.73,False,0.11,-2.00,industrial_price_cents_kwh;dc_existing_count;water_permit_risk,0.00,,max_queue_median_age_years
1325,36109,Tompkins,NY,True,64.92,75.21,55.38,42.28,24.14,61.58,6.55,55.51,48.29,0.78,False,-0.02,5.00,drought_share_weeks_d2plus;grid_co2_lb_mwh;water_stress_bws,0.00,,
1326,39075,Holmes,OH,False,28.01,73.41,55.11,38.20,25.83,52.42,66.95,43.16,48.28,0.73,False,0.02,2.00,industrial_price_cents_kwh;drought_share_weeks_d2plus;nri_drought_score,0.00,,max_queue_median_age_years
1327,18035,Delaware,IN,False,48.60,59.93,56.61,38.81,16.42,79.13,31.34,55.51,48.28,0.78,False,0.05,-1.00,water_permit_risk;drought_share_weeks_d2plus;heat_sink_score,0.00,,
1328,13009,Baldwin,GA,False,43.89,21.98,46.03,61.23,14.07,61.09,62.98,55.51,48.27,0.76,False,0.32,-15.00,industrial_price_cents_kwh;water_permit_risk;queue_withdrawal_rate,0.00,,max_queue_median_age_years
1329,18155,Switzerland,IN,False,27.44,71.31,48.38,68.51,27.95,49.91,31.34,55.51,48.26,0.73,False,-0.16,12.00,fiber_share_locations;plant_capacity_mw_100km;water_stress_bws,0.00,,max_queue_median_age_years
1330,27129,Renville,MN,False,57.44,65.13,51.10,39.41,77.76,52.64,8.94,55.51,48.25,0.76,False,-0.09,5.00,land_area_sqkm;water_permit_risk;pop_density_per_sqkm,0.00,,max_queue_median_age_years
1331,27131,Rice,MN,False,54.77,68.92,54.28,59.03,28.56,51.62,8.94,55.51,48.24,0.73,False,-0.18,14.00,plant_capacity_mw_100km;water_permit_risk;grid_renewable_share,0.00,,max_queue_median_age_years
1332,27039,Dodge,MN,False,57.74,64.61,55.45,61.78,37.54,38.15,8.94,55.51,48.20,0.73,False,-0.51,31.00,fiber_share_locations;wind_speed_100m_ms;water_permit_risk,0.00,,max_queue_median_age_years
1333,18123,Perry,IN,False,28.35,69.37,47.21,65.71,32.08,53.40,31.34,55.51,48.18,0.73,False,-0.09,9.00,plant_capacity_mw_100km;water_stress_bws;fiber_share_locations,0.00,,max_queue_median_age_years
1334,18097,Marion,IN,False,35.13,53.39,66.59,57.65,10.47,67.78,31.34,55.51,48.14,0.76,False,-0.04,5.00,dc_existing_count;drought_share_weeks_d2plus;water_permit_risk,0.00,,max_queue_median_age_years
1335,25013,Hampden,MA,False,66.07,59.20,54.11,45.86,28.48,79.54,2.27,55.51,48.14,0.78,False,0.10,-3.00,plant_capacity_mw_100km;grid_co2_lb_mwh;plant_clean_capacity_mw_100km,0.00,,
1336,20055,Finney,KS,False,70.04,19.64,46.13,50.76,74.32,40.65,48.67,39.12,48.10,0.78,False,0.17,-7.00,land_area_sqkm;queue_active_mw_clean_excl_storage;wind_speed_100m_ms,0.00,,
1337,13147,Hart,GA,False,43.18,32.53,51.36,54.71,16.24,48.10,62.98,55.51,48.09,0.76,False,0.44,-20.00,industrial_price_cents_kwh;plant_clean_capacity_mw_100km;plant_capacity_mw_100km,0.00,,max_queue_median_age_years
1338,50011,Franklin,VT,False,52.25,93.90,53.01,36.73,43.05,47.93,4.52,60.85,48.09,0.71,False,0.04,-1.00,water_permit_risk;drought_share_weeks_d2plus;water_stress_bws,0.00,,max_queue_median_age_years
1339,18105,Monroe,IN,False,30.89,54.81,66.58,58.44,15.47,67.34,31.34,55.51,48.08,0.73,False,0.00,4.00,drought_share_weeks_d2plus;water_permit_risk;fiber_share_locations,0.00,,max_queue_median_age_years
1340,27139,Scott,MN,False,51.93,66.25,58.58,62.61,12.61,58.34,8.94,55.51,48.03,0.78,False,-0.27,18.00,water_permit_risk;grid_renewable_share;plant_capacity_mw_100km,0.00,,
1341,51660,Harrisonburg,VA,False,47.98,65.56,62.84,71.80,0.96,68.85,12.48,43.16,48.00,0.73,False,-0.08,10.00,dc_existing_count;nri_drought_score;plant_capacity_mw_100km,0.00,,max_queue_median_age_years
1342,18043,Floyd,IN,False,28.92,70.16,51.99,69.14,5.47,57.54,31.34,55.51,48.00,0.73,False,-0.14,11.00,coal_retired_mw;water_stress_bws;drought_share_weeks_d2plus,0.00,,max_queue_median_age_years
1343,18175,Washington,IN,False,31.25,65.82,51.38,59.26,39.88,50.16,31.34,55.51,47.97,0.73,False,-0.07,9.00,plant_capacity_mw_100km;drought_share_weeks_d2plus;water_permit_risk,0.00,,max_queue_median_age_years
1344,23001,Androscoggin,ME,False,65.05,64.06,62.84,39.20,23.21,64.52,3.36,60.85,47.93,0.76,False,0.14,0.00,water_permit_risk;grid_co2_lb_mwh;water_stress_bws,0.00,,
1345,55089,Ozaukee,WI,False,43.57,72.04,70.83,60.01,8.67,61.89,21.66,38.99,47.91,0.73,False,0.02,4.00,coal_retired_mw;drought_share_weeks_d2plus;plant_capacity_mw_100km,0.00,,max_queue_median_age_years
1346,13315,Wilcox,GA,False,47.67,24.54,44.85,51.54,42.59,42.06,62.98,55.51,47.85,0.76,False,0.12,-603.00,industrial_price_cents_kwh;water_permit_risk;queue_withdrawal_rate,0.00,,max_queue_median_age_years
1347,01081,Lee,AL,False,38.37,24.80,51.16,56.13,31.71,48.34,58.49,60.85,47.85,0.73,False,0.21,-609.00,water_permit_risk;industrial_price_cents_kwh;plant_capacity_mw_100km,0.00,,max_queue_median_age_years
1348,20171,Scott,KS,False,66.57,29.15,45.56,53.26,73.42,27.14,48.67,39.12,47.81,0.78,False,0.19,-2.00,pop_density_per_sqkm;wind_speed_100m_ms;queue_active_mw_clean_excl_storage,0.00,,
1349,13227,Pickens,GA,False,43.16,40.24,51.00,48.21,14.18,47.78,62.98,55.51,47.80,0.73,False,0.35,-13.00,industrial_price_cents_kwh;plant_capacity_mw_100km;water_permit_risk,0.00,,max_queue_median_age_years
1350,13151,Henry,GA,False,37.66,16.41,57.22,63.06,9.20,59.57,62.98,55.51,47.80,0.73,False,0.12,0.00,industrial_price_cents_kwh;plant_capacity_mw_100km;water_permit_risk,0.00,,max_queue_median_age_years
1351,29510,St. Louis,MO,False,27.47,77.24,58.34,55.38,1.06,85.09,38.13,38.99,47.80,0.73,False,-0.04,6.00,water_stress_bws;nri_drought_score;drought_share_weeks_d2plus,0.00,,max_queue_median_age_years
1352,42091,Montgomery,PA,False,50.22,47.04,64.44,67.45,17.35,65.24,38.13,26.64,47.79,0.76,False,0.03,3.00,plant_capacity_mw_100km;dc_existing_count;plant_clean_capacity_mw_100km,0.00,,max_queue_median_age_years
1353,48425,Somervell,TX,False,66.29,24.55,30.97,58.45,24.98,31.87,90.33,27.06,47.79,0.69,False,-0.32,16.00,industrial_price_cents_kwh;plant_capacity_mw_100km;plant_clean_capacity_mw_100km,0.00,,max_queue_median_age_years
1354,18137,Ripley,IN,False,32.20,66.83,47.54,58.29,33.56,56.92,31.34,55.51,47.77,0.76,False,-0.09,11.00,plant_capacity_mw_100km;drought_share_weeks_d2plus;water_permit_risk,0.00,,max_queue_median_age_years
1355,13245,Richmond,GA,False,43.38,28.93,55.88,45.51,9.81,63.98,62.98,55.51,47.74,0.73,False,0.36,-15.00,industrial_price_cents_kwh;plant_clean_capacity_mw_100km;water_permit_risk,0.00,,max_queue_median_age_years
1356,01107,Pickens,AL,False,29.78,48.54,37.24,36.93,71.13,51.79,58.49,60.85,47.74,0.71,False,0.25,-9.00,water_permit_risk;industrial_price_cents_kwh;land_area_sqkm,0.00,,max_queue_median_age_years
1357,13297,Walton,GA,False,35.07,28.28,52.10,59.75,13.06,56.48,62.98,55.51,47.70,0.76,False,0.24,-9.00,industrial_price_cents_kwh;queue_withdrawal_rate;water_permit_risk,0.00,,max_queue_median_age_years
1358,20085,Jackson,KS,False,60.51,55.35,42.72,45.58,63.28,26.00,48.67,39.12,47.70,0.73,False,-0.01,6.00,wind_speed_100m_ms;pop_density_per_sqkm;queue_active_mw_clean_excl_storage,0.00,,max_queue_median_age_years
1359,48141,El Paso,TX,False,51.10,11.53,66.42,55.53,42.63,62.47,90.33,2.28,47.70,0.76,False,0.10,-3.00,industrial_price_cents_kwh;queue_withdrawal_rate;queue_active_mw_clean_excl_storage,0.00,,
1360,48259,Kendall,TX,False,49.31,7.28,46.13,62.61,46.35,39.41,90.33,27.06,47.67,0.69,False,0.03,2.00,industrial_price_cents_kwh;fiber_share_locations;plant_capacity_mw_100km,0.00,,max_queue_median_age_years
1361,55059,Kenosha,WI,False,43.08,50.37,64.68,74.14,8.09,73.79,21.66,38.99,47.66,0.78,False,0.04,0.00,coal_retired_mw;queue_withdrawal_rate;water_permit_risk,0.00,,
1362,31025,Cass,NE,False,59.93,53.20,34.04,55.60,44.45,35.59,53.26,36.26,47.64,0.76,False,0.11,-3.00,water_stress_bws;wind_speed_100m_ms;grid_renewable_share,0.00,,
1363,27063,Jackson,MN,False,66.89,58.03,38.99,51.00,68.22,41.82,8.94,55.51,47.61,0.76,False,-0.24,11.00,wind_speed_100m_ms;plant_clean_capacity_mw_100km;pop_density_per_sqkm,0.00,,
1364,27009,Benton,MN,False,60.25,55.23,55.02,57.65,24.96,57.75,8.94,55.51,47.60,0.78,False,-0.18,6.00,queue_withdrawal_rate;queue_active_mw_clean_excl_storage;cdd_hist,0.00,,
1365,13085,Dawson,GA,False,37.29,36.47,55.42,52.46,14.38,47.16,62.98,55.51,47.60,0.73,False,0.16,-5.00,industrial_price_cents_kwh;plant_capacity_mw_100km;water_permit_risk,0.00,,max_queue_median_age_years
1366,13017,Ben Hill,GA,False,44.13,24.24,52.36,50.25,22.74,53.07,62.98,55.51,47.56,0.73,False,0.14,-607.00,industrial_price_cents_kwh;water_permit_risk;fiber_share_locations,0.00,,max_queue_median_age_years
1367,20077,Harper,KS,False,80.51,19.52,32.11,53.78,76.68,27.81,48.67,39.12,47.55,0.78,False,-0.07,1.00,pop_density_per_sqkm;queue_operational_mw_online_5y;wind_speed_100m_ms,0.00,,
1368,29099,Jefferson,MO,False,32.41,71.92,50.96,60.45,33.47,55.96,38.13,38.99,47.55,0.73,False,-0.18,5.00,coal_retired_mw;water_stress_bws;drought_share_weeks_d2plus,0.00,,max_queue_median_age_years
1369,13221,Oglethorpe,GA,False,44.64,32.11,44.81,53.82,42.38,28.83,62.98,55.51,47.49,0.73,False,0.36,-15.00,industrial_price_cents_kwh;water_permit_risk;plant_capacity_mw_100km,0.00,,max_queue_median_age_years
1370,27093,Meeker,MN,False,58.16,59.75,49.66,54.60,52.09,45.03,8.94,55.51,47.48,0.73,False,-0.17,8.00,water_permit_risk;grid_renewable_share;wind_speed_100m_ms,0.00,,max_queue_median_age_years
1371,27091,Martin,MN,False,64.57,49.10,50.26,46.84,61.64,53.68,8.94,55.51,47.46,0.76,False,-0.11,5.00,wind_speed_100m_ms;water_permit_risk;grid_renewable_share,0.00,,max_queue_median_age_years
1372,31051,Dixon,NE,False,64.07,48.75,32.75,47.55,55.95,38.70,53.26,36.26,47.41,0.71,False,0.14,-5.00,queue_operational_mw_online_5y;wind_speed_100m_ms;pop_density_per_sqkm,0.00,,max_queue_median_age_years
1373,31089,Holt,NE,False,62.97,34.98,39.14,43.81,91.91,28.83,53.26,36.26,47.40,0.71,False,0.19,-7.00,land_area_sqkm;pop_density_per_sqkm;wind_speed_100m_ms,0.00,,max_queue_median_age_years
1374,48339,Montgomery,TX,False,39.37,24.04,43.05,69.81,43.87,51.39,90.33,11.47,47.34,0.71,False,-0.25,10.00,industrial_price_cents_kwh;plant_capacity_mw_100km;fiber_share_locations,0.00,,max_queue_median_age_years
1375,50019,Orleans,VT,False,51.65,89.86,48.32,30.33,55.69,53.85,4.52,60.85,47.34,0.71,False,0.02,0.00,water_permit_risk;drought_share_weeks_d2plus;cdd_hist,0.00,,max_queue_median_age_years
1376,29009,Barry,MO,False,53.31,47.69,34.83,44.63,57.80,51.33,38.13,55.51,47.31,0.73,False,-0.26,11.00,water_permit_risk;land_area_sqkm;wind_speed_100m_ms,0.00,,max_queue_median_age_years
1377,48397,Rockwall,TX,False,54.66,21.38,46.98,67.00,3.76,58.57,90.33,11.47,47.29,0.73,False,-0.08,4.00,industrial_price_cents_kwh;fiber_share_locations;plant_capacity_mw_100km,0.00,,max_queue_median_age_years
1378,28099,Neshoba,MS,False,26.87,44.18,45.86,38.84,45.03,54.61,71.16,53.20,47.29,0.73,False,0.05,-1.00,industrial_price_cents_kwh;state_policy_risk;mfg_emp_share_1969,0.00,,max_queue_median_age_years
1379,20035,Cowley,KS,False,59.15,33.67,33.37,51.72,72.05,48.95,48.67,39.12,47.29,0.76,False,-0.09,4.00,wind_speed_100m_ms;land_area_sqkm;grid_renewable_share,0.00,,max_queue_median_age_years
1380,37149,Polk,NC,False,49.53,24.60,59.26,56.86,19.96,51.24,45.37,55.51,47.27,0.73,False,0.16,-608.00,plant_capacity_mw_100km;plant_clean_capacity_mw_100km;grid_co2_lb_mwh,0.00,,max_queue_median_age_years
1381,13023,Bleckley,GA,False,40.13,20.34,46.97,60.80,24.20,48.82,62.98,55.51,47.19,0.73,False,0.20,-10.00,industrial_price_cents_kwh;fiber_share_locations;water_permit_risk,0.00,,max_queue_median_age_years
1382,20201,Washington,KS,False,66.65,43.13,36.33,41.30,80.01,29.07,48.67,39.12,47.17,0.73,False,0.21,-10.00,pop_density_per_sqkm;queue_operational_mw_online_5y;wind_speed_100m_ms,0.00,,max_queue_median_age_years
1383,20159,Rice,KS,False,70.38,37.11,34.00,44.01,70.39,36.51,48.67,39.12,47.14,0.73,False,-0.06,2.00,wind_speed_100m_ms;pop_density_per_sqkm;queue_operational_mw_online_5y,0.00,,max_queue_median_age_years
1384,28147,Walthall,MS,False,28.38,39.96,40.78,49.79,39.40,47.56,71.16,53.20,47.10,0.73,False,0.11,-2.00,industrial_price_cents_kwh;state_policy_risk;fiber_share_locations,0.00,,max_queue_median_age_years
1385,13021,Bibb,GA,False,35.86,21.90,50.74,60.06,7.27,62.75,62.98,55.51,47.09,0.73,False,0.22,-6.00,industrial_price_cents_kwh;coal_retired_mw;water_permit_risk,0.00,,max_queue_median_age_years
1386,48209,Hays,TX,False,50.96,7.81,52.09,55.64,33.87,42.60,90.33,27.06,47.05,0.76,False,0.01,0.00,industrial_price_cents_kwh;queue_withdrawal_rate;plant_capacity_mw_100km,0.00,,
1387,18109,Morgan,IN,False,31.20,55.22,52.20,68.45,19.81,52.45,31.34,55.51,47.03,0.73,False,-0.01,1.00,coal_retired_mw;drought_share_weeks_d2plus;water_permit_risk,0.00,,max_queue_median_age_years
1388,13169,Jones,GA,False,37.18,23.51,47.30,62.57,27.94,40.86,62.98,55.51,47.00,0.73,False,0.27,-607.00,industrial_price_cents_kwh;fiber_share_locations;water_permit_risk,0.00,,max_queue_median_age_years
1389,27059,Isanti,MN,False,47.31,63.31,63.48,53.78,28.02,54.95,8.94,55.51,46.96,0.73,False,-0.64,27.00,water_permit_risk;cdd_hist;grid_renewable_share,0.00,,max_queue_median_age_years
1390,27169,Winona,MN,False,50.50,74.62,58.32,37.14,42.89,58.40,8.94,55.51,46.94,0.73,False,-0.50,18.00,water_permit_risk;drought_share_weeks_d2plus;grid_renewable_share,0.00,,max_queue_median_age_years
1391,37105,Lee,NC,False,49.15,37.46,52.97,46.06,11.69,63.67,45.37,55.51,46.83,0.73,False,0.08,0.00,grid_co2_lb_mwh;water_permit_risk;plant_capacity_mw_100km,0.00,,max_queue_median_age_years
1392,27143,Sibley,MN,False,50.52,63.65,46.49,53.55,56.77,48.25,8.94,55.51,46.83,0.73,False,-0.15,7.00,plant_capacity_mw_100km;water_permit_risk;grid_renewable_share,0.00,,max_queue_median_age_years
1393,31097,Johnson,NE,False,56.49,50.03,34.28,48.56,47.51,46.48,53.26,36.26,46.82,0.71,False,-0.04,1.00,wind_speed_100m_ms;pop_density_per_sqkm;grid_renewable_share,0.00,,max_queue_median_age_years
1394,27141,Sherburne,MN,False,59.46,47.15,56.65,63.19,21.18,52.01,8.94,55.51,46.82,0.78,False,-0.17,7.00,coal_retired_mw;queue_active_mw_clean_excl_storage;water_permit_risk,0.00,,
1395,28079,Leake,MS,False,27.77,43.95,42.41,39.01,51.54,47.00,71.16,53.20,46.81,0.73,False,0.07,-2.00,industrial_price_cents_kwh;state_policy_risk;nri_drought_score,0.00,,max_queue_median_age_years
1396,18163,Vanderburgh,IN,False,30.37,62.56,47.61,65.11,6.38,64.23,31.34,55.51,46.81,0.76,False,-0.19,8.00,water_stress_bws;plant_capacity_mw_100km;drought_share_weeks_d2plus,0.00,,max_queue_median_age_years
1397,33013,Merrimack,NH,False,54.61,58.78,49.30,42.54,48.25,55.28,2.94,69.59,46.79,0.76,False,-0.04,-1.00,state_policy_risk;grid_co2_lb_mwh;cdd_hist,0.00,,max_queue_median_age_years
1398,01111,Randolph,AL,False,36.39,39.83,35.00,48.11,50.56,40.18,58.49,60.85,46.77,0.71,False,0.22,-8.00,plant_capacity_mw_100km;water_permit_risk;industrial_price_cents_kwh,0.00,,max_queue_median_age_years
1399,13319,Wilkinson,GA,False,35.14,22.27,49.58,48.52,50.24,47.44,62.98,55.51,46.74,0.73,False,0.27,-10.00,industrial_price_cents_kwh;water_permit_risk;pop_density_per_sqkm,0.00,,max_queue_median_age_years
1400,13271,Telfair,GA,False,41.35,24.03,47.91,38.02,45.18,58.71,62.98,55.51,46.71,0.73,False,0.18,-596.00,industrial_price_cents_kwh;water_permit_risk;unemployment_rate_pct_2023,0.00,,max_queue_median_age_years
1401,27013,Blue Earth,MN,False,63.79,51.85,50.35,49.60,46.75,48.92,8.94,55.51,46.68,0.73,False,-0.14,6.00,water_permit_risk;wind_speed_100m_ms;grid_renewable_share,0.00,,max_queue_median_age_years
1402,46057,Hamlin,SD,False,56.00,62.99,47.34,57.10,57.54,28.60,26.13,39.12,46.68,0.73,False,0.02,-5.00,fiber_share_locations;wind_speed_100m_ms;pop_density_per_sqkm,0.00,,max_queue_median_age_years
1403,25011,Franklin,MA,False,68.62,67.75,43.84,38.02,43.41,62.36,2.27,55.51,46.68,0.76,False,0.07,-8.00,grid_co2_lb_mwh;cdd_hist;water_permit_risk,0.00,,max_queue_median_age_years
1404,01091,Marengo,AL,False,30.81,44.59,36.44,30.78,75.39,51.42,58.49,60.85,46.65,0.73,False,-0.01,-2.00,water_permit_risk;industrial_price_cents_kwh;water_stress_bws,0.00,,max_queue_median_age_years
1405,18019,Clark,IN,False,33.26,68.62,50.85,49.47,14.67,64.44,31.34,55.51,46.55,0.76,False,-0.11,4.00,drought_share_weeks_d2plus;water_stress_bws;plant_capacity_mw_100km,0.00,,max_queue_median_age_years
1406,28101,Newton,MS,False,26.17,42.58,45.31,33.95,51.14,54.04,71.16,53.20,46.54,0.73,False,-0.16,7.00,industrial_price_cents_kwh;state_policy_risk;mfg_emp_share_1969,0.00,,max_queue_median_age_years
1407,27145,Stearns,MN,False,49.75,57.93,54.82,46.27,55.95,56.36,8.94,55.51,46.54,0.73,False,-0.11,3.00,land_area_sqkm;water_permit_risk;grid_renewable_share,0.00,,max_queue_median_age_years
1408,13059,Clarke,GA,False,38.50,34.48,54.38,45.68,3.35,57.69,62.98,55.51,46.53,0.76,False,0.35,-16.00,industrial_price_cents_kwh;water_permit_risk;population,0.00,,max_queue_median_age_years
1409,18115,Ohio,IN,False,28.62,72.29,48.61,66.50,19.72,35.38,31.34,55.51,46.48,0.73,False,-0.20,10.00,plant_capacity_mw_100km;water_stress_bws;fiber_share_locations,0.00,,max_queue_median_age_years
1410,27161,Waseca,MN,False,56.70,48.34,54.84,48.98,37.28,66.50,8.94,55.51,46.47,0.73,False,-0.07,2.00,wind_speed_100m_ms;water_permit_risk;grid_renewable_share,0.00,,max_queue_median_age_years
1411,31027,Cedar,NE,False,55.82,48.22,31.18,47.27,71.73,33.23,53.26,36.26,46.46,0.71,False,0.10,-5.00,wind_speed_100m_ms;pop_density_per_sqkm;grid_renewable_share,0.00,,max_queue_median_age_years
1412,13035,Butts,GA,False,37.27,20.08,50.94,62.50,13.36,45.74,62.98,55.51,46.45,0.73,False,0.18,-9.00,industrial_price_cents_kwh;plant_capacity_mw_100km;water_permit_risk,0.00,,max_queue_median_age_years
1413,24027,Howard,MD,False,50.62,49.32,67.19,70.77,5.64,55.29,5.16,53.07,46.42,0.73,False,-0.00,-2.00,state_policy_risk;plant_capacity_mw_100km;fiber_share_locations,0.00,,max_queue_median_age_years
1414,27025,Chisago,MN,False,52.49,53.94,62.45,56.16,22.98,53.08,8.94,55.51,46.38,0.78,False,-0.17,6.00,water_permit_risk;cdd_hist;grid_renewable_share,0.00,,
1415,27015,Brown,MN,False,51.19,64.65,43.70,48.40,50.87,57.95,8.94,55.51,46.35,0.73,False,0.01,0.00,water_permit_risk;water_stress_bws;grid_renewable_share,0.00,,max_queue_median_age_years
1416,13133,Greene,GA,False,39.30,35.47,35.93,51.27,32.31,44.47,62.98,55.51,46.27,0.73,False,0.33,-11.00,industrial_price_cents_kwh;plant_capacity_mw_100km;water_permit_risk,0.00,,max_queue_median_age_years
1417,13073,Columbia,GA,False,43.76,24.33,49.56,51.17,9.28,51.49,62.98,55.51,46.27,0.73,False,0.41,-17.00,industrial_price_cents_kwh;plant_clean_capacity_mw_100km;water_permit_risk,0.00,,max_queue_median_age_years
1418,04013,Maricopa,AZ,False,71.66,12.96,48.71,64.40,54.28,52.16,34.96,30.54,46.20,0.78,False,0.11,-1.00,state_policy_risk;land_area_sqkm;queue_operational_mw_online_5y,0.00,,
1419,54037,Jefferson,WV,False,44.66,41.40,58.39,43.61,9.78,51.72,42.88,60.85,46.18,0.76,False,-0.20,10.00,water_permit_risk;queue_operational_mw_online_5y;drought_share_weeks_d2plus,0.00,,
1420,28105,Oktibbeha,MS,False,25.53,39.05,51.43,46.59,27.85,43.13,71.16,53.20,46.17,0.76,False,0.19,-6.00,industrial_price_cents_kwh;state_policy_risk;fiber_share_locations,0.00,,max_queue_median_age_years
1421,13235,Pulaski,GA,False,39.75,22.08,38.14,59.07,30.48,45.07,62.98,55.51,46.13,0.73,False,0.17,-3.00,industrial_price_cents_kwh;fiber_share_locations;water_permit_risk,0.00,,max_queue_median_age_years
1422,28035,Forrest,MS,False,30.23,32.46,52.42,47.52,25.06,42.38,71.16,53.20,46.11,0.73,False,-0.19,10.00,industrial_price_cents_kwh;state_policy_risk;nri_heat_wave_score,0.00,,max_queue_median_age_years
1423,18119,Owen,IN,False,32.07,55.70,52.69,59.14,30.77,46.57,31.34,55.51,46.10,0.73,False,0.10,-2.00,drought_share_weeks_d2plus;plant_capacity_mw_100km;water_permit_risk,0.00,,max_queue_median_age_years
1424,28075,Lauderdale,MS,False,25.75,28.53,48.36,43.50,43.34,53.85,71.16,53.20,46.08,0.73,False,-0.03,1.00,industrial_price_cents_kwh;state_policy_risk;drought_share_weeks_d2plus,0.00,,max_queue_median_age_years
1425,17083,Jersey,IL,False,32.77,64.11,63.40,49.51,29.61,53.25,16.26,60.85,46.05,0.71,False,-0.05,3.00,water_permit_risk;drought_share_weeks_d2plus;water_stress_bws,0.00,,max_queue_median_age_years
1426,20067,Grant,KS,False,62.27,19.95,45.21,54.20,62.38,34.66,48.67,39.12,46.05,0.76,False,0.03,-2.00,wind_speed_100m_ms;fiber_share_locations;pop_density_per_sqkm,0.00,,max_queue_median_age_years
1427,51177,Spotsylvania,VA,False,57.37,42.24,59.88,69.50,16.07,57.54,12.48,43.16,46.02,0.78,False,-0.09,3.00,dc_existing_count;plant_capacity_mw_100km;grid_co2_lb_mwh,0.00,,
1428,31155,Saunders,NE,False,54.54,50.02,34.80,47.09,62.25,30.71,53.26,36.26,46.02,0.71,False,0.06,-6.00,queue_operational_mw_online_5y;wind_speed_100m_ms;grid_renewable_share,0.00,,max_queue_median_age_years
1429,29067,Douglas,MO,False,32.57,59.79,44.65,37.92,72.56,42.55,38.13,55.51,45.98,0.73,False,-0.60,23.00,water_permit_risk;pop_density_per_sqkm;drought_share_weeks_d2plus,0.00,,max_queue_median_age_years
1430,27003,Anoka,MN,False,50.34,58.15,62.84,49.43,14.72,64.31,8.94,55.51,45.96,0.73,False,-0.46,16.00,plant_capacity_mw_100km;water_permit_risk;grid_renewable_share,0.00,,max_queue_median_age_years
1431,34037,Sussex,NJ,False,54.68,54.21,58.27,67.69,25.35,70.76,3.96,36.06,45.96,0.73,False,0.08,-5.00,plant_capacity_mw_100km;water_permit_risk;fiber_share_locations,0.00,,max_queue_median_age_years
1432,48291,Liberty,TX,False,41.76,31.46,36.33,53.51,58.22,47.41,90.33,11.47,45.94,0.76,False,-0.17,6.00,industrial_price_cents_kwh;plant_capacity_mw_100km;land_area_sqkm,0.00,,
1433,54003,Berkeley,WV,False,34.46,43.84,57.18,44.11,11.72,62.93,42.88,60.85,45.93,0.71,False,-0.21,6.00,water_permit_risk;drought_share_weeks_d2plus;heat_sink_score,0.00,,max_queue_median_age_years
1434,51630,Fredericksburg,VA,False,51.63,61.53,58.42,67.37,1.03,57.00,12.48,43.16,45.87,0.73,False,0.05,-1.00,plant_capacity_mw_100km;nri_drought_score;fiber_share_locations,0.00,,max_queue_median_age_years
1435,01065,Hale,AL,False,31.53,51.64,31.99,31.89,60.89,46.71,58.49,60.85,45.85,0.73,False,0.15,-8.00,water_permit_risk;industrial_price_cents_kwh;water_stress_bws,0.00,,max_queue_median_age_years
1436,13225,Peach,GA,False,45.47,21.42,48.36,50.15,10.66,49.84,62.98,55.51,45.84,0.73,False,0.24,-13.00,industrial_price_cents_kwh;water_permit_risk;queue_operational_mw_online_5y,0.00,,max_queue_median_age_years
1437,33001,Belknap,NH,False,55.29,59.28,52.68,45.81,20.60,53.52,2.94,69.59,45.83,0.73,False,-0.06,0.00,state_policy_risk;grid_co2_lb_mwh;cdd_hist,0.00,,max_queue_median_age_years
1438,27023,Chippewa,MN,False,52.61,71.09,50.04,37.29,58.57,44.86,8.94,55.51,45.80,0.76,False,0.03,-3.00,wind_speed_100m_ms;water_permit_risk;grid_renewable_share,0.00,,max_queue_median_age_years
1439,17093,Kendall,IL,False,57.73,50.02,57.34,60.45,11.26,73.03,16.26,36.06,45.79,0.76,False,-0.11,1.00,water_permit_risk;plant_clean_capacity_mw_100km;plant_capacity_mw_100km,0.00,,
1440,13153,Houston,GA,False,46.30,20.26,50.85,52.33,13.30,39.12,62.98,55.51,45.72,0.73,False,0.21,-9.00,industrial_price_cents_kwh;queue_operational_mw_online_5y;water_permit_risk,0.00,,max_queue_median_age_years
1441,54065,Morgan,WV,False,32.66,49.64,54.56,49.22,20.76,42.76,42.88,60.85,45.71,0.71,False,-0.16,4.00,water_permit_risk;drought_share_weeks_d2plus;plant_capacity_mw_100km,0.00,,max_queue_median_age_years
1442,24013,Carroll,MD,False,57.79,49.69,64.71,54.23,19.43,55.62,5.16,53.07,45.69,0.73,False,-0.07,1.00,state_policy_risk;plant_capacity_mw_100km;plant_clean_capacity_mw_100km,0.00,,max_queue_median_age_years
1443,31107,Knox,NE,False,56.91,44.93,31.84,37.86,84.06,32.10,53.26,36.26,45.62,0.73,False,0.22,-9.00,pop_density_per_sqkm;land_area_sqkm;wind_speed_100m_ms,0.00,,max_queue_median_age_years
1444,51690,Martinsville,VA,False,30.19,59.75,72.96,65.09,2.32,77.58,12.48,43.16,45.60,0.73,False,-0.15,4.00,fiber_share_locations;nri_drought_score;plant_capacity_mw_100km,0.00,,max_queue_median_age_years
1445,28077,Lawrence,MS,False,26.87,42.55,37.84,36.25,44.53,52.91,71.16,53.20,45.56,0.73,False,0.06,-3.00,industrial_price_cents_kwh;state_policy_risk;mfg_emp_share_1969,0.00,,max_queue_median_age_years
1446,17043,DuPage,IL,False,52.97,50.23,64.55,64.25,7.06,64.79,16.26,36.06,45.54,0.71,False,0.02,-2.00,plant_capacity_mw_100km;dc_existing_count;water_permit_risk,0.00,,max_queue_median_age_years
1447,26099,Macomb,MI,False,39.36,79.89,49.77,53.91,17.11,73.80,28.53,26.64,45.49,0.78,False,-0.04,0.00,drought_share_weeks_d2plus;nri_drought_score;water_permit_risk,0.00,,
1448,20123,Mitchell,KS,False,60.70,29.80,36.23,49.35,71.50,30.66,48.67,39.12,45.45,0.73,False,0.23,-7.00,fiber_share_locations;pop_density_per_sqkm;wind_speed_100m_ms,0.00,,max_queue_median_age_years
1449,28131,Stone,MS,False,31.20,26.26,48.26,44.87,39.85,39.89,71.16,53.20,45.42,0.76,False,-0.13,6.00,industrial_price_cents_kwh;state_policy_risk;fiber_share_locations,0.00,,max_queue_median_age_years
1450,34027,Morris,NJ,False,56.81,57.41,56.74,64.44,16.98,70.58,3.96,36.06,45.40,0.73,False,0.42,-14.00,plant_capacity_mw_100km;water_permit_risk;fiber_share_locations,0.00,,max_queue_median_age_years
1451,17119,Madison,IL,False,31.78,57.09,56.96,64.89,35.83,78.16,16.26,36.06,45.40,0.71,False,0.02,-1.00,coal_retired_mw;water_permit_risk;drought_share_weeks_d2plus,0.00,,max_queue_median_age_years
1452,20175,Seward,KS,False,68.58,16.56,42.97,48.76,55.90,38.00,48.67,39.12,45.35,0.76,False,0.04,-1.00,wind_speed_100m_ms;fiber_share_locations;nri_inland_flood_score,0.00,,max_queue_median_age_years
1453,27163,Washington,MN,False,49.80,59.50,62.85,48.32,12.29,59.98,8.94,55.51,45.34,0.73,False,-0.17,3.00,nri_drought_score;plant_capacity_mw_100km;water_permit_risk,0.00,,max_queue_median_age_years
1454,20069,Gray,KS,False,66.85,22.99,37.68,49.44,78.71,19.70,48.67,39.12,45.32,0.76,False,0.10,-5.00,fiber_share_locations;pop_density_per_sqkm;wind_speed_100m_ms,0.00,,max_queue_median_age_years
1455,27095,Mille Lacs,MN,False,48.28,61.88,52.49,41.05,46.74,58.72,8.94,55.51,45.28,0.73,False,-0.61,17.00,cdd_hist;water_permit_risk;grid_renewable_share,0.00,,max_queue_median_age_years
1456,18143,Scott,IN,False,27.71,54.54,52.63,60.15,14.14,56.83,31.34,55.51,45.18,0.73,False,-0.06,2.00,plant_capacity_mw_100km;drought_share_weeks_d2plus;water_permit_risk,0.00,,max_queue_median_age_years
1457,48031,Blanco,TX,False,52.08,9.09,45.03,44.70,67.22,19.47,90.33,27.06,45.17,0.71,False,-0.06,4.00,industrial_price_cents_kwh;pop_density_per_sqkm;wind_speed_100m_ms,0.00,,max_queue_median_age_years
1458,13277,Tift,GA,False,49.08,26.04,51.99,38.23,14.72,41.53,62.98,55.51,45.11,0.73,False,-0.02,4.00,industrial_price_cents_kwh;water_permit_risk;nri_inland_flood_score,0.00,,max_queue_median_age_years
1459,51087,Henrico,VA,False,59.29,33.79,65.19,70.75,5.00,53.78,12.48,43.16,45.06,0.76,False,0.05,1.00,dc_existing_count;plant_capacity_mw_100km;plant_clean_capacity_mw_100km,0.00,,max_queue_median_age_years
1460,25015,Hampshire,MA,False,63.24,59.73,51.30,42.78,25.41,59.38,2.27,55.51,45.04,0.76,False,0.08,-1.00,plant_capacity_mw_100km;grid_co2_lb_mwh;cdd_hist,0.00,,max_queue_median_age_years
1461,13219,Oconee,GA,False,38.49,28.51,46.29,53.44,10.15,40.43,62.98,55.51,45.03,0.73,False,0.31,-8.00,industrial_price_cents_kwh;plant_capacity_mw_100km;water_permit_risk,0.00,,max_queue_median_age_years
1462,18077,Jefferson,IN,False,28.25,66.62,47.33,49.47,23.38,56.25,31.34,55.51,45.02,0.76,False,-0.05,3.00,plant_capacity_mw_100km;drought_share_weeks_d2plus;water_permit_risk,0.00,,max_queue_median_age_years
1463,18059,Hancock,IN,False,39.23,56.77,60.82,40.83,12.98,54.83,31.34,55.51,44.98,0.76,False,-0.00,1.00,drought_share_weeks_d2plus;water_permit_risk;nri_wildfire_score,0.00,,max_queue_median_age_years
1464,20145,Pawnee,KS,False,59.90,24.13,28.54,55.17,73.99,32.36,48.67,39.12,44.94,0.73,False,0.09,-1.00,fiber_share_locations;wind_speed_100m_ms;pop_density_per_sqkm,0.00,,max_queue_median_age_years
1465,51191,Washington,VA,False,30.37,62.83,69.09,57.52,35.77,57.47,12.48,43.16,44.94,0.76,False,-0.07,3.00,fiber_share_locations;water_permit_risk;queue_operational_mw_online_5y,0.00,,max_queue_median_age_years
1466,29145,Newton,MO,False,53.42,45.59,41.38,32.54,40.74,52.06,38.13,55.51,44.91,0.76,False,-0.37,10.00,wind_speed_100m_ms;water_permit_risk;grid_renewable_share,0.00,,max_queue_median_age_years
1467,55101,Racine,WI,False,35.23,54.21,65.39,60.18,10.39,72.10,21.66,38.99,44.88,0.73,False,0.04,0.00,dc_existing_count;water_permit_risk;heat_sink_score,0.00,,max_queue_median_age_years
1468,27065,Kanabec,MN,False,45.90,55.30,53.03,47.35,48.50,53.66,8.94,55.51,44.85,0.73,False,-0.13,2.00,cdd_hist;water_permit_risk;grid_renewable_share,0.00,,max_queue_median_age_years
1469,01087,Macon,AL,False,37.14,21.18,39.64,41.82,55.08,43.44,58.49,60.85,44.84,0.71,False,0.31,-12.00,water_permit_risk;industrial_price_cents_kwh;pop_change_pct_since_peak,0.00,,max_queue_median_age_years
1470,34031,Passaic,NJ,False,44.20,59.21,56.63,72.47,2.70,80.81,3.96,36.06,44.80,0.71,False,0.53,-16.00,plant_capacity_mw_100km;fiber_share_locations;water_permit_risk,0.00,,max_queue_median_age_years
1471,08063,Kit Carson,CO,False,63.71,41.74,41.39,59.10,92.52,21.80,19.48,32.99,44.80,0.78,False,0.15,-5.00,land_area_sqkm;pop_density_per_sqkm;queue_active_mw_clean_excl_storage,0.00,,
1472,27165,Watonwan,MN,False,67.24,46.29,47.43,38.06,45.95,53.01,8.94,55.51,44.73,0.76,False,-0.04,-1.00,wind_speed_100m_ms;queue_active_mw_clean_excl_storage;water_permit_risk,0.00,,max_queue_median_age_years
1473,12003,Baker,FL,False,50.35,44.76,51.20,52.33,47.44,26.86,23.90,55.51,44.72,0.76,False,-0.09,0.00,queue_operational_mw_online_5y;queue_withdrawal_rate;water_permit_risk,0.00,,max_queue_median_age_years
1474,31179,Wayne,NE,False,64.51,33.68,34.80,47.31,48.33,30.98,53.26,36.26,44.71,0.73,False,-0.10,0.00,wind_speed_100m_ms;grid_renewable_share;pop_density_per_sqkm,0.00,,max_queue_median_age_years
1475,13145,Harris,GA,False,38.31,22.48,45.59,49.16,32.52,35.20,62.98,55.51,44.63,0.73,False,0.19,-6.00,industrial_price_cents_kwh;plant_capacity_mw_100km;water_permit_risk,0.00,,max_queue_median_age_years
1476,51840,Winchester,VA,False,47.48,64.83,65.53,59.46,0.74,48.78,12.48,43.16,44.55,0.71,False,-0.29,9.00,nri_drought_score;fiber_share_locations;grid_co2_lb_mwh,0.00,,max_queue_median_age_years
1477,18013,Brown,IN,False,29.73,55.42,52.37,58.73,29.21,35.11,31.34,55.51,44.53,0.73,False,-0.02,0.00,drought_share_weeks_d2plus;fiber_share_locations;water_permit_risk,0.00,,max_queue_median_age_years
1478,17005,Bond,IL,False,32.54,57.47,56.75,47.78,34.16,53.44,16.26,60.85,44.49,0.71,False,-0.04,0.00,water_permit_risk;drought_share_weeks_d2plus;plant_capacity_mw_100km,0.00,,max_queue_median_age_years
1479,18093,Lawrence,IN,False,29.84,52.84,52.65,42.57,28.27,67.32,31.34,55.51,44.47,0.76,False,-0.02,0.00,drought_share_weeks_d2plus;plant_capacity_mw_100km;water_permit_risk,0.00,,max_queue_median_age_years
1480,20125,Montgomery,KS,False,52.68,38.63,36.36,36.66,50.60,59.91,48.67,39.12,44.41,0.73,False,-0.16,6.00,wind_speed_100m_ms;pop_change_pct_since_peak;grid_renewable_share,0.00,,max_queue_median_age_years
1481,20189,Stevens,KS,False,66.87,15.09,44.30,42.46,73.91,26.80,48.67,39.12,44.39,0.76,False,-0.00,-1.00,pop_density_per_sqkm;wind_speed_100m_ms;queue_active_mw_clean_excl_storage,0.00,,
1482,31095,Jefferson,NE,False,53.48,34.33,33.28,47.87,61.74,36.29,53.26,36.26,44.37,0.71,False,0.24,-7.00,wind_speed_100m_ms;pop_density_per_sqkm;grid_renewable_share,0.00,,max_queue_median_age_years
1483,29131,Miller,MO,False,38.17,61.10,44.80,31.61,49.77,41.05,38.13,55.51,44.37,0.73,False,-0.15,5.00,water_permit_risk;nri_drought_score;drought_share_weeks_d2plus,0.00,,max_queue_median_age_years
1484,17055,Franklin,IL,False,32.01,52.65,54.87,49.63,26.21,65.19,16.26,60.85,44.36,0.76,False,-0.01,-2.00,water_permit_risk;drought_share_weeks_d2plus;unemployment_rate_pct_2023,0.00,,
1485,29153,Ozark,MO,False,30.39,55.77,42.36,34.91,71.61,42.36,38.13,55.51,44.35,0.73,False,-0.58,15.00,pop_density_per_sqkm;water_permit_risk;drought_share_weeks_d2plus,0.00,,max_queue_median_age_years
1486,31059,Fillmore,NE,False,60.48,25.69,39.42,45.12,64.14,29.00,53.26,36.26,44.27,0.71,False,0.07,-3.00,wind_speed_100m_ms;pop_density_per_sqkm;grid_renewable_share,0.00,,max_queue_median_age_years
1487,51678,Lexington,VA,False,47.52,68.63,59.33,57.66,0.61,51.11,12.48,43.16,44.18,0.71,False,-0.16,6.00,fiber_share_locations;nri_drought_score;grid_co2_lb_mwh,0.00,,max_queue_median_age_years
1488,28113,Pike,MS,False,27.67,40.78,42.26,29.96,25.54,57.07,71.16,53.20,44.10,0.76,False,0.05,2.00,industrial_price_cents_kwh;state_policy_risk;grid_co2_lb_mwh,0.00,,max_queue_median_age_years
1489,51167,Russell,VA,False,24.57,58.67,63.49,64.26,37.65,57.85,12.48,43.16,44.08,0.73,False,-0.08,5.00,coal_retired_mw;fiber_share_locations;water_permit_risk,0.00,,max_queue_median_age_years
1490,46067,Hutchinson,SD,False,51.13,52.29,35.39,52.03,75.43,33.23,26.13,39.12,44.08,0.73,False,0.24,-6.00,fiber_share_locations;water_stress_bws;pop_density_per_sqkm,0.00,,max_queue_median_age_years
1491,46015,Brule,SD,False,52.83,57.75,32.19,51.93,77.28,25.66,26.13,39.12,44.07,0.73,False,0.29,-10.00,fiber_share_locations;water_stress_bws;pop_density_per_sqkm,0.00,,max_queue_median_age_years
1492,18079,Jennings,IN,False,30.91,54.33,43.49,52.21,26.73,55.28,31.34,55.51,44.07,0.76,False,-0.06,3.00,plant_capacity_mw_100km;drought_share_weeks_d2plus;water_permit_risk,0.00,,max_queue_median_age_years
1493,18081,Johnson,IN,False,34.66,54.61,56.59,44.75,10.49,56.01,31.34,55.51,44.05,0.76,False,-0.01,-1.00,drought_share_weeks_d2plus;fiber_share_locations;water_permit_risk,0.00,,max_queue_median_age_years
1494,08087,Morgan,CO,False,53.27,44.11,33.58,60.71,77.16,37.65,19.48,39.12,44.04,0.78,False,0.18,-5.00,land_area_sqkm;queue_active_mw_clean_excl_storage;nri_drought_score,0.00,,
1495,46009,Bon Homme,SD,False,59.40,51.25,40.00,48.57,61.03,30.35,26.13,39.12,44.01,0.73,False,0.23,-8.00,water_stress_bws;fiber_share_locations;pop_density_per_sqkm,0.00,,max_queue_median_age_years
1496,27103,Nicollet,MN,False,48.93,65.58,47.10,48.36,31.47,43.58,8.94,55.51,43.98,0.73,False,-0.03,1.00,water_permit_risk;grid_renewable_share;water_stress_bws,0.00,,max_queue_median_age_years
1497,51173,Smyth,VA,False,30.63,61.48,65.93,50.28,33.71,66.44,12.48,43.16,43.96,0.76,False,-0.08,1.00,fiber_share_locations;cdd_hist;water_permit_risk,0.00,,max_queue_median_age_years
1498,31033,Cheyenne,NE,False,56.54,24.07,36.70,37.67,84.71,33.54,53.26,36.26,43.79,0.73,False,0.21,-2.00,pop_density_per_sqkm;land_area_sqkm;wind_speed_100m_ms,0.00,,max_queue_median_age_years
1499,20053,Ellsworth,KS,False,54.98,27.90,35.84,46.15,71.87,30.11,48.67,39.12,43.79,0.73,False,0.31,-8.00,wind_speed_100m_ms;pop_density_per_sqkm;fiber_share_locations,0.00,,max_queue_median_age_years
1500,51027,Buchanan,VA,False,30.46,67.11,63.79,46.87,44.19,57.41,12.48,43.16,43.77,0.76,False,0.07,-1.00,nri_drought_score;water_permit_risk;drought_share_weeks_d2plus,0.00,,max_queue_median_age_years
1501,24021,Frederick,MD,False,45.85,48.03,67.45,48.97,32.65,51.61,5.16,53.07,43.75,0.73,False,-0.00,0.00,state_policy_risk;plant_capacity_mw_100km;drought_share_weeks_d2plus,0.00,,max_queue_median_age_years
1502,18063,Hendricks,IN,False,36.30,54.35,60.48,40.32,15.42,47.88,31.34,55.51,43.70,0.76,False,-0.05,1.00,drought_share_weeks_d2plus;water_permit_risk;heat_sink_score,0.00,,max_queue_median_age_years
1503,29155,Pemiscot,MO,False,32.15,28.95,50.88,43.90,46.90,60.10,38.13,55.51,43.65,0.76,False,0.04,-1.00,water_permit_risk;pop_change_pct_since_peak;unemployment_rate_pct_2023,0.00,,max_queue_median_age_years
1504,20095,Kingman,KS,False,58.47,25.58,30.86,43.49,77.29,32.03,48.67,39.12,43.58,0.73,False,-0.06,1.00,wind_speed_100m_ms;pop_density_per_sqkm;land_area_sqkm,0.00,,max_queue_median_age_years
1505,51169,Scott,VA,False,23.55,54.48,64.49,66.92,45.82,46.82,12.48,43.16,43.57,0.73,False,-0.12,1.00,dc_existing_count;fiber_share_locations;water_permit_risk,0.00,,max_queue_median_age_years
1506,08073,Lincoln,CO,False,60.00,30.91,34.14,60.53,94.71,22.65,19.48,39.12,43.45,0.78,False,0.14,-2.00,pop_density_per_sqkm;land_area_sqkm;queue_active_mw_clean_excl_storage,0.00,,
1507,51600,Fairfax,VA,False,56.31,57.34,67.73,69.27,0.51,38.07,12.48,26.64,43.32,0.73,False,-0.04,0.00,plant_capacity_mw_100km;fiber_share_locations;nri_drought_score,0.00,,max_queue_median_age_years
1508,31119,Madison,NE,False,55.11,34.22,34.43,42.16,42.80,44.05,53.26,36.26,43.24,0.73,False,-0.01,0.00,wind_speed_100m_ms;grid_renewable_share;fiber_share_locations,0.00,,max_queue_median_age_years
1509,51820,Waynesboro,VA,False,36.72,66.47,58.97,61.51,1.99,54.66,12.48,43.16,43.22,0.73,False,-0.12,2.00,nri_drought_score;fiber_share_locations;plant_clean_capacity_mw_100km,0.00,,max_queue_median_age_years
1510,17181,Union,IL,False,29.99,58.27,47.29,42.16,37.47,62.50,16.26,60.85,43.21,0.71,False,-0.02,0.00,water_permit_risk;drought_share_weeks_d2plus;water_stress_bws,0.00,,max_queue_median_age_years
1511,51640,Galax,VA,False,29.84,72.54,70.02,52.29,3.15,58.18,12.48,43.16,43.17,0.71,False,-0.15,2.00,fiber_share_locations;nri_drought_score;mfg_emp_share_1969,0.00,,max_queue_median_age_years
1512,51520,Bristol,VA,False,22.13,69.38,78.78,54.94,2.22,59.86,12.48,43.16,43.14,0.71,False,-0.15,2.00,fiber_share_locations;nri_drought_score;water_permit_risk,0.00,,max_queue_median_age_years
1513,31151,Saline,NE,False,51.33,30.36,34.82,44.79,55.52,39.16,53.26,36.26,43.10,0.71,False,0.12,-4.00,wind_speed_100m_ms;grid_renewable_share;pop_density_per_sqkm,0.00,,max_queue_median_age_years
1514,31023,Butler,NE,False,55.51,37.24,32.48,37.26,62.35,32.18,53.26,36.26,43.00,0.71,False,0.09,-2.00,wind_speed_100m_ms;pop_density_per_sqkm;grid_renewable_share,0.00,,max_queue_median_age_years
1515,31011,Boone,NE,False,54.46,36.13,34.13,33.93,71.04,29.44,53.26,36.26,42.75,0.71,False,0.04,2.00,wind_speed_100m_ms;pop_density_per_sqkm;grid_renewable_share,0.00,,max_queue_median_age_years
1516,32510,Carson City,NV,False,53.02,38.78,69.00,34.42,6.64,60.88,18.17,53.20,42.70,0.73,False,0.15,-1.00,state_policy_risk;cdd_hist;grid_renewable_share,0.00,,max_queue_median_age_years
1517,51685,Manassas Park,VA,False,51.71,58.12,63.33,69.31,0.31,43.41,12.48,26.64,42.63,0.73,False,0.00,3.00,plant_capacity_mw_100km;fiber_share_locations;nri_drought_score,0.00,,max_queue_median_age_years
1518,51590,Danville,VA,False,32.28,56.56,63.77,51.44,3.14,79.70,12.48,43.16,42.59,0.73,False,-0.12,4.00,nri_drought_score;plant_capacity_mw_100km;water_permit_risk,0.00,,max_queue_median_age_years
1519,31159,Seward,NE,False,48.36,34.78,35.51,46.54,52.62,30.36,53.26,36.26,42.58,0.71,False,0.08,-1.00,wind_speed_100m_ms;grid_renewable_share;fiber_share_locations,0.00,,max_queue_median_age_years
1520,51595,Emporia,VA,False,54.67,51.19,58.45,47.72,2.94,60.50,12.48,43.16,42.53,0.71,False,0.10,-1.00,plant_capacity_mw_100km;nri_drought_score;plant_clean_capacity_mw_100km,0.00,,max_queue_median_age_years
1521,31035,Clay,NE,False,52.63,26.98,36.10,42.70,63.17,30.12,53.26,36.26,42.49,0.71,False,0.02,0.00,wind_speed_100m_ms;pop_density_per_sqkm;grid_renewable_share,0.00,,max_queue_median_age_years
1522,51195,Wise,VA,False,32.94,53.50,61.08,52.51,26.10,64.24,12.48,43.16,42.42,0.76,False,-0.06,4.00,dc_existing_count;water_permit_risk;nri_heat_wave_score,0.00,,max_queue_median_age_years
1523,04021,Pinal,AZ,False,63.44,13.93,43.60,49.78,65.66,47.27,34.96,29.45,42.40,0.78,False,0.02,1.00,state_policy_risk;land_area_sqkm;queue_operational_mw_online_5y,0.00,,
1524,49011,Davis,UT,False,42.08,31.82,64.39,51.01,8.52,50.13,41.52,36.68,42.37,0.73,False,0.44,-8.00,state_policy_risk;fiber_share_locations;grid_renewable_share,0.00,,max_queue_median_age_years
1525,51790,Staunton,VA,False,33.05,66.24,61.96,57.64,2.40,53.09,12.48,43.16,42.28,0.73,False,-0.07,5.00,nri_drought_score;fiber_share_locations;water_permit_risk,0.00,,max_queue_median_age_years
1526,34041,Warren,NJ,False,63.35,52.24,50.49,46.38,14.30,72.50,3.96,36.06,42.26,0.76,False,0.08,2.00,water_permit_risk;plant_capacity_mw_100km;plant_clean_capacity_mw_100km,0.00,,
1527,31081,Hamilton,NE,False,50.53,27.82,36.46,50.43,56.77,20.68,53.26,36.26,42.25,0.71,False,0.02,2.00,fiber_share_locations;wind_speed_100m_ms;grid_renewable_share,0.00,,max_queue_median_age_years
1528,34019,Hunterdon,NJ,False,60.16,46.56,57.27,50.76,19.12,64.20,3.96,36.06,42.19,0.73,False,0.23,-5.00,plant_capacity_mw_100km;water_permit_risk;queue_operational_mw_online_5y,0.00,,max_queue_median_age_years
1529,51540,Charlottesville,VA,False,31.67,61.52,63.33,59.27,0.61,56.84,12.48,43.16,42.12,0.73,False,-0.11,2.00,nri_drought_score;water_permit_risk;plant_capacity_mw_100km,0.00,,max_queue_median_age_years
1530,34035,Somerset,NJ,False,51.19,42.79,48.34,69.34,7.56,72.83,3.96,36.06,42.10,0.71,False,0.30,-5.00,plant_capacity_mw_100km;water_permit_risk;fiber_share_locations,0.00,,max_queue_median_age_years
1531,51145,Powhatan,VA,False,63.26,37.73,63.33,48.94,16.71,38.59,12.48,43.16,42.09,0.76,False,-0.14,1.00,plant_capacity_mw_100km;grid_co2_lb_mwh;water_permit_risk,0.00,,max_queue_median_age_years
1532,46065,Hughes,SD,False,51.64,62.98,38.05,33.03,64.96,32.69,26.13,39.12,42.08,0.73,False,0.28,-5.00,water_stress_bws;grid_renewable_share;wind_speed_100m_ms,0.00,,max_queue_median_age_years
1533,17127,Massac,IL,False,32.91,54.39,47.60,40.23,24.53,62.29,16.26,60.85,42.04,0.71,False,-0.15,0.00,water_permit_risk;water_stress_bws;drought_share_weeks_d2plus,0.00,,max_queue_median_age_years
1534,51680,Lynchburg,VA,False,29.86,64.84,70.90,42.51,2.11,71.62,12.48,43.16,41.93,0.76,False,-0.06,0.00,nri_drought_score;water_permit_risk;drought_share_weeks_d2plus,0.00,,max_queue_median_age_years
1535,46027,Clay,SD,False,51.90,51.28,37.04,53.69,39.08,30.28,26.13,39.12,41.80,0.73,False,0.03,0.00,fiber_share_locations;water_stress_bws;grid_renewable_share,0.00,,max_queue_median_age_years
1536,29213,Taney,MO,False,29.77,40.32,43.59,36.93,41.94,53.27,38.13,55.51,41.78,0.73,False,-0.23,2.00,water_permit_risk;unemployment_rate_pct_2023;drought_share_weeks_d2plus,0.00,,max_queue_median_age_years
1537,31143,Polk,NE,False,50.19,31.15,31.76,45.32,53.57,29.32,53.26,36.26,41.77,0.71,False,0.05,-1.00,wind_speed_100m_ms;pop_density_per_sqkm;grid_renewable_share,0.00,,max_queue_median_age_years
1538,12023,Columbia,FL,False,49.04,36.52,45.63,33.83,49.08,44.23,23.90,55.51,41.63,0.76,False,-0.18,1.00,queue_operational_mw_online_5y;water_permit_risk;nri_drought_score,0.00,,max_queue_median_age_years
1539,51610,Falls Church,VA,False,53.74,56.79,69.62,70.32,0.23,19.22,12.48,26.64,41.62,0.71,False,-0.06,-2.00,fiber_share_locations;plant_capacity_mw_100km;nri_drought_score,0.00,,max_queue_median_age_years
1540,51770,Roanoke,VA,False,27.75,63.43,69.59,49.65,1.45,61.92,12.48,43.16,41.51,0.73,False,-0.20,1.00,nri_drought_score;fiber_share_locations;water_permit_risk,0.00,,max_queue_median_age_years
1541,12041,Gilchrist,FL,False,49.61,40.24,35.77,56.62,29.96,24.39,23.90,55.51,41.49,0.76,False,-0.31,1.00,fiber_share_locations;queue_operational_mw_online_5y;water_permit_risk,0.00,,max_queue_median_age_years
1542,51683,Manassas,VA,False,51.44,58.05,67.33,67.18,0.63,27.90,12.48,26.64,41.43,0.71,False,-0.01,-2.00,plant_capacity_mw_100km;nri_drought_score;fiber_share_locations,0.00,,max_queue_median_age_years
1543,12117,Seminole,FL,False,29.62,35.92,55.85,62.28,7.37,41.07,23.90,55.51,41.05,0.73,False,-0.23,0.00,plant_capacity_mw_100km;water_permit_risk;nri_drought_score,0.00,,max_queue_median_age_years
1544,51067,Franklin,VA,False,32.16,48.41,62.85,41.63,45.77,57.69,12.48,43.16,41.02,0.76,False,-0.23,0.00,water_permit_risk;drought_share_weeks_d2plus;plant_capacity_mw_100km,0.00,,max_queue_median_age_years
1545,51775,Salem,VA,False,30.10,64.00,65.93,50.08,1.66,53.52,12.48,43.16,40.87,0.73,False,-0.21,0.00,nri_drought_score;fiber_share_locations;drought_share_weeks_d2plus,0.00,,max_queue_median_age_years
1546,08031,Denver,CO,False,32.49,36.60,60.92,80.85,1.77,61.51,19.48,22.60,40.67,0.73,False,-0.10,0.00,dc_existing_count;coal_retired_mw;fiber_share_locations,0.00,,max_queue_median_age_years
1547,51187,Warren,VA,False,45.92,43.30,53.69,50.37,11.85,56.93,12.48,43.16,40.40,0.76,False,-0.11,1.00,grid_co2_lb_mwh;water_permit_risk;drought_share_weeks_d2plus,0.00,,max_queue_median_age_years
1548,51161,Roanoke,VA,False,34.98,53.39,68.31,42.10,9.34,56.08,12.48,43.16,40.15,0.73,False,-0.19,2.00,drought_share_weeks_d2plus;water_permit_risk;nri_heat_wave_score,0.00,,max_queue_median_age_years
1549,08083,Montezuma,CO,False,36.22,36.17,56.41,33.64,85.53,43.52,19.48,39.12,40.13,0.73,False,0.33,-2.00,land_area_sqkm;pop_density_per_sqkm;cdd_hist,0.00,,max_queue_median_age_years
1550,46127,Union,SD,False,54.17,40.69,31.73,50.33,42.76,30.81,26.13,39.12,40.04,0.73,False,-0.19,1.00,grid_renewable_share;wind_speed_100m_ms;plant_clean_capacity_mw_100km,0.00,,max_queue_median_age_years
1551,31093,Howard,NE,False,50.16,27.69,32.30,33.70,62.16,24.70,53.26,36.26,39.83,0.71,False,0.16,-2.00,pop_density_per_sqkm;wind_speed_100m_ms;grid_renewable_share,0.00,,max_queue_median_age_years
1552,51019,Bedford,VA,False,30.63,43.18,61.51,38.82,45.77,54.74,12.48,43.16,39.33,0.76,False,-0.18,1.00,water_permit_risk;drought_share_weeks_d2plus;nri_winter_score,0.00,,max_queue_median_age_years
1553,06069,San Benito,CA,False,59.76,30.36,45.56,38.43,67.58,58.54,0.95,36.26,39.32,0.73,False,0.45,-1.00,land_area_sqkm;grid_co2_lb_mwh;grid_renewable_share,0.00,,max_queue_median_age_years
1554,17133,Monroe,IL,False,29.26,63.71,56.35,48.73,24.59,37.59,16.26,36.06,39.04,0.71,False,-0.05,0.00,water_permit_risk;drought_share_weeks_d2plus;plant_capacity_mw_100km,0.00,,max_queue_median_age_years
1555,51079,Greene,VA,False,48.79,44.39,51.99,49.23,13.33,37.54,12.48,43.16,39.04,0.71,False,-0.12,0.00,grid_co2_lb_mwh;water_permit_risk;plant_capacity_mw_100km,0.00,,max_queue_median_age_years
1556,06077,San Joaquin,CA,False,77.45,19.27,51.64,52.93,47.43,63.78,0.95,9.84,38.68,0.76,False,0.14,0.00,land_area_sqkm;grid_co2_lb_mwh;dc_existing_count,0.00,,
1557,06067,Sacramento,CA,False,69.41,27.13,54.18,58.62,40.24,58.67,0.95,9.84,38.64,0.76,False,0.10,0.00,grid_co2_lb_mwh;queue_active_mw_clean_excl_storage;dc_existing_count,0.00,,
1558,06019,Fresno,CA,False,80.68,17.62,45.55,42.33,59.28,62.42,0.95,9.84,37.32,0.76,False,0.24,0.00,land_area_sqkm;queue_active_mw_clean_excl_storage;queue_operational_mw_online_5y,0.00,,
1559,06113,Yolo,CA,False,64.62,24.08,54.94,49.89,48.36,55.86,0.95,9.84,36.61,0.71,False,0.03,1.00,plant_capacity_mw_100km;grid_co2_lb_mwh;grid_renewable_share,0.00,,max_queue_median_age_years
1560,06099,Stanislaus,CA,False,75.92,19.60,51.79,38.78,49.81,65.01,0.95,9.84,36.61,0.76,False,0.28,-1.00,land_area_sqkm;grid_co2_lb_mwh;queue_operational_mw_online_5y,0.00,,
1561,06101,Sutter,CA,False,67.60,21.95,60.21,46.73,34.67,59.39,0.95,11.47,36.57,0.76,False,0.06,0.00,grid_co2_lb_mwh;grid_renewable_share;plant_clean_capacity_mw_100km,0.00,,
1562,06031,Kings,CA,False,80.29,9.55,49.02,40.63,56.88,53.26,0.95,9.84,35.51,0.76,False,0.16,0.00,queue_active_mw_clean_excl_storage;land_area_sqkm;queue_operational_mw_online_5y,0.00,,
1563,08014,Broomfield,CO,False,32.30,41.73,56.19,42.78,1.45,57.19,19.48,22.60,34.48,0.71,False,-0.15,1.00,heat_sink_score;nri_inland_flood_score;cdd_hist,0.00,,max_queue_median_age_years
1564,06061,Placer,CA,False,56.98,32.02,50.89,36.42,50.50,58.20,0.95,9.84,34.18,0.73,False,0.62,-1.00,land_area_sqkm;grid_co2_lb_mwh;grid_renewable_share,0.00,,max_queue_median_age_years
1565,06047,Merced,CA,False,67.82,15.82,48.49,36.33,56.77,55.10,0.95,9.84,33.78,0.76,False,0.15,0.00,land_area_sqkm;queue_active_mw_clean_excl_storage;grid_co2_lb_mwh,0.00,,
