fips,county_name,state,failed_gates,unknown_gates
01003,Baldwin,AL,hazard_percentile_max.nri_coastal_flood_score;hazard_percentile_max.nri_hurricane_score,
01017,Chambers,AL,min_fiber_share_locations,max_queue_median_age_years
01019,Cherokee,AL,hazard_percentile_max.nri_inland_flood_score,max_queue_median_age_years
01023,Choctaw,AL,hazard_percentile_max.nri_inland_flood_score;hazard_percentile_max.nri_hurricane_score,max_queue_median_age_years
01025,Clarke,AL,min_fiber_share_locations;hazard_percentile_max.nri_hurricane_score,max_queue_median_age_years
01029,Cleburne,AL,min_fiber_share_locations,max_queue_median_age_years
01035,Conecuh,AL,min_fiber_share_locations;hazard_percentile_max.nri_hurricane_score,max_queue_median_age_years
01037,Coosa,AL,hazard_percentile_max.nri_inland_flood_score,max_queue_median_age_years
01039,Covington,AL,hazard_percentile_max.nri_hurricane_score,max_queue_median_age_years
01047,Dallas,AL,min_fiber_share_locations,max_queue_median_age_years
01053,Escambia,AL,min_fiber_share_locations;hazard_percentile_max.nri_hurricane_score,max_queue_median_age_years
01063,Greene,AL,hazard_percentile_max.nri_inland_flood_score,max_queue_median_age_years
01083,Limestone,AL,max_queue_median_age_years,
01097,Mobile,AL,hazard_percentile_max.nri_coastal_flood_score;hazard_percentile_max.nri_hurricane_score,
01099,Monroe,AL,min_fiber_share_locations;hazard_percentile_max.nri_hurricane_score,max_queue_median_age_years
01103,Morgan,AL,exclude_moratorium_active,max_queue_median_age_years
01119,Sumter,AL,min_fiber_share_locations,max_queue_median_age_years
01127,Walker,AL,min_fiber_share_locations;hazard_percentile_max.nri_inland_flood_score,max_queue_median_age_years
01129,Washington,AL,hazard_percentile_max.nri_hurricane_score,max_queue_median_age_years
01131,Wilcox,AL,min_fiber_share_locations;hazard_percentile_max.nri_inland_flood_score,max_queue_median_age_years
04001,Apache,AZ,min_fiber_share_locations;min_nearby_capacity_multiple;hazard_percentile_max.nri_wildfire_score,
04003,Cochise,AZ,min_nearby_capacity_multiple;hazard_percentile_max.nri_wildfire_score,
04005,Coconino,AZ,min_fiber_share_locations;min_nearby_capacity_multiple;hazard_percentile_max.nri_wildfire_score,
04007,Gila,AZ,min_fiber_share_locations;min_nearby_capacity_multiple;hazard_percentile_max.nri_wildfire_score,max_queue_median_age_years
04009,Graham,AZ,min_nearby_capacity_multiple,max_queue_median_age_years
04011,Greenlee,AZ,min_nearby_capacity_multiple;hazard_percentile_max.nri_inland_flood_score,max_queue_median_age_years
04012,La Paz,AZ,hazard_percentile_max.nri_inland_flood_score,
04017,Navajo,AZ,min_fiber_share_locations;min_nearby_capacity_multiple;hazard_percentile_max.nri_wildfire_score,
04019,Pima,AZ,hazard_percentile_max.nri_inland_flood_score,
04023,Santa Cruz,AZ,min_fiber_share_locations;min_nearby_capacity_multiple,max_queue_median_age_years
04025,Yavapai,AZ,min_fiber_share_locations;min_nearby_capacity_multiple;hazard_percentile_max.nri_wildfire_score,
05003,Ashley,AR,max_queue_median_age_years,
05005,Baxter,AR,min_nearby_capacity_multiple,max_queue_median_age_years
05013,Calhoun,AR,min_population,
05015,Carroll,AR,min_fiber_share_locations;exclude_moratorium_active,max_queue_median_age_years
05017,Chicot,AR,min_fiber_share_locations,max_queue_median_age_years
05023,Cleburne,AR,hazard_percentile_max.nri_inland_flood_score,max_queue_median_age_years
05061,Howard,AR,min_nearby_capacity_multiple,max_queue_median_age_years
05063,Independence,AR,exclude_moratorium_active,max_queue_median_age_years
05065,Izard,AR,hazard_percentile_max.nri_inland_flood_score,max_queue_median_age_years
05077,Lee,AR,min_fiber_share_locations,
05089,Marion,AR,min_nearby_capacity_multiple,max_queue_median_age_years
05101,Newton,AR,min_fiber_share_locations,max_queue_median_age_years
05107,Phillips,AR,min_fiber_share_locations,
05109,Pike,AR,hazard_percentile_max.nri_inland_flood_score,max_queue_median_age_years
05113,Polk,AR,min_fiber_share_locations;min_nearby_capacity_multiple,max_queue_median_age_years
05115,Pope,AR,hazard_percentile_max.nri_inland_flood_score,
05139,Union,AR,exclude_moratorium_active,
06001,Alameda,CA,max_queue_median_age_years;hazard_percentile_max.nri_coastal_flood_score,
06003,Alpine,CA,min_population;hazard_percentile_max.nri_inland_flood_score;hazard_percentile_max.nri_wildfire_score,max_queue_median_age_years
06005,Amador,CA,hazard_percentile_max.nri_wildfire_score,max_queue_median_age_years
06007,Butte,CA,min_fiber_share_locations,max_queue_median_age_years
06009,Calaveras,CA,min_fiber_share_locations;hazard_percentile_max.nri_wildfire_score,
06011,Colusa,CA,max_queue_median_age_years,
06013,Contra Costa,CA,hazard_percentile_max.nri_inland_flood_score;hazard_percentile_max.nri_coastal_flood_score,
06015,Del Norte,CA,min_nearby_capacity_multiple;hazard_percentile_max.nri_inland_flood_score;hazard_percentile_max.nri_coastal_flood_score,max_queue_median_age_years
06017,El Dorado,CA,min_fiber_share_locations;hazard_percentile_max.nri_wildfire_score,max_queue_median_age_years
06021,Glenn,CA,min_fiber_share_locations,max_queue_median_age_years
06023,Humboldt,CA,min_fiber_share_locations;min_nearby_capacity_multiple;hazard_percentile_max.nri_inland_flood_score;hazard_percentile_max.nri_coastal_flood_score,max_queue_median_age_years
06025,Imperial,CA,min_fiber_share_locations;exclude_moratorium_active,
06027,Inyo,CA,min_nearby_capacity_multiple,max_queue_median_age_years
06029,Kern,CA,max_queue_median_age_years,
06033,Lake,CA,min_fiber_share_locations;hazard_percentile_max.nri_inland_flood_score;hazard_percentile_max.nri_wildfire_score,max_queue_median_age_years
06035,Lassen,CA,min_nearby_capacity_multiple;hazard_percentile_max.nri_inland_flood_score;hazard_percentile_max.nri_wildfire_score,max_queue_median_age_years
06037,Los Angeles,CA,hazard_percentile_max.nri_inland_flood_score;hazard_percentile_max.nri_coastal_flood_score,
06039,Madera,CA,min_fiber_share_locations;hazard_percentile_max.nri_wildfire_score,
06041,Marin,CA,hazard_percentile_max.nri_inland_flood_score;hazard_percentile_max.nri_coastal_flood_score,max_queue_median_age_years
06043,Mariposa,CA,min_fiber_share_locations;hazard_percentile_max.nri_inland_flood_score;hazard_percentile_max.nri_wildfire_score,max_queue_median_age_years
06045,Mendocino,CA,min_fiber_share_locations;hazard_percentile_max.nri_inland_flood_score;hazard_percentile_max.nri_coastal_flood_score,max_queue_median_age_years
06049,Modoc,CA,min_nearby_capacity_multiple;hazard_percentile_max.nri_wildfire_score,max_queue_median_age_years
06051,Mono,CA,hazard_percentile_max.nri_inland_flood_score;hazard_percentile_max.nri_wildfire_score,max_queue_median_age_years
06053,Monterey,CA,hazard_percentile_max.nri_coastal_flood_score,
06055,Napa,CA,hazard_percentile_max.nri_inland_flood_score;hazard_percentile_max.nri_coastal_flood_score,max_queue_median_age_years
06057,Nevada,CA,min_fiber_share_locations;hazard_percentile_max.nri_inland_flood_score;hazard_percentile_max.nri_wildfire_score,max_queue_median_age_years
06059,Orange,CA,hazard_percentile_max.nri_coastal_flood_score,
06063,Plumas,CA,hazard_percentile_max.nri_inland_flood_score;hazard_percentile_max.nri_wildfire_score,max_queue_median_age_years
06065,Riverside,CA,hazard_percentile_max.nri_inland_flood_score;hazard_percentile_max.nri_wildfire_score,
06071,San Bernardino,CA,min_nearby_capacity_multiple;hazard_percentile_max.nri_inland_flood_score,
06073,San Diego,CA,max_queue_median_age_years;hazard_percentile_max.nri_coastal_flood_score;hazard_percentile_max.nri_wildfire_score,
06075,San Francisco,CA,hazard_percentile_max.nri_coastal_flood_score,max_queue_median_age_years
06079,San Luis Obispo,CA,hazard_percentile_max.nri_inland_flood_score;hazard_percentile_max.nri_coastal_flood_score,max_queue_median_age_years
06081,San Mateo,CA,hazard_percentile_max.nri_coastal_flood_score,max_queue_median_age_years
06083,Santa Barbara,CA,hazard_percentile_max.nri_inland_flood_score;hazard_percentile_max.nri_coastal_flood_score,max_queue_median_age_years
06085,Santa Clara,CA,max_queue_median_age_years;hazard_percentile_max.nri_inland_flood_score;hazard_percentile_max.nri_coastal_flood_score,
06087,Santa Cruz,CA,hazard_percentile_max.nri_inland_flood_score;hazard_percentile_max.nri_coastal_flood_score,max_queue_median_age_years
06089,Shasta,CA,min_fiber_share_locations;hazard_percentile_max.nri_inland_flood_score;hazard_percentile_max.nri_wildfire_score,max_queue_median_age_years
06091,Sierra,CA,min_population;hazard_percentile_max.nri_inland_flood_score;hazard_percentile_max.nri_wildfire_score,max_queue_median_age_years
06093,Siskiyou,CA,hazard_percentile_max.nri_inland_flood_score;hazard_percentile_max.nri_wildfire_score,max_queue_median_age_years
06095,Solano,CA,hazard_percentile_max.nri_inland_flood_score;hazard_percentile_max.nri_coastal_flood_score,
06097,Sonoma,CA,hazard_percentile_max.nri_inland_flood_score;hazard_percentile_max.nri_coastal_flood_score,max_queue_median_age_years
06103,Tehama,CA,min_fiber_share_locations;hazard_percentile_max.nri_inland_flood_score;hazard_percentile_max.nri_wildfire_score,max_queue_median_age_years
06105,Trinity,CA,min_fiber_share_locations;hazard_percentile_max.nri_inland_flood_score;hazard_percentile_max.nri_wildfire_score,max_queue_median_age_years
06107,Tulare,CA,hazard_percentile_max.nri_inland_flood_score,
06109,Tuolumne,CA,min_fiber_share_locations;hazard_percentile_max.nri_wildfire_score,max_queue_median_age_years
06111,Ventura,CA,max_queue_median_age_years;hazard_percentile_max.nri_inland_flood_score;hazard_percentile_max.nri_coastal_flood_score,
06115,Yuba,CA,hazard_percentile_max.nri_inland_flood_score,max_queue_median_age_years
08003,Alamosa,CO,max_queue_median_age_years;min_nearby_capacity_multiple,
08005,Arapahoe,CO,max_queue_median_age_years,
08007,Archuleta,CO,min_fiber_share_locations;exclude_moratorium_active;min_nearby_capacity_multiple;hazard_percentile_max.nri_inland_flood_score;hazard_percentile_max.nri_wildfire_score,max_queue_median_age_years
08009,Baca,CO,min_fiber_share_locations;min_population;min_nearby_capacity_multiple,max_queue_median_age_years
08011,Bent,CO,min_fiber_share_locations;min_nearby_capacity_multiple,max_queue_median_age_years
08015,Chaffee,CO,min_nearby_capacity_multiple;hazard_percentile_max.nri_inland_flood_score,max_queue_median_age_years
08017,Cheyenne,CO,min_fiber_share_locations;min_population,
08019,Clear Creek,CO,min_fiber_share_locations;hazard_percentile_max.nri_inland_flood_score;hazard_percentile_max.nri_wildfire_score,max_queue_median_age_years
08021,Conejos,CO,min_nearby_capacity_multiple,max_queue_median_age_years
08023,Costilla,CO,min_population;min_nearby_capacity_multiple,max_queue_median_age_years
08025,Crowley,CO,min_fiber_share_locations,max_queue_median_age_years
08027,Custer,CO,min_fiber_share_locations;hazard_percentile_max.nri_wildfire_score,max_queue_median_age_years
08029,Delta,CO,min_nearby_capacity_multiple;hazard_percentile_max.nri_inland_flood_score,max_queue_median_age_years
08033,Dolores,CO,min_population;min_nearby_capacity_multiple,max_queue_median_age_years
08037,Eagle,CO,min_fiber_share_locations;min_nearby_capacity_multiple;hazard_percentile_max.nri_inland_flood_score,max_queue_median_age_years
08039,Elbert,CO,hazard_percentile_max.nri_wildfire_score,max_queue_median_age_years
08045,Garfield,CO,min_fiber_share_locations,max_queue_median_age_years
08047,Gilpin,CO,hazard_percentile_max.nri_wildfire_score,max_queue_median_age_years
08049,Grand,CO,min_fiber_share_locations;min_nearby_capacity_multiple;hazard_percentile_max.nri_inland_flood_score,max_queue_median_age_years
08051,Gunnison,CO,min_fiber_share_locations;min_nearby_capacity_multiple;hazard_percentile_max.nri_inland_flood_score,max_queue_median_age_years
08053,Hinsdale,CO,min_population;min_nearby_capacity_multiple;hazard_percentile_max.nri_inland_flood_score,max_queue_median_age_years
08055,Huerfano,CO,hazard_percentile_max.nri_inland_flood_score,max_queue_median_age_years
08057,Jackson,CO,min_population;min_nearby_capacity_multiple;hazard_percentile_max.nri_inland_flood_score,max_queue_median_age_years
08059,Jefferson,CO,exclude_moratorium_active,max_queue_median_age_years
08061,Kiowa,CO,min_population;min_nearby_capacity_multiple,
08065,Lake,CO,min_nearby_capacity_multiple,max_queue_median_age_years
08067,La Plata,CO,hazard_percentile_max.nri_wildfire_score,max_queue_median_age_years
08071,Las Animas,CO,min_fiber_share_locations;min_nearby_capacity_multiple;hazard_percentile_max.nri_wildfire_score,max_queue_median_age_years
08075,Logan,CO,max_queue_median_age_years,
08077,Mesa,CO,min_nearby_capacity_multiple,max_queue_median_age_years
08079,Mineral,CO,min_population;min_nearby_capacity_multiple;hazard_percentile_max.nri_inland_flood_score,max_queue_median_age_years
08085,Montrose,CO,min_nearby_capacity_multiple,max_queue_median_age_years
08089,Otero,CO,min_fiber_share_locations;hazard_percentile_max.nri_inland_flood_score,max_queue_median_age_years
08091,Ouray,CO,min_nearby_capacity_multiple;hazard_percentile_max.nri_inland_flood_score,max_queue_median_age_years
08093,Park,CO,min_fiber_share_locations;min_nearby_capacity_multiple;hazard_percentile_max.nri_wildfire_score,max_queue_median_age_years
08095,Phillips,CO,min_population;min_nearby_capacity_multiple,max_queue_median_age_years
08097,Pitkin,CO,min_fiber_share_locations;min_nearby_capacity_multiple;hazard_percentile_max.nri_inland_flood_score,max_queue_median_age_years
08099,Prowers,CO,min_fiber_share_locations;min_nearby_capacity_multiple;hazard_percentile_max.nri_inland_flood_score,
08103,Rio Blanco,CO,min_fiber_share_locations;hazard_percentile_max.nri_inland_flood_score;hazard_percentile_max.nri_wildfire_score,max_queue_median_age_years
08105,Rio Grande,CO,min_nearby_capacity_multiple,max_queue_median_age_years
08107,Routt,CO,hazard_percentile_max.nri_inland_flood_score,max_queue_median_age_years
08109,Saguache,CO,min_nearby_capacity_multiple,max_queue_median_age_years
08111,San Juan,CO,min_population;min_nearby_capacity_multiple;hazard_percentile_max.nri_inland_flood_score,max_queue_median_age_years
08113,San Miguel,CO,min_nearby_capacity_multiple;hazard_percentile_max.nri_inland_flood_score,max_queue_median_age_years
08115,Sedgwick,CO,min_population;min_nearby_capacity_multiple,max_queue_median_age_years
08117,Summit,CO,min_fiber_share_locations;min_nearby_capacity_multiple,max_queue_median_age_years
08119,Teller,CO,hazard_percentile_max.nri_wildfire_score,max_queue_median_age_years
08121,Washington,CO,min_fiber_share_locations;min_population,max_queue_median_age_years
08125,Yuma,CO,min_nearby_capacity_multiple,
09120,Greater Bridgeport,CT,hazard_percentile_max.nri_coastal_flood_score,max_queue_median_age_years
09130,Lower Connecticut River Valley,CT,hazard_percentile_max.nri_coastal_flood_score,max_queue_median_age_years
09170,South Central Connecticut,CT,hazard_percentile_max.nri_coastal_flood_score,max_queue_median_age_years
09180,Southeastern Connecticut,CT,hazard_percentile_max.nri_coastal_flood_score,max_queue_median_age_years
09190,Western Connecticut,CT,hazard_percentile_max.nri_coastal_flood_score,max_queue_median_age_years
10001,Kent,DE,max_queue_median_age_years;hazard_percentile_max.nri_coastal_flood_score,
10003,New Castle,DE,hazard_percentile_max.nri_coastal_flood_score,
10005,Sussex,DE,hazard_percentile_max.nri_coastal_flood_score,max_queue_median_age_years
11001,District of Columbia,DC,hazard_percentile_max.nri_coastal_flood_score,max_queue_median_age_years
12005,Bay,FL,hazard_percentile_max.nri_coastal_flood_score;hazard_percentile_max.nri_hurricane_score,max_queue_median_age_years
12007,Bradford,FL,hazard_percentile_max.nri_hurricane_score,max_queue_median_age_years
12009,Brevard,FL,max_queue_median_age_years;hazard_percentile_max.nri_coastal_flood_score;hazard_percentile_max.nri_hurricane_score,
12011,Broward,FL,hazard_percentile_max.nri_coastal_flood_score,max_queue_median_age_years
12013,Calhoun,FL,min_fiber_share_locations;hazard_percentile_max.nri_hurricane_score,max_queue_median_age_years
12015,Charlotte,FL,hazard_percentile_max.nri_coastal_flood_score;hazard_percentile_max.nri_hurricane_score,
12017,Citrus,FL,exclude_moratorium_active;hazard_percentile_max.nri_coastal_flood_score;hazard_percentile_max.nri_hurricane_score,max_queue_median_age_years
12019,Clay,FL,exclude_moratorium_active;hazard_percentile_max.nri_coastal_flood_score,max_queue_median_age_years
12021,Collier,FL,hazard_percentile_max.nri_coastal_flood_score;hazard_percentile_max.nri_hurricane_score,
12027,DeSoto,FL,exclude_moratorium_active;hazard_percentile_max.nri_hurricane_score,
12029,Dixie,FL,hazard_percentile_max.nri_coastal_flood_score;hazard_percentile_max.nri_hurricane_score,max_queue_median_age_years
12031,Duval,FL,hazard_percentile_max.nri_coastal_flood_score,
12033,Escambia,FL,exclude_moratorium_active;hazard_percentile_max.nri_coastal_flood_score,max_queue_median_age_years
12035,Flagler,FL,hazard_percentile_max.nri_coastal_flood_score,max_queue_median_age_years
12037,Franklin,FL,min_nearby_capacity_multiple;hazard_percentile_max.nri_coastal_flood_score;hazard_percentile_max.nri_hurricane_score,max_queue_median_age_years
12043,Glades,FL,hazard_percentile_max.nri_hurricane_score,max_queue_median_age_years
12045,Gulf,FL,min_nearby_capacity_multiple;hazard_percentile_max.nri_coastal_flood_score;hazard_percentile_max.nri_hurricane_score,max_queue_median_age_years
12047,Hamilton,FL,hazard_percentile_max.nri_hurricane_score,max_queue_median_age_years
12049,Hardee,FL,hazard_percentile_max.nri_hurricane_score,max_queue_median_age_years
12051,Hendry,FL,hazard_percentile_max.nri_hurricane_score,
12053,Hernando,FL,exclude_moratorium_active;hazard_percentile_max.nri_coastal_flood_score,max_queue_median_age_years
12055,Highlands,FL,max_queue_median_age_years;min_fiber_share_locations,
12057,Hillsborough,FL,hazard_percentile_max.nri_coastal_flood_score,
12059,Holmes,FL,min_fiber_share_locations;hazard_percentile_max.nri_hurricane_score,max_queue_median_age_years
12061,Indian River,FL,hazard_percentile_max.nri_coastal_flood_score;hazard_percentile_max.nri_hurricane_score,
12063,Jackson,FL,min_fiber_share_locations;exclude_moratorium_active;hazard_percentile_max.nri_hurricane_score,max_queue_median_age_years
12065,Jefferson,FL,hazard_percentile_max.nri_coastal_flood_score;hazard_percentile_max.nri_hurricane_score,max_queue_median_age_years
12067,Lafayette,FL,hazard_percentile_max.nri_hurricane_score,max_queue_median_age_years
12069,Lake,FL,exclude_moratorium_active,max_queue_median_age_years
12071,Lee,FL,hazard_percentile_max.nri_coastal_flood_score,max_queue_median_age_years
12075,Levy,FL,hazard_percentile_max.nri_coastal_flood_score;hazard_percentile_max.nri_hurricane_score,max_queue_median_age_years
12077,Liberty,FL,min_fiber_share_locations;hazard_percentile_max.nri_coastal_flood_score;hazard_percentile_max.nri_hurricane_score,max_queue_median_age_years
12079,Madison,FL,hazard_percentile_max.nri_hurricane_score,
12081,Manatee,FL,hazard_percentile_max.nri_coastal_flood_score,
12085,Martin,FL,hazard_percentile_max.nri_coastal_flood_score;hazard_percentile_max.nri_hurricane_score,
12086,Miami-Dade,FL,max_queue_median_age_years;hazard_percentile_max.nri_coastal_flood_score,
12087,Monroe,FL,hazard_percentile_max.nri_coastal_flood_score;hazard_percentile_max.nri_hurricane_score,max_queue_median_age_years
12089,Nassau,FL,exclude_moratorium_active;hazard_percentile_max.nri_coastal_flood_score,max_queue_median_age_years
12091,Okaloosa,FL,hazard_percentile_max.nri_coastal_flood_score;hazard_percentile_max.nri_hurricane_score,max_queue_median_age_years
12093,Okeechobee,FL,min_fiber_share_locations;hazard_percentile_max.nri_inland_flood_score;hazard_percentile_max.nri_hurricane_score,max_queue_median_age_years
12099,Palm Beach,FL,hazard_percentile_max.nri_coastal_flood_score,max_queue_median_age_years
12101,Pasco,FL,exclude_moratorium_active;hazard_percentile_max.nri_coastal_flood_score,
12103,Pinellas,FL,hazard_percentile_max.nri_coastal_flood_score,max_queue_median_age_years
12107,Putnam,FL,min_fiber_share_locations;hazard_percentile_max.nri_coastal_flood_score,max_queue_median_age_years
12109,St. Johns,FL,hazard_percentile_max.nri_coastal_flood_score,max_queue_median_age_years
12111,St. Lucie,FL,hazard_percentile_max.nri_coastal_flood_score;hazard_percentile_max.nri_hurricane_score,
12113,Santa Rosa,FL,hazard_percentile_max.nri_coastal_flood_score,max_queue_median_age_years
12115,Sarasota,FL,exclude_moratorium_active;hazard_percentile_max.nri_coastal_flood_score;hazard_percentile_max.nri_hurricane_score,max_queue_median_age_years
12121,Suwannee,FL,hazard_percentile_max.nri_hurricane_score,
12123,Taylor,FL,hazard_percentile_max.nri_coastal_flood_score;hazard_percentile_max.nri_hurricane_score,max_queue_median_age_years
12127,Volusia,FL,hazard_percentile_max.nri_coastal_flood_score,max_queue_median_age_years
12129,Wakulla,FL,min_fiber_share_locations;exclude_moratorium_active;hazard_percentile_max.nri_coastal_flood_score,max_queue_median_age_years
12131,Walton,FL,hazard_percentile_max.nri_coastal_flood_score;hazard_percentile_max.nri_hurricane_score,max_queue_median_age_years
12133,Washington,FL,min_fiber_share_locations;hazard_percentile_max.nri_hurricane_score,max_queue_median_age_years
13001,Appling,GA,hazard_percentile_max.nri_hurricane_score,
13003,Atkinson,GA,hazard_percentile_max.nri_hurricane_score,max_queue_median_age_years
13005,Bacon,GA,hazard_percentile_max.nri_hurricane_score,
13007,Baker,GA,min_population;hazard_percentile_max.nri_inland_flood_score;hazard_percentile_max.nri_hurricane_score,max_queue_median_age_years
13011,Banks,GA,min_fiber_share_locations,max_queue_median_age_years
13019,Berrien,GA,hazard_percentile_max.nri_hurricane_score,max_queue_median_age_years
13027,Brooks,GA,hazard_percentile_max.nri_hurricane_score,max_queue_median_age_years
13029,Bryan,GA,hazard_percentile_max.nri_coastal_flood_score;hazard_percentile_max.nri_hurricane_score,max_queue_median_age_years
13031,Bulloch,GA,exclude_moratorium_active,max_queue_median_age_years
13039,Camden,GA,exclude_moratorium_active;hazard_percentile_max.nri_coastal_flood_score,max_queue_median_age_years
13045,Carroll,GA,exclude_moratorium_active,max_queue_median_age_years
13049,Charlton,GA,hazard_percentile_max.nri_hurricane_score,max_queue_median_age_years
13051,Chatham,GA,hazard_percentile_max.nri_coastal_flood_score;hazard_percentile_max.nri_hurricane_score,max_queue_median_age_years
13061,Clay,GA,min_population,max_queue_median_age_years
13065,Clinch,GA,hazard_percentile_max.nri_hurricane_score,max_queue_median_age_years
13067,Cobb,GA,exclude_moratorium_active,max_queue_median_age_years
13075,Cook,GA,hazard_percentile_max.nri_hurricane_score,max_queue_median_age_years
13087,Decatur,GA,max_queue_median_age_years;exclude_moratorium_active;hazard_percentile_max.nri_inland_flood_score,
13089,DeKalb,GA,exclude_moratorium_active,max_queue_median_age_years
13099,Early,GA,hazard_percentile_max.nri_hurricane_score,max_queue_median_age_years
13101,Echols,GA,min_population;hazard_percentile_max.nri_hurricane_score,max_queue_median_age_years
13123,Gilmer,GA,hazard_percentile_max.nri_inland_flood_score,max_queue_median_age_years
13125,Glascock,GA,min_population,max_queue_median_age_years
13127,Glynn,GA,hazard_percentile_max.nri_coastal_flood_score;hazard_percentile_max.nri_hurricane_score,
13129,Gordon,GA,exclude_moratorium_active,max_queue_median_age_years
13171,Lamar,GA,exclude_moratorium_active,max_queue_median_age_years
13173,Lanier,GA,min_nearby_capacity_multiple,max_queue_median_age_years
13177,Lee,GA,exclude_moratorium_active,max_queue_median_age_years
13179,Liberty,GA,hazard_percentile_max.nri_coastal_flood_score;hazard_percentile_max.nri_hurricane_score,max_queue_median_age_years
13191,McIntosh,GA,hazard_percentile_max.nri_coastal_flood_score;hazard_percentile_max.nri_hurricane_score,max_queue_median_age_years
13201,Miller,GA,hazard_percentile_max.nri_hurricane_score,max_queue_median_age_years
13205,Mitchell,GA,hazard_percentile_max.nri_hurricane_score,
13207,Monroe,GA,exclude_moratorium_active,max_queue_median_age_years
13217,Newton,GA,exclude_moratorium_active,max_queue_median_age_years
13223,Paulding,GA,exclude_moratorium_active,max_queue_median_age_years
13231,Pike,GA,exclude_moratorium_active,max_queue_median_age_years
13233,Polk,GA,exclude_moratorium_active,max_queue_median_age_years
13237,Putnam,GA,hazard_percentile_max.nri_inland_flood_score,max_queue_median_age_years
13239,Quitman,GA,min_population,max_queue_median_age_years
13249,Schley,GA,min_population,max_queue_median_age_years
13251,Screven,GA,hazard_percentile_max.nri_hurricane_score,max_queue_median_age_years
13253,Seminole,GA,hazard_percentile_max.nri_hurricane_score,max_queue_median_age_years
13257,Stephens,GA,exclude_moratorium_active,max_queue_median_age_years
13259,Stewart,GA,min_fiber_share_locations;min_population,max_queue_median_age_years
13261,Sumter,GA,max_queue_median_age_years,
13265,Taliaferro,GA,min_population,max_queue_median_age_years
13267,Tattnall,GA,hazard_percentile_max.nri_hurricane_score,max_queue_median_age_years
13275,Thomas,GA,exclude_moratorium_active,max_queue_median_age_years
13295,Walker,GA,exclude_moratorium_active,max_queue_median_age_years
13307,Webster,GA,min_population,max_queue_median_age_years
16003,Adams,ID,min_population;min_nearby_capacity_multiple;hazard_percentile_max.nri_inland_flood_score;hazard_percentile_max.nri_wildfire_score,max_queue_median_age_years
16005,Bannock,ID,exclude_moratorium_active;min_nearby_capacity_multiple,max_queue_median_age_years
16007,Bear Lake,ID,min_nearby_capacity_multiple,max_queue_median_age_years
16009,Benewah,ID,hazard_percentile_max.nri_inland_flood_score,max_queue_median_age_years
16011,Bingham,ID,min_nearby_capacity_multiple,
16013,Blaine,ID,min_nearby_capacity_multiple;hazard_percentile_max.nri_inland_flood_score,max_queue_median_age_years
16015,Boise,ID,min_fiber_share_locations;min_nearby_capacity_multiple;hazard_percentile_max.nri_inland_flood_score;hazard_percentile_max.nri_wildfire_score,max_queue_median_age_years
16017,Bonner,ID,hazard_percentile_max.nri_inland_flood_score,max_queue_median_age_years
16019,Bonneville,ID,min_nearby_capacity_multiple,max_queue_median_age_years
16021,Boundary,ID,hazard_percentile_max.nri_inland_flood_score,max_queue_median_age_years
16023,Butte,ID,min_population;min_nearby_capacity_multiple,max_queue_median_age_years
16025,Camas,ID,min_population;min_nearby_capacity_multiple;hazard_percentile_max.nri_wildfire_score,max_queue_median_age_years
16027,Canyon,ID,min_nearby_capacity_multiple,
16029,Caribou,ID,min_nearby_capacity_multiple,max_queue_median_age_years
16031,Cassia,ID,min_nearby_capacity_multiple;hazard_percentile_max.nri_wildfire_score,max_queue_median_age_years
16033,Clark,ID,min_population;min_nearby_capacity_multiple;hazard_percentile_max.nri_inland_flood_score;hazard_percentile_max.nri_wildfire_score,max_queue_median_age_years
16035,Clearwater,ID,min_nearby_capacity_multiple;hazard_percentile_max.nri_inland_flood_score;hazard_percentile_max.nri_wildfire_score,max_queue_median_age_years
16037,Custer,ID,min_population;min_nearby_capacity_multiple;hazard_percentile_max.nri_inland_flood_score,max_queue_median_age_years
16039,Elmore,ID,hazard_percentile_max.nri_wildfire_score,
16041,Franklin,ID,min_nearby_capacity_multiple,max_queue_median_age_years
16043,Fremont,ID,min_nearby_capacity_multiple,max_queue_median_age_years
16045,Gem,ID,min_fiber_share_locations;min_nearby_capacity_multiple;hazard_percentile_max.nri_wildfire_score,max_queue_median_age_years
16047,Gooding,ID,min_fiber_share_locations;hazard_percentile_max.nri_wildfire_score,max_queue_median_age_years
16049,Idaho,ID,min_fiber_share_locations;min_nearby_capacity_multiple;hazard_percentile_max.nri_inland_flood_score;hazard_percentile_max.nri_wildfire_score,max_queue_median_age_years
16051,Jefferson,ID,min_nearby_capacity_multiple,max_queue_median_age_years
16053,Jerome,ID,min_nearby_capacity_multiple,max_queue_median_age_years
16059,Lemhi,ID,min_nearby_capacity_multiple;hazard_percentile_max.nri_inland_flood_score;hazard_percentile_max.nri_wildfire_score,max_queue_median_age_years
16061,Lewis,ID,min_fiber_share_locations;min_population;min_nearby_capacity_multiple,max_queue_median_age_years
16063,Lincoln,ID,min_nearby_capacity_multiple;hazard_percentile_max.nri_wildfire_score,max_queue_median_age_years
16065,Madison,ID,min_nearby_capacity_multiple,max_queue_median_age_years
16067,Minidoka,ID,min_nearby_capacity_multiple,max_queue_median_age_years
16071,Oneida,ID,min_population;min_nearby_capacity_multiple;hazard_percentile_max.nri_wildfire_score,max_queue_median_age_years
16073,Owyhee,ID,min_fiber_share_locations;min_nearby_capacity_multiple;hazard_percentile_max.nri_inland_flood_score;hazard_percentile_max.nri_wildfire_score,
16075,Payette,ID,min_nearby_capacity_multiple,max_queue_median_age_years
16077,Power,ID,min_nearby_capacity_multiple;hazard_percentile_max.nri_wildfire_score,
16079,Shoshone,ID,hazard_percentile_max.nri_inland_flood_score,max_queue_median_age_years
16081,Teton,ID,min_nearby_capacity_multiple;hazard_percentile_max.nri_wildfire_score,max_queue_median_age_years
16083,Twin Falls,ID,min_nearby_capacity_multiple,max_queue_median_age_years
16085,Valley,ID,min_fiber_share_locations;min_nearby_capacity_multiple;hazard_percentile_max.nri_inland_flood_score;hazard_percentile_max.nri_wildfire_score,max_queue_median_age_years
16087,Washington,ID,hazard_percentile_max.nri_wildfire_score,max_queue_median_age_years
17003,Alexander,IL,min_fiber_share_locations,max_queue_median_age_years
17013,Calhoun,IL,min_population;hazard_percentile_max.nri_inland_flood_score,max_queue_median_age_years
17017,Cass,IL,hazard_percentile_max.nri_inland_flood_score,max_queue_median_age_years
17019,Champaign,IL,exclude_moratorium_active,
17021,Christian,IL,max_queue_median_age_years,
17059,Gallatin,IL,min_population;hazard_percentile_max.nri_inland_flood_score,max_queue_median_age_years
17063,Grundy,IL,min_fiber_share_locations,
17067,Hancock,IL,min_nearby_capacity_multiple,max_queue_median_age_years
17069,Hardin,IL,min_population;hazard_percentile_max.nri_inland_flood_score,max_queue_median_age_years
17071,Henderson,IL,hazard_percentile_max.nri_inland_flood_score,max_queue_median_age_years
17075,Iroquois,IL,hazard_percentile_max.nri_inland_flood_score,
17091,Kankakee,IL,max_queue_median_age_years;hazard_percentile_max.nri_inland_flood_score,
17097,Lake,IL,min_fiber_share_locations;exclude_moratorium_active,
17099,LaSalle,IL,max_queue_median_age_years,
17101,Lawrence,IL,hazard_percentile_max.nri_inland_flood_score,max_queue_median_age_years
17105,Livingston,IL,hazard_percentile_max.nri_inland_flood_score,
17137,Morgan,IL,max_queue_median_age_years,
17139,Moultrie,IL,hazard_percentile_max.nri_inland_flood_score,max_queue_median_age_years
17141,Ogle,IL,max_queue_median_age_years,
17149,Pike,IL,hazard_percentile_max.nri_inland_flood_score,max_queue_median_age_years
17151,Pope,IL,min_population,max_queue_median_age_years
17153,Pulaski,IL,min_fiber_share_locations,
17165,Saline,IL,max_queue_median_age_years,
17171,Scott,IL,min_population;hazard_percentile_max.nri_inland_flood_score,
17203,Woodford,IL,max_queue_median_age_years,
18003,Allen,IN,max_queue_median_age_years,
18009,Blackford,IN,max_queue_median_age_years;exclude_moratorium_active,
18011,Boone,IN,exclude_moratorium_active,max_queue_median_age_years
18017,Cass,IN,exclude_moratorium_active,max_queue_median_age_years
18025,Crawford,IN,hazard_percentile_max.nri_inland_flood_score,max_queue_median_age_years
18029,Dearborn,IN,exclude_moratorium_active,max_queue_median_age_years
18033,DeKalb,IN,exclude_moratorium_active,
18041,Fayette,IN,exclude_moratorium_active,max_queue_median_age_years
18045,Fountain,IN,exclude_moratorium_active,
18047,Franklin,IN,exclude_moratorium_active,max_queue_median_age_years
18049,Fulton,IN,exclude_moratorium_active,max_queue_median_age_years
18053,Grant,IN,exclude_moratorium_active,
18055,Greene,IN,min_fiber_share_locations,
18061,Harrison,IN,exclude_moratorium_active,max_queue_median_age_years
18065,Henry,IN,exclude_moratorium_active,max_queue_median_age_years
18069,Huntington,IN,exclude_moratorium_active,
18073,Jasper,IN,max_queue_median_age_years,
18095,Madison,IN,max_queue_median_age_years;exclude_moratorium_active,
18099,Marshall,IN,exclude_moratorium_active,max_queue_median_age_years
18101,Martin,IN,exclude_moratorium_active,max_queue_median_age_years
18103,Miami,IN,exclude_moratorium_active,
18107,Montgomery,IN,max_queue_median_age_years,
18125,Pike,IN,max_queue_median_age_years,
18131,Pulaski,IN,exclude_moratorium_active,
18133,Putnam,IN,exclude_moratorium_active,max_queue_median_age_years
18149,Starke,IN,exclude_moratorium_active,
18173,Warrick,IN,exclude_moratorium_active,max_queue_median_age_years
19001,Adair,IA,exclude_moratorium_active,
19003,Adams,IA,min_population,max_queue_median_age_years
19021,Buena Vista,IA,min_fiber_share_locations,max_queue_median_age_years
19039,Clarke,IA,exclude_moratorium_active,max_queue_median_age_years
19041,Clay,IA,hazard_percentile_max.nri_inland_flood_score,max_queue_median_age_years
19043,Clayton,IA,hazard_percentile_max.nri_inland_flood_score,max_queue_median_age_years
19045,Clinton,IA,max_queue_median_age_years,
19055,Delaware,IA,hazard_percentile_max.nri_inland_flood_score,max_queue_median_age_years
19061,Dubuque,IA,exclude_moratorium_active,max_queue_median_age_years
19067,Floyd,IA,hazard_percentile_max.nri_inland_flood_score,max_queue_median_age_years
19089,Howard,IA,max_queue_median_age_years,
19103,Johnson,IA,max_queue_median_age_years;exclude_moratorium_active,
19121,Madison,IA,exclude_moratorium_active,max_queue_median_age_years
19131,Mitchell,IA,hazard_percentile_max.nri_inland_flood_score,max_queue_median_age_years
19133,Monona,IA,min_fiber_share_locations,max_queue_median_age_years
19147,Palo Alto,IA,max_queue_median_age_years,
19149,Plymouth,IA,exclude_moratorium_active,max_queue_median_age_years
19159,Ringgold,IA,min_fiber_share_locations;min_population,max_queue_median_age_years
19165,Shelby,IA,exclude_moratorium_active,max_queue_median_age_years
19167,Sioux,IA,exclude_moratorium_active,max_queue_median_age_years
19173,Taylor,IA,exclude_moratorium_active,max_queue_median_age_years
19177,Van Buren,IA,hazard_percentile_max.nri_inland_flood_score,max_queue_median_age_years
19193,Woodbury,IA,exclude_moratorium_active,max_queue_median_age_years
19195,Worth,IA,max_queue_median_age_years,
20007,Barber,KS,min_population;hazard_percentile_max.nri_wildfire_score,max_queue_median_age_years
20017,Chase,KS,min_population;hazard_percentile_max.nri_inland_flood_score;hazard_percentile_max.nri_wildfire_score,max_queue_median_age_years
20019,Chautauqua,KS,min_fiber_share_locations;min_population;hazard_percentile_max.nri_wildfire_score,max_queue_median_age_years
20023,Cheyenne,KS,min_population;min_nearby_capacity_multiple,max_queue_median_age_years
20025,Clark,KS,min_population;hazard_percentile_max.nri_wildfire_score,max_queue_median_age_years
20033,Comanche,KS,min_population;hazard_percentile_max.nri_wildfire_score,max_queue_median_age_years
20039,Decatur,KS,min_population;min_nearby_capacity_multiple,max_queue_median_age_years
20047,Edwards,KS,min_population,
20049,Elk,KS,min_fiber_share_locations;min_population;hazard_percentile_max.nri_wildfire_score,max_queue_median_age_years
20051,Ellis,KS,min_nearby_capacity_multiple,
20061,Geary,KS,exclude_moratorium_active,max_queue_median_age_years
20063,Gove,KS,min_population;min_nearby_capacity_multiple,max_queue_median_age_years
20065,Graham,KS,min_population;min_nearby_capacity_multiple,max_queue_median_age_years
20071,Greeley,KS,min_population;min_nearby_capacity_multiple,max_queue_median_age_years
20073,Greenwood,KS,hazard_percentile_max.nri_wildfire_score,max_queue_median_age_years
20075,Hamilton,KS,min_population;min_nearby_capacity_multiple,max_queue_median_age_years
20079,Harvey,KS,exclude_moratorium_active,max_queue_median_age_years
20081,Haskell,KS,min_population,max_queue_median_age_years
20083,Hodgeman,KS,min_population,
20087,Jefferson,KS,min_fiber_share_locations,max_queue_median_age_years
20089,Jewell,KS,min_population,max_queue_median_age_years
20091,Johnson,KS,max_queue_median_age_years,
20093,Kearny,KS,min_population,max_queue_median_age_years
20097,Kiowa,KS,min_population;hazard_percentile_max.nri_wildfire_score,max_queue_median_age_years
20101,Lane,KS,min_population,max_queue_median_age_years
20105,Lincoln,KS,min_population;min_nearby_capacity_multiple,max_queue_median_age_years
20109,Logan,KS,min_population;min_nearby_capacity_multiple,max_queue_median_age_years
20119,Meade,KS,min_population;hazard_percentile_max.nri_wildfire_score,max_queue_median_age_years
20129,Morton,KS,min_population;min_nearby_capacity_multiple,max_queue_median_age_years
20135,Ness,KS,min_population,max_queue_median_age_years
20137,Norton,KS,min_nearby_capacity_multiple,max_queue_median_age_years
20141,Osborne,KS,min_population;min_nearby_capacity_multiple,max_queue_median_age_years
20143,Ottawa,KS,hazard_percentile_max.nri_inland_flood_score,max_queue_median_age_years
20147,Phillips,KS,min_population;min_nearby_capacity_multiple,max_queue_median_age_years
20153,Rawlins,KS,min_population;min_nearby_capacity_multiple,max_queue_median_age_years
20157,Republic,KS,min_population,max_queue_median_age_years
20163,Rooks,KS,min_population;min_nearby_capacity_multiple,max_queue_median_age_years
20165,Rush,KS,min_population,max_queue_median_age_years
20167,Russell,KS,min_nearby_capacity_multiple,max_queue_median_age_years
20169,Saline,KS,exclude_moratorium_active,max_queue_median_age_years
20173,Sedgwick,KS,max_queue_median_age_years,
20179,Sheridan,KS,min_population;min_nearby_capacity_multiple,max_queue_median_age_years
20181,Sherman,KS,min_nearby_capacity_multiple,max_queue_median_age_years
20183,Smith,KS,min_population;min_nearby_capacity_multiple,max_queue_median_age_years
20185,Stafford,KS,min_population,
20187,Stanton,KS,min_population;min_nearby_capacity_multiple,max_queue_median_age_years
20191,Sumner,KS,max_queue_median_age_years,
20193,Thomas,KS,min_nearby_capacity_multiple,max_queue_median_age_years
20195,Trego,KS,min_population;min_nearby_capacity_multiple,max_queue_median_age_years
20197,Wabaunsee,KS,hazard_percentile_max.nri_wildfire_score,max_queue_median_age_years
20199,Wallace,KS,min_population,max_queue_median_age_years
20203,Wichita,KS,min_population,max_queue_median_age_years
20207,Woodson,KS,min_fiber_share_locations;min_population,max_queue_median_age_years
21003,Allen,KY,exclude_moratorium_active,max_queue_median_age_years
21013,Bell,KY,min_fiber_share_locations;hazard_percentile_max.nri_inland_flood_score,max_queue_median_age_years
21019,Boyd,KY,exclude_moratorium_active,max_queue_median_age_years
21027,Breckinridge,KY,exclude_moratorium_active,max_queue_median_age_years
21033,Caldwell,KY,min_fiber_share_locations,max_queue_median_age_years
21039,Carlisle,KY,min_population,max_queue_median_age_years
21041,Carroll,KY,hazard_percentile_max.nri_inland_flood_score,max_queue_median_age_years
21053,Clinton,KY,min_nearby_capacity_multiple;hazard_percentile_max.nri_inland_flood_score,max_queue_median_age_years
21055,Crittenden,KY,min_fiber_share_locations,max_queue_median_age_years
21057,Cumberland,KY,min_nearby_capacity_multiple;hazard_percentile_max.nri_inland_flood_score,max_queue_median_age_years
21059,Daviess,KY,exclude_moratorium_active,max_queue_median_age_years
21061,Edmonson,KY,exclude_moratorium_active,max_queue_median_age_years
21063,Elliott,KY,hazard_percentile_max.nri_inland_flood_score,max_queue_median_age_years
21065,Estill,KY,hazard_percentile_max.nri_inland_flood_score,max_queue_median_age_years
21071,Floyd,KY,min_fiber_share_locations;hazard_percentile_max.nri_inland_flood_score,max_queue_median_age_years
21087,Green,KY,max_queue_median_age_years,
21089,Greenup,KY,hazard_percentile_max.nri_inland_flood_score,max_queue_median_age_years
21091,Hancock,KY,hazard_percentile_max.nri_inland_flood_score,max_queue_median_age_years
21095,Harlan,KY,hazard_percentile_max.nri_inland_flood_score,max_queue_median_age_years
21101,Henderson,KY,hazard_percentile_max.nri_inland_flood_score,
21103,Henry,KY,min_fiber_share_locations,max_queue_median_age_years
21105,Hickman,KY,min_population,max_queue_median_age_years
21107,Hopkins,KY,min_fiber_share_locations,max_queue_median_age_years
21109,Jackson,KY,hazard_percentile_max.nri_inland_flood_score,max_queue_median_age_years
21119,Knott,KY,hazard_percentile_max.nri_inland_flood_score,max_queue_median_age_years
21127,Lawrence,KY,hazard_percentile_max.nri_inland_flood_score,max_queue_median_age_years
21129,Lee,KY,hazard_percentile_max.nri_inland_flood_score,max_queue_median_age_years
21133,Letcher,KY,min_fiber_share_locations,max_queue_median_age_years
21135,Lewis,KY,min_fiber_share_locations,max_queue_median_age_years
21149,McLean,KY,hazard_percentile_max.nri_inland_flood_score,max_queue_median_age_years
21153,Magoffin,KY,hazard_percentile_max.nri_inland_flood_score,max_queue_median_age_years
21159,Martin,KY,min_fiber_share_locations;hazard_percentile_max.nri_inland_flood_score,
21161,Mason,KY,exclude_moratorium_active,max_queue_median_age_years
21163,Meade,KY,exclude_moratorium_active,max_queue_median_age_years
21165,Menifee,KY,hazard_percentile_max.nri_inland_flood_score,max_queue_median_age_years
21167,Mercer,KY,exclude_moratorium_active;hazard_percentile_max.nri_inland_flood_score,
21169,Metcalfe,KY,min_nearby_capacity_multiple,max_queue_median_age_years
21175,Morgan,KY,hazard_percentile_max.nri_inland_flood_score,max_queue_median_age_years
21181,Nicholas,KY,min_fiber_share_locations,max_queue_median_age_years
21189,Owsley,KY,min_population;hazard_percentile_max.nri_inland_flood_score,max_queue_median_age_years
21195,Pike,KY,min_fiber_share_locations;hazard_percentile_max.nri_inland_flood_score,
21197,Powell,KY,hazard_percentile_max.nri_inland_flood_score,max_queue_median_age_years
21201,Robertson,KY,min_fiber_share_locations;min_population,max_queue_median_age_years
21203,Rockcastle,KY,hazard_percentile_max.nri_inland_flood_score,max_queue_median_age_years
21231,Wayne,KY,min_nearby_capacity_multiple,max_queue_median_age_years
21233,Webster,KY,max_queue_median_age_years;min_fiber_share_locations,
21237,Wolfe,KY,hazard_percentile_max.nri_inland_flood_score,max_queue_median_age_years
22001,Acadia,LA,hazard_percentile_max.nri_inland_flood_score;hazard_percentile_max.nri_coastal_flood_score;hazard_percentile_max.nri_hurricane_score,
22003,Allen,LA,hazard_percentile_max.nri_coastal_flood_score,max_queue_median_age_years
22005,Ascension,LA,hazard_percentile_max.nri_coastal_flood_score;hazard_percentile_max.nri_hurricane_score,max_queue_median_age_years
22007,Assumption,LA,min_fiber_share_locations;hazard_percentile_max.nri_coastal_flood_score;hazard_percentile_max.nri_hurricane_score,max_queue_median_age_years
22013,Bienville,LA,min_fiber_share_locations,max_queue_median_age_years
22017,Caddo,LA,max_queue_median_age_years,
22019,Calcasieu,LA,hazard_percentile_max.nri_coastal_flood_score;hazard_percentile_max.nri_hurricane_score,
22023,Cameron,LA,min_fiber_share_locations;hazard_percentile_max.nri_coastal_flood_score;hazard_percentile_max.nri_hurricane_score,max_queue_median_age_years
22027,Claiborne,LA,min_fiber_share_locations,max_queue_median_age_years
22031,De Soto,LA,min_fiber_share_locations,
22033,East Baton Rouge,LA,hazard_percentile_max.nri_coastal_flood_score,max_queue_median_age_years
22045,Iberia,LA,hazard_percentile_max.nri_coastal_flood_score;hazard_percentile_max.nri_hurricane_score,max_queue_median_age_years
22047,Iberville,LA,hazard_percentile_max.nri_coastal_flood_score;hazard_percentile_max.nri_hurricane_score,
22051,Jefferson,LA,hazard_percentile_max.nri_coastal_flood_score;hazard_percentile_max.nri_hurricane_score,max_queue_median_age_years
22053,Jefferson Davis,LA,hazard_percentile_max.nri_inland_flood_score;hazard_percentile_max.nri_coastal_flood_score;hazard_percentile_max.nri_hurricane_score,
22055,Lafayette,LA,hazard_percentile_max.nri_hurricane_score,
22057,Lafourche,LA,hazard_percentile_max.nri_coastal_flood_score;hazard_percentile_max.nri_hurricane_score,max_queue_median_age_years
22063,Livingston,LA,hazard_percentile_max.nri_inland_flood_score;hazard_percentile_max.nri_coastal_flood_score;hazard_percentile_max.nri_hurricane_score,
22071,Orleans,LA,hazard_percentile_max.nri_coastal_flood_score;hazard_percentile_max.nri_hurricane_score,max_queue_median_age_years
22075,Plaquemines,LA,hazard_percentile_max.nri_coastal_flood_score;hazard_percentile_max.nri_hurricane_score,max_queue_median_age_years
22087,St. Bernard,LA,hazard_percentile_max.nri_coastal_flood_score;hazard_percentile_max.nri_hurricane_score,max_queue_median_age_years
22089,St. Charles,LA,hazard_percentile_max.nri_coastal_flood_score;hazard_percentile_max.nri_hurricane_score,max_queue_median_age_years
22093,St. James,LA,max_queue_median_age_years;min_fiber_share_locations;hazard_percentile_max.nri_coastal_flood_score;hazard_percentile_max.nri_hurricane_score,
22095,St. John the Baptist,LA,hazard_percentile_max.nri_coastal_flood_score;hazard_percentile_max.nri_hurricane_score,max_queue_median_age_years
22099,St. Martin,LA,hazard_percentile_max.nri_coastal_flood_score;hazard_percentile_max.nri_hurricane_score,max_queue_median_age_years
22101,St. Mary,LA,hazard_percentile_max.nri_coastal_flood_score;hazard_percentile_max.nri_hurricane_score,max_queue_median_age_years
22103,St. Tammany,LA,hazard_percentile_max.nri_coastal_flood_score;hazard_percentile_max.nri_hurricane_score,max_queue_median_age_years
22105,Tangipahoa,LA,hazard_percentile_max.nri_coastal_flood_score;hazard_percentile_max.nri_hurricane_score,
22107,Tensas,LA,min_population,max_queue_median_age_years
22109,Terrebonne,LA,hazard_percentile_max.nri_coastal_flood_score;hazard_percentile_max.nri_hurricane_score,max_queue_median_age_years
22111,Union,LA,min_fiber_share_locations,max_queue_median_age_years
22113,Vermilion,LA,hazard_percentile_max.nri_inland_flood_score;hazard_percentile_max.nri_coastal_flood_score;hazard_percentile_max.nri_hurricane_score,max_queue_median_age_years
22117,Washington,LA,max_queue_median_age_years;hazard_percentile_max.nri_hurricane_score,
22127,Winn,LA,min_fiber_share_locations,max_queue_median_age_years
23003,Aroostook,ME,min_nearby_capacity_multiple,max_queue_median_age_years
23005,Cumberland,ME,hazard_percentile_max.nri_coastal_flood_score,max_queue_median_age_years
23009,Hancock,ME,min_nearby_capacity_multiple;hazard_percentile_max.nri_coastal_flood_score,max_queue_median_age_years
23011,Kennebec,ME,hazard_percentile_max.nri_coastal_flood_score,max_queue_median_age_years
23013,Knox,ME,hazard_percentile_max.nri_coastal_flood_score,
23015,Lincoln,ME,hazard_percentile_max.nri_coastal_flood_score,max_queue_median_age_years
23019,Penobscot,ME,hazard_percentile_max.nri_coastal_flood_score,max_queue_median_age_years
23021,Piscataquis,ME,min_nearby_capacity_multiple,max_queue_median_age_years
23023,Sagadahoc,ME,hazard_percentile_max.nri_coastal_flood_score,max_queue_median_age_years
23025,Somerset,ME,min_nearby_capacity_multiple,max_queue_median_age_years
23027,Waldo,ME,hazard_percentile_max.nri_coastal_flood_score,max_queue_median_age_years
23029,Washington,ME,min_nearby_capacity_multiple;hazard_percentile_max.nri_coastal_flood_score,max_queue_median_age_years
23031,York,ME,max_queue_median_age_years;hazard_percentile_max.nri_coastal_flood_score,
24001,Allegany,MD,min_fiber_share_locations,max_queue_median_age_years
24003,Anne Arundel,MD,hazard_percentile_max.nri_coastal_flood_score,max_queue_median_age_years
24005,Baltimore,MD,hazard_percentile_max.nri_coastal_flood_score,
24009,Calvert,MD,min_fiber_share_locations;hazard_percentile_max.nri_coastal_flood_score,max_queue_median_age_years
24011,Caroline,MD,exclude_moratorium_active;hazard_percentile_max.nri_coastal_flood_score,max_queue_median_age_years
24015,Cecil,MD,hazard_percentile_max.nri_coastal_flood_score,max_queue_median_age_years
24017,Charles,MD,hazard_percentile_max.nri_coastal_flood_score,
24019,Dorchester,MD,max_queue_median_age_years;min_fiber_share_locations;exclude_moratorium_active;hazard_percentile_max.nri_coastal_flood_score,
24023,Garrett,MD,max_queue_median_age_years,
24025,Harford,MD,exclude_moratorium_active;hazard_percentile_max.nri_coastal_flood_score,max_queue_median_age_years
24029,Kent,MD,hazard_percentile_max.nri_coastal_flood_score,max_queue_median_age_years
24031,Montgomery,MD,exclude_moratorium_active,max_queue_median_age_years
24033,Prince George's,MD,exclude_moratorium_active;hazard_percentile_max.nri_coastal_flood_score,
24035,Queen Anne's,MD,hazard_percentile_max.nri_coastal_flood_score,
24037,St. Mary's,MD,hazard_percentile_max.nri_coastal_flood_score,max_queue_median_age_years
24039,Somerset,MD,hazard_percentile_max.nri_coastal_flood_score;hazard_percentile_max.nri_hurricane_score,max_queue_median_age_years
24041,Talbot,MD,hazard_percentile_max.nri_coastal_flood_score,max_queue_median_age_years
24043,Washington,MD,exclude_moratorium_active,max_queue_median_age_years
24045,Wicomico,MD,hazard_percentile_max.nri_coastal_flood_score,
24047,Worcester,MD,min_fiber_share_locations;exclude_moratorium_active;min_nearby_capacity_multiple;hazard_percentile_max.nri_coastal_flood_score;hazard_percentile_max.nri_hurricane_score,
24510,Baltimore,MD,hazard_percentile_max.nri_coastal_flood_score,max_queue_median_age_years
25001,Barnstable,MA,min_fiber_share_locations;hazard_percentile_max.nri_coastal_flood_score,max_queue_median_age_years
25005,Bristol,MA,hazard_percentile_max.nri_coastal_flood_score,max_queue_median_age_years
25007,Dukes,MA,min_fiber_share_locations;hazard_percentile_max.nri_coastal_flood_score,max_queue_median_age_years
25009,Essex,MA,hazard_percentile_max.nri_coastal_flood_score,max_queue_median_age_years
25017,Middlesex,MA,hazard_percentile_max.nri_coastal_flood_score,
25019,Nantucket,MA,min_fiber_share_locations;hazard_percentile_max.nri_coastal_flood_score;hazard_percentile_max.nri_hurricane_score,max_queue_median_age_years
25021,Norfolk,MA,max_queue_median_age_years;hazard_percentile_max.nri_coastal_flood_score,
25023,Plymouth,MA,hazard_percentile_max.nri_coastal_flood_score,max_queue_median_age_years
25025,Suffolk,MA,hazard_percentile_max.nri_coastal_flood_score,max_queue_median_age_years
26001,Alcona,MI,min_fiber_share_locations;min_nearby_capacity_multiple;hazard_percentile_max.nri_coastal_flood_score,
26003,Alger,MI,min_nearby_capacity_multiple,max_queue_median_age_years
26007,Alpena,MI,min_nearby_capacity_multiple;hazard_percentile_max.nri_coastal_flood_score,max_queue_median_age_years
26009,Antrim,MI,min_nearby_capacity_multiple,max_queue_median_age_years
26011,Arenac,MI,min_fiber_share_locations;hazard_percentile_max.nri_coastal_flood_score,max_queue_median_age_years
26013,Baraga,MI,min_nearby_capacity_multiple;hazard_percentile_max.nri_coastal_flood_score,max_queue_median_age_years
26017,Bay,MI,min_fiber_share_locations;hazard_percentile_max.nri_coastal_flood_score,
26019,Benzie,MI,hazard_percentile_max.nri_coastal_flood_score,max_queue_median_age_years
26029,Charlevoix,MI,min_nearby_capacity_multiple,max_queue_median_age_years
26031,Cheboygan,MI,min_nearby_capacity_multiple;hazard_percentile_max.nri_coastal_flood_score,max_queue_median_age_years
26033,Chippewa,MI,min_nearby_capacity_multiple;hazard_percentile_max.nri_coastal_flood_score,max_queue_median_age_years
26035,Clare,MI,min_fiber_share_locations,max_queue_median_age_years
26039,Crawford,MI,min_nearby_capacity_multiple,max_queue_median_age_years
26041,Delta,MI,exclude_moratorium_active;min_nearby_capacity_multiple;hazard_percentile_max.nri_coastal_flood_score,max_queue_median_age_years
26043,Dickinson,MI,min_nearby_capacity_multiple,
26047,Emmet,MI,min_nearby_capacity_multiple;hazard_percentile_max.nri_coastal_flood_score,max_queue_median_age_years
26049,Genesee,MI,min_fiber_share_locations,
26051,Gladwin,MI,min_fiber_share_locations,
26053,Gogebic,MI,min_fiber_share_locations;min_nearby_capacity_multiple,max_queue_median_age_years
26055,Grand Traverse,MI,min_fiber_share_locations;min_nearby_capacity_multiple,max_queue_median_age_years
26061,Houghton,MI,min_fiber_share_locations;min_nearby_capacity_multiple,max_queue_median_age_years
26063,Huron,MI,exclude_moratorium_active;hazard_percentile_max.nri_coastal_flood_score,
26069,Iosco,MI,min_fiber_share_locations;hazard_percentile_max.nri_coastal_flood_score,max_queue_median_age_years
26071,Iron,MI,min_nearby_capacity_multiple,max_queue_median_age_years
26079,Kalkaska,MI,min_nearby_capacity_multiple,max_queue_median_age_years
26083,Keweenaw,MI,min_fiber_share_locations;min_population;min_nearby_capacity_multiple,max_queue_median_age_years
26087,Lapeer,MI,min_fiber_share_locations,
26089,Leelanau,MI,min_nearby_capacity_multiple;hazard_percentile_max.nri_coastal_flood_score,max_queue_median_age_years
26095,Luce,MI,min_nearby_capacity_multiple,max_queue_median_age_years
26097,Mackinac,MI,min_nearby_capacity_multiple;hazard_percentile_max.nri_coastal_flood_score,max_queue_median_age_years
26103,Marquette,MI,min_fiber_share_locations;min_nearby_capacity_multiple,
26105,Mason,MI,hazard_percentile_max.nri_coastal_flood_score,
26109,Menominee,MI,min_nearby_capacity_multiple;hazard_percentile_max.nri_coastal_flood_score,max_queue_median_age_years
26115,Monroe,MI,hazard_percentile_max.nri_coastal_flood_score,
26119,Montmorency,MI,min_nearby_capacity_multiple,max_queue_median_age_years
26129,Ogemaw,MI,min_fiber_share_locations,max_queue_median_age_years
26131,Ontonagon,MI,min_nearby_capacity_multiple,max_queue_median_age_years
26135,Oscoda,MI,min_nearby_capacity_multiple,max_queue_median_age_years
26137,Otsego,MI,min_nearby_capacity_multiple,
26141,Presque Isle,MI,min_nearby_capacity_multiple,
26143,Roscommon,MI,min_fiber_share_locations,max_queue_median_age_years
26145,Saginaw,MI,min_fiber_share_locations,
26147,St. Clair,MI,hazard_percentile_max.nri_coastal_flood_score,
26153,Schoolcraft,MI,min_nearby_capacity_multiple,max_queue_median_age_years
27001,Aitkin,MN,min_nearby_capacity_multiple;hazard_percentile_max.nri_inland_flood_score,max_queue_median_age_years
27005,Becker,MN,min_nearby_capacity_multiple,max_queue_median_age_years
27007,Beltrami,MN,min_nearby_capacity_multiple,max_queue_median_age_years
27017,Carlton,MN,min_nearby_capacity_multiple,max_queue_median_age_years
27021,Cass,MN,min_nearby_capacity_multiple,max_queue_median_age_years
27027,Clay,MN,min_nearby_capacity_multiple;hazard_percentile_max.nri_inland_flood_score,
27029,Clearwater,MN,min_nearby_capacity_multiple,max_queue_median_age_years
27031,Cook,MN,min_nearby_capacity_multiple,max_queue_median_age_years
27035,Crow Wing,MN,min_nearby_capacity_multiple,max_queue_median_age_years
27041,Douglas,MN,min_nearby_capacity_multiple,max_queue_median_age_years
27043,Faribault,MN,max_queue_median_age_years,
27045,Fillmore,MN,hazard_percentile_max.nri_inland_flood_score,max_queue_median_age_years
27051,Grant,MN,min_nearby_capacity_multiple,max_queue_median_age_years
27055,Houston,MN,hazard_percentile_max.nri_inland_flood_score,max_queue_median_age_years
27057,Hubbard,MN,min_nearby_capacity_multiple,max_queue_median_age_years
27061,Itasca,MN,min_nearby_capacity_multiple,max_queue_median_age_years
27069,Kittson,MN,min_population;min_nearby_capacity_multiple;hazard_percentile_max.nri_inland_flood_score,max_queue_median_age_years
27071,Koochiching,MN,min_nearby_capacity_multiple;hazard_percentile_max.nri_inland_flood_score,max_queue_median_age_years
27075,Lake,MN,min_nearby_capacity_multiple,max_queue_median_age_years
27077,Lake of the Woods,MN,min_population;min_nearby_capacity_multiple;hazard_percentile_max.nri_inland_flood_score,max_queue_median_age_years
27079,Le Sueur,MN,exclude_moratorium_active,max_queue_median_age_years
27083,Lyon,MN,hazard_percentile_max.nri_inland_flood_score,
27087,Mahnomen,MN,min_nearby_capacity_multiple,max_queue_median_age_years
27089,Marshall,MN,min_nearby_capacity_multiple,max_queue_median_age_years
27097,Morrison,MN,hazard_percentile_max.nri_inland_flood_score,max_queue_median_age_years
27107,Norman,MN,min_nearby_capacity_multiple,max_queue_median_age_years
27111,Otter Tail,MN,min_nearby_capacity_multiple,
27113,Pennington,MN,min_nearby_capacity_multiple;hazard_percentile_max.nri_inland_flood_score,max_queue_median_age_years
27115,Pine,MN,min_nearby_capacity_multiple,max_queue_median_age_years
27117,Pipestone,MN,max_queue_median_age_years,
27119,Polk,MN,min_nearby_capacity_multiple,max_queue_median_age_years
27121,Pope,MN,min_nearby_capacity_multiple;hazard_percentile_max.nri_inland_flood_score,max_queue_median_age_years
27125,Red Lake,MN,min_population;min_nearby_capacity_multiple;hazard_percentile_max.nri_inland_flood_score,max_queue_median_age_years
27133,Rock,MN,max_queue_median_age_years,
27135,Roseau,MN,min_nearby_capacity_multiple;hazard_percentile_max.nri_inland_flood_score,max_queue_median_age_years
27137,St. Louis,MN,min_nearby_capacity_multiple,max_queue_median_age_years
27153,Todd,MN,min_nearby_capacity_multiple,max_queue_median_age_years
27155,Traverse,MN,min_population;min_nearby_capacity_multiple,max_queue_median_age_years
27159,Wadena,MN,min_nearby_capacity_multiple,max_queue_median_age_years
27167,Wilkin,MN,min_nearby_capacity_multiple,max_queue_median_age_years
27171,Wright,MN,exclude_moratorium_active,max_queue_median_age_years
28021,Claiborne,MS,min_fiber_share_locations,max_queue_median_age_years
28025,Clay,MS,max_queue_median_age_years,
28039,George,MS,hazard_percentile_max.nri_hurricane_score,max_queue_median_age_years
28041,Greene,MS,hazard_percentile_max.nri_hurricane_score,max_queue_median_age_years
28045,Hancock,MS,hazard_percentile_max.nri_coastal_flood_score,max_queue_median_age_years
28047,Harrison,MS,hazard_percentile_max.nri_coastal_flood_score;hazard_percentile_max.nri_hurricane_score,max_queue_median_age_years
28053,Humphreys,MS,min_fiber_share_locations,max_queue_median_age_years
28055,Issaquena,MS,min_population,max_queue_median_age_years
28059,Jackson,MS,hazard_percentile_max.nri_coastal_flood_score;hazard_percentile_max.nri_hurricane_score,max_queue_median_age_years
28063,Jefferson,MS,min_fiber_share_locations,max_queue_median_age_years
28091,Marion,MS,hazard_percentile_max.nri_hurricane_score,max_queue_median_age_years
28095,Monroe,MS,max_queue_median_age_years,
28109,Pearl River,MS,hazard_percentile_max.nri_hurricane_score,max_queue_median_age_years
28119,Quitman,MS,min_fiber_share_locations,max_queue_median_age_years
28125,Sharkey,MS,min_fiber_share_locations;min_population,max_queue_median_age_years
28135,Tallahatchie,MS,min_nearby_capacity_multiple,max_queue_median_age_years
28151,Washington,MS,min_nearby_capacity_multiple,
28157,Wilkinson,MS,min_fiber_share_locations,max_queue_median_age_years
28163,Yazoo,MS,min_fiber_share_locations,max_queue_median_age_years
29005,Atchison,MO,hazard_percentile_max.nri_inland_flood_score,max_queue_median_age_years
29015,Benton,MO,min_nearby_capacity_multiple,max_queue_median_age_years
29027,Callaway,MO,max_queue_median_age_years,
29029,Camden,MO,min_nearby_capacity_multiple;hazard_percentile_max.nri_inland_flood_score,max_queue_median_age_years
29035,Carter,MO,min_fiber_share_locations;min_nearby_capacity_multiple,max_queue_median_age_years
29041,Chariton,MO,hazard_percentile_max.nri_inland_flood_score,max_queue_median_age_years
29045,Clark,MO,min_nearby_capacity_multiple,max_queue_median_age_years
29057,Dade,MO,min_fiber_share_locations,max_queue_median_age_years
29059,Dallas,MO,min_nearby_capacity_multiple,max_queue_median_age_years
29065,Dent,MO,min_nearby_capacity_multiple,max_queue_median_age_years
29073,Gasconade,MO,hazard_percentile_max.nri_inland_flood_score,max_queue_median_age_years
29079,Grundy,MO,min_nearby_capacity_multiple,max_queue_median_age_years
29085,Hickory,MO,min_fiber_share_locations,max_queue_median_age_years
29087,Holt,MO,min_population,max_queue_median_age_years
29091,Howell,MO,min_nearby_capacity_multiple,max_queue_median_age_years
29093,Iron,MO,min_fiber_share_locations;hazard_percentile_max.nri_inland_flood_score,max_queue_median_age_years
29095,Jackson,MO,exclude_moratorium_active,
29103,Knox,MO,min_population,max_queue_median_age_years
29105,Laclede,MO,min_nearby_capacity_multiple,max_queue_median_age_years
29123,Madison,MO,min_fiber_share_locations;hazard_percentile_max.nri_inland_flood_score,max_queue_median_age_years
29125,Maries,MO,min_fiber_share_locations,max_queue_median_age_years
29129,Mercer,MO,min_population;min_nearby_capacity_multiple,max_queue_median_age_years
29141,Morgan,MO,min_nearby_capacity_multiple,max_queue_median_age_years
29149,Oregon,MO,min_nearby_capacity_multiple;hazard_percentile_max.nri_inland_flood_score,max_queue_median_age_years
29151,Osage,MO,min_fiber_share_locations;hazard_percentile_max.nri_inland_flood_score,max_queue_median_age_years
29167,Polk,MO,min_fiber_share_locations,max_queue_median_age_years
29169,Pulaski,MO,min_nearby_capacity_multiple,max_queue_median_age_years
29171,Putnam,MO,min_population;min_nearby_capacity_multiple,max_queue_median_age_years
29173,Ralls,MO,hazard_percentile_max.nri_inland_flood_score,
29175,Randolph,MO,max_queue_median_age_years,
29179,Reynolds,MO,min_nearby_capacity_multiple;hazard_percentile_max.nri_inland_flood_score,max_queue_median_age_years
29181,Ripley,MO,min_fiber_share_locations;min_nearby_capacity_multiple;hazard_percentile_max.nri_inland_flood_score,max_queue_median_age_years
29183,St. Charles,MO,exclude_moratorium_active,max_queue_median_age_years
29186,Ste. Genevieve,MO,hazard_percentile_max.nri_inland_flood_score,max_queue_median_age_years
29197,Schuyler,MO,min_population,max_queue_median_age_years
29199,Scotland,MO,min_population,max_queue_median_age_years
29201,Scott,MO,max_queue_median_age_years,
29203,Shannon,MO,min_nearby_capacity_multiple,max_queue_median_age_years
29209,Stone,MO,hazard_percentile_max.nri_inland_flood_score,max_queue_median_age_years
29215,Texas,MO,min_nearby_capacity_multiple,max_queue_median_age_years
29223,Wayne,MO,min_nearby_capacity_multiple;hazard_percentile_max.nri_inland_flood_score,max_queue_median_age_years
29225,Webster,MO,min_nearby_capacity_multiple,max_queue_median_age_years
29227,Worth,MO,min_population,max_queue_median_age_years
29229,Wright,MO,min_nearby_capacity_multiple,max_queue_median_age_years
30001,Beaverhead,MT,min_nearby_capacity_multiple,max_queue_median_age_years
30005,Blaine,MT,min_nearby_capacity_multiple;hazard_percentile_max.nri_inland_flood_score,max_queue_median_age_years
30007,Broadwater,MT,min_fiber_share_locations;min_nearby_capacity_multiple,max_queue_median_age_years
30009,Carbon,MT,min_fiber_share_locations;min_nearby_capacity_multiple;hazard_percentile_max.nri_inland_flood_score;hazard_percentile_max.nri_wildfire_score,max_queue_median_age_years
30011,Carter,MT,min_population;min_nearby_capacity_multiple,max_queue_median_age_years
30013,Cascade,MT,min_nearby_capacity_multiple,max_queue_median_age_years
30015,Chouteau,MT,min_nearby_capacity_multiple,max_queue_median_age_years
30017,Custer,MT,min_fiber_share_locations,max_queue_median_age_years
30019,Daniels,MT,min_population;min_nearby_capacity_multiple,max_queue_median_age_years
30021,Dawson,MT,min_nearby_capacity_multiple,max_queue_median_age_years
30023,Deer Lodge,MT,min_fiber_share_locations;min_nearby_capacity_multiple,max_queue_median_age_years
30025,Fallon,MT,min_population;min_nearby_capacity_multiple,max_queue_median_age_years
30027,Fergus,MT,min_nearby_capacity_multiple,max_queue_median_age_years
30029,Flathead,MT,min_nearby_capacity_multiple,max_queue_median_age_years
30031,Gallatin,MT,min_nearby_capacity_multiple,max_queue_median_age_years
30033,Garfield,MT,min_population;min_nearby_capacity_multiple;hazard_percentile_max.nri_wildfire_score,max_queue_median_age_years
30035,Glacier,MT,min_fiber_share_locations;min_nearby_capacity_multiple,max_queue_median_age_years
30037,Golden Valley,MT,min_population;min_nearby_capacity_multiple,max_queue_median_age_years
30039,Granite,MT,min_population;min_nearby_capacity_multiple;hazard_percentile_max.nri_wildfire_score,max_queue_median_age_years
30041,Hill,MT,min_nearby_capacity_multiple,max_queue_median_age_years
30043,Jefferson,MT,min_fiber_share_locations;min_nearby_capacity_multiple,max_queue_median_age_years
30045,Judith Basin,MT,min_population;min_nearby_capacity_multiple,max_queue_median_age_years
30047,Lake,MT,min_nearby_capacity_multiple,max_queue_median_age_years
30049,Lewis and Clark,MT,min_nearby_capacity_multiple,
30051,Liberty,MT,min_population;min_nearby_capacity_multiple,max_queue_median_age_years
30053,Lincoln,MT,min_nearby_capacity_multiple;hazard_percentile_max.nri_wildfire_score,max_queue_median_age_years
30055,McCone,MT,min_population;min_nearby_capacity_multiple,max_queue_median_age_years
30057,Madison,MT,min_nearby_capacity_multiple,max_queue_median_age_years
30059,Meagher,MT,max_queue_median_age_years;min_population;min_nearby_capacity_multiple,
30061,Mineral,MT,min_fiber_share_locations;min_population;min_nearby_capacity_multiple,max_queue_median_age_years
30063,Missoula,MT,min_nearby_capacity_multiple,max_queue_median_age_years
30065,Musselshell,MT,min_nearby_capacity_multiple;hazard_percentile_max.nri_wildfire_score,max_queue_median_age_years
30067,Park,MT,min_fiber_share_locations;min_nearby_capacity_multiple;hazard_percentile_max.nri_inland_flood_score;hazard_percentile_max.nri_wildfire_score,max_queue_median_age_years
30069,Petroleum,MT,min_population;min_nearby_capacity_multiple;hazard_percentile_max.nri_wildfire_score,max_queue_median_age_years
30071,Phillips,MT,min_population;min_nearby_capacity_multiple,max_queue_median_age_years
30073,Pondera,MT,min_nearby_capacity_multiple,max_queue_median_age_years
30075,Powder River,MT,min_population;hazard_percentile_max.nri_wildfire_score,max_queue_median_age_years
30077,Powell,MT,min_fiber_share_locations;min_nearby_capacity_multiple,max_queue_median_age_years
30079,Prairie,MT,min_population;min_nearby_capacity_multiple,max_queue_median_age_years
30081,Ravalli,MT,min_nearby_capacity_multiple;hazard_percentile_max.nri_wildfire_score,max_queue_median_age_years
30083,Richland,MT,min_nearby_capacity_multiple,max_queue_median_age_years
30085,Roosevelt,MT,min_nearby_capacity_multiple,max_queue_median_age_years
30087,Rosebud,MT,hazard_percentile_max.nri_inland_flood_score;hazard_percentile_max.nri_wildfire_score,
30089,Sanders,MT,hazard_percentile_max.nri_inland_flood_score,max_queue_median_age_years
30091,Sheridan,MT,min_population;min_nearby_capacity_multiple,max_queue_median_age_years
30093,Silver Bow,MT,min_nearby_capacity_multiple,max_queue_median_age_years
30095,Stillwater,MT,min_nearby_capacity_multiple;hazard_percentile_max.nri_inland_flood_score;hazard_percentile_max.nri_wildfire_score,
30097,Sweet Grass,MT,min_population;min_nearby_capacity_multiple;hazard_percentile_max.nri_inland_flood_score;hazard_percentile_max.nri_wildfire_score,max_queue_median_age_years
30099,Teton,MT,min_nearby_capacity_multiple,max_queue_median_age_years
30101,Toole,MT,min_fiber_share_locations;min_nearby_capacity_multiple,max_queue_median_age_years
30103,Treasure,MT,min_fiber_share_locations;min_population;hazard_percentile_max.nri_wildfire_score,max_queue_median_age_years
30105,Valley,MT,min_nearby_capacity_multiple,max_queue_median_age_years
30107,Wheatland,MT,min_population;min_nearby_capacity_multiple,
30109,Wibaux,MT,max_queue_median_age_years;min_population;min_nearby_capacity_multiple,
30111,Yellowstone,MT,max_queue_median_age_years;min_nearby_capacity_multiple,
31001,Adams,NE,min_nearby_capacity_multiple,max_queue_median_age_years
31005,Arthur,NE,min_population;min_nearby_capacity_multiple;hazard_percentile_max.nri_wildfire_score,max_queue_median_age_years
31007,Banner,NE,min_fiber_share_locations;min_population,max_queue_median_age_years
31009,Blaine,NE,min_population;min_nearby_capacity_multiple,max_queue_median_age_years
31013,Box Butte,NE,min_nearby_capacity_multiple,max_queue_median_age_years
31015,Boyd,NE,min_population;min_nearby_capacity_multiple,max_queue_median_age_years
31017,Brown,NE,min_population;min_nearby_capacity_multiple,max_queue_median_age_years
31019,Buffalo,NE,min_nearby_capacity_multiple,max_queue_median_age_years
31021,Burt,NE,max_queue_median_age_years,
31029,Chase,NE,min_population,max_queue_median_age_years
31031,Cherry,NE,min_nearby_capacity_multiple;hazard_percentile_max.nri_wildfire_score,max_queue_median_age_years
31037,Colfax,NE,hazard_percentile_max.nri_inland_flood_score,max_queue_median_age_years
31039,Cuming,NE,hazard_percentile_max.nri_inland_flood_score,max_queue_median_age_years
31041,Custer,NE,min_nearby_capacity_multiple,max_queue_median_age_years
31045,Dawes,NE,min_nearby_capacity_multiple,max_queue_median_age_years
31047,Dawson,NE,min_nearby_capacity_multiple,max_queue_median_age_years
31049,Deuel,NE,min_population,max_queue_median_age_years
31053,Dodge,NE,hazard_percentile_max.nri_inland_flood_score,max_queue_median_age_years
31057,Dundy,NE,min_population;min_nearby_capacity_multiple,max_queue_median_age_years
31061,Franklin,NE,min_population;min_nearby_capacity_multiple,max_queue_median_age_years
31063,Frontier,NE,min_population,max_queue_median_age_years
31065,Furnas,NE,min_population;min_nearby_capacity_multiple,max_queue_median_age_years
31069,Garden,NE,min_population;min_nearby_capacity_multiple,max_queue_median_age_years
31071,Garfield,NE,min_population,max_queue_median_age_years
31073,Gosper,NE,min_population;min_nearby_capacity_multiple,max_queue_median_age_years
31075,Grant,NE,min_population;min_nearby_capacity_multiple;hazard_percentile_max.nri_wildfire_score,max_queue_median_age_years
31077,Greeley,NE,min_population;min_nearby_capacity_multiple,max_queue_median_age_years
31079,Hall,NE,min_nearby_capacity_multiple,max_queue_median_age_years
31083,Harlan,NE,min_population;min_nearby_capacity_multiple,max_queue_median_age_years
31085,Hayes,NE,min_population,max_queue_median_age_years
31087,Hitchcock,NE,min_fiber_share_locations;min_population;min_nearby_capacity_multiple,max_queue_median_age_years
31091,Hooker,NE,min_population;min_nearby_capacity_multiple,max_queue_median_age_years
31099,Kearney,NE,min_nearby_capacity_multiple,max_queue_median_age_years
31101,Keith,NE,min_nearby_capacity_multiple,max_queue_median_age_years
31103,Keya Paha,NE,min_population;min_nearby_capacity_multiple,max_queue_median_age_years
31105,Kimball,NE,min_population,max_queue_median_age_years
31113,Logan,NE,min_population,max_queue_median_age_years
31115,Loup,NE,min_population;min_nearby_capacity_multiple,max_queue_median_age_years
31117,McPherson,NE,min_population;min_nearby_capacity_multiple,max_queue_median_age_years
31121,Merrick,NE,min_nearby_capacity_multiple;hazard_percentile_max.nri_inland_flood_score,max_queue_median_age_years
31123,Morrill,NE,min_population;min_nearby_capacity_multiple,max_queue_median_age_years
31125,Nance,NE,min_fiber_share_locations;min_population;hazard_percentile_max.nri_inland_flood_score,max_queue_median_age_years
31129,Nuckolls,NE,min_population,max_queue_median_age_years
31133,Pawnee,NE,min_population,max_queue_median_age_years
31135,Perkins,NE,min_population,max_queue_median_age_years
31137,Phelps,NE,min_nearby_capacity_multiple,max_queue_median_age_years
31139,Pierce,NE,hazard_percentile_max.nri_inland_flood_score,max_queue_median_age_years
31145,Red Willow,NE,min_nearby_capacity_multiple,max_queue_median_age_years
31149,Rock,NE,min_fiber_share_locations;min_population;min_nearby_capacity_multiple,max_queue_median_age_years
31157,Scotts Bluff,NE,min_nearby_capacity_multiple,max_queue_median_age_years
31161,Sheridan,NE,min_nearby_capacity_multiple;hazard_percentile_max.nri_wildfire_score,max_queue_median_age_years
31163,Sherman,NE,min_population;min_nearby_capacity_multiple,max_queue_median_age_years
31165,Sioux,NE,min_fiber_share_locations;min_population;min_nearby_capacity_multiple;hazard_percentile_max.nri_wildfire_score,max_queue_median_age_years
31167,Stanton,NE,hazard_percentile_max.nri_inland_flood_score,max_queue_median_age_years
31169,Thayer,NE,min_population,max_queue_median_age_years
31171,Thomas,NE,min_population;min_nearby_capacity_multiple,max_queue_median_age_years
31173,Thurston,NE,min_fiber_share_locations,max_queue_median_age_years
31175,Valley,NE,min_population;min_nearby_capacity_multiple,max_queue_median_age_years
31181,Webster,NE,min_population,max_queue_median_age_years
31183,Wheeler,NE,min_population;min_nearby_capacity_multiple,max_queue_median_age_years
32001,Churchill,NV,min_nearby_capacity_multiple,
32005,Douglas,NV,min_fiber_share_locations;hazard_percentile_max.nri_wildfire_score,max_queue_median_age_years
32007,Elko,NV,min_nearby_capacity_multiple;hazard_percentile_max.nri_wildfire_score,max_queue_median_age_years
32009,Esmeralda,NV,min_fiber_share_locations;min_population;min_nearby_capacity_multiple,
32011,Eureka,NV,min_fiber_share_locations;min_population;min_nearby_capacity_multiple;hazard_percentile_max.nri_wildfire_score,max_queue_median_age_years
32013,Humboldt,NV,min_nearby_capacity_multiple;hazard_percentile_max.nri_wildfire_score,
32015,Lander,NV,min_nearby_capacity_multiple;hazard_percentile_max.nri_wildfire_score,
32017,Lincoln,NV,min_population;min_nearby_capacity_multiple;hazard_percentile_max.nri_inland_flood_score;hazard_percentile_max.nri_wildfire_score,max_queue_median_age_years
32019,Lyon,NV,hazard_percentile_max.nri_wildfire_score,
32021,Mineral,NV,min_fiber_share_locations;min_population;min_nearby_capacity_multiple,max_queue_median_age_years
32023,Nye,NV,exclude_moratorium_active;min_nearby_capacity_multiple,
32027,Pershing,NV,min_nearby_capacity_multiple,
32029,Storey,NV,min_fiber_share_locations;min_population;hazard_percentile_max.nri_wildfire_score,
32031,Washoe,NV,max_queue_median_age_years;min_nearby_capacity_multiple,
32033,White Pine,NV,min_fiber_share_locations;min_nearby_capacity_multiple,
33007,Coos,NH,hazard_percentile_max.nri_inland_flood_score,max_queue_median_age_years
33009,Grafton,NH,hazard_percentile_max.nri_inland_flood_score,max_queue_median_age_years
33015,Rockingham,NH,hazard_percentile_max.nri_coastal_flood_score,max_queue_median_age_years
33017,Strafford,NH,hazard_percentile_max.nri_coastal_flood_score,max_queue_median_age_years
34001,Atlantic,NJ,min_fiber_share_locations;hazard_percentile_max.nri_coastal_flood_score,
34003,Bergen,NJ,hazard_percentile_max.nri_coastal_flood_score,max_queue_median_age_years
34005,Burlington,NJ,hazard_percentile_max.nri_coastal_flood_score,max_queue_median_age_years
34007,Camden,NJ,hazard_percentile_max.nri_coastal_flood_score,max_queue_median_age_years
34009,Cape May,NJ,hazard_percentile_max.nri_coastal_flood_score,max_queue_median_age_years
34011,Cumberland,NJ,max_queue_median_age_years;hazard_percentile_max.nri_coastal_flood_score,
34013,Essex,NJ,hazard_percentile_max.nri_coastal_flood_score,max_queue_median_age_years
34015,Gloucester,NJ,max_queue_median_age_years;hazard_percentile_max.nri_coastal_flood_score,
34017,Hudson,NJ,hazard_percentile_max.nri_coastal_flood_score,max_queue_median_age_years
34021,Mercer,NJ,hazard_percentile_max.nri_coastal_flood_score,max_queue_median_age_years
34023,Middlesex,NJ,hazard_percentile_max.nri_coastal_flood_score,max_queue_median_age_years
34025,Monmouth,NJ,hazard_percentile_max.nri_coastal_flood_score,
34029,Ocean,NJ,hazard_percentile_max.nri_coastal_flood_score,
34033,Salem,NJ,hazard_percentile_max.nri_coastal_flood_score,
34039,Union,NJ,hazard_percentile_max.nri_coastal_flood_score,max_queue_median_age_years
35001,Bernalillo,NM,min_fiber_share_locations;min_nearby_capacity_multiple,
35003,Catron,NM,min_fiber_share_locations;min_population;hazard_percentile_max.nri_inland_flood_score;hazard_percentile_max.nri_wildfire_score,max_queue_median_age_years
35005,Chaves,NM,min_nearby_capacity_multiple;hazard_percentile_max.nri_inland_flood_score,
35006,Cibola,NM,min_nearby_capacity_multiple;hazard_percentile_max.nri_inland_flood_score,
35007,Colfax,NM,min_nearby_capacity_multiple;hazard_percentile_max.nri_wildfire_score,max_queue_median_age_years
35011,De Baca,NM,min_population;hazard_percentile_max.nri_inland_flood_score;hazard_percentile_max.nri_wildfire_score,max_queue_median_age_years
35013,Doña Ana,NM,max_queue_median_age_years,
35015,Eddy,NM,hazard_percentile_max.nri_inland_flood_score,
35017,Grant,NM,min_fiber_share_locations;min_nearby_capacity_multiple;hazard_percentile_max.nri_wildfire_score,max_queue_median_age_years
35019,Guadalupe,NM,max_queue_median_age_years;min_population;hazard_percentile_max.nri_inland_flood_score,
35021,Harding,NM,min_population;min_nearby_capacity_multiple;hazard_percentile_max.nri_wildfire_score,max_queue_median_age_years
35023,Hidalgo,NM,min_fiber_share_locations;min_population;min_nearby_capacity_multiple;hazard_percentile_max.nri_inland_flood_score,max_queue_median_age_years
35025,Lea,NM,hazard_percentile_max.nri_inland_flood_score;hazard_percentile_max.nri_wildfire_score,
35027,Lincoln,NM,min_nearby_capacity_multiple;hazard_percentile_max.nri_wildfire_score,max_queue_median_age_years
35028,Los Alamos,NM,min_fiber_share_locations;min_nearby_capacity_multiple,max_queue_median_age_years
35029,Luna,NM,min_nearby_capacity_multiple,
35031,McKinley,NM,min_fiber_share_locations;min_nearby_capacity_multiple,
35033,Mora,NM,min_population;min_nearby_capacity_multiple;hazard_percentile_max.nri_inland_flood_score;hazard_percentile_max.nri_wildfire_score,max_queue_median_age_years
35035,Otero,NM,max_queue_median_age_years;hazard_percentile_max.nri_inland_flood_score;hazard_percentile_max.nri_wildfire_score,
35037,Quay,NM,min_nearby_capacity_multiple,max_queue_median_age_years
35039,Rio Arriba,NM,min_fiber_share_locations;min_nearby_capacity_multiple;hazard_percentile_max.nri_inland_flood_score,max_queue_median_age_years
35041,Roosevelt,NM,hazard_percentile_max.nri_inland_flood_score;hazard_percentile_max.nri_wildfire_score,
35043,Sandoval,NM,max_queue_median_age_years;min_nearby_capacity_multiple,
35045,San Juan,NM,max_queue_median_age_years;min_fiber_share_locations,
35047,San Miguel,NM,min_nearby_capacity_multiple;hazard_percentile_max.nri_wildfire_score,max_queue_median_age_years
35049,Santa Fe,NM,min_fiber_share_locations;exclude_moratorium_active;min_nearby_capacity_multiple,
35051,Sierra,NM,min_nearby_capacity_multiple,max_queue_median_age_years
35053,Socorro,NM,exclude_moratorium_active;min_nearby_capacity_multiple;hazard_percentile_max.nri_inland_flood_score,max_queue_median_age_years
35055,Taos,NM,min_nearby_capacity_multiple;hazard_percentile_max.nri_inland_flood_score,max_queue_median_age_years
35057,Torrance,NM,max_queue_median_age_years;min_fiber_share_locations;hazard_percentile_max.nri_inland_flood_score,
35059,Union,NM,min_population;min_nearby_capacity_multiple;hazard_percentile_max.nri_wildfire_score,max_queue_median_age_years
35061,Valencia,NM,min_nearby_capacity_multiple;hazard_percentile_max.nri_inland_flood_score,
36003,Allegany,NY,hazard_percentile_max.nri_inland_flood_score,max_queue_median_age_years
36005,Bronx,NY,hazard_percentile_max.nri_coastal_flood_score,
36011,Cayuga,NY,max_queue_median_age_years,
36017,Chenango,NY,hazard_percentile_max.nri_inland_flood_score,max_queue_median_age_years
36025,Delaware,NY,hazard_percentile_max.nri_inland_flood_score,max_queue_median_age_years
36027,Dutchess,NY,hazard_percentile_max.nri_coastal_flood_score,
36037,Genesee,NY,max_queue_median_age_years,
36039,Greene,NY,max_queue_median_age_years,
36043,Herkimer,NY,max_queue_median_age_years,
36045,Jefferson,NY,max_queue_median_age_years;min_fiber_share_locations,
36047,Kings,NY,hazard_percentile_max.nri_coastal_flood_score,
36051,Livingston,NY,max_queue_median_age_years,
36057,Montgomery,NY,max_queue_median_age_years,
36059,Nassau,NY,hazard_percentile_max.nri_coastal_flood_score,max_queue_median_age_years
36061,New York,NY,hazard_percentile_max.nri_coastal_flood_score,max_queue_median_age_years
36071,Orange,NY,hazard_percentile_max.nri_coastal_flood_score,
36073,Orleans,NY,min_fiber_share_locations,max_queue_median_age_years
36077,Otsego,NY,hazard_percentile_max.nri_inland_flood_score,max_queue_median_age_years
36079,Putnam,NY,hazard_percentile_max.nri_coastal_flood_score,max_queue_median_age_years
36081,Queens,NY,max_queue_median_age_years;hazard_percentile_max.nri_coastal_flood_score,
36083,Rensselaer,NY,min_fiber_share_locations,
36085,Richmond,NY,hazard_percentile_max.nri_coastal_flood_score,
36087,Rockland,NY,hazard_percentile_max.nri_coastal_flood_score,max_queue_median_age_years
36089,St. Lawrence,NY,max_queue_median_age_years,
36103,Suffolk,NY,hazard_percentile_max.nri_coastal_flood_score,
36105,Sullivan,NY,min_fiber_share_locations,max_queue_median_age_years
36107,Tioga,NY,hazard_percentile_max.nri_inland_flood_score,max_queue_median_age_years
36111,Ulster,NY,hazard_percentile_max.nri_coastal_flood_score,
36113,Warren,NY,min_nearby_capacity_multiple,max_queue_median_age_years
36115,Washington,NY,max_queue_median_age_years,
36119,Westchester,NY,hazard_percentile_max.nri_coastal_flood_score,max_queue_median_age_years
36121,Wyoming,NY,max_queue_median_age_years,
37001,Alamance,NC,exclude_moratorium_active,max_queue_median_age_years
37009,Ashe,NC,hazard_percentile_max.nri_inland_flood_score,max_queue_median_age_years
37013,Beaufort,NC,hazard_percentile_max.nri_coastal_flood_score;hazard_percentile_max.nri_hurricane_score,max_queue_median_age_years
37015,Bertie,NC,hazard_percentile_max.nri_coastal_flood_score;hazard_percentile_max.nri_hurricane_score,
37017,Bladen,NC,hazard_percentile_max.nri_hurricane_score,max_queue_median_age_years
37019,Brunswick,NC,hazard_percentile_max.nri_coastal_flood_score;hazard_percentile_max.nri_hurricane_score,max_queue_median_age_years
37029,Camden,NC,hazard_percentile_max.nri_coastal_flood_score;hazard_percentile_max.nri_hurricane_score,max_queue_median_age_years
37031,Carteret,NC,min_nearby_capacity_multiple;hazard_percentile_max.nri_coastal_flood_score;hazard_percentile_max.nri_hurricane_score,max_queue_median_age_years
37037,Chatham,NC,exclude_moratorium_active,max_queue_median_age_years
37041,Chowan,NC,hazard_percentile_max.nri_coastal_flood_score;hazard_percentile_max.nri_hurricane_score,max_queue_median_age_years
37043,Clay,NC,exclude_moratorium_active,max_queue_median_age_years
37047,Columbus,NC,hazard_percentile_max.nri_hurricane_score,max_queue_median_age_years
37049,Craven,NC,hazard_percentile_max.nri_coastal_flood_score;hazard_percentile_max.nri_hurricane_score,max_queue_median_age_years
37051,Cumberland,NC,exclude_moratorium_active,
37053,Currituck,NC,max_queue_median_age_years;hazard_percentile_max.nri_coastal_flood_score,
37055,Dare,NC,min_nearby_capacity_multiple;hazard_percentile_max.nri_coastal_flood_score;hazard_percentile_max.nri_hurricane_score,max_queue_median_age_years
37059,Davie,NC,exclude_moratorium_active,max_queue_median_age_years
37061,Duplin,NC,hazard_percentile_max.nri_hurricane_score,
37073,Gates,NC,exclude_moratorium_active;hazard_percentile_max.nri_coastal_flood_score;hazard_percentile_max.nri_hurricane_score,max_queue_median_age_years
37075,Graham,NC,hazard_percentile_max.nri_inland_flood_score,max_queue_median_age_years
37079,Greene,NC,hazard_percentile_max.nri_hurricane_score,max_queue_median_age_years
37085,Harnett,NC,exclude_moratorium_active,max_queue_median_age_years
37091,Hertford,NC,hazard_percentile_max.nri_coastal_flood_score;hazard_percentile_max.nri_hurricane_score,max_queue_median_age_years
37095,Hyde,NC,min_population;min_nearby_capacity_multiple;hazard_percentile_max.nri_coastal_flood_score;hazard_percentile_max.nri_hurricane_score,max_queue_median_age_years
37099,Jackson,NC,hazard_percentile_max.nri_inland_flood_score,
37103,Jones,NC,hazard_percentile_max.nri_coastal_flood_score;hazard_percentile_max.nri_hurricane_score,max_queue_median_age_years
37107,Lenoir,NC,hazard_percentile_max.nri_hurricane_score,max_queue_median_age_years
37115,Madison,NC,exclude_moratorium_active,max_queue_median_age_years
37117,Martin,NC,hazard_percentile_max.nri_coastal_flood_score;hazard_percentile_max.nri_hurricane_score,max_queue_median_age_years
37129,New Hanover,NC,hazard_percentile_max.nri_coastal_flood_score;hazard_percentile_max.nri_hurricane_score,
37131,Northampton,NC,exclude_moratorium_active,max_queue_median_age_years
37133,Onslow,NC,hazard_percentile_max.nri_coastal_flood_score;hazard_percentile_max.nri_hurricane_score,
37135,Orange,NC,exclude_moratorium_active,max_queue_median_age_years
37137,Pamlico,NC,min_nearby_capacity_multiple;hazard_percentile_max.nri_coastal_flood_score;hazard_percentile_max.nri_hurricane_score,max_queue_median_age_years
37139,Pasquotank,NC,exclude_moratorium_active;hazard_percentile_max.nri_coastal_flood_score;hazard_percentile_max.nri_hurricane_score,max_queue_median_age_years
37141,Pender,NC,hazard_percentile_max.nri_coastal_flood_score;hazard_percentile_max.nri_hurricane_score,max_queue_median_age_years
37143,Perquimans,NC,hazard_percentile_max.nri_coastal_flood_score;hazard_percentile_max.nri_hurricane_score,max_queue_median_age_years
37159,Rowan,NC,exclude_moratorium_active,
37163,Sampson,NC,hazard_percentile_max.nri_hurricane_score,max_queue_median_age_years
37165,Scotland,NC,min_fiber_share_locations,
37171,Surry,NC,exclude_moratorium_active,max_queue_median_age_years
37173,Swain,NC,exclude_moratorium_active;hazard_percentile_max.nri_inland_flood_score,max_queue_median_age_years
37177,Tyrrell,NC,min_population;hazard_percentile_max.nri_coastal_flood_score;hazard_percentile_max.nri_hurricane_score,max_queue_median_age_years
37187,Washington,NC,max_queue_median_age_years;hazard_percentile_max.nri_coastal_flood_score;hazard_percentile_max.nri_hurricane_score,
37189,Watauga,NC,exclude_moratorium_active,max_queue_median_age_years
37197,Yadkin,NC,exclude_moratorium_active,max_queue_median_age_years
38001,Adams,ND,min_population;min_nearby_capacity_multiple,max_queue_median_age_years
38003,Barnes,ND,min_nearby_capacity_multiple,max_queue_median_age_years
38005,Benson,ND,min_nearby_capacity_multiple,max_queue_median_age_years
38007,Billings,ND,min_population;min_nearby_capacity_multiple,max_queue_median_age_years
38009,Bottineau,ND,min_nearby_capacity_multiple,max_queue_median_age_years
38011,Bowman,ND,min_population;min_nearby_capacity_multiple,max_queue_median_age_years
38013,Burke,ND,min_population;min_nearby_capacity_multiple,max_queue_median_age_years
38017,Cass,ND,min_nearby_capacity_multiple,
38019,Cavalier,ND,min_population;min_nearby_capacity_multiple,max_queue_median_age_years
38021,Dickey,ND,min_population;min_nearby_capacity_multiple,max_queue_median_age_years
38023,Divide,ND,min_population;min_nearby_capacity_multiple,max_queue_median_age_years
38025,Dunn,ND,min_population;exclude_moratorium_active,max_queue_median_age_years
38027,Eddy,ND,max_queue_median_age_years;min_population;min_nearby_capacity_multiple,
38029,Emmons,ND,min_population;min_nearby_capacity_multiple;hazard_percentile_max.nri_wildfire_score,max_queue_median_age_years
38031,Foster,ND,min_population;min_nearby_capacity_multiple,max_queue_median_age_years
38033,Golden Valley,ND,min_population;min_nearby_capacity_multiple,max_queue_median_age_years
38035,Grand Forks,ND,min_nearby_capacity_multiple,max_queue_median_age_years
38037,Grant,ND,min_population,max_queue_median_age_years
38039,Griggs,ND,min_population;min_nearby_capacity_multiple,max_queue_median_age_years
38041,Hettinger,ND,min_population,max_queue_median_age_years
38043,Kidder,ND,min_population;min_nearby_capacity_multiple,max_queue_median_age_years
38045,LaMoure,ND,min_population;min_nearby_capacity_multiple,max_queue_median_age_years
38047,Logan,ND,min_population;min_nearby_capacity_multiple,max_queue_median_age_years
38049,McHenry,ND,min_nearby_capacity_multiple,max_queue_median_age_years
38051,McIntosh,ND,min_population;min_nearby_capacity_multiple,max_queue_median_age_years
38053,McKenzie,ND,min_nearby_capacity_multiple,max_queue_median_age_years
38057,Mercer,ND,exclude_moratorium_active,
38059,Morton,ND,exclude_moratorium_active,
38061,Mountrail,ND,min_nearby_capacity_multiple,max_queue_median_age_years
38063,Nelson,ND,min_population;min_nearby_capacity_multiple,max_queue_median_age_years
38065,Oliver,ND,max_queue_median_age_years;min_population;hazard_percentile_max.nri_inland_flood_score,
38067,Pembina,ND,min_nearby_capacity_multiple,max_queue_median_age_years
38069,Pierce,ND,min_population;min_nearby_capacity_multiple,max_queue_median_age_years
38071,Ramsey,ND,min_nearby_capacity_multiple,max_queue_median_age_years
38073,Ransom,ND,min_nearby_capacity_multiple,max_queue_median_age_years
38075,Renville,ND,min_population;min_nearby_capacity_multiple,max_queue_median_age_years
38077,Richland,ND,max_queue_median_age_years;min_nearby_capacity_multiple,
38079,Rolette,ND,min_nearby_capacity_multiple;hazard_percentile_max.nri_wildfire_score,max_queue_median_age_years
38081,Sargent,ND,min_population;min_nearby_capacity_multiple,max_queue_median_age_years
38083,Sheridan,ND,min_population,max_queue_median_age_years
38085,Sioux,ND,min_population;min_nearby_capacity_multiple,max_queue_median_age_years
38087,Slope,ND,min_population;min_nearby_capacity_multiple,max_queue_median_age_years
38089,Stark,ND,max_queue_median_age_years,
38091,Steele,ND,min_population;min_nearby_capacity_multiple,max_queue_median_age_years
38093,Stutsman,ND,min_nearby_capacity_multiple,max_queue_median_age_years
38095,Towner,ND,min_population;min_nearby_capacity_multiple,max_queue_median_age_years
38097,Traill,ND,min_nearby_capacity_multiple,max_queue_median_age_years
38099,Walsh,ND,min_nearby_capacity_multiple,max_queue_median_age_years
38103,Wells,ND,min_population;min_nearby_capacity_multiple,max_queue_median_age_years
38105,Williams,ND,min_nearby_capacity_multiple,
39009,Athens,OH,hazard_percentile_max.nri_inland_flood_score,max_queue_median_age_years
39013,Belmont,OH,hazard_percentile_max.nri_inland_flood_score,max_queue_median_age_years
39017,Butler,OH,exclude_moratorium_active,
39021,Champaign,OH,max_queue_median_age_years;min_fiber_share_locations,
39029,Columbiana,OH,min_fiber_share_locations,max_queue_median_age_years
39043,Erie,OH,hazard_percentile_max.nri_coastal_flood_score,max_queue_median_age_years
39045,Fairfield,OH,max_queue_median_age_years,
39053,Gallia,OH,min_fiber_share_locations,max_queue_median_age_years
39063,Hancock,OH,max_queue_median_age_years,
39065,Hardin,OH,max_queue_median_age_years,
39071,Highland,OH,max_queue_median_age_years,
39073,Hocking,OH,hazard_percentile_max.nri_inland_flood_score,max_queue_median_age_years
39081,Jefferson,OH,min_fiber_share_locations,max_queue_median_age_years
39087,Lawrence,OH,min_fiber_share_locations;hazard_percentile_max.nri_inland_flood_score,max_queue_median_age_years
39089,Licking,OH,max_queue_median_age_years,
39093,Lorain,OH,max_queue_median_age_years,
39113,Montgomery,OH,max_queue_median_age_years,
39123,Ottawa,OH,hazard_percentile_max.nri_coastal_flood_score,max_queue_median_age_years
39125,Paulding,OH,max_queue_median_age_years,
39127,Perry,OH,min_fiber_share_locations,max_queue_median_age_years
39135,Preble,OH,max_queue_median_age_years,
39161,Van Wert,OH,max_queue_median_age_years,
39167,Washington,OH,min_fiber_share_locations,max_queue_median_age_years
40003,Alfalfa,OK,hazard_percentile_max.nri_inland_flood_score,max_queue_median_age_years
40025,Cimarron,OK,min_population;min_nearby_capacity_multiple,max_queue_median_age_years
40029,Coal,OK,min_fiber_share_locations,max_queue_median_age_years
40031,Comanche,OK,max_queue_median_age_years,
40043,Dewey,OK,min_population,
40045,Ellis,OK,min_population,max_queue_median_age_years
40049,Garvin,OK,min_fiber_share_locations,max_queue_median_age_years
40053,Grant,OK,min_population,max_queue_median_age_years
40057,Harmon,OK,min_fiber_share_locations;min_population,max_queue_median_age_years
40059,Harper,OK,min_population,max_queue_median_age_years
40069,Johnston,OK,min_fiber_share_locations,
40073,Kingfisher,OK,max_queue_median_age_years,
40079,Le Flore,OK,min_nearby_capacity_multiple,max_queue_median_age_years
40085,Love,OK,min_fiber_share_locations,max_queue_median_age_years
40105,Nowata,OK,min_fiber_share_locations,
40115,Ottawa,OK,hazard_percentile_max.nri_inland_flood_score,max_queue_median_age_years
40123,Pontotoc,OK,min_fiber_share_locations,max_queue_median_age_years
40129,Roger Mills,OK,min_fiber_share_locations;min_population,max_queue_median_age_years
40139,Texas,OK,max_queue_median_age_years,
40145,Wagoner,OK,max_queue_median_age_years,
40147,Washington,OK,hazard_percentile_max.nri_inland_flood_score,max_queue_median_age_years
40151,Woods,OK,min_fiber_share_locations,
41001,Baker,OR,hazard_percentile_max.nri_wildfire_score,max_queue_median_age_years
41003,Benton,OR,max_queue_median_age_years;min_nearby_capacity_multiple,
41007,Clatsop,OR,min_fiber_share_locations;hazard_percentile_max.nri_coastal_flood_score,max_queue_median_age_years
41009,Columbia,OR,hazard_percentile_max.nri_coastal_flood_score,max_queue_median_age_years
41011,Coos,OR,min_nearby_capacity_multiple;hazard_percentile_max.nri_coastal_flood_score,max_queue_median_age_years
41013,Crook,OR,min_nearby_capacity_multiple;hazard_percentile_max.nri_wildfire_score,
41015,Curry,OR,min_nearby_capacity_multiple;hazard_percentile_max.nri_coastal_flood_score,max_queue_median_age_years
41017,Deschutes,OR,min_nearby_capacity_multiple,
41019,Douglas,OR,min_nearby_capacity_multiple;hazard_percentile_max.nri_inland_flood_score;hazard_percentile_max.nri_coastal_flood_score,
41021,Gilliam,OR,min_population;hazard_percentile_max.nri_wildfire_score,
41023,Grant,OR,min_nearby_capacity_multiple;hazard_percentile_max.nri_inland_flood_score;hazard_percentile_max.nri_wildfire_score,max_queue_median_age_years
41025,Harney,OR,min_nearby_capacity_multiple;hazard_percentile_max.nri_wildfire_score,
41027,Hood River,OR,hazard_percentile_max.nri_wildfire_score,max_queue_median_age_years
41029,Jackson,OR,min_nearby_capacity_multiple,max_queue_median_age_years
41031,Jefferson,OR,min_nearby_capacity_multiple;hazard_percentile_max.nri_wildfire_score,
41033,Josephine,OR,min_nearby_capacity_multiple;hazard_percentile_max.nri_inland_flood_score;hazard_percentile_max.nri_wildfire_score,max_queue_median_age_years
41035,Klamath,OR,min_nearby_capacity_multiple,
41037,Lake,OR,min_fiber_share_locations;min_nearby_capacity_multiple,
41039,Lane,OR,min_nearby_capacity_multiple;hazard_percentile_max.nri_coastal_flood_score,
41041,Lincoln,OR,min_fiber_share_locations;min_nearby_capacity_multiple;hazard_percentile_max.nri_coastal_flood_score,max_queue_median_age_years
41043,Linn,OR,min_nearby_capacity_multiple,
41045,Malheur,OR,min_nearby_capacity_multiple,max_queue_median_age_years
41049,Morrow,OR,hazard_percentile_max.nri_wildfire_score,
41053,Polk,OR,min_nearby_capacity_multiple,max_queue_median_age_years
41055,Sherman,OR,min_population;hazard_percentile_max.nri_wildfire_score,
41057,Tillamook,OR,min_fiber_share_locations;hazard_percentile_max.nri_inland_flood_score;hazard_percentile_max.nri_coastal_flood_score,max_queue_median_age_years
41061,Union,OR,min_nearby_capacity_multiple,max_queue_median_age_years
41063,Wallowa,OR,hazard_percentile_max.nri_inland_flood_score;hazard_percentile_max.nri_wildfire_score,max_queue_median_age_years
41065,Wasco,OR,hazard_percentile_max.nri_wildfire_score,
41069,Wheeler,OR,min_population;hazard_percentile_max.nri_inland_flood_score;hazard_percentile_max.nri_wildfire_score,max_queue_median_age_years
41071,Yamhill,OR,min_nearby_capacity_multiple,max_queue_median_age_years
42001,Adams,PA,max_queue_median_age_years,
42005,Armstrong,PA,hazard_percentile_max.nri_inland_flood_score,
42009,Bedford,PA,min_fiber_share_locations,
42015,Bradford,PA,hazard_percentile_max.nri_inland_flood_score,
42017,Bucks,PA,hazard_percentile_max.nri_coastal_flood_score,max_queue_median_age_years
42021,Cambria,PA,min_fiber_share_locations,
42023,Cameron,PA,min_population;hazard_percentile_max.nri_inland_flood_score,max_queue_median_age_years
42027,Centre,PA,min_fiber_share_locations,
42035,Clinton,PA,min_fiber_share_locations,max_queue_median_age_years
42045,Delaware,PA,hazard_percentile_max.nri_coastal_flood_score,max_queue_median_age_years
42047,Elk,PA,hazard_percentile_max.nri_inland_flood_score,max_queue_median_age_years
42053,Forest,PA,min_fiber_share_locations;hazard_percentile_max.nri_inland_flood_score,max_queue_median_age_years
42057,Fulton,PA,min_fiber_share_locations,max_queue_median_age_years
42061,Huntingdon,PA,min_fiber_share_locations,max_queue_median_age_years
42063,Indiana,PA,min_fiber_share_locations,
42073,Lawrence,PA,min_fiber_share_locations,
42085,Mercer,PA,min_fiber_share_locations,
42095,Northampton,PA,min_fiber_share_locations,max_queue_median_age_years
42097,Northumberland,PA,max_queue_median_age_years;min_fiber_share_locations,
42101,Philadelphia,PA,hazard_percentile_max.nri_coastal_flood_score,max_queue_median_age_years
42103,Pike,PA,min_fiber_share_locations,max_queue_median_age_years
42105,Potter,PA,hazard_percentile_max.nri_inland_flood_score,max_queue_median_age_years
42109,Snyder,PA,min_fiber_share_locations,max_queue_median_age_years
42111,Somerset,PA,min_fiber_share_locations,
42113,Sullivan,PA,hazard_percentile_max.nri_inland_flood_score,max_queue_median_age_years
42117,Tioga,PA,hazard_percentile_max.nri_inland_flood_score,max_queue_median_age_years
42119,Union,PA,max_queue_median_age_years;hazard_percentile_max.nri_inland_flood_score,
42121,Venango,PA,min_fiber_share_locations,
42123,Warren,PA,hazard_percentile_max.nri_inland_flood_score,max_queue_median_age_years
42131,Wyoming,PA,hazard_percentile_max.nri_inland_flood_score,max_queue_median_age_years
44001,Bristol,RI,min_fiber_share_locations;hazard_percentile_max.nri_coastal_flood_score,max_queue_median_age_years
44003,Kent,RI,hazard_percentile_max.nri_coastal_flood_score,max_queue_median_age_years
44005,Newport,RI,hazard_percentile_max.nri_coastal_flood_score,max_queue_median_age_years
44007,Providence,RI,hazard_percentile_max.nri_coastal_flood_score,max_queue_median_age_years
44009,Washington,RI,hazard_percentile_max.nri_coastal_flood_score,max_queue_median_age_years
45005,Allendale,SC,hazard_percentile_max.nri_hurricane_score,max_queue_median_age_years
45009,Bamberg,SC,hazard_percentile_max.nri_hurricane_score,max_queue_median_age_years
45013,Beaufort,SC,hazard_percentile_max.nri_coastal_flood_score;hazard_percentile_max.nri_hurricane_score,max_queue_median_age_years
45015,Berkeley,SC,hazard_percentile_max.nri_coastal_flood_score;hazard_percentile_max.nri_hurricane_score,
45019,Charleston,SC,hazard_percentile_max.nri_coastal_flood_score;hazard_percentile_max.nri_hurricane_score,max_queue_median_age_years
45023,Chester,SC,exclude_moratorium_active,
45027,Clarendon,SC,hazard_percentile_max.nri_hurricane_score,max_queue_median_age_years
45029,Colleton,SC,hazard_percentile_max.nri_coastal_flood_score;hazard_percentile_max.nri_hurricane_score,
45031,Darlington,SC,min_fiber_share_locations,
45033,Dillon,SC,hazard_percentile_max.nri_hurricane_score,
45035,Dorchester,SC,hazard_percentile_max.nri_coastal_flood_score;hazard_percentile_max.nri_hurricane_score,max_queue_median_age_years
45043,Georgetown,SC,hazard_percentile_max.nri_coastal_flood_score;hazard_percentile_max.nri_hurricane_score,
45047,Greenwood,SC,exclude_moratorium_active,
45049,Hampton,SC,hazard_percentile_max.nri_hurricane_score,
45051,Horry,SC,hazard_percentile_max.nri_coastal_flood_score;hazard_percentile_max.nri_hurricane_score,max_queue_median_age_years
45053,Jasper,SC,hazard_percentile_max.nri_coastal_flood_score;hazard_percentile_max.nri_hurricane_score,max_queue_median_age_years
45061,Lee,SC,hazard_percentile_max.nri_hurricane_score,
45067,Marion,SC,hazard_percentile_max.nri_hurricane_score,
45071,Newberry,SC,exclude_moratorium_active,max_queue_median_age_years
45089,Williamsburg,SC,hazard_percentile_max.nri_hurricane_score,
45091,York,SC,exclude_moratorium_active,max_queue_median_age_years
46003,Aurora,SD,min_population;min_nearby_capacity_multiple,max_queue_median_age_years
46005,Beadle,SD,min_nearby_capacity_multiple,max_queue_median_age_years
46007,Bennett,SD,min_population;min_nearby_capacity_multiple,max_queue_median_age_years
46013,Brown,SD,min_nearby_capacity_multiple,
46017,Buffalo,SD,min_population,max_queue_median_age_years
46019,Butte,SD,min_nearby_capacity_multiple,max_queue_median_age_years
46021,Campbell,SD,max_queue_median_age_years;min_population;min_nearby_capacity_multiple;hazard_percentile_max.nri_wildfire_score,
46023,Charles Mix,SD,min_nearby_capacity_multiple,max_queue_median_age_years
46025,Clark,SD,min_population,max_queue_median_age_years
46031,Corson,SD,min_population;min_nearby_capacity_multiple,max_queue_median_age_years
46033,Custer,SD,min_nearby_capacity_multiple;hazard_percentile_max.nri_wildfire_score,max_queue_median_age_years
46035,Davison,SD,min_nearby_capacity_multiple,max_queue_median_age_years
46039,Deuel,SD,min_population,
46041,Dewey,SD,min_nearby_capacity_multiple,max_queue_median_age_years
46043,Douglas,SD,min_population,max_queue_median_age_years
46045,Edmunds,SD,min_population;min_nearby_capacity_multiple,max_queue_median_age_years
46047,Fall River,SD,min_nearby_capacity_multiple;hazard_percentile_max.nri_wildfire_score,max_queue_median_age_years
46049,Faulk,SD,min_population;min_nearby_capacity_multiple,max_queue_median_age_years
46053,Gregory,SD,min_population,max_queue_median_age_years
46055,Haakon,SD,min_population;min_nearby_capacity_multiple;hazard_percentile_max.nri_inland_flood_score,max_queue_median_age_years
46059,Hand,SD,min_population;hazard_percentile_max.nri_wildfire_score,max_queue_median_age_years
46061,Hanson,SD,min_population,max_queue_median_age_years
46063,Harding,SD,min_population;min_nearby_capacity_multiple;hazard_percentile_max.nri_wildfire_score,max_queue_median_age_years
46069,Hyde,SD,min_population;hazard_percentile_max.nri_wildfire_score,max_queue_median_age_years
46071,Jackson,SD,min_population;min_nearby_capacity_multiple,max_queue_median_age_years
46073,Jerauld,SD,min_population,max_queue_median_age_years
46075,Jones,SD,min_population,max_queue_median_age_years
46081,Lawrence,SD,min_nearby_capacity_multiple,max_queue_median_age_years
46085,Lyman,SD,min_population;hazard_percentile_max.nri_inland_flood_score,max_queue_median_age_years
46087,McCook,SD,min_nearby_capacity_multiple,max_queue_median_age_years
46089,McPherson,SD,min_population;min_nearby_capacity_multiple,max_queue_median_age_years
46091,Marshall,SD,min_population,max_queue_median_age_years
46093,Meade,SD,min_nearby_capacity_multiple;hazard_percentile_max.nri_wildfire_score,
46095,Mellette,SD,min_population;min_nearby_capacity_multiple;hazard_percentile_max.nri_wildfire_score,max_queue_median_age_years
46097,Miner,SD,min_population;min_nearby_capacity_multiple,max_queue_median_age_years
46102,Oglala Lakota,SD,min_nearby_capacity_multiple;hazard_percentile_max.nri_wildfire_score,max_queue_median_age_years
46103,Pennington,SD,min_nearby_capacity_multiple,max_queue_median_age_years
46105,Perkins,SD,min_population;min_nearby_capacity_multiple,max_queue_median_age_years
46107,Potter,SD,min_population;min_nearby_capacity_multiple,max_queue_median_age_years
46111,Sanborn,SD,min_population;min_nearby_capacity_multiple,max_queue_median_age_years
46115,Spink,SD,min_nearby_capacity_multiple,max_queue_median_age_years
46117,Stanley,SD,min_population;min_nearby_capacity_multiple;hazard_percentile_max.nri_inland_flood_score,max_queue_median_age_years
46119,Sully,SD,min_population,max_queue_median_age_years
46121,Todd,SD,min_fiber_share_locations;min_nearby_capacity_multiple;hazard_percentile_max.nri_wildfire_score,max_queue_median_age_years
46123,Tripp,SD,min_nearby_capacity_multiple,max_queue_median_age_years
46125,Turner,SD,min_nearby_capacity_multiple,max_queue_median_age_years
46129,Walworth,SD,min_nearby_capacity_multiple;hazard_percentile_max.nri_inland_flood_score,max_queue_median_age_years
46135,Yankton,SD,exclude_moratorium_active,max_queue_median_age_years
46137,Ziebach,SD,min_population;min_nearby_capacity_multiple,max_queue_median_age_years
47001,Anderson,TN,min_fiber_share_locations;exclude_moratorium_active,max_queue_median_age_years
47027,Clay,TN,hazard_percentile_max.nri_inland_flood_score,max_queue_median_age_years
47031,Coffee,TN,exclude_moratorium_active,max_queue_median_age_years
47035,Cumberland,TN,exclude_moratorium_active,max_queue_median_age_years
47063,Hamblen,TN,exclude_moratorium_active,max_queue_median_age_years
47065,Hamilton,TN,exclude_moratorium_active,
47067,Hancock,TN,hazard_percentile_max.nri_inland_flood_score,max_queue_median_age_years
47073,Hawkins,TN,exclude_moratorium_active,max_queue_median_age_years
47085,Humphreys,TN,max_queue_median_age_years,
47087,Jackson,TN,hazard_percentile_max.nri_inland_flood_score,max_queue_median_age_years
47093,Knox,TN,exclude_moratorium_active,max_queue_median_age_years
47095,Lake,TN,max_queue_median_age_years,
47099,Lawrence,TN,exclude_moratorium_active,max_queue_median_age_years
47105,Loudon,TN,exclude_moratorium_active,
47115,Marion,TN,max_queue_median_age_years,
47119,Maury,TN,exclude_moratorium_active,max_queue_median_age_years
47129,Morgan,TN,exclude_moratorium_active,max_queue_median_age_years
47135,Perry,TN,hazard_percentile_max.nri_inland_flood_score,max_queue_median_age_years
47157,Shelby,TN,max_queue_median_age_years,
47169,Trousdale,TN,hazard_percentile_max.nri_inland_flood_score,max_queue_median_age_years
47177,Warren,TN,exclude_moratorium_active,max_queue_median_age_years
47179,Washington,TN,exclude_moratorium_active,max_queue_median_age_years
47189,Wilson,TN,exclude_moratorium_active,max_queue_median_age_years
48007,Aransas,TX,hazard_percentile_max.nri_coastal_flood_score,max_queue_median_age_years
48011,Armstrong,TX,min_population,
48019,Bandera,TX,min_nearby_capacity_multiple,
48023,Baylor,TX,min_population,
48033,Borden,TX,min_population;hazard_percentile_max.nri_wildfire_score,
48039,Brazoria,TX,hazard_percentile_max.nri_coastal_flood_score,
48043,Brewster,TX,min_nearby_capacity_multiple,max_queue_median_age_years
48045,Briscoe,TX,min_population,
48053,Burnet,TX,min_fiber_share_locations,
48057,Calhoun,TX,hazard_percentile_max.nri_coastal_flood_score;hazard_percentile_max.nri_hurricane_score,
48061,Cameron,TX,hazard_percentile_max.nri_coastal_flood_score,
48065,Carson,TX,hazard_percentile_max.nri_wildfire_score,
48071,Chambers,TX,hazard_percentile_max.nri_coastal_flood_score,
48079,Cochran,TX,min_population,max_queue_median_age_years
48081,Coke,TX,min_population,
48087,Collingsworth,TX,min_population;min_nearby_capacity_multiple,max_queue_median_age_years
48095,Concho,TX,min_population,
48101,Cottle,TX,min_population,
48103,Crane,TX,min_fiber_share_locations;min_population,
48105,Crockett,TX,min_population;hazard_percentile_max.nri_inland_flood_score,
48109,Culberson,TX,min_population;min_nearby_capacity_multiple,
48111,Dallam,TX,min_nearby_capacity_multiple,max_queue_median_age_years
48123,DeWitt,TX,max_queue_median_age_years,
48125,Dickens,TX,min_population,
48127,Dimmit,TX,min_fiber_share_locations;min_nearby_capacity_multiple,
48129,Donley,TX,min_population,max_queue_median_age_years
48133,Eastland,TX,min_fiber_share_locations,
48137,Edwards,TX,min_population;min_nearby_capacity_multiple,max_queue_median_age_years
48151,Fisher,TX,min_fiber_share_locations;min_population,
48155,Foard,TX,min_population,max_queue_median_age_years
48167,Galveston,TX,hazard_percentile_max.nri_coastal_flood_score,
48171,Gillespie,TX,min_nearby_capacity_multiple,
48173,Glasscock,TX,min_population,
48175,Goliad,TX,min_fiber_share_locations;hazard_percentile_max.nri_hurricane_score,
48191,Hall,TX,min_population,max_queue_median_age_years
48197,Hardeman,TX,min_population,
48201,Harris,TX,hazard_percentile_max.nri_coastal_flood_score,
48211,Hemphill,TX,min_population;hazard_percentile_max.nri_wildfire_score,max_queue_median_age_years
48229,Hudspeth,TX,min_fiber_share_locations;min_population;min_nearby_capacity_multiple,max_queue_median_age_years
48235,Irion,TX,min_population;hazard_percentile_max.nri_wildfire_score,max_queue_median_age_years
48239,Jackson,TX,hazard_percentile_max.nri_coastal_flood_score;hazard_percentile_max.nri_hurricane_score,
48243,Jeff Davis,TX,min_fiber_share_locations;min_population;min_nearby_capacity_multiple;hazard_percentile_max.nri_wildfire_score,max_queue_median_age_years
48245,Jefferson,TX,hazard_percentile_max.nri_coastal_flood_score,max_queue_median_age_years
48247,Jim Hogg,TX,min_population;hazard_percentile_max.nri_inland_flood_score,
48261,Kenedy,TX,min_population;hazard_percentile_max.nri_hurricane_score,
48263,Kent,TX,min_population;hazard_percentile_max.nri_wildfire_score,
48265,Kerr,TX,min_nearby_capacity_multiple,max_queue_median_age_years
48267,Kimble,TX,min_population;min_nearby_capacity_multiple,max_queue_median_age_years
48269,King,TX,min_population,
48271,Kinney,TX,min_population;min_nearby_capacity_multiple,
48273,Kleberg,TX,hazard_percentile_max.nri_coastal_flood_score;hazard_percentile_max.nri_hurricane_score,max_queue_median_age_years
48275,Knox,TX,min_population,
48283,La Salle,TX,min_fiber_share_locations,
48293,Limestone,TX,min_fiber_share_locations,
48295,Lipscomb,TX,min_population;hazard_percentile_max.nri_wildfire_score,max_queue_median_age_years
48299,Llano,TX,min_fiber_share_locations,max_queue_median_age_years
48301,Loving,TX,min_fiber_share_locations;min_population,max_queue_median_age_years
48311,McMullen,TX,min_population,max_queue_median_age_years
48317,Martin,TX,hazard_percentile_max.nri_inland_flood_score,
48319,Mason,TX,min_population,max_queue_median_age_years
48321,Matagorda,TX,hazard_percentile_max.nri_coastal_flood_score;hazard_percentile_max.nri_hurricane_score,
48323,Maverick,TX,min_fiber_share_locations;min_nearby_capacity_multiple,
48327,Menard,TX,min_population,
48333,Mills,TX,min_population,
48345,Motley,TX,min_population;hazard_percentile_max.nri_wildfire_score,max_queue_median_age_years
48349,Navarro,TX,min_fiber_share_locations,
48351,Newton,TX,hazard_percentile_max.nri_coastal_flood_score,max_queue_median_age_years
48355,Nueces,TX,hazard_percentile_max.nri_coastal_flood_score,
48359,Oldham,TX,min_population,max_queue_median_age_years
48361,Orange,TX,hazard_percentile_max.nri_coastal_flood_score,
48371,Pecos,TX,min_fiber_share_locations,
48377,Presidio,TX,min_nearby_capacity_multiple,max_queue_median_age_years
48383,Reagan,TX,min_population,
48385,Real,TX,min_population;min_nearby_capacity_multiple,max_queue_median_age_years
48391,Refugio,TX,min_fiber_share_locations;hazard_percentile_max.nri_coastal_flood_score;hazard_percentile_max.nri_hurricane_score,
48393,Roberts,TX,min_population;hazard_percentile_max.nri_wildfire_score,max_queue_median_age_years
48403,Sabine,TX,min_nearby_capacity_multiple,max_queue_median_age_years
48405,San Augustine,TX,min_fiber_share_locations,max_queue_median_age_years
48409,San Patricio,TX,hazard_percentile_max.nri_coastal_flood_score,
48413,Schleicher,TX,min_population,
48417,Shackelford,TX,min_fiber_share_locations;min_population,max_queue_median_age_years
48421,Sherman,TX,min_population,max_queue_median_age_years
48429,Stephens,TX,min_fiber_share_locations,
48431,Sterling,TX,min_population,
48433,Stonewall,TX,min_population,
48435,Sutton,TX,min_population,
48443,Terrell,TX,min_population,max_queue_median_age_years
48447,Throckmorton,TX,min_population,
48461,Upton,TX,min_population,
48463,Uvalde,TX,min_nearby_capacity_multiple,
48465,Val Verde,TX,min_nearby_capacity_multiple,
48475,Ward,TX,min_fiber_share_locations,
48481,Wharton,TX,hazard_percentile_max.nri_hurricane_score,
48483,Wheeler,TX,min_fiber_share_locations;min_population;hazard_percentile_max.nri_wildfire_score,max_queue_median_age_years
48489,Willacy,TX,hazard_percentile_max.nri_coastal_flood_score;hazard_percentile_max.nri_hurricane_score,
48495,Winkler,TX,min_fiber_share_locations,max_queue_median_age_years
48505,Zapata,TX,min_fiber_share_locations,
48507,Zavala,TX,min_nearby_capacity_multiple,
49001,Beaver,UT,min_nearby_capacity_multiple;hazard_percentile_max.nri_wildfire_score,
49003,Box Elder,UT,exclude_moratorium_active;min_nearby_capacity_multiple;hazard_percentile_max.nri_wildfire_score,
49005,Cache,UT,exclude_moratorium_active;min_nearby_capacity_multiple,max_queue_median_age_years
49009,Daggett,UT,min_population;min_nearby_capacity_multiple;hazard_percentile_max.nri_wildfire_score,max_queue_median_age_years
49013,Duchesne,UT,min_nearby_capacity_multiple,max_queue_median_age_years
49017,Garfield,UT,min_nearby_capacity_multiple,max_queue_median_age_years
49019,Grand,UT,exclude_moratorium_active;min_nearby_capacity_multiple,max_queue_median_age_years
49021,Iron,UT,exclude_moratorium_active;hazard_percentile_max.nri_wildfire_score,
49023,Juab,UT,hazard_percentile_max.nri_wildfire_score,
49025,Kane,UT,max_queue_median_age_years;min_nearby_capacity_multiple;hazard_percentile_max.nri_wildfire_score,
49029,Morgan,UT,hazard_percentile_max.nri_inland_flood_score,max_queue_median_age_years
49031,Piute,UT,min_population;min_nearby_capacity_multiple,max_queue_median_age_years
49033,Rich,UT,min_population;min_nearby_capacity_multiple,max_queue_median_age_years
49037,San Juan,UT,min_nearby_capacity_multiple,max_queue_median_age_years
49043,Summit,UT,hazard_percentile_max.nri_wildfire_score,max_queue_median_age_years
49045,Tooele,UT,min_nearby_capacity_multiple;hazard_percentile_max.nri_wildfire_score,
49047,Uintah,UT,min_nearby_capacity_multiple,max_queue_median_age_years
49051,Wasatch,UT,hazard_percentile_max.nri_wildfire_score,max_queue_median_age_years
49053,Washington,UT,min_nearby_capacity_multiple;hazard_percentile_max.nri_wildfire_score,
49055,Wayne,UT,min_population;exclude_moratorium_active;min_nearby_capacity_multiple,max_queue_median_age_years
49057,Weber,UT,min_nearby_capacity_multiple,max_queue_median_age_years
50005,Caledonia,VT,min_nearby_capacity_multiple,max_queue_median_age_years
50009,Essex,VT,min_nearby_capacity_multiple,max_queue_median_age_years
50013,Grand Isle,VT,min_fiber_share_locations,max_queue_median_age_years
50015,Lamoille,VT,min_nearby_capacity_multiple,max_queue_median_age_years
50017,Orange,VT,min_nearby_capacity_multiple,max_queue_median_age_years
50021,Rutland,VT,min_nearby_capacity_multiple,max_queue_median_age_years
50027,Windsor,VT,min_nearby_capacity_multiple,max_queue_median_age_years
51001,Accomack,VA,hazard_percentile_max.nri_coastal_flood_score;hazard_percentile_max.nri_hurricane_score,max_queue_median_age_years
51007,Amelia,VA,max_queue_median_age_years;min_fiber_share_locations,
51013,Arlington,VA,hazard_percentile_max.nri_coastal_flood_score,max_queue_median_age_years
51017,Bath,VA,min_population,max_queue_median_age_years
51021,Bland,VA,min_fiber_share_locations;min_nearby_capacity_multiple;hazard_percentile_max.nri_inland_flood_score,max_queue_median_age_years
51029,Buckingham,VA,max_queue_median_age_years,
51031,Campbell,VA,max_queue_median_age_years,
51033,Caroline,VA,hazard_percentile_max.nri_coastal_flood_score,
51036,Charles City,VA,min_fiber_share_locations;hazard_percentile_max.nri_coastal_flood_score,
51041,Chesterfield,VA,max_queue_median_age_years;hazard_percentile_max.nri_coastal_flood_score,
51043,Clarke,VA,min_fiber_share_locations,max_queue_median_age_years
51045,Craig,VA,min_fiber_share_locations;min_population;hazard_percentile_max.nri_inland_flood_score,max_queue_median_age_years
51047,Culpeper,VA,max_queue_median_age_years,
51051,Dickenson,VA,hazard_percentile_max.nri_inland_flood_score,max_queue_median_age_years
51053,Dinwiddie,VA,min_fiber_share_locations,max_queue_median_age_years
51057,Essex,VA,min_fiber_share_locations;hazard_percentile_max.nri_coastal_flood_score,max_queue_median_age_years
51059,Fairfax,VA,hazard_percentile_max.nri_coastal_flood_score,max_queue_median_age_years
51061,Fauquier,VA,min_fiber_share_locations,
51071,Giles,VA,min_nearby_capacity_multiple,max_queue_median_age_years
51073,Gloucester,VA,min_fiber_share_locations;hazard_percentile_max.nri_coastal_flood_score,max_queue_median_age_years
51077,Grayson,VA,min_nearby_capacity_multiple,max_queue_median_age_years
51091,Highland,VA,min_population;hazard_percentile_max.nri_inland_flood_score,max_queue_median_age_years
51093,Isle of Wight,VA,max_queue_median_age_years;min_fiber_share_locations;hazard_percentile_max.nri_coastal_flood_score,
51095,James City,VA,hazard_percentile_max.nri_coastal_flood_score,max_queue_median_age_years
51097,King and Queen,VA,max_queue_median_age_years;hazard_percentile_max.nri_coastal_flood_score,
51099,King George,VA,hazard_percentile_max.nri_coastal_flood_score,
51101,King William,VA,hazard_percentile_max.nri_coastal_flood_score,max_queue_median_age_years
51103,Lancaster,VA,max_queue_median_age_years;hazard_percentile_max.nri_coastal_flood_score;hazard_percentile_max.nri_hurricane_score,
51105,Lee,VA,hazard_percentile_max.nri_inland_flood_score,max_queue_median_age_years
51107,Loudoun,VA,max_queue_median_age_years,
51115,Mathews,VA,min_fiber_share_locations;hazard_percentile_max.nri_coastal_flood_score,max_queue_median_age_years
51119,Middlesex,VA,min_fiber_share_locations;hazard_percentile_max.nri_coastal_flood_score;hazard_percentile_max.nri_hurricane_score,max_queue_median_age_years
51121,Montgomery,VA,min_fiber_share_locations,max_queue_median_age_years
51125,Nelson,VA,hazard_percentile_max.nri_inland_flood_score,max_queue_median_age_years
51127,New Kent,VA,hazard_percentile_max.nri_coastal_flood_score,max_queue_median_age_years
51131,Northampton,VA,hazard_percentile_max.nri_coastal_flood_score;hazard_percentile_max.nri_hurricane_score,max_queue_median_age_years
51133,Northumberland,VA,hazard_percentile_max.nri_coastal_flood_score;hazard_percentile_max.nri_hurricane_score,max_queue_median_age_years
51139,Page,VA,min_fiber_share_locations;hazard_percentile_max.nri_inland_flood_score,max_queue_median_age_years
51141,Patrick,VA,min_fiber_share_locations,max_queue_median_age_years
51149,Prince George,VA,hazard_percentile_max.nri_coastal_flood_score,
51153,Prince William,VA,hazard_percentile_max.nri_coastal_flood_score,
51155,Pulaski,VA,min_fiber_share_locations;min_nearby_capacity_multiple,
51157,Rappahannock,VA,min_fiber_share_locations,max_queue_median_age_years
51159,Richmond,VA,max_queue_median_age_years;hazard_percentile_max.nri_coastal_flood_score,
51163,Rockbridge,VA,hazard_percentile_max.nri_inland_flood_score,max_queue_median_age_years
51175,Southampton,VA,hazard_percentile_max.nri_hurricane_score,max_queue_median_age_years
51179,Stafford,VA,hazard_percentile_max.nri_coastal_flood_score,max_queue_median_age_years
51181,Surry,VA,hazard_percentile_max.nri_coastal_flood_score,
51183,Sussex,VA,max_queue_median_age_years,
51193,Westmoreland,VA,hazard_percentile_max.nri_coastal_flood_score,max_queue_median_age_years
51197,Wythe,VA,min_nearby_capacity_multiple,
51199,York,VA,hazard_percentile_max.nri_coastal_flood_score,max_queue_median_age_years
51510,Alexandria,VA,hazard_percentile_max.nri_coastal_flood_score,max_queue_median_age_years
51530,Buena Vista,VA,hazard_percentile_max.nri_inland_flood_score,max_queue_median_age_years
51550,Chesapeake,VA,max_queue_median_age_years;hazard_percentile_max.nri_coastal_flood_score,
51570,Colonial Heights,VA,min_fiber_share_locations;hazard_percentile_max.nri_coastal_flood_score,max_queue_median_age_years
51580,Covington,VA,hazard_percentile_max.nri_inland_flood_score,max_queue_median_age_years
51620,Franklin,VA,min_fiber_share_locations;hazard_percentile_max.nri_hurricane_score,max_queue_median_age_years
51650,Hampton,VA,hazard_percentile_max.nri_coastal_flood_score,max_queue_median_age_years
51670,Hopewell,VA,hazard_percentile_max.nri_coastal_flood_score,max_queue_median_age_years
51700,Newport News,VA,hazard_percentile_max.nri_coastal_flood_score,max_queue_median_age_years
51710,Norfolk,VA,hazard_percentile_max.nri_coastal_flood_score,max_queue_median_age_years
51720,Norton,VA,min_population,max_queue_median_age_years
51730,Petersburg,VA,min_fiber_share_locations;hazard_percentile_max.nri_coastal_flood_score,max_queue_median_age_years
51735,Poquoson,VA,hazard_percentile_max.nri_coastal_flood_score,max_queue_median_age_years
51740,Portsmouth,VA,hazard_percentile_max.nri_coastal_flood_score,max_queue_median_age_years
51750,Radford,VA,min_fiber_share_locations;min_nearby_capacity_multiple,max_queue_median_age_years
51800,Suffolk,VA,hazard_percentile_max.nri_coastal_flood_score,
51810,Virginia Beach,VA,hazard_percentile_max.nri_coastal_flood_score,max_queue_median_age_years
51830,Williamsburg,VA,hazard_percentile_max.nri_coastal_flood_score,max_queue_median_age_years
53001,Adams,WA,max_queue_median_age_years,
53007,Chelan,WA,hazard_percentile_max.nri_inland_flood_score;hazard_percentile_max.nri_wildfire_score,max_queue_median_age_years
53009,Clallam,WA,min_fiber_share_locations;min_nearby_capacity_multiple;hazard_percentile_max.nri_coastal_flood_score,max_queue_median_age_years
53013,Columbia,WA,min_population;hazard_percentile_max.nri_inland_flood_score,
53015,Cowlitz,WA,hazard_percentile_max.nri_coastal_flood_score,max_queue_median_age_years
53017,Douglas,WA,hazard_percentile_max.nri_inland_flood_score,
53019,Ferry,WA,min_fiber_share_locations;hazard_percentile_max.nri_inland_flood_score;hazard_percentile_max.nri_wildfire_score,max_queue_median_age_years
53021,Franklin,WA,min_fiber_share_locations;hazard_percentile_max.nri_inland_flood_score,
53023,Garfield,WA,min_population;hazard_percentile_max.nri_inland_flood_score,
53027,Grays Harbor,WA,hazard_percentile_max.nri_coastal_flood_score,max_queue_median_age_years
53029,Island,WA,hazard_percentile_max.nri_coastal_flood_score,max_queue_median_age_years
53031,Jefferson,WA,min_fiber_share_locations;min_nearby_capacity_multiple;hazard_percentile_max.nri_coastal_flood_score,max_queue_median_age_years
53033,King,WA,min_nearby_capacity_multiple;hazard_percentile_max.nri_coastal_flood_score,
53035,Kitsap,WA,min_fiber_share_locations;hazard_percentile_max.nri_coastal_flood_score,max_queue_median_age_years
53037,Kittitas,WA,max_queue_median_age_years;hazard_percentile_max.nri_wildfire_score,
53039,Klickitat,WA,min_fiber_share_locations;hazard_percentile_max.nri_inland_flood_score;hazard_percentile_max.nri_wildfire_score,
53041,Lewis,WA,min_fiber_share_locations;hazard_percentile_max.nri_inland_flood_score,max_queue_median_age_years
53043,Lincoln,WA,hazard_percentile_max.nri_wildfire_score,
53045,Mason,WA,hazard_percentile_max.nri_coastal_flood_score,max_queue_median_age_years
53047,Okanogan,WA,min_fiber_share_locations;hazard_percentile_max.nri_inland_flood_score;hazard_percentile_max.nri_wildfire_score,max_queue_median_age_years
53049,Pacific,WA,min_fiber_share_locations;hazard_percentile_max.nri_inland_flood_score;hazard_percentile_max.nri_coastal_flood_score,max_queue_median_age_years
53051,Pend Oreille,WA,hazard_percentile_max.nri_inland_flood_score,max_queue_median_age_years
53053,Pierce,WA,hazard_percentile_max.nri_coastal_flood_score,max_queue_median_age_years
53055,San Juan,WA,min_nearby_capacity_multiple;hazard_percentile_max.nri_coastal_flood_score,max_queue_median_age_years
53057,Skagit,WA,exclude_moratorium_active;hazard_percentile_max.nri_coastal_flood_score,
53059,Skamania,WA,min_fiber_share_locations;hazard_percentile_max.nri_inland_flood_score;hazard_percentile_max.nri_wildfire_score,max_queue_median_age_years
53061,Snohomish,WA,exclude_moratorium_active;hazard_percentile_max.nri_coastal_flood_score,max_queue_median_age_years
53063,Spokane,WA,min_nearby_capacity_multiple,
53065,Stevens,WA,min_fiber_share_locations,max_queue_median_age_years
53067,Thurston,WA,min_fiber_share_locations;hazard_percentile_max.nri_coastal_flood_score,
53069,Wahkiakum,WA,min_population;hazard_percentile_max.nri_inland_flood_score;hazard_percentile_max.nri_coastal_flood_score,max_queue_median_age_years
53073,Whatcom,WA,hazard_percentile_max.nri_coastal_flood_score,
53077,Yakima,WA,exclude_moratorium_active,
54001,Barbour,WV,hazard_percentile_max.nri_inland_flood_score,max_queue_median_age_years
54005,Boone,WV,hazard_percentile_max.nri_inland_flood_score,max_queue_median_age_years
54007,Braxton,WV,min_fiber_share_locations;hazard_percentile_max.nri_inland_flood_score,max_queue_median_age_years
54009,Brooke,WV,hazard_percentile_max.nri_inland_flood_score,max_queue_median_age_years
54011,Cabell,WV,hazard_percentile_max.nri_inland_flood_score,max_queue_median_age_years
54015,Clay,WV,hazard_percentile_max.nri_inland_flood_score,max_queue_median_age_years
54017,Doddridge,WV,hazard_percentile_max.nri_inland_flood_score,max_queue_median_age_years
54019,Fayette,WV,min_fiber_share_locations;hazard_percentile_max.nri_inland_flood_score,max_queue_median_age_years
54021,Gilmer,WV,hazard_percentile_max.nri_inland_flood_score,max_queue_median_age_years
54023,Grant,WV,hazard_percentile_max.nri_inland_flood_score,max_queue_median_age_years
54027,Hampshire,WV,hazard_percentile_max.nri_inland_flood_score,max_queue_median_age_years
54029,Hancock,WV,hazard_percentile_max.nri_inland_flood_score,max_queue_median_age_years
54031,Hardy,WV,hazard_percentile_max.nri_inland_flood_score,max_queue_median_age_years
54033,Harrison,WV,max_queue_median_age_years;hazard_percentile_max.nri_inland_flood_score,
54035,Jackson,WV,hazard_percentile_max.nri_inland_flood_score,max_queue_median_age_years
54039,Kanawha,WV,hazard_percentile_max.nri_inland_flood_score,max_queue_median_age_years
54041,Lewis,WV,hazard_percentile_max.nri_inland_flood_score,max_queue_median_age_years
54043,Lincoln,WV,min_fiber_share_locations;hazard_percentile_max.nri_inland_flood_score,max_queue_median_age_years
54045,Logan,WV,hazard_percentile_max.nri_inland_flood_score,max_queue_median_age_years
54047,McDowell,WV,hazard_percentile_max.nri_inland_flood_score,max_queue_median_age_years
54049,Marion,WV,hazard_percentile_max.nri_inland_flood_score,max_queue_median_age_years
54051,Marshall,WV,hazard_percentile_max.nri_inland_flood_score,max_queue_median_age_years
54053,Mason,WV,hazard_percentile_max.nri_inland_flood_score,max_queue_median_age_years
54055,Mercer,WV,min_nearby_capacity_multiple,max_queue_median_age_years
54057,Mineral,WV,min_fiber_share_locations;hazard_percentile_max.nri_inland_flood_score,max_queue_median_age_years
54059,Mingo,WV,min_fiber_share_locations;hazard_percentile_max.nri_inland_flood_score,max_queue_median_age_years
54063,Monroe,WV,min_fiber_share_locations,max_queue_median_age_years
54069,Ohio,WV,hazard_percentile_max.nri_inland_flood_score,max_queue_median_age_years
54071,Pendleton,WV,hazard_percentile_max.nri_inland_flood_score,max_queue_median_age_years
54073,Pleasants,WV,min_fiber_share_locations;hazard_percentile_max.nri_inland_flood_score,max_queue_median_age_years
54075,Pocahontas,WV,hazard_percentile_max.nri_inland_flood_score,max_queue_median_age_years
54079,Putnam,WV,hazard_percentile_max.nri_inland_flood_score,max_queue_median_age_years
54083,Randolph,WV,hazard_percentile_max.nri_inland_flood_score,max_queue_median_age_years
54085,Ritchie,WV,hazard_percentile_max.nri_inland_flood_score,max_queue_median_age_years
54087,Roane,WV,min_fiber_share_locations;hazard_percentile_max.nri_inland_flood_score,max_queue_median_age_years
54089,Summers,WV,min_fiber_share_locations;min_nearby_capacity_multiple;hazard_percentile_max.nri_inland_flood_score,max_queue_median_age_years
54091,Taylor,WV,hazard_percentile_max.nri_inland_flood_score,max_queue_median_age_years
54093,Tucker,WV,hazard_percentile_max.nri_inland_flood_score,max_queue_median_age_years
54095,Tyler,WV,hazard_percentile_max.nri_inland_flood_score,max_queue_median_age_years
54097,Upshur,WV,hazard_percentile_max.nri_inland_flood_score,max_queue_median_age_years
54099,Wayne,WV,hazard_percentile_max.nri_inland_flood_score,max_queue_median_age_years
54101,Webster,WV,hazard_percentile_max.nri_inland_flood_score,max_queue_median_age_years
54103,Wetzel,WV,hazard_percentile_max.nri_inland_flood_score,max_queue_median_age_years
54105,Wirt,WV,hazard_percentile_max.nri_inland_flood_score,max_queue_median_age_years
54107,Wood,WV,hazard_percentile_max.nri_inland_flood_score,max_queue_median_age_years
54109,Wyoming,WV,min_fiber_share_locations;hazard_percentile_max.nri_inland_flood_score,max_queue_median_age_years
55003,Ashland,WI,min_nearby_capacity_multiple,max_queue_median_age_years
55007,Bayfield,WI,min_nearby_capacity_multiple,max_queue_median_age_years
55009,Brown,WI,hazard_percentile_max.nri_coastal_flood_score,max_queue_median_age_years
55013,Burnett,WI,min_nearby_capacity_multiple,max_queue_median_age_years
55017,Chippewa,WI,min_nearby_capacity_multiple,max_queue_median_age_years
55019,Clark,WI,min_fiber_share_locations,max_queue_median_age_years
55023,Crawford,WI,min_nearby_capacity_multiple,max_queue_median_age_years
55025,Dane,WI,max_queue_median_age_years;exclude_moratorium_active,
55027,Dodge,WI,exclude_moratorium_active,max_queue_median_age_years
55029,Door,WI,min_fiber_share_locations;exclude_moratorium_active;hazard_percentile_max.nri_coastal_flood_score,max_queue_median_age_years
55031,Douglas,WI,min_fiber_share_locations;min_nearby_capacity_multiple,max_queue_median_age_years
55035,Eau Claire,WI,min_nearby_capacity_multiple,max_queue_median_age_years
55037,Florence,WI,min_fiber_share_locations;min_population;min_nearby_capacity_multiple,max_queue_median_age_years
55041,Forest,WI,min_fiber_share_locations;min_nearby_capacity_multiple,max_queue_median_age_years
55043,Grant,WI,max_queue_median_age_years;exclude_moratorium_active;min_nearby_capacity_multiple,
55045,Green,WI,exclude_moratorium_active,
55049,Iowa,WI,max_queue_median_age_years,
55051,Iron,WI,min_fiber_share_locations;min_nearby_capacity_multiple,max_queue_median_age_years
55055,Jefferson,WI,max_queue_median_age_years;exclude_moratorium_active,
55061,Kewaunee,WI,hazard_percentile_max.nri_coastal_flood_score,max_queue_median_age_years
55063,La Crosse,WI,exclude_moratorium_active;min_nearby_capacity_multiple,max_queue_median_age_years
55067,Langlade,WI,min_nearby_capacity_multiple,max_queue_median_age_years
55069,Lincoln,WI,min_nearby_capacity_multiple,max_queue_median_age_years
55071,Manitowoc,WI,exclude_moratorium_active,max_queue_median_age_years
55075,Marinette,WI,min_nearby_capacity_multiple,max_queue_median_age_years
55078,Menominee,WI,min_fiber_share_locations;min_population,max_queue_median_age_years
55081,Monroe,WI,min_nearby_capacity_multiple,max_queue_median_age_years
55083,Oconto,WI,hazard_percentile_max.nri_coastal_flood_score,max_queue_median_age_years
55085,Oneida,WI,min_nearby_capacity_multiple,max_queue_median_age_years
55099,Price,WI,min_nearby_capacity_multiple,max_queue_median_age_years
55107,Rusk,WI,min_nearby_capacity_multiple,max_queue_median_age_years
55109,St. Croix,WI,max_queue_median_age_years,
55113,Sawyer,WI,min_nearby_capacity_multiple,max_queue_median_age_years
55115,Shawano,WI,exclude_moratorium_active,max_queue_median_age_years
55121,Trempealeau,WI,min_nearby_capacity_multiple,max_queue_median_age_years
55123,Vernon,WI,min_nearby_capacity_multiple,max_queue_median_age_years
55125,Vilas,WI,min_nearby_capacity_multiple,max_queue_median_age_years
55129,Washburn,WI,min_fiber_share_locations;min_nearby_capacity_multiple,max_queue_median_age_years
56003,Big Horn,WY,min_nearby_capacity_multiple;hazard_percentile_max.nri_inland_flood_score,max_queue_median_age_years
56005,Campbell,WY,min_nearby_capacity_multiple,
56007,Carbon,WY,min_fiber_share_locations;min_nearby_capacity_multiple,
56009,Converse,WY,hazard_percentile_max.nri_wildfire_score,
56011,Crook,WY,min_nearby_capacity_multiple,max_queue_median_age_years
56013,Fremont,WY,min_fiber_share_locations;min_nearby_capacity_multiple,max_queue_median_age_years
56017,Hot Springs,WY,min_population;min_nearby_capacity_multiple;hazard_percentile_max.nri_inland_flood_score,max_queue_median_age_years
56019,Johnson,WY,min_fiber_share_locations;min_nearby_capacity_multiple;hazard_percentile_max.nri_inland_flood_score,max_queue_median_age_years
56023,Lincoln,WY,min_nearby_capacity_multiple,
56025,Natrona,WY,max_queue_median_age_years,
56027,Niobrara,WY,min_population;min_nearby_capacity_multiple;hazard_percentile_max.nri_wildfire_score,max_queue_median_age_years
56029,Park,WY,min_nearby_capacity_multiple,max_queue_median_age_years
56033,Sheridan,WY,min_nearby_capacity_multiple;hazard_percentile_max.nri_inland_flood_score,max_queue_median_age_years
56035,Sublette,WY,min_nearby_capacity_multiple,max_queue_median_age_years
56037,Sweetwater,WY,min_fiber_share_locations,max_queue_median_age_years
56039,Teton,WY,min_nearby_capacity_multiple,max_queue_median_age_years
56041,Uinta,WY,min_fiber_share_locations;min_nearby_capacity_multiple,
56043,Washakie,WY,min_nearby_capacity_multiple;hazard_percentile_max.nri_inland_flood_score,max_queue_median_age_years
56045,Weston,WY,min_nearby_capacity_multiple,max_queue_median_age_years
