rank,fips,county_name,state,moratorium_state_active,pillar_energy_carbon,pillar_water,pillar_climate_resilience,pillar_grid_infrastructure,pillar_land,pillar_community,pillar_cost,pillar_permitting,composite,coverage,floor_ok,horizon_delta,rank_delta_2050,top_reasons,robustness,failed_gates,unknown_gates
1,47181,Wayne,TN,False,44.30,62.02,50.86,65.96,65.74,59.53,84.72,69.59,67.04,0.73,True,-0.02,0.00,industrial_price_cents_kwh;state_policy_risk;fiber_share_locations,1.00,,max_queue_median_age_years
2,40097,Mayes,OK,False,60.95,48.40,44.83,76.09,48.23,51.62,95.66,53.20,65.75,0.78,True,0.04,0.00,industrial_price_cents_kwh;state_policy_risk;coal_retired_mw,0.99,,
3,47151,Scott,TN,False,40.83,67.27,54.91,62.99,45.14,57.59,84.72,69.59,65.31,0.73,True,-0.06,0.00,industrial_price_cents_kwh;state_policy_risk;fiber_share_locations,1.00,,max_queue_median_age_years
4,47049,Fentress,TN,False,41.70,65.08,53.00,63.45,44.37,49.87,84.72,69.59,64.56,0.73,True,-0.03,0.00,industrial_price_cents_kwh;state_policy_risk;fiber_share_locations,0.92,,max_queue_median_age_years
5,47007,Bledsoe,TN,False,50.83,52.47,44.38,66.42,38.53,48.64,84.72,69.59,64.17,0.73,True,0.04,0.00,industrial_price_cents_kwh;state_policy_risk;fiber_share_locations,0.84,,max_queue_median_age_years
6,47143,Rhea,TN,False,39.24,52.48,44.55,68.57,19.73,63.35,84.72,69.59,64.08,0.73,True,0.01,0.00,industrial_price_cents_kwh;state_policy_risk;coal_retired_mw,0.71,,max_queue_median_age_years
7,47055,Giles,TN,False,43.08,57.13,51.64,62.52,48.41,49.22,84.72,69.59,64.05,0.73,True,0.01,0.00,industrial_price_cents_kwh;state_policy_risk;fiber_share_locations,0.69,,max_queue_median_age_years
8,40119,Payne,OK,False,67.61,39.31,47.53,72.57,40.95,43.46,95.66,53.20,63.89,0.78,True,-0.20,1.00,industrial_price_cents_kwh;state_policy_risk;queue_median_age_years,0.55,,
9,47077,Henderson,TN,False,41.44,53.85,60.89,61.20,40.58,52.33,84.72,69.59,63.85,0.76,True,0.03,-1.00,industrial_price_cents_kwh;state_policy_risk;fiber_share_locations,0.53,,max_queue_median_age_years
10,40081,Lincoln,OK,False,66.99,29.25,42.75,71.39,67.30,36.90,95.66,53.20,63.64,0.78,True,-0.14,2.00,industrial_price_cents_kwh;state_policy_risk;queue_withdrawal_rate,0.41,,
11,47185,White,TN,False,40.42,47.85,50.37,67.20,26.65,54.86,84.72,69.59,63.64,0.73,True,-0.03,0.00,industrial_price_cents_kwh;state_policy_risk;fiber_share_locations,0.34,,max_queue_median_age_years
12,47153,Sequatchie,TN,False,45.38,52.96,45.56,67.41,24.77,51.55,84.72,69.59,63.61,0.73,True,-0.00,-2.00,industrial_price_cents_kwh;state_policy_risk;fiber_share_locations,0.28,,max_queue_median_age_years
13,40017,Canadian,OK,False,61.82,31.83,49.03,71.51,45.96,46.00,95.66,53.20,63.42,0.78,True,-0.09,2.00,industrial_price_cents_kwh;state_policy_risk;dc_existing_count,0.26,,
14,40001,Adair,OK,False,49.74,67.68,43.27,64.65,51.72,51.89,95.66,53.20,63.41,0.73,True,0.05,-1.00,industrial_price_cents_kwh;state_policy_risk;fiber_share_locations,0.25,,max_queue_median_age_years
15,40143,Tulsa,OK,False,49.49,29.73,56.81,73.18,24.08,60.79,95.66,53.20,63.37,0.78,True,0.01,-1.00,industrial_price_cents_kwh;state_policy_risk;dc_existing_count,0.27,,
16,19127,Marshall,IA,False,64.94,43.95,44.05,73.70,41.19,75.30,74.08,55.51,63.34,0.78,True,-0.07,1.00,industrial_price_cents_kwh;coal_retired_mw;queue_withdrawal_rate,0.27,,
17,47039,Decatur,TN,False,34.71,57.65,49.75,63.72,35.67,53.19,84.72,69.59,63.30,0.73,True,-0.00,-1.00,industrial_price_cents_kwh;state_policy_risk;fiber_share_locations,0.07,,max_queue_median_age_years
18,19163,Scott,IA,False,59.25,57.66,71.42,71.74,20.23,66.98,74.08,55.51,63.19,0.73,True,-0.11,1.00,industrial_price_cents_kwh;coal_retired_mw;fiber_share_locations,0.23,,max_queue_median_age_years
19,05143,Washington,AR,False,50.22,64.06,51.85,60.21,45.74,51.51,77.50,69.59,63.10,0.73,True,0.05,-1.00,industrial_price_cents_kwh;state_policy_risk;fiber_share_locations,0.07,,max_queue_median_age_years
20,40133,Seminole,OK,False,57.46,29.95,45.83,65.50,53.99,59.75,95.66,53.20,62.92,0.78,True,-0.11,1.00,industrial_price_cents_kwh;state_policy_risk;queue_median_age_years,0.07,,
21,40051,Grady,OK,False,79.44,31.75,41.63,64.29,64.23,40.54,95.66,53.20,62.91,0.78,True,-0.07,-1.00,industrial_price_cents_kwh;state_policy_risk;queue_withdrawal_rate,0.15,,
22,47141,Putnam,TN,False,40.76,50.55,56.11,61.46,18.83,60.40,84.72,69.59,62.79,0.73,True,-0.05,0.00,industrial_price_cents_kwh;state_policy_risk;fiber_share_locations,0.01,,max_queue_median_age_years
23,47183,Weakley,TN,False,35.44,39.34,50.47,61.39,44.84,58.06,84.72,69.59,62.70,0.73,True,-0.05,0.00,industrial_price_cents_kwh;state_policy_risk;plant_capacity_mw_100km,0.00,,max_queue_median_age_years
24,21083,Graves,KY,False,44.91,54.52,47.79,72.38,39.51,62.04,81.26,55.51,62.66,0.78,True,-0.07,0.00,industrial_price_cents_kwh;queue_median_age_years;water_permit_risk,0.01,,
25,47133,Overton,TN,False,40.65,52.60,50.17,60.64,35.49,51.66,84.72,69.59,62.54,0.73,True,-0.06,0.00,industrial_price_cents_kwh;state_policy_risk;fiber_share_locations,0.00,,max_queue_median_age_years
26,47069,Hardeman,TN,False,41.05,44.02,57.16,52.01,55.23,62.68,84.72,69.59,62.44,0.76,True,-0.10,1.00,industrial_price_cents_kwh;state_policy_risk;fiber_share_locations,0.03,,max_queue_median_age_years
27,47167,Tipton,TN,False,34.62,47.95,57.35,62.18,26.21,52.15,84.72,69.59,62.24,0.73,True,-0.02,1.00,industrial_price_cents_kwh;state_policy_risk;fiber_share_locations,0.00,,max_queue_median_age_years
28,45003,Aiken,SC,False,61.20,32.46,48.42,65.34,51.24,55.66,69.11,69.59,62.20,0.78,True,0.17,-2.00,industrial_price_cents_kwh;state_policy_risk;queue_median_age_years,0.01,,
29,40087,McClain,OK,False,59.17,28.18,44.25,74.18,39.64,35.53,95.66,53.20,62.16,0.78,True,-0.06,1.00,industrial_price_cents_kwh;state_policy_risk;queue_withdrawal_rate,0.01,,
30,05069,Jefferson,AR,False,52.05,50.67,39.52,55.13,53.31,67.04,77.50,69.59,62.10,0.78,True,0.01,-1.00,industrial_price_cents_kwh;state_policy_risk;water_permit_risk,0.01,,
31,45001,Abbeville,SC,False,50.52,27.57,55.67,66.58,39.90,59.88,69.11,69.59,61.70,0.73,True,0.22,0.00,industrial_price_cents_kwh;state_policy_risk;fiber_share_locations,0.00,,max_queue_median_age_years
32,40021,Cherokee,OK,False,48.89,45.57,46.18,66.70,51.58,38.62,95.66,53.20,61.69,0.73,True,0.06,0.00,industrial_price_cents_kwh;state_policy_risk;fiber_share_locations,0.00,,max_queue_median_age_years
33,47097,Lauderdale,TN,False,35.29,43.01,52.27,56.17,37.97,61.01,84.72,69.59,61.58,0.73,True,-0.02,0.00,industrial_price_cents_kwh;state_policy_risk;water_permit_risk,0.00,,max_queue_median_age_years
34,19189,Winnebago,IA,False,69.84,43.79,47.31,70.97,42.47,54.51,74.08,55.51,61.57,0.78,True,-0.10,0.00,industrial_price_cents_kwh;fiber_share_locations;queue_withdrawal_rate,0.00,,
35,40107,Okfuskee,OK,False,55.66,26.30,45.56,61.98,62.40,51.15,95.66,53.20,61.48,0.76,True,-0.15,465.00,industrial_price_cents_kwh;state_policy_risk;fiber_share_locations,0.00,,max_queue_median_age_years
36,22083,Richland,LA,False,49.40,27.51,46.86,61.41,49.07,52.52,97.93,55.51,61.42,0.78,True,0.02,0.00,industrial_price_cents_kwh;queue_median_age_years;dc_existing_count,0.00,,
37,19153,Polk,IA,False,55.47,46.96,57.97,72.92,25.25,59.42,74.08,55.51,61.40,0.73,True,-0.00,0.00,industrial_price_cents_kwh;dc_existing_count;fiber_share_locations,0.00,,max_queue_median_age_years
38,48331,Milam,TX,False,71.24,27.76,48.19,77.08,73.11,43.97,90.33,36.26,61.38,0.76,True,0.01,0.00,industrial_price_cents_kwh;coal_retired_mw;dc_existing_count,0.03,,
39,47047,Fayette,TN,False,40.46,54.54,49.75,53.72,49.95,46.92,84.72,69.59,61.34,0.76,True,-0.05,1.00,industrial_price_cents_kwh;state_policy_risk;fiber_share_locations,0.00,,max_queue_median_age_years
40,40131,Rogers,OK,False,55.95,36.68,43.93,66.89,39.35,44.30,95.66,53.20,61.32,0.78,True,-0.03,-1.00,industrial_price_cents_kwh;state_policy_risk;coal_retired_mw,0.00,,
41,05125,Saline,AR,False,48.33,50.72,39.88,59.74,40.46,53.82,77.50,69.59,61.20,0.76,True,0.04,0.00,industrial_price_cents_kwh;state_policy_risk;water_permit_risk,0.00,,max_queue_median_age_years
42,47075,Haywood,TN,False,40.28,40.38,48.33,53.08,48.57,59.14,84.72,69.59,61.20,0.78,True,-0.09,1.00,industrial_price_cents_kwh;state_policy_risk;water_permit_risk,0.00,,
43,47057,Grainger,TN,False,36.27,53.16,68.25,56.57,21.02,45.80,84.72,69.59,61.17,0.73,True,-0.04,-1.00,industrial_price_cents_kwh;state_policy_risk;fiber_share_locations,0.00,,max_queue_median_age_years
44,45057,Lancaster,SC,False,52.38,47.55,56.21,60.96,29.37,59.38,69.11,69.59,60.97,0.73,True,0.04,0.00,industrial_price_cents_kwh;state_policy_risk;plant_capacity_mw_100km,0.00,,max_queue_median_age_years
45,53075,Whitman,WA,False,70.33,74.69,50.48,54.29,81.28,44.78,77.50,53.20,60.93,0.76,True,0.02,0.00,industrial_price_cents_kwh;state_policy_risk;coal_retired_mw,0.01,,max_queue_median_age_years
46,47123,Monroe,TN,False,41.21,57.29,49.03,49.55,44.44,56.18,84.72,69.59,60.92,0.73,True,-0.01,0.00,industrial_price_cents_kwh;state_policy_risk;plant_capacity_mw_100km,0.00,,max_queue_median_age_years
47,19155,Pottawattamie,IA,False,63.66,47.01,44.90,67.26,53.15,54.78,74.08,55.51,60.90,0.76,True,-0.04,1.00,industrial_price_cents_kwh;dc_existing_count;coal_retired_mw,0.00,,max_queue_median_age_years
48,47107,McMinn,TN,False,44.81,54.64,49.54,50.68,24.70,64.72,84.72,69.59,60.89,0.76,True,0.00,-1.00,industrial_price_cents_kwh;state_policy_risk;plant_capacity_mw_100km,0.00,,max_queue_median_age_years
49,47033,Crockett,TN,False,34.05,38.30,48.52,60.94,26.95,52.80,84.72,69.59,60.86,0.73,True,-0.05,0.00,industrial_price_cents_kwh;state_policy_risk;fiber_share_locations,0.00,,max_queue_median_age_years
50,47187,Williamson,TN,False,33.54,52.93,53.38,56.77,28.29,50.55,84.72,69.59,60.85,0.73,True,-0.07,0.00,industrial_price_cents_kwh;state_policy_risk;fiber_share_locations,0.00,,max_queue_median_age_years
51,47017,Carroll,TN,False,38.57,46.03,59.48,46.98,48.36,60.49,84.72,69.59,60.74,0.73,True,-0.01,0.00,industrial_price_cents_kwh;state_policy_risk;water_permit_risk,0.00,,max_queue_median_age_years
52,47061,Grundy,TN,False,46.87,48.97,48.09,52.42,35.43,53.48,84.72,69.59,60.73,0.76,True,-0.02,0.00,industrial_price_cents_kwh;state_policy_risk;fiber_share_locations,0.00,,max_queue_median_age_years
53,40111,Okmulgee,OK,False,48.29,27.85,43.18,59.70,51.61,62.17,95.66,53.20,60.66,0.73,True,-0.08,0.00,industrial_price_cents_kwh;state_policy_risk;plant_capacity_mw_100km,0.00,,max_queue_median_age_years
54,47023,Chester,TN,False,34.50,43.45,56.03,61.19,25.59,40.05,84.72,69.59,60.62,0.73,True,-0.06,0.00,industrial_price_cents_kwh;state_policy_risk;fiber_share_locations,0.00,,max_queue_median_age_years
55,47009,Blount,TN,False,38.20,58.52,53.86,49.44,28.59,60.93,84.72,69.59,60.57,0.73,True,-0.04,0.00,industrial_price_cents_kwh;state_policy_risk;water_permit_risk,0.00,,max_queue_median_age_years
56,01071,Jackson,AL,False,45.31,48.11,37.61,77.40,64.62,49.57,58.49,60.85,60.50,0.73,True,0.02,453.00,coal_retired_mw;dc_existing_count;water_permit_risk,0.00,,max_queue_median_age_years
57,40037,Creek,OK,False,49.18,29.54,48.87,59.82,56.19,49.37,95.66,53.20,60.43,0.78,True,-0.06,-1.00,industrial_price_cents_kwh;state_policy_risk;plant_capacity_mw_100km,0.00,,
58,40027,Cleveland,OK,False,59.59,29.93,48.42,64.84,23.37,45.85,95.66,53.20,60.18,0.78,True,-0.06,-1.00,industrial_price_cents_kwh;state_policy_risk;queue_withdrawal_rate,0.00,,
59,47131,Obion,TN,False,40.73,37.01,47.69,50.76,41.46,60.99,84.72,69.59,60.17,0.76,True,-0.05,-1.00,industrial_price_cents_kwh;state_policy_risk;fiber_share_locations,0.00,,max_queue_median_age_years
60,40125,Pottawatomie,OK,False,57.29,29.41,46.63,59.51,48.18,45.99,95.66,53.20,60.00,0.73,True,-0.10,1.00,industrial_price_cents_kwh;state_policy_risk;fiber_share_locations,0.00,,max_queue_median_age_years
61,19145,Page,IA,False,62.31,50.27,48.76,65.44,50.72,46.07,74.08,55.51,59.95,0.73,True,0.02,-2.00,industrial_price_cents_kwh;fiber_share_locations;plant_capacity_mw_100km,0.00,,max_queue_median_age_years
62,05145,White,AR,False,49.67,44.78,38.97,52.77,58.14,50.96,77.50,69.59,59.95,0.76,True,-0.00,-2.00,industrial_price_cents_kwh;state_policy_risk;water_permit_risk,0.00,,max_queue_median_age_years
63,21081,Grant,KY,False,34.97,67.34,65.29,66.10,18.70,46.40,81.26,55.51,59.87,0.73,True,-0.05,1.00,industrial_price_cents_kwh;plant_capacity_mw_100km;fiber_share_locations,0.00,,max_queue_median_age_years
64,47111,Macon,TN,False,34.75,53.74,55.86,54.77,22.02,45.48,84.72,69.59,59.87,0.73,True,-0.03,-1.00,industrial_price_cents_kwh;state_policy_risk;fiber_share_locations,0.00,,max_queue_median_age_years
65,19097,Jackson,IA,False,51.53,64.31,51.74,59.68,56.96,54.53,74.08,55.51,59.87,0.73,True,-0.13,2.00,industrial_price_cents_kwh;fiber_share_locations;water_permit_risk,0.00,,max_queue_median_age_years
66,19113,Linn,IA,False,59.56,52.39,52.93,59.41,36.65,69.84,74.08,55.51,59.83,0.78,True,-0.07,0.00,industrial_price_cents_kwh;coal_retired_mw;water_permit_risk,0.00,,
67,47079,Henry,TN,False,34.19,50.92,52.41,49.24,42.36,52.00,84.72,69.59,59.78,0.73,True,-0.00,-2.00,industrial_price_cents_kwh;state_policy_risk;water_permit_risk,0.00,,max_queue_median_age_years
68,40023,Choctaw,OK,False,57.11,34.06,43.92,52.78,69.09,47.37,95.66,53.20,59.72,0.78,True,0.00,0.00,industrial_price_cents_kwh;state_policy_risk;queue_median_age_years,0.00,,
69,13303,Washington,GA,False,63.04,26.02,47.93,74.56,59.47,51.02,62.98,55.51,59.71,0.78,True,0.13,-7.00,industrial_price_cents_kwh;dc_existing_count;queue_withdrawal_rate,0.00,,
70,47155,Sevier,TN,False,36.12,54.99,52.24,49.72,34.00,51.04,84.72,69.59,59.69,0.73,True,0.03,-1.00,industrial_price_cents_kwh;state_policy_risk;water_permit_risk,0.00,,max_queue_median_age_years
71,19033,Cerro Gordo,IA,False,67.56,43.07,46.76,62.15,39.51,62.81,74.08,55.51,59.68,0.78,True,-0.10,0.00,industrial_price_cents_kwh;fiber_share_locations;water_permit_risk,0.00,,
72,47121,Meigs,TN,False,38.81,49.22,46.31,56.05,21.52,47.01,84.72,69.59,59.66,0.71,True,0.01,-2.00,industrial_price_cents_kwh;state_policy_risk;plant_capacity_mw_100km,0.00,,max_queue_median_age_years
73,40121,Pittsburg,OK,False,56.93,33.76,38.57,50.25,72.48,56.12,95.66,53.20,59.63,0.78,True,-0.05,-1.00,industrial_price_cents_kwh;state_policy_risk;queue_median_age_years,0.00,,
74,47045,Dyer,TN,False,33.50,37.23,48.80,52.05,36.36,58.80,84.72,69.59,59.62,0.73,True,-0.07,-1.00,industrial_price_cents_kwh;state_policy_risk;water_permit_risk,0.00,,max_queue_median_age_years
75,19049,Dallas,IA,False,63.31,45.95,48.35,67.45,33.37,49.66,74.08,55.51,59.54,0.73,True,-0.04,0.00,industrial_price_cents_kwh;dc_existing_count;water_permit_risk,0.00,,max_queue_median_age_years
76,47103,Lincoln,TN,False,41.33,50.79,49.83,48.81,42.33,46.74,84.72,69.59,59.53,0.73,True,-0.03,0.00,industrial_price_cents_kwh;state_policy_risk;water_permit_risk,0.00,,max_queue_median_age_years
77,05071,Johnson,AR,False,35.26,63.33,43.18,49.13,54.65,54.12,77.50,69.59,59.49,0.73,True,0.05,-3.00,industrial_price_cents_kwh;state_policy_risk;fiber_share_locations,0.00,,max_queue_median_age_years
78,47139,Polk,TN,False,39.92,56.29,37.59,49.30,39.42,53.88,84.72,69.59,59.49,0.73,True,0.02,443.00,industrial_price_cents_kwh;state_policy_risk;plant_capacity_mw_100km,0.00,,max_queue_median_age_years
79,47117,Marshall,TN,False,42.99,47.17,48.30,51.11,23.53,53.59,84.72,69.59,59.39,0.73,True,-0.10,0.00,industrial_price_cents_kwh;state_policy_risk;water_permit_risk,0.00,,max_queue_median_age_years
80,05131,Sebastian,AR,False,37.28,54.62,40.92,54.94,26.83,60.69,77.50,69.59,59.36,0.76,True,-0.02,-2.00,industrial_price_cents_kwh;state_policy_risk;water_permit_risk,0.00,,max_queue_median_age_years
81,47071,Hardin,TN,False,36.86,53.27,49.94,45.85,47.57,51.55,84.72,69.59,59.35,0.73,True,0.02,-4.00,industrial_price_cents_kwh;state_policy_risk;water_permit_risk,0.00,,max_queue_median_age_years
82,47113,Madison,TN,False,34.68,39.19,60.27,49.68,30.23,54.25,84.72,69.59,59.26,0.76,True,-0.07,0.00,industrial_price_cents_kwh;state_policy_risk;fiber_share_locations,0.00,,max_queue_median_age_years
83,01093,Marion,AL,False,45.75,53.14,40.49,69.62,58.33,54.72,58.49,60.85,59.16,0.71,True,0.04,-2.00,fiber_share_locations;water_permit_risk;plant_capacity_mw_100km,0.00,,max_queue_median_age_years
84,05011,Bradley,AR,False,36.12,44.65,41.05,46.97,65.10,60.69,77.50,69.59,58.95,0.76,True,-0.02,1.00,industrial_price_cents_kwh;state_policy_risk;water_permit_risk,0.00,,max_queue_median_age_years
85,45073,Oconee,SC,False,55.42,39.72,54.50,54.00,37.92,53.98,69.11,69.59,58.95,0.76,True,0.19,-2.00,industrial_price_cents_kwh;state_policy_risk;plant_capacity_mw_100km,0.00,,max_queue_median_age_years
86,40135,Sequoyah,OK,False,41.44,45.00,40.55,56.34,49.10,48.75,95.66,53.20,58.94,0.73,True,0.05,-2.00,industrial_price_cents_kwh;state_policy_risk;fiber_share_locations,0.00,,max_queue_median_age_years
87,21035,Calloway,KY,False,35.52,55.08,51.79,65.02,23.50,53.28,81.26,55.51,58.89,0.73,True,-0.04,-1.00,industrial_price_cents_kwh;dc_existing_count;water_permit_risk,0.00,,max_queue_median_age_years
88,47109,McNairy,TN,False,41.69,47.02,53.16,42.12,45.79,55.24,84.72,69.59,58.81,0.76,True,-0.02,-1.00,industrial_price_cents_kwh;state_policy_risk;water_permit_risk,0.00,,max_queue_median_age_years
89,19169,Story,IA,False,65.37,51.29,50.62,63.60,32.23,45.08,74.08,55.51,58.75,0.76,True,-0.01,-1.00,industrial_price_cents_kwh;coal_retired_mw;fiber_share_locations,0.00,,max_queue_median_age_years
90,05091,Miller,AR,False,36.97,34.91,41.97,55.91,44.72,50.10,77.50,69.59,58.68,0.73,True,-0.05,-1.00,industrial_price_cents_kwh;state_policy_risk;fiber_share_locations,0.00,,max_queue_median_age_years
91,19079,Hamilton,IA,False,57.41,52.38,43.21,60.01,55.74,48.78,74.08,55.51,58.55,0.73,True,0.03,-1.00,industrial_price_cents_kwh;fiber_share_locations;water_permit_risk,0.00,,max_queue_median_age_years
92,40117,Pawnee,OK,False,63.74,36.15,42.85,51.67,53.62,41.26,95.66,53.20,58.55,0.73,True,-0.02,-1.00,industrial_price_cents_kwh;state_policy_risk;plant_capacity_mw_100km,0.00,,max_queue_median_age_years
93,21069,Fleming,KY,False,42.41,77.27,53.84,54.98,32.89,49.04,81.26,55.51,58.46,0.78,True,-0.04,-1.00,industrial_price_cents_kwh;queue_withdrawal_rate;water_permit_risk,0.00,,
94,47053,Gibson,TN,False,33.19,37.17,52.38,45.39,40.90,58.65,84.72,69.59,58.44,0.76,True,-0.04,-1.00,industrial_price_cents_kwh;state_policy_risk;water_permit_risk,0.00,,max_queue_median_age_years
95,47091,Johnson,TN,False,33.43,55.73,62.42,43.90,26.01,52.04,84.72,69.59,58.42,0.73,True,-0.03,-1.00,industrial_price_cents_kwh;state_policy_risk;water_permit_risk,0.00,,max_queue_median_age_years
96,48231,Hunt,TX,False,72.52,36.33,46.11,63.73,46.72,60.67,90.33,36.26,58.40,0.76,True,-0.04,-1.00,industrial_price_cents_kwh;queue_withdrawal_rate;plant_capacity_mw_100km,0.00,,
97,22125,West Feliciana,LA,False,34.30,40.42,47.39,56.12,37.63,42.07,97.93,55.51,58.38,0.73,True,-0.12,4.00,industrial_price_cents_kwh;water_permit_risk;plant_capacity_mw_100km,0.00,,max_queue_median_age_years
98,48233,Hutchinson,TX,False,70.90,27.58,45.48,60.54,70.18,61.48,90.33,36.26,58.37,0.76,True,-0.08,1.00,industrial_price_cents_kwh;queue_withdrawal_rate;queue_median_age_years,0.00,,
99,45055,Kershaw,SC,False,55.97,51.75,51.70,47.66,46.19,52.84,69.11,69.59,58.30,0.76,True,0.06,-3.00,industrial_price_cents_kwh;state_policy_risk;plant_capacity_mw_100km,0.00,,max_queue_median_age_years
100,48387,Red River,TX,False,56.26,37.32,44.29,62.65,80.94,52.83,90.33,36.26,58.30,0.76,True,-0.02,0.00,industrial_price_cents_kwh;queue_withdrawal_rate;queue_median_age_years,0.00,,
101,05045,Faulkner,AR,False,42.87,48.96,44.49,50.46,36.04,51.32,77.50,69.59,58.30,0.76,True,0.03,-4.00,industrial_price_cents_kwh;state_policy_risk;water_permit_risk,0.00,,max_queue_median_age_years
102,05033,Crawford,AR,False,38.01,47.55,37.75,53.86,38.20,49.53,77.50,69.59,58.27,0.73,True,0.06,-4.00,industrial_price_cents_kwh;state_policy_risk;water_permit_risk,0.00,,max_queue_median_age_years
103,01089,Madison,AL,False,46.79,47.15,47.24,72.78,37.89,46.27,58.49,60.85,58.25,0.71,True,-0.02,0.00,dc_existing_count;water_permit_risk;fiber_share_locations,0.00,,max_queue_median_age_years
104,19141,O'Brien,IA,False,58.40,61.23,44.80,58.02,55.81,42.40,74.08,55.51,58.22,0.73,True,-0.05,0.00,industrial_price_cents_kwh;fiber_share_locations;water_permit_risk,0.00,,max_queue_median_age_years
105,40137,Stephens,OK,False,56.94,29.92,47.76,47.04,58.83,53.33,95.66,53.20,58.22,0.73,True,-0.14,1.00,industrial_price_cents_kwh;state_policy_risk;land_area_sqkm,0.00,,max_queue_median_age_years
106,47015,Cannon,TN,False,34.69,36.64,48.40,54.77,26.20,39.79,84.72,69.59,58.17,0.73,True,-0.02,-1.00,industrial_price_cents_kwh;state_policy_risk;fiber_share_locations,0.00,,max_queue_median_age_years
107,13077,Coweta,GA,False,36.24,28.52,59.22,79.11,19.68,56.75,62.98,55.51,58.16,0.78,True,0.10,-5.00,industrial_price_cents_kwh;coal_retired_mw;plant_capacity_mw_100km,0.00,,
108,48343,Morris,TX,False,52.28,52.91,40.82,68.53,27.92,63.81,90.33,36.26,58.02,0.76,True,-0.20,4.00,industrial_price_cents_kwh;queue_withdrawal_rate;queue_median_age_years,0.00,,
109,48203,Harrison,TX,False,46.38,30.64,42.63,69.55,54.17,61.10,90.33,36.26,58.01,0.76,True,-0.16,1.00,industrial_price_cents_kwh;coal_retired_mw;queue_withdrawal_rate,0.00,,
110,19013,Black Hawk,IA,False,51.81,48.54,52.15,56.09,29.64,71.86,74.08,55.51,58.00,0.73,True,-0.06,-2.00,industrial_price_cents_kwh;fiber_share_locations;water_permit_risk,0.00,,max_queue_median_age_years
111,22029,Concordia,LA,False,54.48,43.38,44.34,41.89,61.63,47.32,97.93,55.51,57.98,0.76,True,-0.06,-2.00,industrial_price_cents_kwh;water_permit_risk;unemployment_rate_pct_2023,0.00,,max_queue_median_age_years
112,37157,Rockingham,NC,False,50.18,36.35,61.24,77.64,31.70,70.86,45.37,55.51,57.97,0.78,True,-0.02,-5.00,coal_retired_mw;dc_existing_count;queue_withdrawal_rate,0.00,,
113,05059,Hot Spring,AR,False,36.23,48.67,39.63,49.48,47.39,50.10,77.50,69.59,57.83,0.76,True,-0.09,0.00,industrial_price_cents_kwh;state_policy_risk;water_permit_risk,0.00,,max_queue_median_age_years
114,19059,Dickinson,IA,False,67.73,66.58,38.38,59.05,33.19,43.73,74.08,55.51,57.79,0.73,True,-0.07,0.00,industrial_price_cents_kwh;fiber_share_locations;water_permit_risk,0.00,,max_queue_median_age_years
115,40041,Delaware,OK,False,50.04,57.59,38.36,48.95,53.01,40.23,95.66,53.20,57.78,0.76,True,0.04,-4.00,industrial_price_cents_kwh;state_policy_risk;plant_capacity_mw_100km,0.00,,max_queue_median_age_years
116,21229,Washington,KY,False,40.05,74.40,56.24,54.57,31.76,43.94,81.26,55.51,57.72,0.76,True,-0.08,-1.00,industrial_price_cents_kwh;water_permit_risk;plant_capacity_mw_100km,0.00,,max_queue_median_age_years
117,21141,Logan,KY,False,38.71,51.42,55.89,53.81,43.41,55.16,81.26,55.51,57.69,0.76,True,-0.13,1.00,industrial_price_cents_kwh;fiber_share_locations;water_permit_risk,0.00,,max_queue_median_age_years
118,19109,Kossuth,IA,False,67.25,45.83,50.33,49.97,77.34,44.20,74.08,55.51,57.69,0.73,True,-0.08,-2.00,industrial_price_cents_kwh;water_permit_risk;land_area_sqkm,0.00,,max_queue_median_age_years
119,19181,Warren,IA,False,54.04,45.09,44.92,65.40,36.99,40.26,74.08,55.51,57.59,0.73,True,-0.03,-2.00,industrial_price_cents_kwh;dc_existing_count;water_permit_risk,0.00,,max_queue_median_age_years
120,21097,Harrison,KY,False,48.24,76.20,54.32,50.80,25.99,51.07,81.26,55.51,57.56,0.73,True,-0.03,-1.00,industrial_price_cents_kwh;plant_capacity_mw_100km;water_permit_risk,0.00,,max_queue_median_age_years
121,19137,Montgomery,IA,False,57.83,44.18,40.59,61.52,45.59,46.54,74.08,55.51,57.55,0.73,True,-0.04,-1.00,industrial_price_cents_kwh;plant_capacity_mw_100km;water_permit_risk,0.00,,max_queue_median_age_years
122,47051,Franklin,TN,False,41.70,47.84,47.59,41.77,37.18,49.98,84.72,69.59,57.48,0.73,True,-0.04,-1.00,industrial_price_cents_kwh;state_policy_risk;water_permit_risk,0.00,,max_queue_median_age_years
123,22079,Rapides,LA,False,47.84,37.17,40.27,43.42,57.96,51.65,97.93,55.51,57.44,0.78,True,-0.01,-1.00,industrial_price_cents_kwh;water_permit_risk;land_area_sqkm,0.00,,
124,19105,Jones,IA,False,51.94,62.36,47.05,56.01,51.21,44.39,74.08,55.51,57.41,0.73,True,-0.11,1.00,industrial_price_cents_kwh;fiber_share_locations;water_permit_risk,0.00,,max_queue_median_age_years
125,05007,Benton,AR,False,54.55,58.48,48.19,37.55,40.69,56.37,77.50,69.59,57.36,0.76,True,-0.04,-1.00,industrial_price_cents_kwh;state_policy_risk;water_permit_risk,0.00,,max_queue_median_age_years
126,37021,Buncombe,NC,False,57.88,47.01,64.37,73.21,32.68,59.88,45.37,55.51,57.35,0.78,True,0.02,-3.00,coal_retired_mw;dc_existing_count;queue_withdrawal_rate,0.00,,
127,19031,Cedar,IA,False,53.26,53.27,50.75,56.90,53.04,41.67,74.08,55.51,57.33,0.73,True,-0.06,1.00,industrial_price_cents_kwh;fiber_share_locations;water_permit_risk,0.00,,max_queue_median_age_years
128,19027,Carroll,IA,False,66.71,47.75,47.49,54.97,50.11,44.16,74.08,55.51,57.25,0.73,True,-0.06,1.00,industrial_price_cents_kwh;fiber_share_locations;water_permit_risk,0.00,,max_queue_median_age_years
129,01133,Winston,AL,False,45.60,48.55,40.21,65.49,52.41,51.00,58.49,60.85,57.21,0.71,True,0.10,-3.00,water_permit_risk;fiber_share_locations;plant_capacity_mw_100km,0.00,,max_queue_median_age_years
130,39147,Seneca,OH,False,48.40,87.79,49.58,61.30,34.46,73.45,66.95,43.16,57.21,0.78,True,-0.04,0.00,industrial_price_cents_kwh;queue_median_age_years;water_permit_risk,0.00,,
131,13121,Fulton,GA,False,38.47,45.07,68.25,67.85,19.70,58.12,62.98,55.51,57.18,0.76,True,0.12,-4.00,dc_existing_count;industrial_price_cents_kwh;plant_capacity_mw_100km,0.00,,max_queue_median_age_years
132,19083,Hardin,IA,False,63.41,45.21,39.77,54.85,52.96,52.22,74.08,55.51,57.17,0.73,True,-0.07,3.00,industrial_price_cents_kwh;water_permit_risk;fiber_share_locations,0.00,,max_queue_median_age_years
133,40113,Osage,OK,False,55.49,34.19,41.55,39.83,82.18,49.13,95.66,53.20,57.17,0.76,True,-0.00,-2.00,industrial_price_cents_kwh;state_policy_risk;land_area_sqkm,0.00,,max_queue_median_age_years
134,21213,Simpson,KY,False,40.15,53.60,61.17,55.84,19.62,51.95,81.26,55.51,57.14,0.73,True,-0.15,4.00,industrial_price_cents_kwh;fiber_share_locations;water_permit_risk,0.00,,max_queue_median_age_years
135,19115,Louisa,IA,False,62.09,54.43,48.67,55.32,42.55,45.02,74.08,55.51,57.13,0.78,True,-0.01,-1.00,industrial_price_cents_kwh;water_permit_risk;queue_withdrawal_rate,0.00,,
136,19023,Butler,IA,False,54.14,50.57,42.65,56.81,56.45,44.59,74.08,55.51,57.11,0.73,True,-0.05,0.00,industrial_price_cents_kwh;fiber_share_locations;water_permit_risk,0.00,,max_queue_median_age_years
137,05119,Pulaski,AR,False,39.87,54.41,38.94,45.51,36.12,54.45,77.50,69.59,57.09,0.76,True,0.03,-4.00,industrial_price_cents_kwh;state_policy_risk;water_permit_risk,0.00,,max_queue_median_age_years
138,19095,Iowa,IA,False,49.90,44.60,46.02,56.81,55.32,48.81,74.08,55.51,56.99,0.73,True,-0.05,1.00,industrial_price_cents_kwh;fiber_share_locations;water_permit_risk,0.00,,max_queue_median_age_years
139,13033,Burke,GA,False,64.17,30.85,48.17,59.26,65.17,55.25,62.98,55.51,56.99,0.78,True,0.16,-7.00,industrial_price_cents_kwh;queue_median_age_years;water_permit_risk,0.00,,
140,21211,Shelby,KY,False,33.67,73.46,55.50,53.37,20.78,52.52,81.26,55.51,56.98,0.73,True,-0.05,0.00,industrial_price_cents_kwh;plant_capacity_mw_100km;water_permit_risk,0.00,,max_queue_median_age_years
141,13163,Jefferson,GA,False,65.40,30.33,47.60,62.06,49.71,56.69,62.98,55.51,56.93,0.78,True,0.12,-4.00,industrial_price_cents_kwh;water_permit_risk;queue_withdrawal_rate,0.00,,
142,21011,Bath,KY,False,35.07,75.66,58.83,53.19,29.45,40.79,81.26,55.51,56.90,0.76,True,-0.06,0.00,industrial_price_cents_kwh;water_permit_risk;fiber_share_locations,0.00,,max_queue_median_age_years
143,48375,Potter,TX,False,68.36,26.68,52.30,60.44,49.26,55.51,90.33,36.26,56.89,0.73,True,-0.07,402.00,industrial_price_cents_kwh;dc_existing_count;fiber_share_locations,0.00,,max_queue_median_age_years
144,21221,Trigg,KY,False,33.15,53.80,43.70,58.19,43.29,44.90,81.26,55.51,56.89,0.73,True,-0.05,-1.00,industrial_price_cents_kwh;plant_capacity_mw_100km;water_permit_risk,0.00,,max_queue_median_age_years
145,19047,Crawford,IA,False,65.41,48.18,41.04,46.69,64.18,60.59,74.08,55.51,56.87,0.73,True,0.01,-4.00,industrial_price_cents_kwh;water_permit_risk;unemployment_rate_pct_2023,0.00,,max_queue_median_age_years
146,48363,Palo Pinto,TX,False,76.57,32.59,41.67,60.11,69.38,40.08,90.33,36.26,56.87,0.76,True,-0.16,-2.00,industrial_price_cents_kwh;queue_withdrawal_rate;plant_capacity_mw_100km,0.00,,
147,19019,Buchanan,IA,False,48.69,62.13,49.00,53.05,50.53,45.84,74.08,55.51,56.67,0.76,True,-0.18,-1.00,industrial_price_cents_kwh;water_permit_risk;queue_withdrawal_rate,0.00,,max_queue_median_age_years
148,39157,Tuscarawas,OH,False,36.87,62.73,57.38,66.88,31.81,71.04,66.95,43.16,56.56,0.73,True,0.01,-3.00,industrial_price_cents_kwh;coal_retired_mw;plant_capacity_mw_100km,0.00,,max_queue_median_age_years
149,21093,Hardin,KY,False,37.57,66.37,58.17,47.75,35.20,53.31,81.26,55.51,56.51,0.76,True,-0.06,-2.00,industrial_price_cents_kwh;water_permit_risk;fiber_share_locations,0.00,,max_queue_median_age_years
150,39025,Clermont,OH,False,48.94,74.22,57.97,68.90,18.85,54.67,66.95,43.16,56.46,0.78,True,-0.05,-1.00,industrial_price_cents_kwh;coal_retired_mw;water_permit_risk,0.00,,
151,48037,Bowie,TX,False,53.56,36.36,42.86,59.88,49.89,64.14,90.33,36.26,56.45,0.76,True,-0.04,-1.00,industrial_price_cents_kwh;dc_existing_count;land_area_sqkm,0.00,,
152,21047,Christian,KY,False,35.17,53.41,48.22,48.46,44.58,62.62,81.26,55.51,56.43,0.76,True,-0.01,-4.00,industrial_price_cents_kwh;fiber_share_locations;water_permit_risk,0.00,,max_queue_median_age_years
153,19017,Bremer,IA,False,52.15,54.33,50.43,57.24,34.54,42.60,74.08,55.51,56.40,0.73,True,-0.09,2.00,industrial_price_cents_kwh;fiber_share_locations;water_permit_risk,0.00,,max_queue_median_age_years
154,19037,Chickasaw,IA,False,63.13,61.56,45.63,49.71,51.29,43.29,74.08,55.51,56.38,0.73,True,-0.12,5.00,industrial_price_cents_kwh;water_permit_risk;pop_density_per_sqkm,0.00,,max_queue_median_age_years
155,19015,Boone,IA,False,66.57,46.55,43.99,53.33,46.59,44.67,74.08,55.51,56.38,0.73,True,-0.00,-4.00,industrial_price_cents_kwh;water_permit_risk;plant_capacity_mw_100km,0.00,,max_queue_median_age_years
156,40019,Carter,OK,False,68.87,26.21,47.39,40.87,55.16,45.20,95.66,53.20,56.38,0.76,True,-0.12,401.00,industrial_price_cents_kwh;state_policy_risk;land_area_sqkm,0.00,,max_queue_median_age_years
157,01059,Franklin,AL,False,47.99,59.00,49.15,58.87,49.47,46.38,58.49,60.85,56.38,0.71,True,-0.01,-5.00,water_permit_risk;plant_capacity_mw_100km;industrial_price_cents_kwh,0.00,,max_queue_median_age_years
158,19081,Hancock,IA,False,58.61,44.40,50.84,47.57,58.83,55.37,74.08,55.51,56.34,0.76,True,-0.05,-2.00,industrial_price_cents_kwh;fiber_share_locations;water_permit_risk,0.00,,max_queue_median_age_years
159,37007,Anson,NC,False,55.26,48.36,47.85,70.49,45.05,61.55,45.37,55.51,56.34,0.78,True,0.03,-6.00,queue_median_age_years;queue_withdrawal_rate;plant_capacity_mw_100km,0.00,,
160,19077,Guthrie,IA,False,57.83,45.46,39.33,54.81,60.97,40.71,74.08,55.51,56.29,0.73,True,-0.03,0.00,industrial_price_cents_kwh;water_permit_risk;fiber_share_locations,0.00,,max_queue_median_age_years
161,19157,Poweshiek,IA,False,52.61,44.62,48.75,53.78,53.46,46.12,74.08,55.51,56.28,0.73,True,-0.01,-3.00,industrial_price_cents_kwh;water_permit_risk;fiber_share_locations,0.00,,max_queue_median_age_years
162,19197,Wright,IA,False,58.71,43.04,45.56,52.18,57.94,46.47,74.08,55.51,56.28,0.73,True,0.01,-5.00,industrial_price_cents_kwh;water_permit_risk;pop_change_pct_since_peak,0.00,,max_queue_median_age_years
163,19035,Cherokee,IA,False,63.80,59.17,38.17,48.46,58.89,47.54,74.08,55.51,56.27,0.73,True,-0.04,-1.00,industrial_price_cents_kwh;water_permit_risk;pop_change_pct_since_peak,0.00,,max_queue_median_age_years
164,48395,Robertson,TX,False,61.09,41.85,41.13,59.29,70.87,40.49,90.33,36.26,56.26,0.76,True,-0.02,-3.00,industrial_price_cents_kwh;queue_withdrawal_rate;plant_capacity_mw_100km,0.00,,
165,28093,Marshall,MS,False,36.77,56.78,48.03,56.03,53.49,56.81,71.16,53.20,56.22,0.73,True,-0.04,-1.00,industrial_price_cents_kwh;state_policy_risk;fiber_share_locations,0.00,,max_queue_median_age_years
166,48309,McLennan,TX,False,80.73,38.61,48.29,62.28,47.89,55.01,90.33,27.06,56.19,0.76,True,-0.15,3.00,industrial_price_cents_kwh;plant_capacity_mw_100km;queue_withdrawal_rate,0.00,,
167,13115,Floyd,GA,False,49.00,32.06,49.16,67.61,26.76,57.52,62.98,55.51,56.17,0.78,True,0.14,-13.00,industrial_price_cents_kwh;coal_retired_mw;plant_capacity_mw_100km,0.00,,
168,39111,Monroe,OH,False,34.57,67.03,59.48,60.84,45.64,71.78,66.95,43.16,56.15,0.73,True,-0.03,-2.00,industrial_price_cents_kwh;plant_capacity_mw_100km;water_permit_risk,0.00,,max_queue_median_age_years
169,40127,Pushmataha,OK,False,43.39,38.57,38.89,41.81,86.12,36.31,95.66,53.20,56.11,0.73,True,0.03,-4.00,industrial_price_cents_kwh;state_policy_risk;land_area_sqkm,0.00,,max_queue_median_age_years
170,19099,Jasper,IA,False,52.04,52.66,47.38,48.81,53.80,54.07,74.08,55.51,56.06,0.73,True,-0.01,-2.00,industrial_price_cents_kwh;water_permit_risk;water_stress_bws,0.00,,max_queue_median_age_years
171,01073,Jefferson,AL,False,35.04,37.44,44.64,64.42,45.06,57.80,58.49,60.85,56.05,0.71,True,0.14,-8.00,dc_existing_count;water_permit_risk;industrial_price_cents_kwh,0.00,,max_queue_median_age_years
172,48221,Hood,TX,False,74.65,30.28,40.80,77.32,22.63,41.81,90.33,27.06,56.00,0.76,True,-0.15,-1.00,industrial_price_cents_kwh;dc_existing_count;queue_median_age_years,0.00,,
173,13149,Heard,GA,False,34.22,34.46,42.05,76.56,32.29,40.14,62.98,55.51,55.96,0.78,True,0.11,-6.00,industrial_price_cents_kwh;coal_retired_mw;plant_capacity_mw_100km,0.00,,
174,48467,Van Zandt,TX,False,60.80,28.69,43.07,63.47,52.98,43.82,90.33,36.26,55.90,0.76,True,-0.00,-4.00,industrial_price_cents_kwh;queue_withdrawal_rate;fiber_share_locations,0.00,,
175,19125,Marion,IA,False,51.11,49.13,43.01,57.41,41.06,41.38,74.08,55.51,55.86,0.73,True,-0.07,-3.00,industrial_price_cents_kwh;coal_retired_mw;water_permit_risk,0.00,,max_queue_median_age_years
176,19123,Mahaska,IA,False,48.78,53.67,45.72,51.79,49.36,48.34,74.08,55.51,55.80,0.73,True,-0.03,-3.00,industrial_price_cents_kwh;water_permit_risk;fiber_share_locations,0.00,,max_queue_median_age_years
177,22043,Grant,LA,False,34.25,39.74,38.57,44.36,55.79,40.24,97.93,55.51,55.75,0.73,True,-0.04,-3.00,industrial_price_cents_kwh;water_permit_risk;water_stress_bws,0.00,,max_queue_median_age_years
178,18141,St. Joseph,IN,False,60.39,68.77,68.98,69.33,18.27,71.61,31.34,55.51,55.73,0.78,True,-0.04,-3.00,dc_existing_count;queue_median_age_years;water_permit_risk,0.00,,
179,19057,Des Moines,IA,False,51.46,55.02,54.85,42.87,26.74,78.04,74.08,55.51,55.61,0.76,True,-0.13,0.00,industrial_price_cents_kwh;water_permit_risk;fiber_share_locations,0.00,,max_queue_median_age_years
180,19075,Grundy,IA,False,55.40,48.61,50.12,50.13,50.51,44.46,74.08,55.51,55.58,0.73,True,-0.04,-2.00,industrial_price_cents_kwh;water_permit_risk;pop_density_per_sqkm,0.00,,max_queue_median_age_years
181,19129,Mills,IA,False,61.06,45.93,38.10,56.32,42.73,37.98,74.08,55.51,55.56,0.76,True,0.00,-4.00,industrial_price_cents_kwh;fiber_share_locations;water_permit_risk,0.00,,max_queue_median_age_years
182,48213,Henderson,TX,False,67.07,34.55,48.52,55.36,50.50,52.07,90.33,36.26,55.55,0.76,True,0.02,-6.00,industrial_price_cents_kwh;queue_withdrawal_rate;plant_capacity_mw_100km,0.00,,
183,48181,Grayson,TX,False,66.24,39.68,49.33,61.49,49.08,57.77,90.33,27.06,55.47,0.76,True,-0.05,-2.00,industrial_price_cents_kwh;queue_withdrawal_rate;queue_median_age_years,0.00,,
184,01049,DeKalb,AL,False,40.00,51.74,49.30,59.89,47.83,44.11,58.49,60.85,55.42,0.71,True,0.05,-4.00,water_permit_risk;plant_capacity_mw_100km;industrial_price_cents_kwh,0.00,,max_queue_median_age_years
185,19011,Benton,IA,False,50.84,51.50,43.94,48.71,58.68,46.35,74.08,55.51,55.31,0.73,True,-0.06,-3.00,industrial_price_cents_kwh;water_permit_risk;fiber_share_locations,0.00,,max_queue_median_age_years
186,19029,Cass,IA,False,62.06,38.94,41.12,50.73,55.28,43.90,74.08,55.51,55.25,0.73,True,-0.09,-2.00,industrial_price_cents_kwh;water_permit_risk;plant_capacity_mw_100km,0.00,,max_queue_median_age_years
187,48423,Smith,TX,False,44.56,47.30,51.05,56.35,45.32,55.71,90.33,36.26,55.20,0.71,True,0.03,-4.00,industrial_price_cents_kwh;plant_capacity_mw_100km;land_area_sqkm,0.00,,max_queue_median_age_years
188,19171,Tama,IA,False,60.95,43.82,42.82,43.58,64.43,52.66,74.08,55.51,55.05,0.76,True,-0.10,-2.00,industrial_price_cents_kwh;water_permit_risk;pop_density_per_sqkm,0.00,,max_queue_median_age_years
189,21151,Madison,KY,False,36.60,61.03,63.78,43.10,21.98,58.05,81.26,55.51,55.00,0.76,True,-0.07,-2.00,industrial_price_cents_kwh;water_permit_risk;fiber_share_locations,0.00,,max_queue_median_age_years
190,17143,Peoria,IL,False,56.24,49.00,66.91,71.88,32.42,81.01,16.26,60.85,54.99,0.76,True,-0.07,1.00,water_permit_risk;coal_retired_mw;queue_withdrawal_rate,0.00,,
191,54077,Preston,WV,False,42.04,70.51,57.41,57.21,49.71,58.54,42.88,60.85,54.98,0.73,True,-0.05,-3.00,coal_retired_mw;water_permit_risk;plant_capacity_mw_100km,0.00,,max_queue_median_age_years
192,01043,Cullman,AL,False,39.72,47.75,40.91,61.84,43.50,44.80,58.49,60.85,54.91,0.71,True,0.17,-7.00,water_permit_risk;fiber_share_locations;plant_capacity_mw_100km,0.00,,max_queue_median_age_years
193,39037,Darke,OH,False,42.12,71.84,51.21,60.13,40.45,59.55,66.95,43.16,54.90,0.73,True,0.02,-4.00,industrial_price_cents_kwh;dc_existing_count;water_permit_risk,0.00,,max_queue_median_age_years
194,28141,Tishomingo,MS,False,36.39,48.67,49.41,57.03,37.54,53.63,71.16,53.20,54.90,0.73,True,0.02,-4.00,industrial_price_cents_kwh;state_policy_risk;fiber_share_locations,0.00,,max_queue_median_age_years
195,21099,Hart,KY,False,36.16,58.86,48.60,48.34,35.45,45.74,81.26,55.51,54.90,0.76,True,-0.08,-1.00,industrial_price_cents_kwh;water_permit_risk;fiber_share_locations,0.00,,max_queue_median_age_years
196,17073,Henry,IL,False,65.28,47.43,70.37,66.35,54.99,71.52,16.26,60.85,54.87,0.76,True,-0.05,-3.00,water_permit_risk;queue_withdrawal_rate;fiber_share_locations,0.00,,
197,48067,Cass,TX,False,44.02,38.12,45.37,54.03,68.88,53.55,90.33,36.26,54.86,0.71,True,-0.23,3.00,industrial_price_cents_kwh;plant_capacity_mw_100km;land_area_sqkm,0.00,,max_queue_median_age_years
198,39079,Jackson,OH,False,38.42,60.61,58.29,61.88,29.19,66.49,66.95,43.16,54.85,0.78,True,-0.02,-6.00,industrial_price_cents_kwh;plant_capacity_mw_100km;water_permit_risk,0.00,,
199,39059,Guernsey,OH,False,36.45,54.67,55.77,60.54,36.57,72.51,66.95,43.16,54.79,0.73,True,-0.00,-4.00,industrial_price_cents_kwh;plant_capacity_mw_100km;water_permit_risk,0.00,,max_queue_median_age_years
200,01079,Lawrence,AL,False,55.02,49.05,48.88,54.45,52.72,39.08,58.49,60.85,54.75,0.73,True,0.01,-4.00,water_permit_risk;fiber_share_locations;industrial_price_cents_kwh,0.00,,max_queue_median_age_years
201,21183,Ohio,KY,False,35.81,59.28,48.81,42.00,50.19,52.22,81.26,55.51,54.72,0.76,True,-0.15,1.00,industrial_price_cents_kwh;water_permit_risk;plant_capacity_mw_100km,0.00,,max_queue_median_age_years
202,48499,Wood,TX,False,46.09,33.02,43.71,61.94,45.37,47.27,90.33,36.26,54.69,0.71,True,-0.03,-3.00,industrial_price_cents_kwh;fiber_share_locations;plant_capacity_mw_100km,0.00,,max_queue_median_age_years
203,01033,Colbert,AL,False,48.17,50.94,47.68,54.67,38.71,52.26,58.49,60.85,54.67,0.73,True,0.02,-5.00,coal_retired_mw;water_permit_risk;industrial_price_cents_kwh,0.00,,max_queue_median_age_years
204,28003,Alcorn,MS,False,36.17,42.26,53.87,57.46,26.05,58.43,71.16,53.20,54.66,0.73,True,-0.03,-3.00,industrial_price_cents_kwh;state_policy_risk;fiber_share_locations,0.00,,max_queue_median_age_years
205,48035,Bosque,TX,False,79.16,37.86,41.09,58.74,75.86,34.50,90.33,27.06,54.61,0.76,True,-0.15,0.00,industrial_price_cents_kwh;plant_capacity_mw_100km;queue_withdrawal_rate,0.00,,
206,13293,Upson,GA,False,36.92,37.17,49.68,66.30,22.45,51.18,62.98,55.51,54.61,0.73,True,0.10,-9.00,plant_capacity_mw_100km;industrial_price_cents_kwh;fiber_share_locations,0.00,,max_queue_median_age_years
207,39151,Stark,OH,False,39.03,72.02,59.30,54.62,26.21,78.21,66.95,43.16,54.61,0.76,True,-0.04,-4.00,industrial_price_cents_kwh;dc_existing_count;plant_capacity_mw_100km,0.00,,max_queue_median_age_years
208,48341,Moore,TX,False,60.58,30.02,48.37,53.63,70.54,40.09,90.33,36.26,54.58,0.71,True,-0.08,-4.00,industrial_price_cents_kwh;fiber_share_locations;land_area_sqkm,0.00,,max_queue_median_age_years
209,19191,Winneshiek,IA,False,51.12,65.83,48.30,39.75,60.05,49.34,74.08,55.51,54.55,0.73,True,-0.20,1.00,industrial_price_cents_kwh;water_permit_risk;heat_sink_score,0.00,,max_queue_median_age_years
210,48407,San Jacinto,TX,False,36.61,52.27,49.54,61.18,45.32,36.93,90.33,36.26,54.51,0.73,True,-0.11,-2.00,industrial_price_cents_kwh;plant_capacity_mw_100km;nri_drought_score,0.00,,max_queue_median_age_years
211,48225,Houston,TX,False,41.56,34.63,40.69,58.38,79.61,36.58,90.33,36.26,54.48,0.76,True,-0.06,-5.00,industrial_price_cents_kwh;queue_withdrawal_rate;land_area_sqkm,0.00,,
212,21017,Bourbon,KY,False,34.75,76.01,55.78,43.48,23.99,46.15,81.26,55.51,54.44,0.76,True,-0.04,-5.00,industrial_price_cents_kwh;water_permit_risk;plant_capacity_mw_100km,0.00,,max_queue_median_age_years
213,21171,Monroe,KY,False,33.39,60.57,48.91,42.64,35.61,57.96,81.26,55.51,54.44,0.73,True,-0.08,-4.00,industrial_price_cents_kwh;water_permit_risk;unemployment_rate_pct_2023,0.00,,max_queue_median_age_years
214,48157,Fort Bend,TX,False,74.93,31.26,44.55,77.00,37.55,55.97,90.33,11.47,54.42,0.76,True,-0.08,-2.00,industrial_price_cents_kwh;plant_capacity_mw_100km;dc_existing_count,0.00,,
215,17161,Rock Island,IL,False,63.36,51.79,72.60,67.33,18.58,84.55,16.26,60.85,54.38,0.76,True,-0.03,-4.00,water_permit_risk;queue_withdrawal_rate;fiber_share_locations,0.00,,
216,39027,Clinton,OH,False,54.61,68.44,56.91,55.95,24.83,63.26,66.95,43.16,54.30,0.73,True,-0.03,-2.00,industrial_price_cents_kwh;plant_capacity_mw_100km;water_permit_risk,0.00,,max_queue_median_age_years
217,21225,Union,KY,False,35.45,59.30,52.17,42.33,34.21,54.46,81.26,55.51,54.28,0.76,True,-0.11,4.00,industrial_price_cents_kwh;plant_capacity_mw_100km;water_permit_risk,0.00,,max_queue_median_age_years
218,48015,Austin,TX,False,49.95,28.57,47.28,62.50,51.11,33.11,90.33,36.26,54.23,0.76,True,-0.06,2.00,industrial_price_cents_kwh;plant_capacity_mw_100km;queue_withdrawal_rate,0.00,,
219,21137,Lincoln,KY,False,41.48,61.61,62.31,40.00,24.78,52.75,81.26,55.51,54.23,0.76,True,-0.10,4.00,industrial_price_cents_kwh;water_permit_risk;unemployment_rate_pct_2023,0.00,,max_queue_median_age_years
220,28139,Tippah,MS,False,34.45,47.11,54.32,55.09,38.84,48.94,71.16,53.20,54.22,0.73,True,-0.02,-3.00,industrial_price_cents_kwh;state_policy_risk;fiber_share_locations,0.00,,max_queue_median_age_years
221,17053,Ford,IL,False,67.94,64.35,50.86,69.13,48.17,60.78,16.26,60.85,54.14,0.76,True,-0.07,5.00,water_permit_risk;plant_capacity_mw_100km;queue_withdrawal_rate,0.00,,
222,13143,Haralson,GA,False,41.24,37.79,47.63,63.97,18.38,52.96,62.98,55.51,54.14,0.73,True,0.14,-9.00,plant_capacity_mw_100km;industrial_price_cents_kwh;water_permit_risk,0.00,,max_queue_median_age_years
223,01011,Bullock,AL,False,46.05,27.43,39.29,59.45,63.36,39.07,58.49,60.85,54.13,0.71,True,0.03,-1.00,fiber_share_locations;water_permit_risk;industrial_price_cents_kwh,0.00,,max_queue_median_age_years
224,13193,Macon,GA,False,54.51,35.85,38.48,58.49,40.95,51.68,62.98,55.51,54.13,0.76,True,0.07,-8.00,industrial_price_cents_kwh;water_permit_risk;fiber_share_locations,0.00,,max_queue_median_age_years
225,39143,Sandusky,OH,False,50.27,87.25,42.72,53.47,21.95,72.53,66.95,43.16,54.13,0.73,True,-0.01,-1.00,industrial_price_cents_kwh;plant_capacity_mw_100km;water_permit_risk,0.00,,max_queue_median_age_years
226,21045,Casey,KY,False,33.21,61.94,50.12,40.27,42.26,54.78,81.26,55.51,54.12,0.73,True,-0.11,1.00,industrial_price_cents_kwh;water_permit_risk;unemployment_rate_pct_2023,0.00,,max_queue_median_age_years
227,13055,Chattooga,GA,False,43.08,41.31,43.68,59.62,22.92,61.61,62.98,55.51,54.10,0.73,True,0.14,-12.00,industrial_price_cents_kwh;plant_capacity_mw_100km;water_permit_risk,0.00,,max_queue_median_age_years
228,13285,Troup,GA,False,42.53,44.53,49.95,61.04,21.28,51.42,62.98,55.51,54.08,0.73,True,0.11,-10.00,dc_existing_count;industrial_price_cents_kwh;plant_capacity_mw_100km,0.00,,max_queue_median_age_years
229,01021,Chilton,AL,False,37.98,36.48,40.68,63.15,48.36,36.12,58.49,60.85,54.02,0.71,True,0.16,-10.00,water_permit_risk;plant_capacity_mw_100km;fiber_share_locations,0.00,,max_queue_median_age_years
230,28057,Itawamba,MS,False,33.26,41.24,48.76,57.71,44.18,44.30,71.16,53.20,54.01,0.73,True,0.12,-5.00,industrial_price_cents_kwh;state_policy_risk;fiber_share_locations,0.00,,max_queue_median_age_years
231,48459,Upshur,TX,False,43.26,35.73,41.30,60.17,41.91,47.61,90.33,36.26,53.89,0.71,True,-0.19,5.00,industrial_price_cents_kwh;plant_capacity_mw_100km;fiber_share_locations,0.00,,max_queue_median_age_years
232,49007,Carbon,UT,False,61.87,56.29,63.42,52.91,83.03,49.74,41.52,53.20,53.87,0.76,True,0.03,-3.00,state_policy_risk;coal_retired_mw;fiber_share_locations,0.00,,max_queue_median_age_years
233,18039,Elkhart,IN,False,47.53,75.76,65.64,63.07,19.64,74.86,31.34,55.51,53.86,0.78,True,-0.05,-1.00,queue_median_age_years;water_permit_risk;fiber_share_locations,0.00,,
234,28081,Lee,MS,False,38.30,43.03,50.84,55.13,23.46,57.23,71.16,53.20,53.82,0.73,True,0.12,-6.00,industrial_price_cents_kwh;state_policy_risk;fiber_share_locations,0.00,,max_queue_median_age_years
235,28061,Jasper,MS,False,42.32,47.38,43.02,48.10,61.74,51.42,71.16,53.20,53.80,0.78,True,-0.10,2.00,industrial_price_cents_kwh;state_policy_risk;queue_withdrawal_rate,0.00,,
236,28117,Prentiss,MS,False,34.38,45.92,51.70,56.20,32.12,47.41,71.16,53.20,53.74,0.73,True,0.07,-3.00,industrial_price_cents_kwh;state_policy_risk;fiber_share_locations,0.00,,max_queue_median_age_years
237,01015,Calhoun,AL,False,45.86,42.70,41.57,54.69,33.82,56.68,58.49,60.85,53.73,0.71,True,0.12,-7.00,plant_capacity_mw_100km;water_permit_risk;industrial_price_cents_kwh,0.00,,max_queue_median_age_years
238,19175,Union,IA,False,62.81,47.76,44.42,43.12,43.73,46.84,74.08,55.51,53.73,0.73,True,0.03,-4.00,industrial_price_cents_kwh;water_permit_risk;pop_change_pct_since_peak,0.00,,max_queue_median_age_years
239,17095,Knox,IL,False,57.45,56.48,65.09,62.06,49.15,78.45,16.26,60.85,53.70,0.76,True,-0.09,1.00,water_permit_risk;fiber_share_locations;plant_capacity_mw_100km,0.00,,
240,18083,Knox,IN,False,42.66,55.86,57.56,72.54,36.76,56.75,31.34,55.51,53.69,0.78,True,-0.00,-2.00,coal_retired_mw;plant_capacity_mw_100km;queue_median_age_years,0.00,,
241,21157,Marshall,KY,False,34.26,53.94,47.02,44.58,19.23,59.76,81.26,55.51,53.69,0.73,True,-0.07,-2.00,industrial_price_cents_kwh;water_permit_risk;plant_capacity_mw_100km,0.00,,max_queue_median_age_years
242,19101,Jefferson,IA,False,42.48,51.99,50.92,45.03,41.61,50.13,74.08,55.51,53.68,0.73,True,-0.13,1.00,industrial_price_cents_kwh;water_permit_risk;water_stress_bws,0.00,,max_queue_median_age_years
243,01117,Shelby,AL,False,36.97,32.20,39.45,61.49,39.85,47.58,58.49,60.85,53.67,0.71,True,0.15,-12.00,water_permit_risk;plant_capacity_mw_100km;industrial_price_cents_kwh,0.00,,max_queue_median_age_years
244,21123,Larue,KY,False,39.91,64.29,45.67,44.35,25.60,44.91,81.26,55.51,53.65,0.73,True,-0.04,-3.00,industrial_price_cents_kwh;water_permit_risk;unemployment_rate_pct_2023,0.00,,max_queue_median_age_years
245,13199,Meriwether,GA,False,43.71,27.89,51.48,55.15,43.23,57.85,62.98,55.51,53.64,0.73,True,0.10,-10.00,plant_capacity_mw_100km;industrial_price_cents_kwh;water_permit_risk,0.00,,max_queue_median_age_years
246,48113,Dallas,TX,False,60.82,32.33,53.79,81.71,36.07,63.83,90.33,2.28,53.62,0.76,True,-0.11,-2.00,industrial_price_cents_kwh;dc_existing_count;queue_median_age_years,0.00,,
247,48449,Titus,TX,False,44.64,42.14,38.48,59.00,27.90,52.69,90.33,36.26,53.49,0.73,True,-0.16,2.00,industrial_price_cents_kwh;coal_retired_mw;plant_capacity_mw_100km,0.00,,max_queue_median_age_years
248,28107,Panola,MS,False,37.56,51.69,51.25,45.26,52.46,56.89,71.16,53.20,53.49,0.76,True,-0.01,-3.00,industrial_price_cents_kwh;state_policy_risk;fiber_share_locations,0.00,,max_queue_median_age_years
249,21079,Garrard,KY,False,40.88,58.27,59.76,41.48,20.92,46.61,81.26,55.51,53.47,0.76,True,-0.08,-2.00,industrial_price_cents_kwh;water_permit_risk;drought_share_weeks_d2plus,0.00,,max_queue_median_age_years
250,13291,Union,GA,False,49.05,56.85,53.70,53.44,23.35,48.49,62.98,55.51,53.47,0.73,True,-0.04,-4.00,industrial_price_cents_kwh;water_permit_risk;plant_capacity_mw_100km,0.00,,max_queue_median_age_years
251,01001,Autauga,AL,False,45.60,35.18,42.25,59.53,38.45,40.39,58.49,60.85,53.45,0.76,True,0.13,-9.00,water_permit_risk;queue_median_age_years;industrial_price_cents_kwh,0.00,,
252,19087,Henry,IA,False,38.47,57.08,54.54,44.43,37.54,48.54,74.08,55.51,53.43,0.73,True,-0.15,-1.00,industrial_price_cents_kwh;water_permit_risk;water_stress_bws,0.00,,max_queue_median_age_years
253,17183,Vermilion,IL,False,57.77,60.00,52.66,60.90,53.38,82.72,16.26,60.85,53.41,0.76,True,-0.05,-5.00,water_permit_risk;coal_retired_mw;plant_capacity_mw_100km,0.00,,
254,28073,Lamar,MS,False,46.35,42.04,50.79,54.39,28.79,43.70,71.16,53.20,53.31,0.76,True,-0.09,-2.00,industrial_price_cents_kwh;state_policy_risk;coal_retired_mw,0.00,,max_queue_median_age_years
255,01113,Russell,AL,False,37.43,31.23,46.54,58.26,42.06,45.83,58.49,60.85,53.31,0.71,True,0.01,-5.00,fiber_share_locations;water_permit_risk;industrial_price_cents_kwh,0.00,,max_queue_median_age_years
256,37083,Halifax,NC,False,67.13,38.12,51.55,51.38,50.11,71.52,45.37,55.51,53.19,0.73,True,-0.05,0.00,water_permit_risk;plant_capacity_mw_100km;unemployment_rate_pct_2023,0.00,,max_queue_median_age_years
257,01005,Barbour,AL,False,41.12,39.18,41.29,46.92,67.84,56.20,58.49,60.85,53.19,0.71,True,0.01,-4.00,water_permit_risk;industrial_price_cents_kwh;land_area_sqkm,0.00,,max_queue_median_age_years
258,17179,Tazewell,IL,False,57.13,50.00,59.99,64.85,35.82,81.64,16.26,60.85,53.16,0.76,True,-0.06,-1.00,water_permit_risk;queue_median_age_years;plant_capacity_mw_100km,0.00,,
259,48041,Brazos,TX,False,52.23,34.67,59.15,55.29,28.88,41.44,90.33,36.26,53.15,0.71,True,0.01,-4.00,industrial_price_cents_kwh;plant_capacity_mw_100km;population,0.00,,max_queue_median_age_years
260,13159,Jasper,GA,False,43.63,28.73,43.76,63.38,34.19,37.90,62.98,55.51,53.05,0.73,True,0.12,-6.00,industrial_price_cents_kwh;plant_capacity_mw_100km;water_permit_risk,0.00,,max_queue_median_age_years
261,17039,De Witt,IL,False,65.59,52.94,59.77,68.10,36.89,60.27,16.26,60.85,52.99,0.76,True,-0.07,-1.00,water_permit_risk;queue_median_age_years;queue_withdrawal_rate,0.00,,
262,26091,Lenawee,MI,False,55.48,85.33,54.12,66.12,43.50,77.58,28.53,43.16,52.96,0.78,True,-0.02,-3.00,water_permit_risk;plant_capacity_mw_100km;queue_withdrawal_rate,0.00,,
263,39169,Wayne,OH,False,35.53,74.90,56.31,52.51,29.08,65.32,66.95,43.16,52.93,0.76,True,-0.02,-2.00,industrial_price_cents_kwh;coal_retired_mw;water_permit_risk,0.00,,max_queue_median_age_years
264,13079,Crawford,GA,False,43.86,29.04,45.90,61.32,34.01,40.60,62.98,55.51,52.92,0.73,True,0.09,-6.00,fiber_share_locations;industrial_price_cents_kwh;water_permit_risk,0.00,,max_queue_median_age_years
265,48139,Ellis,TX,False,81.55,42.07,43.95,73.86,46.70,55.34,90.33,2.28,52.87,0.76,True,-0.06,-1.00,industrial_price_cents_kwh;dc_existing_count;plant_capacity_mw_100km,0.00,,
266,29113,Lincoln,MO,False,45.66,70.72,51.35,64.42,40.32,45.84,38.13,55.51,52.86,0.78,True,0.00,-3.00,queue_median_age_years;water_permit_risk;queue_withdrawal_rate,0.00,,
267,17167,Sangamon,IL,False,54.46,53.39,61.54,65.48,43.73,68.89,16.26,60.85,52.85,0.76,True,-0.09,-2.00,water_permit_risk;coal_retired_mw;plant_capacity_mw_100km,0.00,,
268,39141,Ross,OH,False,43.23,53.18,57.74,51.24,41.99,65.90,66.95,43.16,52.77,0.73,True,-0.02,-2.00,industrial_price_cents_kwh;plant_capacity_mw_100km;water_permit_risk,0.00,,max_queue_median_age_years
269,48063,Camp,TX,False,44.48,44.79,38.70,58.64,22.08,47.03,90.33,36.26,52.76,0.71,True,-0.36,10.00,industrial_price_cents_kwh;plant_capacity_mw_100km;fiber_share_locations,0.00,,max_queue_median_age_years
270,04015,Mohave,AZ,False,61.95,40.34,51.36,58.79,87.71,50.49,34.96,53.20,52.76,0.78,True,0.12,-8.00,state_policy_risk;land_area_sqkm;queue_withdrawal_rate,0.00,,
271,39077,Huron,OH,False,44.02,85.13,50.87,45.30,29.19,74.87,66.95,43.16,52.73,0.76,True,-0.00,-2.00,industrial_price_cents_kwh;water_permit_risk;drought_share_weeks_d2plus,0.00,,max_queue_median_age_years
272,17199,Williamson,IL,False,42.13,53.10,63.22,72.69,22.26,69.53,16.26,60.85,52.73,0.73,True,0.01,-5.00,water_permit_risk;coal_retired_mw;fiber_share_locations,0.00,,max_queue_median_age_years
273,01045,Dale,AL,False,48.48,38.69,48.09,52.43,36.75,44.06,58.49,60.85,52.68,0.73,True,-0.04,-1.00,water_permit_risk;fiber_share_locations;industrial_price_cents_kwh,0.00,,max_queue_median_age_years
274,28017,Chickasaw,MS,False,35.04,45.79,45.09,45.31,46.45,62.09,71.16,53.20,52.68,0.76,True,0.06,-6.00,industrial_price_cents_kwh;state_policy_risk;fiber_share_locations,0.00,,max_queue_median_age_years
275,37123,Montgomery,NC,False,56.52,46.89,47.87,57.48,39.06,60.06,45.37,55.51,52.68,0.78,True,0.01,-5.00,water_permit_risk;plant_capacity_mw_100km;fiber_share_locations,0.00,,
276,17113,McLean,IL,False,70.05,55.73,52.88,62.34,53.36,62.18,16.26,60.85,52.66,0.76,True,-0.06,-2.00,water_permit_risk;plant_capacity_mw_100km;fiber_share_locations,0.00,,
277,37121,Mitchell,NC,False,48.88,70.57,61.41,53.49,21.98,61.80,45.37,55.51,52.60,0.73,True,0.01,-4.00,water_permit_risk;fiber_share_locations;mfg_emp_share_1969,0.00,,max_queue_median_age_years
278,29165,Platte,MO,False,49.86,52.93,52.45,71.56,19.31,43.38,38.13,55.51,52.55,0.73,True,-0.00,-1.00,dc_existing_count;water_permit_risk;fiber_share_locations,0.00,,max_queue_median_age_years
279,28087,Lowndes,MS,False,34.56,37.89,37.91,53.68,30.43,58.02,71.16,53.20,52.54,0.76,True,0.13,-8.00,industrial_price_cents_kwh;state_policy_risk;fiber_share_locations,0.00,,max_queue_median_age_years
280,13111,Fannin,GA,False,47.37,49.40,50.39,51.33,28.61,48.92,62.98,55.51,52.53,0.73,True,0.03,-5.00,plant_capacity_mw_100km;industrial_price_cents_kwh;water_permit_risk,0.00,,max_queue_median_age_years
281,30003,Big Horn,MT,False,61.45,60.22,46.98,39.87,96.12,41.46,55.66,53.20,52.38,0.76,True,0.17,-5.00,state_policy_risk;land_area_sqkm;pop_density_per_sqkm,0.00,,max_queue_median_age_years
282,01109,Pike,AL,False,36.56,44.30,44.13,53.74,51.54,34.79,58.49,60.85,52.36,0.71,True,-0.02,0.00,fiber_share_locations;water_permit_risk;industrial_price_cents_kwh,0.00,,max_queue_median_age_years
283,01095,Marshall,AL,False,44.34,53.63,46.38,49.18,31.17,47.83,58.49,60.85,52.34,0.71,True,0.01,-2.00,water_permit_risk;industrial_price_cents_kwh;plant_capacity_mw_100km,0.00,,max_queue_median_age_years
284,39149,Shelby,OH,False,43.51,71.61,51.87,50.49,23.37,67.27,66.95,43.16,52.31,0.73,True,0.01,-1.00,industrial_price_cents_kwh;water_permit_risk;mfg_emp_share_1969,0.00,,max_queue_median_age_years
285,29021,Buchanan,MO,False,52.58,51.60,54.52,61.75,19.51,66.03,38.13,55.51,52.25,0.73,True,0.02,0.00,fiber_share_locations;water_permit_risk;plant_capacity_mw_100km,0.00,,max_queue_median_age_years
286,29019,Boone,MO,False,39.72,63.79,46.03,67.41,35.82,46.15,38.13,55.51,52.22,0.73,True,-0.04,0.00,coal_retired_mw;fiber_share_locations;water_permit_risk,0.00,,max_queue_median_age_years
287,17011,Bureau,IL,False,58.16,48.15,64.46,57.05,62.82,71.21,16.26,60.85,52.19,0.76,True,-0.08,1.00,water_permit_risk;plant_capacity_mw_100km;unemployment_rate_pct_2023,0.00,,
288,17085,Jo Daviess,IL,False,44.45,66.30,59.19,63.64,52.65,60.47,16.26,60.85,52.13,0.71,True,-0.13,4.00,water_permit_risk;fiber_share_locations;plant_capacity_mw_100km,0.00,,max_queue_median_age_years
289,39175,Wyandot,OH,False,45.15,85.91,47.28,50.06,32.89,51.78,66.95,43.16,52.10,0.76,True,-0.06,2.00,industrial_price_cents_kwh;water_permit_risk;drought_share_weeks_d2plus,0.00,,max_queue_median_age_years
290,18135,Randolph,IN,False,61.95,70.05,48.55,56.70,36.35,66.75,31.34,55.51,52.08,0.78,True,0.03,-3.00,queue_median_age_years;water_permit_risk;mfg_emp_share_1969,0.00,,
291,37033,Caswell,NC,False,50.64,34.43,58.63,59.68,34.58,54.01,45.37,55.51,52.08,0.73,True,-0.01,-2.00,plant_capacity_mw_100km;water_permit_risk;fiber_share_locations,0.00,,max_queue_median_age_years
292,13105,Elbert,GA,False,55.74,32.43,54.33,48.26,29.19,54.05,62.98,55.51,52.07,0.73,True,0.23,-8.00,industrial_price_cents_kwh;plant_capacity_mw_100km;water_permit_risk,0.00,,max_queue_median_age_years
293,17045,Edgar,IL,False,51.44,54.84,54.14,64.11,58.04,60.50,16.26,60.85,52.03,0.76,True,-0.05,0.00,water_permit_risk;queue_median_age_years;queue_withdrawal_rate,0.00,,
294,39137,Putnam,OH,False,54.56,85.07,44.28,46.58,34.56,55.11,66.95,43.16,51.99,0.73,True,-0.07,3.00,industrial_price_cents_kwh;water_permit_risk;water_stress_bws,0.00,,max_queue_median_age_years
295,37005,Alleghany,NC,False,50.72,48.95,61.54,55.71,27.63,57.02,45.37,55.51,51.98,0.73,True,-0.09,3.00,fiber_share_locations;water_permit_risk;mfg_emp_share_1969,0.00,,max_queue_median_age_years
296,39039,Defiance,OH,False,44.40,80.39,46.96,46.87,26.23,69.14,66.95,43.16,51.98,0.76,True,-0.03,0.00,industrial_price_cents_kwh;water_permit_risk;fiber_share_locations,0.00,,max_queue_median_age_years
297,39107,Mercer,OH,False,42.29,74.91,50.05,53.33,30.25,49.86,66.95,43.16,51.97,0.73,True,-0.02,-3.00,industrial_price_cents_kwh;water_permit_risk;fiber_share_locations,0.00,,max_queue_median_age_years
298,37127,Nash,NC,False,60.34,36.68,51.53,55.94,29.09,64.00,45.37,55.51,51.97,0.78,True,-0.02,-3.00,water_permit_risk;queue_median_age_years;plant_capacity_mw_100km,0.00,,
299,13211,Morgan,GA,False,36.86,34.49,39.08,62.32,28.47,36.50,62.98,55.51,51.92,0.73,True,0.14,-9.00,industrial_price_cents_kwh;plant_capacity_mw_100km;water_permit_risk,0.00,,max_queue_median_age_years
300,28083,Leflore,MS,False,39.77,49.32,38.37,40.92,48.73,62.32,71.16,53.20,51.82,0.76,True,-0.02,-1.00,industrial_price_cents_kwh;state_policy_risk;pop_change_pct_since_peak,0.00,,max_queue_median_age_years
301,42115,Susquehanna,PA,False,53.08,90.63,54.39,54.97,58.57,62.94,38.13,43.16,51.76,0.76,True,-0.03,-1.00,water_permit_risk;fiber_share_locations;plant_capacity_mw_100km,0.00,,max_queue_median_age_years
302,39033,Crawford,OH,False,47.52,84.72,54.75,39.08,24.04,79.23,66.95,43.16,51.73,0.76,True,-0.02,0.00,industrial_price_cents_kwh;water_permit_risk;mfg_emp_share_1969,0.00,,max_queue_median_age_years
303,29013,Bates,MO,False,50.64,51.51,42.53,60.63,70.83,38.56,38.13,55.51,51.72,0.73,True,-0.02,0.00,fiber_share_locations;water_permit_risk;pop_density_per_sqkm,0.00,,max_queue_median_age_years
304,39019,Carroll,OH,False,38.23,67.92,56.96,48.16,28.66,65.39,66.95,43.16,51.67,0.76,True,-0.02,1.00,industrial_price_cents_kwh;plant_capacity_mw_100km;water_permit_risk,0.00,,max_queue_median_age_years
305,48099,Coryell,TX,False,62.92,28.61,55.44,50.45,57.59,44.03,90.33,27.06,51.66,0.71,True,-0.04,3.00,industrial_price_cents_kwh;land_area_sqkm;unemployment_rate_pct_2023,0.00,,max_queue_median_age_years
306,28007,Attala,MS,False,36.12,39.92,47.66,39.21,64.65,56.14,71.16,53.20,51.64,0.73,True,0.02,-2.00,industrial_price_cents_kwh;state_policy_risk;pop_change_pct_since_peak,0.00,,max_queue_median_age_years
307,39069,Henry,OH,False,43.69,78.15,43.40,46.09,30.94,68.69,66.95,43.16,51.60,0.76,True,-0.05,3.00,industrial_price_cents_kwh;plant_capacity_mw_100km;water_permit_risk,0.00,,max_queue_median_age_years
308,54025,Greenbrier,WV,False,39.22,82.70,56.75,37.21,69.85,57.69,42.88,60.85,51.60,0.71,True,-0.05,3.00,water_permit_risk;land_area_sqkm;drought_share_weeks_d2plus,0.00,,max_queue_median_age_years
309,17025,Clay,IL,False,46.06,52.93,57.27,65.55,46.96,61.73,16.26,60.85,51.59,0.76,True,-0.01,0.00,water_permit_risk;fiber_share_locations;queue_withdrawal_rate,0.00,,
310,17123,Marshall,IL,False,63.20,49.55,61.08,62.03,39.85,62.38,16.26,60.85,51.57,0.73,True,-0.04,2.00,water_permit_risk;plant_capacity_mw_100km;queue_withdrawal_rate,0.00,,max_queue_median_age_years
311,13119,Franklin,GA,False,42.81,38.31,51.30,53.85,19.72,46.34,62.98,55.51,51.56,0.73,True,0.17,-10.00,industrial_price_cents_kwh;plant_capacity_mw_100km;water_permit_risk,0.00,,max_queue_median_age_years
312,13241,Rabun,GA,False,40.35,42.75,54.43,49.48,32.94,46.31,62.98,55.51,51.53,0.73,True,0.11,-5.00,industrial_price_cents_kwh;plant_capacity_mw_100km;water_permit_risk,0.00,,max_queue_median_age_years
313,13195,Madison,GA,False,43.75,34.82,50.47,55.36,18.33,43.47,62.98,55.51,51.42,0.73,True,0.22,-7.00,industrial_price_cents_kwh;plant_capacity_mw_100km;water_permit_risk,0.00,,max_queue_median_age_years
314,55011,Buffalo,WI,False,45.69,71.19,58.41,61.43,64.25,50.56,21.66,55.51,51.40,0.73,True,-0.24,7.00,coal_retired_mw;water_permit_risk;fiber_share_locations,0.00,,max_queue_median_age_years
315,29195,Saline,MO,False,33.91,56.57,49.71,58.27,62.24,51.71,38.13,55.51,51.38,0.73,True,-0.01,-2.00,coal_retired_mw;water_permit_risk;fiber_share_locations,0.00,,max_queue_median_age_years
316,28001,Adams,MS,False,39.09,41.42,46.18,42.12,34.93,62.38,71.16,53.20,51.35,0.73,True,-0.05,-1.00,industrial_price_cents_kwh;state_policy_risk;unemployment_rate_pct_2023,0.00,,max_queue_median_age_years
317,01009,Blount,AL,False,43.52,43.18,37.75,49.80,42.14,41.05,58.49,60.85,51.34,0.71,True,0.15,318.00,water_permit_risk;plant_capacity_mw_100km;industrial_price_cents_kwh,0.00,,max_queue_median_age_years
318,37087,Haywood,NC,False,57.66,55.77,65.59,46.02,33.47,59.74,45.37,55.51,51.26,0.73,True,0.02,-2.00,water_permit_risk;plant_capacity_mw_100km;mfg_emp_share_1969,0.00,,max_queue_median_age_years
319,01077,Lauderdale,AL,False,40.91,53.15,52.55,43.65,39.24,43.80,58.49,60.85,51.26,0.73,True,0.02,-2.00,water_permit_risk;industrial_price_cents_kwh;plant_capacity_mw_100km,0.00,,max_queue_median_age_years
320,42081,Lycoming,PA,False,52.74,84.86,57.19,49.79,57.77,74.80,38.13,43.16,51.25,0.78,True,-0.02,0.00,water_permit_risk;plant_capacity_mw_100km;land_area_sqkm,0.00,,
321,01007,Bibb,AL,False,35.55,29.95,37.86,49.68,54.26,46.85,58.49,60.85,51.21,0.71,True,0.13,-7.00,water_permit_risk;plant_capacity_mw_100km;industrial_price_cents_kwh,0.00,,max_queue_median_age_years
322,01115,St. Clair,AL,False,34.21,43.99,38.83,51.06,37.12,44.24,58.49,60.85,51.13,0.71,True,0.15,-4.00,water_permit_risk;industrial_price_cents_kwh;plant_capacity_mw_100km,0.00,,max_queue_median_age_years
323,01051,Elmore,AL,False,37.67,28.19,39.71,56.08,36.76,36.71,58.49,60.85,51.11,0.71,True,0.14,-4.00,water_permit_risk;plant_capacity_mw_100km;industrial_price_cents_kwh,0.00,,max_queue_median_age_years
324,37039,Cherokee,NC,False,39.40,62.05,52.99,51.86,34.30,60.16,45.37,55.51,51.10,0.73,True,-0.02,-1.00,plant_capacity_mw_100km;water_permit_risk;mfg_emp_share_1969,0.00,,max_queue_median_age_years
325,17015,Carroll,IL,False,45.72,56.54,57.81,63.19,42.60,62.52,16.26,60.85,51.05,0.71,True,-0.14,1.00,water_permit_risk;plant_capacity_mw_100km;fiber_share_locations,0.00,,max_queue_median_age_years
326,26157,Tuscola,MI,False,55.68,79.70,49.21,60.37,53.09,72.61,28.53,43.16,51.05,0.78,True,0.05,-4.00,queue_withdrawal_rate;water_permit_risk;queue_median_age_years,0.00,,
327,26155,Shiawassee,MI,False,55.70,77.17,59.91,61.55,30.85,77.47,28.53,43.16,51.03,0.78,True,0.02,-3.00,queue_median_age_years;water_permit_risk;queue_withdrawal_rate,0.00,,
328,37113,Macon,NC,False,57.10,60.63,61.78,47.09,36.35,50.67,45.37,55.51,50.94,0.73,True,0.00,-3.00,water_permit_risk;plant_capacity_mw_100km;plant_clean_capacity_mw_100km,0.00,,max_queue_median_age_years
329,13093,Dooly,GA,False,39.47,26.29,38.04,54.18,41.12,44.48,62.98,55.51,50.93,0.73,True,0.09,313.00,industrial_price_cents_kwh;fiber_share_locations;water_permit_risk,0.00,,max_queue_median_age_years
330,28029,Copiah,MS,False,34.99,51.13,44.45,36.38,60.97,53.58,71.16,53.20,50.87,0.73,True,-0.01,-2.00,industrial_price_cents_kwh;state_policy_risk;mfg_emp_share_1969,0.00,,max_queue_median_age_years
331,39007,Ashtabula,OH,False,37.02,81.87,51.60,36.49,40.87,77.57,66.95,43.16,50.85,0.76,True,0.02,-4.00,industrial_price_cents_kwh;water_permit_risk;drought_share_weeks_d2plus,0.00,,max_queue_median_age_years
332,42029,Chester,PA,False,57.35,47.52,61.51,80.49,34.90,61.96,38.13,26.64,50.84,0.76,True,0.02,-3.00,plant_capacity_mw_100km;dc_existing_count;coal_retired_mw,0.00,,max_queue_median_age_years
333,13281,Towns,GA,False,43.21,50.49,55.09,47.04,19.23,46.32,62.98,55.51,50.83,0.73,True,-0.03,-1.00,industrial_price_cents_kwh;water_permit_risk;plant_capacity_mw_100km,0.00,,max_queue_median_age_years
334,37199,Yancey,NC,False,48.11,50.94,60.85,54.34,26.84,48.64,45.37,55.51,50.80,0.73,True,0.02,-4.00,fiber_share_locations;water_permit_risk;cdd_hist,0.00,,max_queue_median_age_years
335,42069,Lackawanna,PA,False,56.20,89.00,59.04,51.72,19.30,82.00,38.13,43.16,50.71,0.76,True,-0.00,-2.00,plant_capacity_mw_100km;water_permit_risk;heat_sink_score,0.00,,max_queue_median_age_years
336,39011,Auglaize,OH,False,41.85,81.18,48.80,45.48,22.93,59.74,66.95,43.16,50.67,0.76,True,-0.05,-2.00,industrial_price_cents_kwh;coal_retired_mw;water_permit_risk,0.00,,max_queue_median_age_years
337,37069,Franklin,NC,False,54.57,34.50,58.36,54.14,27.63,54.54,45.37,55.51,50.61,0.73,True,-0.03,-2.00,plant_capacity_mw_100km;water_permit_risk;grid_co2_lb_mwh,0.00,,max_queue_median_age_years
338,20045,Douglas,KS,False,62.61,51.87,50.43,66.74,21.95,49.54,48.67,39.12,50.53,0.76,True,0.04,-2.00,coal_retired_mw;plant_capacity_mw_100km;fiber_share_locations,0.00,,max_queue_median_age_years
339,39049,Franklin,OH,False,41.75,54.79,67.68,45.19,19.80,63.95,66.95,43.16,50.50,0.76,True,-0.01,-2.00,industrial_price_cents_kwh;dc_existing_count;water_permit_risk,0.00,,max_queue_median_age_years
340,39171,Williams,OH,False,46.75,79.19,54.23,39.10,27.79,66.41,66.95,43.16,50.49,0.76,True,-0.05,0.00,industrial_price_cents_kwh;water_permit_risk;mfg_emp_share_1969,0.00,,max_queue_median_age_years
341,26065,Ingham,MI,False,51.46,87.61,58.05,61.86,24.90,70.87,28.53,43.16,50.42,0.78,True,-0.04,2.00,coal_retired_mw;water_permit_risk;heat_sink_score,0.00,,
342,01085,Lowndes,AL,False,36.10,45.02,42.60,35.88,69.19,53.54,58.49,60.85,50.42,0.73,True,0.06,-4.00,water_permit_risk;industrial_price_cents_kwh;pop_density_per_sqkm,0.00,,max_queue_median_age_years
343,18071,Jackson,IN,False,35.94,56.70,54.08,63.11,33.27,55.01,31.34,55.51,50.40,0.73,True,-0.02,-1.00,plant_capacity_mw_100km;water_permit_risk;fiber_share_locations,0.00,,max_queue_median_age_years
344,20103,Leavenworth,KS,False,50.91,50.84,52.17,69.68,24.45,45.93,48.67,39.12,50.38,0.78,True,0.01,-3.00,queue_withdrawal_rate;queue_median_age_years;plant_capacity_mw_100km,0.00,,
345,01055,Etowah,AL,False,36.93,45.76,41.72,43.10,28.22,59.09,58.49,60.85,50.35,0.71,True,0.12,-6.00,water_permit_risk;industrial_price_cents_kwh;mfg_emp_share_1969,0.00,,max_queue_median_age_years
346,42011,Berks,PA,False,61.41,57.53,60.07,71.17,39.22,71.69,38.13,26.64,50.34,0.78,True,0.03,-2.00,plant_capacity_mw_100km;dc_existing_count;coal_retired_mw,0.00,,
347,17051,Fayette,IL,False,50.46,55.14,51.85,57.04,61.15,60.99,16.26,60.85,50.31,0.76,True,-0.02,-2.00,water_permit_risk;queue_withdrawal_rate;queue_median_age_years,0.00,,
348,39097,Madison,OH,False,59.30,64.28,59.83,42.54,30.15,47.41,66.95,43.16,50.27,0.78,True,-0.01,-2.00,industrial_price_cents_kwh;water_permit_risk;drought_share_weeks_d2plus,0.00,,
349,17173,Shelby,IL,False,54.75,51.44,52.40,57.13,63.94,56.87,16.26,60.85,50.26,0.76,True,-0.02,-2.00,water_permit_risk;queue_median_age_years;queue_withdrawal_rate,0.00,,
350,28149,Warren,MS,False,36.81,39.45,46.22,39.12,41.80,56.32,71.16,53.20,50.25,0.76,True,-0.07,-1.00,industrial_price_cents_kwh;state_policy_risk;water_stress_bws,0.00,,max_queue_median_age_years
351,29219,Warren,MO,False,54.72,71.46,50.22,53.41,28.69,48.09,38.13,55.51,50.24,0.73,True,-0.04,-3.00,water_permit_risk;plant_capacity_mw_100km;water_stress_bws,0.00,,max_queue_median_age_years
352,55139,Winnebago,WI,False,51.68,75.73,67.66,57.66,18.58,63.86,21.66,55.51,50.23,0.78,True,-0.08,-1.00,queue_withdrawal_rate;water_permit_risk;heat_sink_score,0.00,,
353,26045,Eaton,MI,False,49.18,85.67,55.87,63.21,32.07,63.49,28.53,43.16,50.15,0.78,True,-0.02,-1.00,queue_median_age_years;coal_retired_mw;water_permit_risk,0.00,,
354,28123,Scott,MS,False,35.74,43.46,46.54,39.60,49.84,45.57,71.16,53.20,50.12,0.76,True,0.03,-4.00,industrial_price_cents_kwh;state_policy_risk;mfg_emp_share_1969,0.00,,max_queue_median_age_years
355,48147,Fannin,TX,False,63.84,29.34,44.29,45.60,61.79,44.50,90.33,27.06,50.11,0.71,True,0.01,-2.00,industrial_price_cents_kwh;plant_capacity_mw_100km;land_area_sqkm,0.00,,max_queue_median_age_years
356,17191,Wayne,IL,False,36.97,59.67,57.09,57.28,64.38,58.89,16.26,60.85,50.09,0.71,True,0.00,-2.00,water_permit_risk;fiber_share_locations;plant_capacity_mw_100km,0.00,,max_queue_median_age_years
357,26149,St. Joseph,MI,False,54.06,78.49,60.16,58.22,29.48,77.05,28.53,43.16,50.09,0.78,True,-0.02,-2.00,water_permit_risk;queue_median_age_years;mfg_emp_share_1969,0.00,,
358,17061,Greene,IL,False,43.63,67.57,61.45,55.68,54.60,55.46,16.26,60.85,50.04,0.76,True,-0.07,-1.00,water_permit_risk;queue_median_age_years;plant_capacity_mw_100km,0.00,,
359,18177,Wayne,IN,False,47.22,67.43,50.70,52.98,20.23,75.17,31.34,55.51,49.95,0.76,True,0.04,-3.00,water_permit_risk;fiber_share_locations;plant_capacity_mw_100km,0.00,,max_queue_median_age_years
360,20177,Shawnee,KS,False,56.47,52.28,45.38,64.08,26.04,56.24,48.67,39.12,49.95,0.76,True,0.00,-1.00,coal_retired_mw;plant_capacity_mw_100km;population,0.00,,max_queue_median_age_years
361,29101,Johnson,MO,False,46.61,53.59,46.86,54.33,53.78,45.84,38.13,55.51,49.93,0.73,True,0.02,-3.00,water_permit_risk;fiber_share_locations;land_area_sqkm,0.00,,max_queue_median_age_years
362,18005,Bartholomew,IN,False,36.89,55.91,51.35,63.00,19.36,60.99,31.34,55.51,49.91,0.76,True,-0.02,-2.00,dc_existing_count;plant_capacity_mw_100km;water_permit_risk,0.00,,max_queue_median_age_years
363,29007,Audrain,MO,False,51.34,64.83,48.78,44.34,57.41,59.20,38.13,55.51,49.86,0.76,True,0.00,-1.00,water_permit_risk;fiber_share_locations;water_stress_bws,0.00,,max_queue_median_age_years
364,20111,Lyon,KS,False,64.95,54.63,39.31,56.77,62.14,48.28,48.67,39.12,49.85,0.73,True,0.03,-3.00,fiber_share_locations;land_area_sqkm;wind_speed_100m_ms,0.00,,max_queue_median_age_years
365,48471,Walker,TX,False,37.35,28.55,44.88,45.45,47.11,44.54,90.33,36.26,49.75,0.73,True,-0.10,2.00,industrial_price_cents_kwh;unemployment_rate_pct_2023;land_area_sqkm,0.00,,max_queue_median_age_years
366,42013,Blair,PA,False,48.71,74.96,66.58,51.95,26.68,73.97,38.13,43.16,49.73,0.76,True,-0.08,0.00,coal_retired_mw;water_permit_risk;plant_capacity_mw_100km,0.00,,max_queue_median_age_years
367,01101,Montgomery,AL,False,43.61,33.01,45.27,41.55,39.80,48.11,58.49,60.85,49.68,0.73,True,0.08,-4.00,water_permit_risk;industrial_price_cents_kwh;population,0.00,,max_queue_median_age_years
368,17157,Randolph,IL,False,38.42,60.56,52.24,58.60,45.46,64.81,16.26,60.85,49.65,0.73,True,0.02,-4.00,coal_retired_mw;water_permit_risk;drought_share_weeks_d2plus,0.00,,max_queue_median_age_years
369,29177,Ray,MO,False,48.10,54.83,45.80,55.52,48.13,41.31,38.13,55.51,49.63,0.73,True,0.04,-4.00,water_permit_risk;fiber_share_locations;plant_capacity_mw_100km,0.00,,max_queue_median_age_years
370,29053,Cooper,MO,False,48.19,54.18,49.26,51.90,52.28,45.43,38.13,55.51,49.51,0.76,True,-0.02,-2.00,fiber_share_locations;water_permit_risk;water_stress_bws,0.00,,max_queue_median_age_years
371,17117,Macoupin,IL,False,55.71,65.51,58.43,49.01,57.91,60.03,16.26,60.85,49.44,0.73,True,-0.02,-2.00,water_permit_risk;land_area_sqkm;queue_operational_mw_online_5y,0.00,,max_queue_median_age_years
372,17131,Mercer,IL,False,54.20,60.76,69.13,50.59,52.77,54.00,16.26,60.85,49.38,0.73,True,-0.03,-2.00,water_permit_risk;queue_withdrawal_rate;unemployment_rate_pct_2023,0.00,,max_queue_median_age_years
373,17147,Piatt,IL,False,55.98,50.23,55.01,61.16,40.90,47.37,16.26,60.85,49.34,0.71,True,-0.06,-2.00,water_permit_risk;plant_capacity_mw_100km;fiber_share_locations,0.00,,max_queue_median_age_years
374,29017,Bollinger,MO,False,41.63,52.82,41.06,52.48,62.85,46.52,38.13,55.51,49.29,0.78,True,-0.04,0.00,queue_withdrawal_rate;water_permit_risk;pop_density_per_sqkm,0.00,,
375,01067,Henry,AL,False,42.01,37.21,43.14,40.81,51.17,37.66,58.49,60.85,49.28,0.73,True,-0.01,-3.00,water_permit_risk;industrial_price_cents_kwh;fiber_share_locations,0.00,,max_queue_median_age_years
376,17033,Crawford,IL,False,43.60,53.10,58.78,57.70,39.63,62.54,16.26,60.85,49.26,0.71,True,0.01,-3.00,water_permit_risk;plant_capacity_mw_100km;drought_share_weeks_d2plus,0.00,,max_queue_median_age_years
377,48251,Johnson,TX,False,72.31,35.03,42.13,66.61,38.34,52.19,90.33,2.28,49.22,0.73,True,-0.13,2.00,industrial_price_cents_kwh;plant_capacity_mw_100km;fiber_share_locations,0.00,,max_queue_median_age_years
378,48473,Waller,TX,False,56.40,30.07,46.86,67.21,30.72,40.45,90.33,11.47,49.21,0.76,True,-0.08,-2.00,industrial_price_cents_kwh;plant_capacity_mw_100km;queue_withdrawal_rate,0.00,,
379,55033,Dunn,WI,False,56.98,63.96,63.85,51.29,57.08,50.29,21.66,55.51,49.17,0.73,True,-0.07,-1.00,water_permit_risk;fiber_share_locations;heat_sink_score,0.00,,max_queue_median_age_years
380,42089,Monroe,PA,False,57.70,73.87,59.93,47.55,32.13,75.18,38.13,43.16,49.15,0.76,True,-0.01,-5.00,plant_capacity_mw_100km;water_permit_risk;heat_sink_score,0.00,,max_queue_median_age_years
381,28085,Lincoln,MS,False,36.56,44.89,45.17,37.95,44.64,41.08,71.16,53.20,49.10,0.76,True,0.01,-4.00,industrial_price_cents_kwh;state_policy_risk;fiber_share_locations,0.00,,max_queue_median_age_years
382,42133,York,PA,False,63.11,61.90,62.75,48.47,41.44,66.71,38.13,43.16,49.07,0.76,True,-0.03,-1.00,plant_capacity_mw_100km;water_permit_risk;population,0.00,,max_queue_median_age_years
383,26023,Branch,MI,False,58.35,77.73,56.90,57.93,33.42,62.42,28.53,43.16,49.06,0.78,True,-0.04,-1.00,queue_withdrawal_rate;water_permit_risk;queue_median_age_years,0.00,,
384,29163,Pike,MO,False,38.52,68.62,49.40,47.04,60.57,46.28,38.13,55.51,49.05,0.73,True,0.00,-4.00,water_permit_risk;water_stress_bws;pop_density_per_sqkm,0.00,,max_queue_median_age_years
385,42037,Columbia,PA,False,49.10,88.41,59.63,47.69,27.94,72.95,38.13,43.16,49.00,0.76,True,-0.04,-2.00,plant_capacity_mw_100km;water_permit_risk;mfg_emp_share_1969,0.00,,max_queue_median_age_years
386,29089,Howard,MO,False,38.81,58.33,41.64,53.75,49.77,45.10,38.13,55.51,48.91,0.73,True,-0.01,-2.00,fiber_share_locations;water_permit_risk;water_stress_bws,0.00,,max_queue_median_age_years
387,29063,DeKalb,MO,False,42.79,47.59,39.65,58.86,44.48,38.94,38.13,55.51,48.88,0.73,True,0.02,-2.00,fiber_share_locations;water_permit_risk;plant_capacity_mw_100km,0.00,,max_queue_median_age_years
388,48367,Parker,TX,False,70.88,32.96,46.06,66.14,46.74,42.89,90.33,2.28,48.87,0.76,True,-0.16,2.00,industrial_price_cents_kwh;queue_withdrawal_rate;plant_capacity_mw_100km,0.00,,
389,37011,Avery,NC,False,53.03,69.10,60.23,41.71,22.21,49.78,45.37,55.51,48.85,0.73,True,-0.01,-3.00,water_permit_risk;nri_drought_score;cdd_hist,0.00,,max_queue_median_age_years
390,18165,Vermillion,IN,False,53.55,61.25,50.97,52.63,24.85,57.93,31.34,55.51,48.80,0.78,True,-0.02,-2.00,water_permit_risk;plant_capacity_mw_100km;drought_share_weeks_d2plus,0.00,,
391,29107,Lafayette,MO,False,48.27,56.40,51.43,49.84,48.50,42.07,38.13,55.51,48.79,0.73,True,0.02,-4.00,water_permit_risk;water_stress_bws;fiber_share_locations,0.00,,max_queue_median_age_years
392,29055,Crawford,MO,False,38.93,69.89,47.58,42.70,61.79,55.43,38.13,55.51,48.79,0.73,True,-0.04,-3.00,water_permit_risk;water_stress_bws;nri_heat_wave_score,0.00,,max_queue_median_age_years
393,42019,Butler,PA,False,49.65,88.56,54.31,64.29,40.78,64.46,38.13,26.64,48.75,0.78,True,-0.06,-1.00,plant_capacity_mw_100km;dc_existing_count;water_permit_risk,0.00,,
394,29039,Cedar,MO,False,49.13,45.71,45.14,53.82,46.30,42.48,38.13,55.51,48.71,0.73,True,-0.01,-3.00,fiber_share_locations;water_permit_risk;pop_density_per_sqkm,0.00,,max_queue_median_age_years
395,29127,Marion,MO,False,45.52,62.85,47.99,49.80,32.92,52.19,38.13,55.51,48.68,0.76,True,-0.01,-2.00,water_permit_risk;queue_withdrawal_rate;water_stress_bws,0.00,,max_queue_median_age_years
396,20121,Miami,KS,False,56.97,55.96,51.66,58.16,43.71,37.76,48.67,39.12,48.64,0.73,True,-0.02,-1.00,plant_capacity_mw_100km;fiber_share_locations;wind_speed_100m_ms,0.00,,max_queue_median_age_years
397,17159,Richland,IL,False,35.59,57.54,61.55,57.54,33.40,60.83,16.26,60.85,48.63,0.71,True,0.00,-3.00,water_permit_risk;plant_capacity_mw_100km;drought_share_weeks_d2plus,0.00,,max_queue_median_age_years
398,55093,Pierce,WI,False,54.91,67.66,60.82,53.37,40.69,50.36,21.66,55.51,48.63,0.73,True,-0.13,1.00,water_permit_risk;plant_capacity_mw_100km;heat_sink_score,0.00,,max_queue_median_age_years
399,18085,Kosciusko,IN,False,37.95,70.14,59.15,48.19,29.69,65.03,31.34,55.51,48.58,0.76,True,0.00,-3.00,water_permit_risk;fiber_share_locations;mfg_emp_share_1969,0.00,,max_queue_median_age_years
400,18121,Parke,IN,False,40.82,59.30,53.59,55.82,41.75,43.34,31.34,55.51,48.57,0.73,True,-0.01,-3.00,water_permit_risk;plant_capacity_mw_100km;drought_share_weeks_d2plus,0.00,,max_queue_median_age_years
401,29139,Montgomery,MO,False,45.35,66.51,47.50,46.85,54.34,42.64,38.13,55.51,48.56,0.76,True,-0.02,-3.00,water_permit_risk;water_stress_bws;pop_density_per_sqkm,0.00,,max_queue_median_age_years
402,26121,Muskegon,MI,False,53.05,91.96,61.06,66.94,23.37,76.37,28.53,26.64,48.52,0.78,True,-0.07,-1.00,coal_retired_mw;water_permit_risk;queue_median_age_years,0.00,,
403,29037,Cass,MO,False,47.17,52.92,47.45,51.50,39.74,45.82,38.13,55.51,48.47,0.76,True,-0.01,-3.00,water_permit_risk;fiber_share_locations;plant_capacity_mw_100km,0.00,,max_queue_median_age_years
404,55039,Fond du Lac,WI,False,44.75,78.54,69.06,47.72,41.62,58.70,21.66,55.51,48.47,0.76,True,-0.04,-2.00,water_permit_risk;plant_capacity_mw_100km;heat_sink_score,0.00,,max_queue_median_age_years
405,18113,Noble,IN,False,46.92,68.90,59.83,46.24,23.83,65.74,31.34,55.51,48.40,0.76,True,-0.01,-2.00,water_permit_risk;fiber_share_locations;mfg_emp_share_1969,0.00,,max_queue_median_age_years
406,26123,Newaygo,MI,False,50.89,92.55,65.54,45.59,55.32,64.28,28.53,43.16,48.35,0.73,True,-0.07,0.00,water_permit_risk;plant_capacity_mw_100km;drought_share_weeks_d2plus,0.00,,max_queue_median_age_years
407,29097,Jasper,MO,False,57.83,35.71,38.52,51.45,35.61,57.54,38.13,55.51,48.32,0.78,True,-0.10,1.00,coal_retired_mw;water_permit_risk;queue_median_age_years,0.00,,
408,55087,Outagamie,WI,False,40.89,79.09,78.82,46.71,33.27,60.46,21.66,55.51,48.31,0.76,True,-0.08,-1.00,water_permit_risk;heat_sink_score;drought_share_weeks_d2plus,0.00,,max_queue_median_age_years
409,42041,Cumberland,PA,False,52.31,72.86,59.26,53.91,24.32,56.85,38.13,43.16,48.31,0.76,True,0.00,-4.00,plant_capacity_mw_100km;water_permit_risk;fiber_share_locations,0.00,,max_queue_median_age_years
410,18021,Clay,IN,False,42.14,55.61,56.25,54.50,25.81,54.32,31.34,55.51,48.29,0.76,True,0.02,-6.00,water_permit_risk;plant_capacity_mw_100km;fiber_share_locations,0.00,,max_queue_median_age_years
411,42127,Wayne,PA,False,54.56,79.88,56.23,42.65,49.50,68.03,38.13,43.16,48.24,0.76,True,-0.05,-2.00,plant_capacity_mw_100km;water_permit_risk;drought_share_weeks_d2plus,0.00,,max_queue_median_age_years
412,17041,Douglas,IL,False,45.77,49.85,55.56,58.20,35.83,54.12,16.26,60.85,48.22,0.71,True,-0.06,-2.00,water_permit_risk;plant_capacity_mw_100km;drought_share_weeks_d2plus,0.00,,max_queue_median_age_years
413,42059,Greene,PA,False,54.58,66.18,46.83,52.43,43.39,59.68,38.13,43.16,48.21,0.76,True,-0.08,-1.00,plant_capacity_mw_100km;water_permit_risk;drought_share_weeks_d2plus,0.00,,max_queue_median_age_years
414,39091,Logan,OH,False,50.42,67.95,46.93,36.18,28.92,56.12,66.95,43.16,48.12,0.76,True,0.03,-3.00,industrial_price_cents_kwh;water_permit_risk;drought_share_weeks_d2plus,0.00,,max_queue_median_age_years
415,20059,Franklin,KS,False,63.47,52.87,43.25,57.27,47.20,35.14,48.67,39.12,48.10,0.73,True,-0.03,-2.00,plant_capacity_mw_100km;fiber_share_locations;wind_speed_100m_ms,0.00,,max_queue_median_age_years
416,17185,Wabash,IL,False,43.67,61.41,61.54,55.74,26.20,54.38,16.26,60.85,48.00,0.71,True,-0.01,-1.00,plant_capacity_mw_100km;water_permit_risk;water_stress_bws,0.00,,max_queue_median_age_years
417,20037,Crawford,KS,False,62.99,37.79,42.65,57.11,43.37,48.36,48.67,39.12,48.00,0.76,True,0.04,-3.00,fiber_share_locations;queue_withdrawal_rate;wind_speed_100m_ms,0.00,,max_queue_median_age_years
418,29221,Washington,MO,False,34.07,71.44,47.73,41.30,62.34,52.05,38.13,55.51,47.97,0.73,True,-0.06,-1.00,water_permit_risk;water_stress_bws;land_area_sqkm,0.00,,max_queue_median_age_years
419,42125,Washington,PA,False,51.47,71.90,58.16,60.70,42.84,71.18,38.13,26.64,47.96,0.76,True,-0.03,-3.00,plant_capacity_mw_100km;water_permit_risk;queue_withdrawal_rate,0.00,,max_queue_median_age_years
420,20131,Nemaha,KS,False,68.46,49.78,40.17,52.50,69.19,33.00,48.67,39.12,47.96,0.73,True,-0.08,-2.00,plant_capacity_mw_100km;pop_density_per_sqkm;pop_change_pct_since_peak,0.00,,max_queue_median_age_years
421,17129,Menard,IL,False,53.80,53.25,61.23,55.21,33.13,48.05,16.26,60.85,47.93,0.71,True,-0.08,-1.00,water_permit_risk;plant_capacity_mw_100km;fiber_share_locations,0.00,,max_queue_median_age_years
422,18023,Clinton,IN,False,54.63,63.49,59.74,45.98,27.15,55.79,31.34,55.51,47.90,0.76,True,-0.03,-3.00,water_permit_risk;plant_capacity_mw_100km;drought_share_weeks_d2plus,0.00,,max_queue_median_age_years
423,55065,Lafayette,WI,False,53.83,64.42,58.59,51.86,58.81,36.44,21.66,55.51,47.75,0.76,True,-0.14,2.00,water_permit_risk;queue_withdrawal_rate;plant_capacity_mw_100km,0.00,,max_queue_median_age_years
424,18027,Daviess,IN,False,42.61,53.49,52.69,56.09,29.82,43.85,31.34,55.51,47.73,0.76,True,-0.05,-2.00,plant_capacity_mw_100km;water_permit_risk;fiber_share_locations,0.00,,max_queue_median_age_years
425,18151,Steuben,IN,False,40.73,73.81,60.33,49.84,18.93,51.16,31.34,55.51,47.71,0.73,True,-0.02,-4.00,water_permit_risk;fiber_share_locations;water_stress_bws,0.00,,max_queue_median_age_years
426,29031,Cape Girardeau,MO,False,36.72,53.33,44.82,51.52,34.50,49.57,38.13,55.51,47.65,0.73,True,0.03,-3.00,plant_capacity_mw_100km;water_permit_risk;drought_share_weeks_d2plus,0.00,,max_queue_median_age_years
427,29217,Vernon,MO,False,59.00,39.66,40.00,43.40,67.71,46.29,38.13,55.51,47.65,0.76,True,0.01,-3.00,water_permit_risk;land_area_sqkm;pop_density_per_sqkm,0.00,,max_queue_median_age_years
428,20005,Atchison,KS,False,58.29,49.55,41.56,52.61,40.32,55.50,48.67,39.12,47.59,0.73,True,0.02,-2.00,plant_capacity_mw_100km;pop_change_pct_since_peak;wind_speed_100m_ms,0.00,,max_queue_median_age_years
429,13081,Crisp,GA,False,43.14,25.66,39.74,40.23,22.69,53.53,62.98,55.51,47.51,0.73,True,0.07,-2.00,industrial_price_cents_kwh;water_permit_risk;pop_change_pct_since_peak,0.00,,max_queue_median_age_years
430,26107,Mecosta,MI,False,44.63,86.94,61.99,47.87,38.89,70.17,28.53,43.16,47.49,0.73,True,0.05,-2.00,water_permit_risk;unemployment_rate_pct_2023;plant_capacity_mw_100km,0.00,,max_queue_median_age_years
431,51117,Mecklenburg,VA,False,67.11,32.02,58.01,67.86,49.49,60.66,12.48,43.16,47.44,0.78,True,0.01,-2.00,dc_existing_count;coal_retired_mw;water_permit_risk,0.00,,
432,20139,Osage,KS,False,66.91,50.85,41.47,50.51,63.88,35.44,48.67,39.12,47.41,0.76,True,0.01,-2.00,plant_capacity_mw_100km;pop_density_per_sqkm;queue_withdrawal_rate,0.00,,max_queue_median_age_years
433,42051,Fayette,PA,False,48.76,66.32,62.48,55.98,43.39,80.55,38.13,26.64,47.39,0.78,True,-0.05,-2.00,plant_capacity_mw_100km;queue_median_age_years;water_permit_risk,0.00,,
434,18159,Tipton,IN,False,49.35,60.51,57.21,47.52,25.33,52.64,31.34,55.51,47.23,0.76,True,-0.00,-2.00,water_permit_risk;queue_withdrawal_rate;drought_share_weeks_d2plus,0.00,,max_queue_median_age_years
435,42071,Lancaster,PA,False,50.65,69.15,54.70,61.54,42.18,64.30,38.13,26.64,47.13,0.76,True,0.01,-2.00,plant_capacity_mw_100km;dc_existing_count;water_permit_risk,0.00,,max_queue_median_age_years
436,29003,Andrew,MO,False,57.37,46.61,40.69,50.45,38.81,32.79,38.13,55.51,46.96,0.76,True,0.05,-2.00,fiber_share_locations;water_permit_risk;plant_capacity_mw_100km,0.00,,max_queue_median_age_years
437,17193,White,IL,False,48.50,61.54,52.15,47.60,48.65,53.51,16.26,60.85,46.91,0.71,True,-0.04,0.00,water_permit_risk;plant_capacity_mw_100km;pop_change_pct_since_peak,0.00,,max_queue_median_age_years
438,20001,Allen,KS,False,67.14,47.68,40.74,49.18,50.14,45.43,48.67,39.12,46.90,0.73,True,0.03,-3.00,pop_change_pct_since_peak;water_stress_bws;pop_density_per_sqkm,0.00,,max_queue_median_age_years
439,17049,Effingham,IL,False,43.38,55.98,61.07,50.78,34.29,54.07,16.26,60.85,46.86,0.71,True,-0.02,0.00,water_permit_risk;drought_share_weeks_d2plus;plant_capacity_mw_100km,0.00,,max_queue_median_age_years
440,20133,Neosho,KS,False,67.29,46.16,39.58,46.14,54.34,52.95,48.67,39.12,46.86,0.73,True,0.05,-4.00,water_stress_bws;queue_operational_mw_online_5y;pop_change_pct_since_peak,0.00,,max_queue_median_age_years
441,29187,St. Francois,MO,False,35.22,57.74,51.77,45.80,25.09,56.14,38.13,55.51,46.85,0.73,True,-0.01,-3.00,water_permit_risk;plant_capacity_mw_100km;heat_sink_score,0.00,,max_queue_median_age_years
442,18001,Adams,IN,False,48.27,77.78,54.77,43.14,20.62,54.35,31.34,55.51,46.78,0.73,True,-0.09,-2.00,water_permit_risk;mfg_emp_share_1969;nri_drought_score,0.00,,max_queue_median_age_years
443,17187,Warren,IL,False,46.78,57.16,62.86,42.05,50.16,59.56,16.26,60.85,46.48,0.71,True,-0.04,0.00,water_permit_risk;pop_change_pct_since_peak;unemployment_rate_pct_2023,0.00,,max_queue_median_age_years
444,29133,Mississippi,MO,False,33.62,54.86,51.54,42.72,42.26,52.30,38.13,55.51,46.47,0.73,True,-0.04,0.00,water_permit_risk;pop_change_pct_since_peak;water_stress_bws,0.00,,max_queue_median_age_years
445,18169,Wabash,IN,False,40.31,56.58,56.74,41.85,29.04,68.05,31.34,55.51,46.46,0.76,True,-0.01,-3.00,water_permit_risk;fiber_share_locations;mfg_emp_share_1969,0.00,,max_queue_median_age_years
446,26037,Clinton,MI,False,52.96,88.71,55.27,49.18,33.11,54.93,28.53,43.16,46.44,0.76,True,-0.01,-1.00,water_permit_risk;plant_capacity_mw_100km;heat_sink_score,0.00,,max_queue_median_age_years
447,41005,Clackamas,OR,False,58.47,78.16,58.51,41.88,53.92,63.89,33.40,39.12,46.43,0.76,True,0.11,-6.00,land_area_sqkm;population;heat_sink_score,0.00,,max_queue_median_age_years
448,17077,Jackson,IL,False,37.99,55.07,51.22,48.73,39.10,64.34,16.26,60.85,46.42,0.73,True,-0.00,-2.00,water_permit_risk;plant_capacity_mw_100km;unemployment_rate_pct_2023,0.00,,max_queue_median_age_years
449,31043,Dakota,NE,False,62.50,49.83,38.23,51.51,21.16,54.89,53.26,36.26,46.37,0.71,True,0.02,-2.00,fiber_share_locations;industrial_price_cents_kwh;heat_sink_score,0.00,,max_queue_median_age_years
450,51005,Alleghany,VA,False,52.25,60.32,55.09,61.25,43.21,65.81,12.48,43.16,46.32,0.73,True,-0.09,-2.00,coal_retired_mw;water_permit_risk;fiber_share_locations,0.00,,max_queue_median_age_years
451,18139,Rush,IN,False,45.92,61.68,53.91,43.31,37.01,49.74,31.34,55.51,46.25,0.76,True,-0.03,-2.00,plant_capacity_mw_100km;water_permit_risk;drought_share_weeks_d2plus,0.00,,max_queue_median_age_years
452,17035,Cumberland,IL,False,47.68,52.19,55.12,50.62,38.20,48.27,16.26,60.85,46.24,0.76,True,-0.03,-2.00,water_permit_risk;drought_share_weeks_d2plus;plant_capacity_mw_100km,0.00,,
453,29109,Lawrence,MO,False,52.07,50.13,45.30,39.56,45.27,48.88,38.13,55.51,46.12,0.73,True,-0.06,-1.00,water_permit_risk;wind_speed_100m_ms;mfg_emp_share_1969,0.00,,max_queue_median_age_years
454,18183,Whitley,IN,False,44.66,57.95,59.40,44.66,20.76,53.97,31.34,55.51,46.06,0.78,True,0.01,-3.00,water_permit_risk;mfg_emp_share_1969;heat_sink_score,0.00,,
455,20115,Marion,KS,False,63.28,53.84,39.27,42.75,78.26,34.33,48.67,39.12,46.01,0.73,True,-0.01,-2.00,pop_density_per_sqkm;land_area_sqkm;wind_speed_100m_ms,0.00,,max_queue_median_age_years
456,26081,Kent,MI,False,40.28,88.46,70.22,41.20,37.81,68.31,28.53,43.16,45.98,0.76,True,-0.01,-2.00,water_permit_risk;heat_sink_score;population,0.00,,max_queue_median_age_years
457,31177,Washington,NE,False,51.98,44.62,37.95,56.87,31.38,37.45,53.26,36.26,45.83,0.73,True,0.07,-2.00,queue_withdrawal_rate;fiber_share_locations;industrial_price_cents_kwh,0.00,,max_queue_median_age_years
458,26165,Wexford,MI,False,52.74,92.18,68.31,36.36,42.20,65.45,28.53,43.16,45.71,0.73,True,-0.08,-1.00,water_permit_risk;water_stress_bws;nri_drought_score,0.00,,max_queue_median_age_years
459,20161,Riley,KS,False,57.10,49.53,42.06,50.55,37.73,40.67,48.67,39.12,45.67,0.73,True,0.16,-3.00,fiber_share_locations;wind_speed_100m_ms;heat_sink_score,0.00,,max_queue_median_age_years
460,18031,Decatur,IN,False,37.36,60.96,45.60,46.84,27.00,50.59,31.34,55.51,45.46,0.76,True,-0.07,-2.00,plant_capacity_mw_100km;water_permit_risk;drought_share_weeks_d2plus,0.00,,max_queue_median_age_years
461,51037,Charlotte,VA,False,60.85,36.69,60.21,61.78,49.16,54.79,12.48,43.16,45.44,0.78,True,-0.05,-2.00,water_permit_risk;plant_capacity_mw_100km;queue_median_age_years,0.00,,
462,51069,Frederick,VA,False,63.68,45.71,58.47,66.15,19.57,53.87,12.48,43.16,45.34,0.78,True,-0.13,-1.00,dc_existing_count;queue_median_age_years;water_permit_risk,0.00,,
463,18015,Carroll,IN,False,43.82,59.97,51.44,45.22,30.27,42.00,31.34,55.51,45.30,0.73,True,-0.02,-3.00,water_permit_risk;drought_share_weeks_d2plus;plant_clean_capacity_mw_100km,0.00,,max_queue_median_age_years
464,20015,Butler,KS,False,65.22,41.47,38.37,41.15,67.90,42.95,48.67,39.12,45.10,0.76,True,-0.01,-2.00,land_area_sqkm;fiber_share_locations;wind_speed_100m_ms,0.00,,max_queue_median_age_years
465,18145,Shelby,IN,False,43.79,55.87,55.18,41.49,24.41,54.48,31.34,55.51,45.08,0.76,True,-0.01,-2.00,water_permit_risk;plant_capacity_mw_100km;drought_share_weeks_d2plus,0.00,,max_queue_median_age_years
466,26005,Allegan,MI,False,49.89,73.54,52.30,59.43,45.09,63.97,28.53,26.64,45.06,0.78,True,-0.08,-2.00,water_permit_risk;queue_withdrawal_rate;plant_capacity_mw_100km,0.00,,
467,26085,Lake,MI,False,42.20,89.44,62.36,39.21,56.50,50.91,28.53,43.16,44.79,0.73,True,-0.03,-2.00,water_permit_risk;unemployment_rate_pct_2023;nri_drought_score,0.00,,max_queue_median_age_years
468,18179,Wells,IN,False,41.97,64.29,53.95,39.56,25.68,51.61,31.34,55.51,44.72,0.76,True,-0.06,0.00,water_permit_risk;mfg_emp_share_1969;heat_sink_score,0.00,,max_queue_median_age_years
469,17027,Clinton,IL,False,39.22,58.48,51.63,45.18,32.92,54.64,16.26,60.85,44.70,0.71,True,-0.01,-2.00,water_permit_risk;plant_capacity_mw_100km;drought_share_weeks_d2plus,0.00,,max_queue_median_age_years
470,20021,Cherokee,KS,False,60.80,39.10,37.67,42.88,53.33,48.64,48.67,39.12,44.69,0.76,True,0.03,-4.00,pop_change_pct_since_peak;wind_speed_100m_ms;water_stress_bws,0.00,,max_queue_median_age_years
471,26021,Berrien,MI,False,52.22,78.22,59.72,51.24,28.93,83.00,28.53,26.64,44.60,0.73,True,-0.01,-2.00,plant_capacity_mw_100km;water_permit_risk;mfg_emp_share_1969,0.00,,max_queue_median_age_years
472,42099,Perry,PA,False,40.49,78.42,57.09,38.61,36.57,49.33,38.13,43.16,44.02,0.76,True,0.02,-2.00,water_permit_risk;plant_capacity_mw_100km;drought_share_weeks_d2plus,0.00,,max_queue_median_age_years
473,26125,Oakland,MI,False,41.72,79.22,59.64,53.76,36.94,65.99,28.53,26.64,43.64,0.73,True,0.04,-2.00,plant_capacity_mw_100km;water_permit_risk;heat_sink_score,0.00,,max_queue_median_age_years
474,51063,Floyd,VA,False,41.77,55.18,69.37,58.78,35.12,39.27,12.48,43.16,43.03,0.73,True,-0.10,-2.00,fiber_share_locations;water_permit_risk;cdd_hist,0.00,,max_queue_median_age_years
475,46029,Codington,SD,False,63.60,68.94,46.31,44.93,54.63,38.39,26.13,39.12,42.82,0.76,True,-0.05,-2.00,queue_median_age_years;heat_sink_score;wind_speed_100m_ms,0.00,,
476,51065,Fluvanna,VA,False,46.95,41.19,60.09,62.25,19.86,37.14,12.48,43.16,41.77,0.78,True,-0.06,-2.00,queue_median_age_years;water_permit_risk;fiber_share_locations,0.00,,
477,46079,Lake,SD,False,56.36,60.94,43.92,44.33,57.24,37.26,26.13,39.12,41.64,0.73,True,-0.00,-2.00,pop_density_per_sqkm;wind_speed_100m_ms;grid_renewable_share,0.00,,max_queue_median_age_years
478,51015,Augusta,VA,False,43.32,60.36,51.71,46.43,55.73,53.47,12.48,43.16,41.56,0.78,True,-0.07,-2.00,water_permit_risk;land_area_sqkm;mfg_emp_share_1969,0.00,,
479,46083,Lincoln,SD,False,61.48,47.48,45.68,46.31,35.65,43.73,26.13,39.12,41.12,0.73,True,-0.01,-2.00,heat_sink_score;fiber_share_locations;population,0.00,,max_queue_median_age_years
480,51137,Orange,VA,False,55.12,45.31,55.67,49.79,20.46,52.13,12.48,43.16,40.45,0.76,True,-0.09,-2.00,plant_capacity_mw_100km;water_permit_risk;mfg_emp_share_1969,0.00,,max_queue_median_age_years
481,51035,Carroll,VA,False,37.69,56.40,72.02,36.35,36.15,65.58,12.48,43.16,39.70,0.76,True,-0.08,-2.00,water_permit_risk;mfg_emp_share_1969;cdd_hist,0.00,,max_queue_median_age_years
482,51113,Madison,VA,False,47.97,46.18,49.69,53.74,31.75,32.99,12.48,43.16,39.68,0.73,True,-0.11,-2.00,plant_capacity_mw_100km;water_permit_risk;grid_co2_lb_mwh,0.00,,max_queue_median_age_years
483,51023,Botetourt,VA,False,41.09,60.05,58.70,44.81,39.76,42.34,12.48,43.16,39.63,0.76,True,-0.08,-2.00,water_permit_risk;drought_share_weeks_d2plus;plant_clean_capacity_mw_100km,0.00,,max_queue_median_age_years
484,51011,Appomattox,VA,False,33.13,44.31,61.83,48.60,30.27,47.94,12.48,43.16,39.27,0.73,True,-0.10,-2.00,water_permit_risk;plant_capacity_mw_100km;mfg_emp_share_1969,0.00,,max_queue_median_age_years
485,51171,Shenandoah,VA,False,35.90,58.81,45.27,46.09,33.60,52.51,12.48,43.16,39.13,0.76,True,-0.05,-2.00,water_permit_risk;plant_capacity_mw_100km;mfg_emp_share_1969,0.00,,max_queue_median_age_years
486,51075,Goochland,VA,False,54.41,40.33,61.83,48.40,20.39,36.85,12.48,43.16,38.93,0.76,True,-0.07,-2.00,plant_capacity_mw_100km;water_permit_risk;grid_co2_lb_mwh,0.00,,max_queue_median_age_years
487,51003,Albemarle,VA,False,38.83,43.07,51.68,44.00,41.09,50.03,12.48,43.16,38.56,0.76,True,-0.05,-2.00,water_permit_risk;plant_capacity_mw_100km;population,0.00,,max_queue_median_age_years
488,40109,Oklahoma,OK,False,69.27,25.43,50.62,75.16,31.83,56.04,95.66,53.20,64.56,0.78,False,-0.14,-2.00,industrial_price_cents_kwh;state_policy_risk;dc_existing_count,0.00,,
489,47163,Sullivan,TN,False,25.79,60.63,74.10,62.01,16.85,67.37,84.72,69.59,64.16,0.73,False,-0.07,-2.00,industrial_price_cents_kwh;state_policy_risk;coal_retired_mw,0.00,,max_queue_median_age_years
490,47165,Sumner,TN,False,31.70,59.05,51.35,68.20,24.36,55.15,84.72,69.59,63.90,0.73,False,-0.04,-2.00,industrial_price_cents_kwh;state_policy_risk;dc_existing_count,0.00,,max_queue_median_age_years
491,47171,Unicoi,TN,False,37.14,69.72,65.81,56.77,16.97,66.40,84.72,69.59,63.52,0.73,False,0.00,-2.00,industrial_price_cents_kwh;state_policy_risk;fiber_share_locations,0.00,,max_queue_median_age_years
492,47037,Davidson,TN,False,29.62,56.50,55.79,66.53,19.12,57.13,84.72,69.59,63.37,0.73,False,-0.02,-2.00,industrial_price_cents_kwh;state_policy_risk;coal_retired_mw,0.00,,max_queue_median_age_years
493,47125,Montgomery,TN,False,32.78,53.80,52.97,63.27,24.38,63.64,84.72,69.59,63.27,0.76,False,0.01,-2.00,industrial_price_cents_kwh;state_policy_risk;fiber_share_locations,0.00,,max_queue_median_age_years
494,47089,Jefferson,TN,False,32.15,54.84,69.83,60.75,13.43,61.84,84.72,69.59,63.01,0.73,False,-0.02,-2.00,industrial_price_cents_kwh;state_policy_risk;fiber_share_locations,0.00,,max_queue_median_age_years
495,47029,Cocke,TN,False,31.64,51.97,63.10,58.58,29.69,63.37,84.72,69.59,62.88,0.73,False,-0.02,-2.00,industrial_price_cents_kwh;state_policy_risk;fiber_share_locations,0.00,,max_queue_median_age_years
496,47011,Bradley,TN,False,39.59,50.73,51.77,63.04,12.74,64.77,84.72,69.59,62.84,0.73,False,0.01,-2.00,industrial_price_cents_kwh;state_policy_risk;plant_capacity_mw_100km,0.00,,max_queue_median_age_years
497,39061,Hamilton,OH,False,28.81,68.38,70.36,92.28,11.51,76.27,66.95,43.16,62.72,0.73,False,-0.02,-2.00,industrial_price_cents_kwh;dc_existing_count;coal_retired_mw,0.00,,max_queue_median_age_years
498,40103,Noble,OK,False,69.82,34.32,37.03,67.52,69.52,32.49,95.66,53.20,62.55,0.78,False,0.00,-2.00,industrial_price_cents_kwh;state_policy_risk;queue_median_age_years,0.00,,
499,40015,Caddo,OK,False,81.00,25.01,39.18,56.40,78.39,49.20,95.66,53.20,62.04,0.78,False,-0.09,-1.00,industrial_price_cents_kwh;state_policy_risk;land_area_sqkm,0.00,,
500,47161,Stewart,TN,False,32.38,57.30,54.82,60.83,45.56,37.47,84.72,69.59,62.02,0.73,False,-0.02,-3.00,industrial_price_cents_kwh;state_policy_risk;fiber_share_locations,0.00,,max_queue_median_age_years
501,05047,Franklin,AR,False,44.08,57.80,36.44,63.01,56.56,40.67,77.50,69.59,61.74,0.78,False,0.07,-2.00,industrial_price_cents_kwh;state_policy_risk;fiber_share_locations,0.00,,
502,40091,McIntosh,OK,False,56.58,31.88,37.46,65.83,55.64,46.78,95.66,53.20,61.53,0.78,False,-0.07,-467.00,industrial_price_cents_kwh;state_policy_risk;queue_median_age_years,0.00,,
503,47043,Dickson,TN,False,30.67,58.22,56.32,56.61,29.51,51.93,84.72,69.59,61.30,0.73,False,-0.06,-1.00,industrial_price_cents_kwh;state_policy_risk;fiber_share_locations,0.00,,max_queue_median_age_years
504,40089,McCurtain,OK,False,50.35,45.70,34.98,53.65,83.08,57.99,95.66,53.20,61.23,0.76,False,0.01,-3.00,industrial_price_cents_kwh;state_policy_risk;fiber_share_locations,0.00,,max_queue_median_age_years
505,48441,Taylor,TX,False,77.29,18.21,56.51,79.99,48.20,45.36,90.33,36.26,61.19,0.76,False,-0.19,-2.00,industrial_price_cents_kwh;queue_withdrawal_rate;dc_existing_count,0.00,,
506,05141,Van Buren,AR,False,40.43,63.98,35.21,54.12,64.12,51.22,77.50,69.59,60.88,0.73,False,0.03,-2.00,industrial_price_cents_kwh;state_policy_risk;fiber_share_locations,0.00,,max_queue_median_age_years
507,21117,Kenton,KY,False,33.16,76.34,58.73,68.68,3.86,60.93,81.26,55.51,60.81,0.73,False,-0.10,-2.00,industrial_price_cents_kwh;plant_capacity_mw_100km;fiber_share_locations,0.00,,max_queue_median_age_years
508,21037,Campbell,KY,False,29.94,78.79,59.13,68.71,4.99,60.15,81.26,55.51,60.77,0.73,False,-0.08,-2.00,industrial_price_cents_kwh;plant_capacity_mw_100km;fiber_share_locations,0.00,,max_queue_median_age_years
509,21191,Pendleton,KY,False,31.73,78.13,59.74,66.33,27.11,48.90,81.26,55.51,60.65,0.73,False,-0.06,-1.00,industrial_price_cents_kwh;plant_capacity_mw_100km;fiber_share_locations,0.00,,max_queue_median_age_years
510,05105,Perry,AR,False,37.89,52.44,34.54,62.42,57.03,38.88,77.50,69.59,60.63,0.71,False,0.02,-3.00,industrial_price_cents_kwh;state_policy_risk;fiber_share_locations,0.00,,max_queue_median_age_years
511,21067,Fayette,KY,False,39.58,62.50,63.34,66.51,7.12,61.98,81.26,55.51,60.49,0.76,False,-0.09,1.00,industrial_price_cents_kwh;dc_existing_count;fiber_share_locations,0.00,,max_queue_median_age_years
512,47019,Carter,TN,False,31.74,59.19,66.14,48.52,17.18,65.18,84.72,69.59,60.46,0.73,False,-0.06,-1.00,industrial_price_cents_kwh;state_policy_risk;water_permit_risk,0.00,,max_queue_median_age_years
513,47173,Union,TN,False,31.61,63.96,58.05,57.29,18.64,41.14,84.72,69.59,60.46,0.73,False,-0.04,-3.00,industrial_price_cents_kwh;state_policy_risk;fiber_share_locations,0.00,,max_queue_median_age_years
514,47005,Benton,TN,False,29.80,59.06,53.04,52.29,35.99,50.82,84.72,69.59,60.29,0.73,False,-0.01,-1.00,industrial_price_cents_kwh;state_policy_risk;water_permit_risk,0.00,,max_queue_median_age_years
515,47025,Claiborne,TN,False,28.93,59.36,56.62,51.68,31.04,53.53,84.72,69.59,60.27,0.73,False,-0.07,-1.00,industrial_price_cents_kwh;state_policy_risk;fiber_share_locations,0.00,,max_queue_median_age_years
516,21239,Woodford,KY,False,33.54,62.73,54.93,70.35,13.48,53.71,81.26,55.51,60.18,0.73,False,-0.09,-1.00,industrial_price_cents_kwh;coal_retired_mw;plant_capacity_mw_100km,0.00,,max_queue_median_age_years
517,47021,Cheatham,TN,False,28.22,58.67,50.67,56.69,17.14,51.82,84.72,69.59,60.09,0.73,False,-0.02,-1.00,industrial_price_cents_kwh;state_policy_risk;fiber_share_locations,0.00,,max_queue_median_age_years
518,05149,Yell,AR,False,42.52,59.26,32.91,48.55,73.11,52.41,77.50,69.59,59.83,0.73,False,0.01,-1.00,industrial_price_cents_kwh;state_policy_risk;water_permit_risk,0.00,,max_queue_median_age_years
519,21073,Franklin,KY,False,31.81,64.43,57.61,67.92,10.37,56.47,81.26,55.51,59.79,0.73,False,-0.04,-1.00,industrial_price_cents_kwh;plant_capacity_mw_100km;fiber_share_locations,0.00,,max_queue_median_age_years
520,47059,Greene,TN,False,28.61,51.76,76.11,40.25,38.61,65.41,84.72,69.59,59.70,0.73,False,-0.06,-1.00,industrial_price_cents_kwh;state_policy_risk;water_permit_risk,0.00,,max_queue_median_age_years
521,05083,Logan,AR,False,36.03,56.37,32.95,52.73,60.53,52.61,77.50,69.59,59.57,0.73,False,0.02,-1.00,industrial_price_cents_kwh;state_policy_risk;fiber_share_locations,0.00,,max_queue_median_age_years
522,21015,Boone,KY,False,38.58,75.63,59.70,59.64,7.57,64.56,81.26,55.51,59.48,0.76,False,-0.10,0.00,industrial_price_cents_kwh;plant_capacity_mw_100km;fiber_share_locations,0.00,,max_queue_median_age_years
523,47041,DeKalb,TN,False,29.96,41.12,50.68,54.31,24.69,54.19,84.72,69.59,59.25,0.73,False,0.00,0.00,industrial_price_cents_kwh;state_policy_risk;fiber_share_locations,0.00,,max_queue_median_age_years
524,40039,Custer,OK,False,60.40,24.63,44.83,54.56,70.83,37.82,95.66,53.20,59.21,0.73,False,-0.08,0.00,industrial_price_cents_kwh;state_policy_risk;fiber_share_locations,0.00,,max_queue_median_age_years
525,48503,Young,TX,False,83.88,20.81,41.71,69.05,73.69,40.27,90.33,36.26,59.14,0.76,False,-0.27,1.00,industrial_price_cents_kwh;queue_withdrawal_rate;queue_median_age_years,0.00,,
526,45037,Edgefield,SC,False,51.90,24.32,49.99,62.73,39.58,45.29,69.11,69.59,59.07,0.73,False,0.18,-446.00,industrial_price_cents_kwh;state_policy_risk;plant_capacity_mw_100km,0.00,,max_queue_median_age_years
527,22011,Beauregard,LA,False,40.63,24.66,27.55,59.42,71.89,37.78,97.93,55.51,59.00,0.78,False,-0.06,-2.00,industrial_price_cents_kwh;queue_median_age_years;water_permit_risk,0.00,,
528,21147,McCreary,KY,False,30.79,68.21,54.97,57.14,39.13,57.69,81.26,55.51,58.85,0.73,False,-0.03,-1.00,industrial_price_cents_kwh;fiber_share_locations;water_permit_risk,0.00,,max_queue_median_age_years
529,39035,Cuyahoga,OH,False,37.52,78.53,60.92,70.26,15.20,85.66,66.95,43.16,58.82,0.73,False,-0.03,-1.00,industrial_price_cents_kwh;dc_existing_count;coal_retired_mw,0.00,,max_queue_median_age_years
530,05085,Lonoke,AR,False,45.09,45.81,35.33,55.67,47.15,40.40,77.50,69.59,58.68,0.78,False,0.02,-1.00,industrial_price_cents_kwh;state_policy_risk;fiber_share_locations,0.00,,
531,05001,Arkansas,AR,False,44.78,45.83,31.17,48.42,76.95,42.25,77.50,69.59,58.46,0.78,False,0.04,-1.00,industrial_price_cents_kwh;state_policy_risk;water_permit_risk,0.00,,
532,13313,Whitfield,GA,False,44.53,46.54,48.15,74.47,11.13,67.41,62.98,55.51,58.24,0.73,False,0.09,-1.00,dc_existing_count;plant_capacity_mw_100km;industrial_price_cents_kwh,0.00,,max_queue_median_age_years
533,47159,Smith,TN,False,30.01,50.77,43.36,54.83,25.80,37.93,84.72,69.59,58.17,0.73,False,-0.03,-1.00,industrial_price_cents_kwh;state_policy_risk;fiber_share_locations,0.00,,max_queue_median_age_years
534,05051,Garland,AR,False,38.42,55.49,36.55,48.79,39.21,57.77,77.50,69.59,58.15,0.73,False,-0.06,0.00,industrial_price_cents_kwh;state_policy_risk;water_permit_risk,0.00,,max_queue_median_age_years
535,13063,Clayton,GA,False,33.60,44.95,60.40,76.51,2.32,65.28,62.98,55.51,58.06,0.73,False,0.08,-2.00,dc_existing_count;plant_capacity_mw_100km;industrial_price_cents_kwh,0.00,,max_queue_median_age_years
536,47013,Campbell,TN,False,31.47,60.00,52.11,38.85,32.49,63.58,84.72,69.59,57.93,0.73,False,-0.03,-1.00,industrial_price_cents_kwh;state_policy_risk;water_permit_risk,0.00,,max_queue_median_age_years
537,21085,Grayson,KY,False,30.17,62.80,51.35,57.35,39.42,51.73,81.26,55.51,57.84,0.73,False,-0.11,-1.00,industrial_price_cents_kwh;water_permit_risk;fiber_share_locations,0.00,,max_queue_median_age_years
538,05079,Lincoln,AR,False,32.98,39.79,38.07,50.00,54.76,51.35,77.50,69.59,57.66,0.73,False,0.03,-1.00,industrial_price_cents_kwh;state_policy_risk;water_permit_risk,0.00,,max_queue_median_age_years
539,40061,Haskell,OK,False,42.88,39.31,30.94,52.55,58.78,44.12,95.66,53.20,57.31,0.73,False,-0.01,-1.00,industrial_price_cents_kwh;state_policy_risk;fiber_share_locations,0.00,,max_queue_median_age_years
540,48021,Bastrop,TX,False,64.77,17.00,52.38,68.95,48.99,43.97,90.33,36.26,57.24,0.76,False,-0.09,-1.00,industrial_price_cents_kwh;dc_existing_count;queue_withdrawal_rate,0.00,,
541,22059,LaSalle,LA,False,36.42,37.24,37.08,48.83,59.49,42.40,97.93,55.51,57.14,0.73,False,-0.05,1.00,industrial_price_cents_kwh;water_permit_risk;fiber_share_locations,0.00,,max_queue_median_age_years
542,48491,Williamson,TX,False,60.71,20.47,50.29,68.86,45.29,48.01,90.33,36.26,57.13,0.73,False,-0.02,-2.00,industrial_price_cents_kwh;dc_existing_count;queue_withdrawal_rate,0.00,,max_queue_median_age_years
543,21005,Anderson,KY,False,32.05,71.57,58.23,56.78,15.02,48.37,81.26,55.51,57.11,0.73,False,-0.06,0.00,industrial_price_cents_kwh;plant_capacity_mw_100km;water_permit_risk,0.00,,max_queue_median_age_years
544,13135,Gwinnett,GA,False,36.10,24.65,59.55,75.45,13.65,60.47,62.98,55.51,57.01,0.73,False,0.09,-3.00,dc_existing_count;industrial_price_cents_kwh;plant_capacity_mw_100km,0.00,,max_queue_median_age_years
545,05019,Clark,AR,False,28.02,37.42,40.82,42.24,68.45,60.27,77.50,69.59,56.98,0.76,False,-0.12,-1.00,industrial_price_cents_kwh;state_policy_risk;water_permit_risk,0.00,,max_queue_median_age_years
546,21209,Scott,KY,False,34.63,64.11,63.40,52.76,13.57,55.55,81.26,55.51,56.71,0.76,False,-0.06,0.00,industrial_price_cents_kwh;plant_capacity_mw_100km;water_permit_risk,0.00,,max_queue_median_age_years
547,40083,Logan,OK,False,59.51,23.81,44.88,48.35,50.45,41.24,95.66,53.20,56.70,0.76,False,-0.12,1.00,industrial_price_cents_kwh;state_policy_risk;plant_capacity_mw_100km,0.00,,max_queue_median_age_years
548,21049,Clark,KY,False,34.75,65.64,60.78,51.55,14.94,58.25,81.26,55.51,56.64,0.76,False,-0.03,-1.00,industrial_price_cents_kwh;coal_retired_mw;water_permit_risk,0.00,,max_queue_median_age_years
549,21205,Rowan,KY,False,30.03,73.90,56.39,51.03,20.73,57.12,81.26,55.51,56.62,0.73,False,-0.05,0.00,industrial_price_cents_kwh;water_permit_risk;unemployment_rate_pct_2023,0.00,,max_queue_median_age_years
550,48451,Tom Green,TX,False,82.89,15.74,47.26,59.99,61.45,44.76,90.33,36.26,56.60,0.76,False,-0.06,1.00,industrial_price_cents_kwh;queue_withdrawal_rate;land_area_sqkm,0.00,,
551,40035,Craig,OK,False,60.52,46.31,36.28,40.31,68.72,41.29,95.66,53.20,56.55,0.76,False,0.02,-1.00,industrial_price_cents_kwh;state_policy_risk;plant_capacity_mw_100km,0.00,,max_queue_median_age_years
552,21227,Warren,KY,False,30.93,57.50,54.87,51.13,27.20,62.96,81.26,55.51,56.52,0.73,False,-0.07,1.00,industrial_price_cents_kwh;water_permit_risk;fiber_share_locations,0.00,,max_queue_median_age_years
553,21115,Johnson,KY,False,24.57,61.82,57.52,54.28,20.42,57.68,81.26,55.51,56.47,0.73,False,-0.02,-1.00,industrial_price_cents_kwh;fiber_share_locations;water_permit_risk,0.00,,max_queue_median_age_years
554,21031,Butler,KY,False,29.04,60.18,49.69,50.74,43.57,56.05,81.26,55.51,56.47,0.76,False,-0.13,1.00,industrial_price_cents_kwh;fiber_share_locations;water_permit_risk,0.00,,max_queue_median_age_years
555,21215,Spencer,KY,False,31.06,75.35,54.99,54.09,15.73,47.85,81.26,55.51,56.38,0.71,False,-0.10,1.00,industrial_price_cents_kwh;plant_capacity_mw_100km;water_permit_risk,0.00,,max_queue_median_age_years
556,05029,Conway,AR,False,42.93,57.26,33.74,41.48,47.67,49.39,77.50,69.59,56.37,0.76,False,0.02,-2.00,industrial_price_cents_kwh;state_policy_risk;water_permit_risk,0.00,,max_queue_median_age_years
557,21025,Breathitt,KY,False,24.85,64.19,61.25,46.67,48.73,53.96,81.26,55.51,56.31,0.73,False,-0.11,1.00,industrial_price_cents_kwh;water_permit_risk;fiber_share_locations,0.00,,max_queue_median_age_years
558,21187,Owen,KY,False,32.41,63.38,53.11,55.75,37.23,33.44,81.26,55.51,56.12,0.73,False,-0.08,1.00,industrial_price_cents_kwh;plant_capacity_mw_100km;water_permit_risk,0.00,,max_queue_median_age_years
559,21185,Oldham,KY,False,32.10,75.35,55.16,68.43,7.88,54.39,81.26,38.99,56.02,0.73,False,-0.09,1.00,industrial_price_cents_kwh;plant_capacity_mw_100km;fiber_share_locations,0.00,,max_queue_median_age_years
560,48453,Travis,TX,False,58.34,18.23,56.20,74.30,41.33,47.11,90.33,27.06,56.01,0.76,False,-0.10,1.00,industrial_price_cents_kwh;dc_existing_count;queue_withdrawal_rate,0.00,,
561,48485,Wichita,TX,False,72.97,18.30,46.01,62.63,34.51,54.77,90.33,36.26,55.94,0.76,False,-0.12,2.00,industrial_price_cents_kwh;queue_withdrawal_rate;fiber_share_locations,0.00,,
562,39153,Summit,OH,False,36.21,77.03,61.29,61.38,13.12,79.47,66.95,43.16,55.86,0.73,False,-0.03,0.00,industrial_price_cents_kwh;dc_existing_count;water_permit_risk,0.00,,max_queue_median_age_years
563,40099,Murray,OK,False,69.58,22.51,37.69,48.39,41.01,35.54,95.66,53.20,55.82,0.76,False,-0.08,1.00,industrial_price_cents_kwh;state_policy_risk;queue_withdrawal_rate,0.00,,max_queue_median_age_years
564,13113,Fayette,GA,False,36.08,28.70,55.18,74.43,5.77,53.71,62.98,55.51,55.69,0.73,False,0.05,1.00,dc_existing_count;plant_capacity_mw_100km;industrial_price_cents_kwh,0.00,,max_queue_median_age_years
565,48049,Brown,TX,False,79.71,20.55,50.16,52.81,64.89,49.37,90.33,36.26,55.66,0.76,False,-0.09,1.00,industrial_price_cents_kwh;queue_withdrawal_rate;land_area_sqkm,0.00,,
566,39099,Mahoning,OH,False,40.84,88.66,57.35,54.11,15.13,85.74,66.95,43.16,55.41,0.73,False,-0.08,3.00,industrial_price_cents_kwh;plant_capacity_mw_100km;water_permit_risk,0.00,,max_queue_median_age_years
567,21179,Nelson,KY,False,29.55,72.99,51.50,48.08,24.88,53.25,81.26,55.51,55.41,0.73,False,-0.11,4.00,industrial_price_cents_kwh;water_permit_risk;plant_capacity_mw_100km,0.00,,max_queue_median_age_years
568,13083,Dade,GA,False,48.15,50.78,43.39,67.71,16.95,45.76,62.98,55.51,55.30,0.73,False,0.00,2.00,fiber_share_locations;industrial_price_cents_kwh;plant_capacity_mw_100km,0.00,,max_queue_median_age_years
569,13137,Habersham,GA,False,39.34,47.03,61.37,63.09,14.59,56.23,62.98,55.51,55.28,0.73,False,0.11,-2.00,industrial_price_cents_kwh;plant_capacity_mw_100km;water_permit_risk,0.00,,max_queue_median_age_years
570,37071,Gaston,NC,False,50.21,33.90,59.75,74.03,11.03,66.14,45.37,55.51,55.28,0.78,False,0.11,-2.00,coal_retired_mw;plant_capacity_mw_100km;water_permit_risk,0.00,,
571,48149,Fayette,TX,False,64.68,18.46,46.52,61.72,71.28,28.71,90.33,36.26,55.17,0.76,False,-0.07,1.00,industrial_price_cents_kwh;queue_withdrawal_rate;land_area_sqkm,0.00,,
572,05137,Stone,AR,False,36.25,59.03,35.80,37.13,60.37,40.29,77.50,69.59,55.07,0.73,False,-0.08,2.00,industrial_price_cents_kwh;state_policy_risk;water_permit_risk,0.00,,max_queue_median_age_years
573,48347,Nacogdoches,TX,False,49.88,44.10,37.00,57.44,57.48,51.49,90.33,36.26,55.06,0.76,False,0.03,0.00,industrial_price_cents_kwh;queue_withdrawal_rate;land_area_sqkm,0.00,,
574,21173,Montgomery,KY,False,37.47,71.90,61.09,41.15,13.65,63.88,81.26,55.51,55.03,0.76,False,-0.07,2.00,industrial_price_cents_kwh;water_permit_risk;unemployment_rate_pct_2023,0.00,,max_queue_median_age_years
575,05043,Drew,AR,False,32.15,37.33,47.15,32.07,69.67,56.68,77.50,69.59,54.94,0.76,False,0.02,0.00,industrial_price_cents_kwh;state_policy_risk;water_permit_risk,0.00,,max_queue_median_age_years
576,21113,Jessamine,KY,False,30.37,61.38,64.37,49.90,8.25,49.65,81.26,55.51,54.85,0.73,False,-0.08,2.00,industrial_price_cents_kwh;water_permit_risk;fiber_share_locations,0.00,,max_queue_median_age_years
577,21043,Carter,KY,False,27.18,62.10,57.62,41.55,30.70,66.49,81.26,55.51,54.84,0.73,False,-0.03,0.00,industrial_price_cents_kwh;water_permit_risk;unemployment_rate_pct_2023,0.00,,max_queue_median_age_years
578,28013,Calhoun,MS,False,27.62,50.75,42.09,55.58,58.22,52.84,71.16,53.20,54.71,0.73,False,-0.01,3.00,industrial_price_cents_kwh;state_policy_risk;fiber_share_locations,0.00,,max_queue_median_age_years
579,21193,Perry,KY,False,28.91,66.16,61.87,41.48,23.67,61.99,81.26,55.51,54.68,0.76,False,-0.10,4.00,industrial_price_cents_kwh;water_permit_risk;unemployment_rate_pct_2023,0.00,,max_queue_median_age_years
580,13311,White,GA,False,44.83,47.33,53.97,63.81,16.16,46.53,62.98,55.51,54.65,0.73,False,0.07,0.00,industrial_price_cents_kwh;plant_capacity_mw_100km;fiber_share_locations,0.00,,max_queue_median_age_years
581,13175,Laurens,GA,False,53.57,23.23,49.49,56.98,54.05,53.71,62.98,55.51,54.62,0.78,False,0.09,-2.00,industrial_price_cents_kwh;queue_withdrawal_rate;water_permit_risk,0.00,,
582,39145,Scioto,OH,False,27.99,62.57,58.85,57.31,37.52,77.56,66.95,43.16,54.56,0.73,False,-0.01,2.00,industrial_price_cents_kwh;plant_capacity_mw_100km;water_permit_risk,0.00,,max_queue_median_age_years
583,13095,Dougherty,GA,False,50.70,30.67,36.89,65.00,14.10,63.56,62.98,55.51,54.53,0.76,False,0.08,-1.00,industrial_price_cents_kwh;queue_withdrawal_rate;coal_retired_mw,0.00,,max_queue_median_age_years
584,01075,Lamar,AL,False,31.95,42.15,42.38,57.52,58.85,49.77,58.49,60.85,54.39,0.71,False,0.11,1.00,fiber_share_locations;water_permit_risk;industrial_price_cents_kwh,0.00,,max_queue_median_age_years
585,39139,Richland,OH,False,32.25,77.77,63.46,52.92,24.46,79.84,66.95,43.16,54.38,0.76,False,-0.04,2.00,industrial_price_cents_kwh;coal_retired_mw;water_permit_risk,0.00,,max_queue_median_age_years
586,33011,Hillsborough,NH,False,58.92,53.99,53.93,75.99,40.22,62.43,2.94,69.59,54.28,0.73,False,-0.02,3.00,state_policy_risk;dc_existing_count;plant_capacity_mw_100km,0.00,,max_queue_median_age_years
587,05081,Little River,AR,False,36.68,43.56,35.47,35.34,53.17,51.71,77.50,69.59,54.28,0.76,False,-0.01,1.00,industrial_price_cents_kwh;state_policy_risk;water_permit_risk,0.00,,max_queue_median_age_years
588,13097,Douglas,GA,False,38.52,46.71,58.56,63.15,5.66,53.04,62.98,55.51,54.27,0.76,False,0.12,-2.00,dc_existing_count;industrial_price_cents_kwh;plant_capacity_mw_100km,0.00,,max_queue_median_age_years
589,21021,Boyle,KY,False,35.10,69.75,66.12,38.93,11.79,61.50,81.26,55.51,54.23,0.76,False,-0.00,1.00,industrial_price_cents_kwh;water_permit_risk;unemployment_rate_pct_2023,0.00,,max_queue_median_age_years
590,48337,Montague,TX,False,67.69,21.98,45.45,62.26,72.74,37.64,90.33,27.06,54.19,0.76,False,-0.16,6.00,industrial_price_cents_kwh;queue_median_age_years;queue_withdrawal_rate,0.00,,
591,29189,St. Louis,MO,False,29.38,70.67,59.85,85.19,18.83,70.45,38.13,38.99,54.18,0.73,False,-0.07,3.00,dc_existing_count;coal_retired_mw;water_permit_risk,0.00,,max_queue_median_age_years
592,13255,Spalding,GA,False,36.71,27.61,53.95,65.86,8.27,60.40,62.98,55.51,54.18,0.73,False,0.05,-1.00,plant_capacity_mw_100km;industrial_price_cents_kwh;fiber_share_locations,0.00,,max_queue_median_age_years
593,39095,Lucas,OH,False,40.85,77.13,45.03,57.06,8.91,83.44,66.95,43.16,54.12,0.76,False,0.02,0.00,industrial_price_cents_kwh;coal_retired_mw;plant_capacity_mw_100km,0.00,,max_queue_median_age_years
594,13091,Dodge,GA,False,52.88,22.51,50.41,57.91,43.42,51.84,62.98,55.51,54.06,0.78,False,0.08,-2.00,industrial_price_cents_kwh;queue_median_age_years;water_permit_risk,0.00,,
595,18167,Vigo,IN,False,46.53,59.37,52.52,72.26,17.75,73.12,31.34,55.51,54.00,0.78,False,0.04,0.00,coal_retired_mw;queue_median_age_years;water_permit_risk,0.00,,
596,28161,Yalobusha,MS,False,29.89,50.78,40.84,54.96,47.59,52.58,71.16,53.20,54.00,0.73,False,0.01,1.00,industrial_price_cents_kwh;state_policy_risk;fiber_share_locations,0.00,,max_queue_median_age_years
597,21217,Taylor,KY,False,32.24,60.57,60.30,41.43,18.94,58.30,81.26,55.51,53.90,0.73,False,-0.12,2.00,industrial_price_cents_kwh;water_permit_risk;mfg_emp_share_1969,0.00,,max_queue_median_age_years
598,21199,Pulaski,KY,False,29.49,59.77,49.37,38.72,41.99,61.36,81.26,55.51,53.85,0.73,False,-0.11,3.00,industrial_price_cents_kwh;water_permit_risk;unemployment_rate_pct_2023,0.00,,max_queue_median_age_years
599,28159,Winston,MS,False,27.43,43.58,49.32,51.48,56.13,54.98,71.16,53.20,53.82,0.73,False,0.01,-1.00,industrial_price_cents_kwh;state_policy_risk;fiber_share_locations,0.00,,max_queue_median_age_years
600,48159,Franklin,TX,False,56.92,40.54,36.86,62.22,32.86,35.51,90.33,36.26,53.77,0.76,False,-0.15,3.00,industrial_price_cents_kwh;queue_withdrawal_rate;fiber_share_locations,0.00,,
601,27053,Hennepin,MN,False,50.46,56.32,67.63,84.93,21.33,64.80,8.94,55.51,53.69,0.73,False,-0.21,4.00,dc_existing_count;coal_retired_mw;plant_capacity_mw_100km,0.00,,max_queue_median_age_years
602,01057,Fayette,AL,False,31.88,40.22,37.16,55.72,58.67,51.79,58.49,60.85,53.65,0.71,False,0.13,-2.00,fiber_share_locations;water_permit_risk;industrial_price_cents_kwh,0.00,,max_queue_median_age_years
603,13139,Hall,GA,False,42.28,43.27,56.57,57.77,13.53,55.92,62.98,55.51,53.55,0.73,False,0.10,-1.00,industrial_price_cents_kwh;plant_capacity_mw_100km;water_permit_risk,0.00,,max_queue_median_age_years
604,22061,Lincoln,LA,False,30.10,47.37,53.02,34.50,29.50,47.74,97.93,55.51,53.55,0.76,False,0.03,0.00,industrial_price_cents_kwh;water_permit_risk;nri_inland_flood_score,0.00,,max_queue_median_age_years
605,13215,Muscogee,GA,False,36.32,24.92,53.03,62.33,5.42,66.32,62.98,55.51,53.39,0.73,False,0.05,1.00,dc_existing_count;industrial_price_cents_kwh;water_permit_risk,0.00,,max_queue_median_age_years
606,29047,Clay,MO,False,36.16,54.91,51.88,73.23,13.24,62.06,38.13,55.51,53.32,0.78,False,0.02,1.00,coal_retired_mw;fiber_share_locations;water_permit_risk,0.00,,
607,28115,Pontotoc,MS,False,28.03,48.28,49.47,56.67,37.01,42.10,71.16,53.20,53.27,0.73,False,0.02,2.00,industrial_price_cents_kwh;state_policy_risk;fiber_share_locations,0.00,,max_queue_median_age_years
608,28137,Tate,MS,False,32.58,54.12,50.74,52.67,29.21,49.77,71.16,53.20,53.18,0.73,False,-0.02,5.00,industrial_price_cents_kwh;state_policy_risk;fiber_share_locations,0.00,,max_queue_median_age_years
609,39109,Miami,OH,False,44.64,65.41,51.82,57.10,17.85,65.27,66.95,43.16,53.18,0.76,False,0.02,2.00,industrial_price_cents_kwh;coal_retired_mw;water_permit_risk,0.00,,max_queue_median_age_years
610,13117,Forsyth,GA,False,36.00,46.58,55.52,60.17,5.08,53.66,62.98,55.51,53.18,0.73,False,0.10,-2.00,industrial_price_cents_kwh;plant_capacity_mw_100km;water_permit_risk,0.00,,max_queue_median_age_years
611,48183,Gregg,TX,False,39.45,22.16,47.80,63.92,9.22,57.63,90.33,36.26,53.18,0.71,False,-0.01,1.00,industrial_price_cents_kwh;fiber_share_locations;plant_capacity_mw_100km,0.00,,max_queue_median_age_years
612,39165,Warren,OH,False,43.67,66.74,53.41,60.11,13.67,56.63,66.95,43.16,53.09,0.73,False,-0.02,3.00,industrial_price_cents_kwh;plant_capacity_mw_100km;water_permit_risk,0.00,,max_queue_median_age_years
613,13009,Baldwin,GA,False,43.89,21.98,46.03,61.23,14.07,61.09,62.98,55.51,53.06,0.76,False,0.16,-3.00,industrial_price_cents_kwh;water_permit_risk;queue_withdrawal_rate,0.00,,max_queue_median_age_years
614,28103,Noxubee,MS,False,25.46,44.11,39.65,48.88,67.69,53.74,71.16,53.20,53.00,0.76,False,0.10,0.00,industrial_price_cents_kwh;state_policy_risk;fiber_share_locations,0.00,,max_queue_median_age_years
615,39121,Noble,OH,False,26.19,60.93,54.54,59.94,38.42,55.14,66.95,43.16,52.93,0.73,False,-0.01,2.00,industrial_price_cents_kwh;plant_capacity_mw_100km;water_permit_risk,0.00,,max_queue_median_age_years
616,28071,Lafayette,MS,False,27.81,55.71,52.38,53.57,41.80,36.36,71.16,53.20,52.91,0.73,False,-0.02,3.00,industrial_price_cents_kwh;state_policy_risk;fiber_share_locations,0.00,,max_queue_median_age_years
617,01121,Talladega,AL,False,36.77,40.63,36.21,53.07,44.55,56.98,58.49,60.85,52.90,0.73,False,0.13,-1.00,water_permit_risk;coal_retired_mw;industrial_price_cents_kwh,0.00,,max_queue_median_age_years
618,13187,Lumpkin,GA,False,38.63,38.78,55.71,58.83,17.43,47.18,62.98,55.51,52.76,0.73,False,0.13,0.00,industrial_price_cents_kwh;plant_capacity_mw_100km;water_permit_risk,0.00,,max_queue_median_age_years
619,21125,Laurel,KY,False,30.83,59.83,56.67,36.29,24.09,59.47,81.26,55.51,52.65,0.73,False,-0.10,2.00,industrial_price_cents_kwh;water_permit_risk;unemployment_rate_pct_2023,0.00,,max_queue_median_age_years
620,13047,Catoosa,GA,False,39.64,43.94,46.18,58.60,6.67,54.64,62.98,55.51,52.44,0.73,False,-0.01,3.00,plant_capacity_mw_100km;industrial_price_cents_kwh;water_permit_risk,0.00,,max_queue_median_age_years
621,13297,Walton,GA,False,35.07,28.28,52.10,59.75,13.06,56.48,62.98,55.51,52.43,0.76,False,0.11,-1.00,industrial_price_cents_kwh;queue_withdrawal_rate;water_permit_risk,0.00,,max_queue_median_age_years
622,01081,Lee,AL,False,38.37,24.80,51.16,56.13,31.71,48.34,58.49,60.85,52.40,0.73,False,0.10,-344.00,water_permit_risk;industrial_price_cents_kwh;plant_capacity_mw_100km,0.00,,max_queue_median_age_years
623,54061,Monongalia,WV,False,37.05,67.10,57.27,58.42,14.73,53.98,42.88,60.85,52.37,0.71,False,-0.11,4.00,plant_capacity_mw_100km;water_permit_risk;drought_share_weeks_d2plus,0.00,,max_queue_median_age_years
624,01027,Clay,AL,False,41.18,44.87,36.21,51.23,58.48,39.76,58.49,60.85,52.36,0.71,False,0.12,-2.00,water_permit_risk;plant_capacity_mw_100km;industrial_price_cents_kwh,0.00,,max_queue_median_age_years
625,13021,Bibb,GA,False,35.86,21.90,50.74,60.06,7.27,62.75,62.98,55.51,52.29,0.73,False,0.10,-1.00,coal_retired_mw;industrial_price_cents_kwh;water_permit_risk,0.00,,max_queue_median_age_years
626,13169,Jones,GA,False,37.18,23.51,47.30,62.57,27.94,40.86,62.98,55.51,52.24,0.73,False,0.13,-346.00,industrial_price_cents_kwh;fiber_share_locations;water_permit_risk,0.00,,max_queue_median_age_years
627,13023,Bleckley,GA,False,40.13,20.34,46.97,60.80,24.20,48.82,62.98,55.51,52.24,0.73,False,0.09,-2.00,fiber_share_locations;industrial_price_cents_kwh;water_permit_risk,0.00,,max_queue_median_age_years
628,01125,Tuscaloosa,AL,False,31.09,44.55,43.11,50.41,52.83,46.73,58.49,60.85,52.18,0.71,False,0.10,-2.00,water_permit_risk;industrial_price_cents_kwh;land_area_sqkm,0.00,,max_queue_median_age_years
629,20209,Wyandotte,KS,False,47.49,48.54,53.33,72.94,3.65,74.28,48.67,39.12,52.05,0.78,False,-0.02,0.00,queue_median_age_years;queue_withdrawal_rate;fiber_share_locations,0.00,,
630,13157,Jackson,GA,False,42.32,37.26,52.29,55.42,15.09,50.22,62.98,55.51,51.97,0.73,False,0.13,-2.00,industrial_price_cents_kwh;plant_capacity_mw_100km;water_permit_risk,0.00,,max_queue_median_age_years
631,28129,Smith,MS,False,27.06,45.45,40.02,49.14,60.92,42.62,71.16,53.20,51.97,0.73,False,-0.11,1.00,industrial_price_cents_kwh;state_policy_risk;fiber_share_locations,0.00,,max_queue_median_age_years
632,13035,Butts,GA,False,37.27,20.08,50.94,62.50,13.36,45.74,62.98,55.51,51.85,0.73,False,0.08,-2.00,plant_capacity_mw_100km;industrial_price_cents_kwh;water_permit_risk,0.00,,max_queue_median_age_years
633,48365,Panola,TX,False,38.90,44.82,35.80,47.78,65.57,44.89,90.33,36.26,51.83,0.71,False,0.04,-2.00,industrial_price_cents_kwh;plant_capacity_mw_100km;nri_drought_score,0.00,,max_queue_median_age_years
634,18117,Orange,IN,False,30.51,62.62,50.70,69.38,33.32,55.59,31.34,55.51,51.75,0.73,False,-0.01,-1.00,fiber_share_locations;plant_capacity_mw_100km;water_permit_risk,0.00,,max_queue_median_age_years
635,13147,Hart,GA,False,43.18,32.53,51.36,54.71,16.24,48.10,62.98,55.51,51.41,0.76,False,0.22,-1.00,industrial_price_cents_kwh;plant_capacity_mw_100km;water_permit_risk,0.00,,max_queue_median_age_years
636,39057,Greene,OH,False,46.29,74.04,57.00,50.43,16.56,53.09,66.95,43.16,51.41,0.76,False,-0.03,1.00,industrial_price_cents_kwh;water_permit_risk;fiber_share_locations,0.00,,max_queue_median_age_years
637,28043,Grenada,MS,False,33.04,48.45,36.71,46.36,35.11,57.74,71.16,53.20,51.40,0.73,False,0.01,-1.00,industrial_price_cents_kwh;state_policy_risk;mfg_emp_share_1969,0.00,,max_queue_median_age_years
638,28023,Clarke,MS,False,32.92,38.56,40.09,41.91,63.25,55.67,71.16,53.20,51.39,0.76,False,-0.09,1.00,industrial_price_cents_kwh;state_policy_risk;fiber_share_locations,0.00,,max_queue_median_age_years
639,18057,Hamilton,IN,False,47.83,57.28,59.21,66.16,12.24,58.06,31.34,55.51,51.36,0.76,False,-0.02,-1.00,dc_existing_count;fiber_share_locations;water_permit_risk,0.00,,max_queue_median_age_years
640,13013,Barrow,GA,False,36.43,47.52,54.26,50.46,5.68,56.71,62.98,55.51,51.07,0.73,False,0.11,0.00,industrial_price_cents_kwh;water_permit_risk;plant_capacity_mw_100km,0.00,,max_queue_median_age_years
641,31055,Douglas,NE,False,61.75,45.18,45.99,71.92,7.64,57.67,53.26,36.26,51.05,0.76,False,0.03,0.00,dc_existing_count;queue_median_age_years;fiber_share_locations,0.00,,
642,39103,Medina,OH,False,37.75,77.90,54.11,47.72,16.87,62.63,66.95,43.16,51.01,0.73,False,-0.01,1.00,industrial_price_cents_kwh;water_permit_risk;heat_sink_score,0.00,,max_queue_median_age_years
643,21029,Bullitt,KY,False,28.76,72.91,51.89,46.81,12.50,61.72,81.26,38.99,50.99,0.76,False,-0.13,5.00,industrial_price_cents_kwh;water_permit_risk;plant_capacity_mw_100km,0.00,,max_queue_median_age_years
644,37181,Vance,NC,False,54.54,34.72,64.45,51.00,13.88,72.33,45.37,55.51,50.92,0.76,False,-0.05,3.00,plant_capacity_mw_100km;water_permit_risk;unemployment_rate_pct_2023,0.00,,max_queue_median_age_years
645,33005,Cheshire,NH,False,57.79,82.57,49.21,58.30,43.02,57.29,2.94,69.59,50.91,0.73,False,0.03,-1.00,state_policy_risk;fiber_share_locations;water_permit_risk,0.00,,max_queue_median_age_years
646,55079,Milwaukee,WI,False,36.55,67.24,68.56,79.58,3.96,83.34,21.66,38.99,50.90,0.73,False,0.01,0.00,coal_retired_mw;dc_existing_count;water_permit_risk,0.00,,max_queue_median_age_years
647,39055,Geauga,OH,False,38.30,80.54,55.29,44.05,18.06,67.17,66.95,43.16,50.81,0.73,False,-0.02,3.00,industrial_price_cents_kwh;water_permit_risk;heat_sink_score,0.00,,max_queue_median_age_years
648,39041,Delaware,OH,False,37.02,69.51,54.54,48.97,18.06,61.25,66.95,43.16,50.77,0.73,False,0.02,1.00,industrial_price_cents_kwh;dc_existing_count;water_permit_risk,0.00,,max_queue_median_age_years
649,13017,Ben Hill,GA,False,44.13,24.24,52.36,50.25,22.74,53.07,62.98,55.51,50.75,0.73,False,0.06,-318.00,industrial_price_cents_kwh;water_permit_risk;fiber_share_locations,0.00,,max_queue_median_age_years
650,13221,Oglethorpe,GA,False,44.64,32.11,44.81,53.82,42.38,28.83,62.98,55.51,50.75,0.73,False,0.18,-5.00,industrial_price_cents_kwh;water_permit_risk;plant_capacity_mw_100km,0.00,,max_queue_median_age_years
651,48379,Rains,TX,False,58.41,28.43,41.73,54.58,25.14,29.89,90.33,36.26,50.72,0.73,False,-0.02,0.00,industrial_price_cents_kwh;queue_withdrawal_rate;plant_capacity_mw_100km,0.00,,max_queue_median_age_years
652,18043,Floyd,IN,False,28.92,70.16,51.99,69.14,5.47,57.54,31.34,55.51,50.68,0.73,False,-0.08,0.00,coal_retired_mw;plant_capacity_mw_100km;water_permit_risk,0.00,,max_queue_median_age_years
653,39131,Pike,OH,False,32.46,58.85,56.14,45.66,33.97,68.14,66.95,43.16,50.63,0.76,False,-0.05,0.00,industrial_price_cents_kwh;plant_capacity_mw_100km;water_permit_risk,0.00,,max_queue_median_age_years
654,18123,Perry,IN,False,28.35,69.37,47.21,65.71,32.08,53.40,31.34,55.51,50.61,0.73,False,-0.05,1.00,plant_capacity_mw_100km;fiber_share_locations;water_permit_risk,0.00,,max_queue_median_age_years
655,37089,Henderson,NC,False,56.16,40.90,69.68,50.82,14.91,57.89,45.37,55.51,50.56,0.73,False,0.01,-1.00,plant_capacity_mw_100km;water_permit_risk;population,0.00,,max_queue_median_age_years
656,27049,Goodhue,MN,False,62.61,71.91,56.78,65.09,51.87,52.08,8.94,55.51,50.48,0.78,False,-0.14,2.00,queue_median_age_years;water_permit_risk;queue_withdrawal_rate,0.00,,
657,27123,Ramsey,MN,False,53.59,66.56,71.86,70.43,1.90,69.31,8.94,55.51,50.46,0.73,False,-0.23,4.00,coal_retired_mw;plant_capacity_mw_100km;water_permit_risk,0.00,,max_queue_median_age_years
658,54081,Raleigh,WV,False,32.29,76.04,62.08,39.80,37.04,64.33,42.88,60.85,50.43,0.71,False,-0.01,-2.00,water_permit_risk;drought_share_weeks_d2plus;pop_change_pct_since_peak,0.00,,max_queue_median_age_years
659,27047,Freeborn,MN,False,66.78,46.90,53.72,66.12,55.08,61.49,8.94,55.51,50.34,0.78,False,-0.11,3.00,queue_median_age_years;water_permit_risk;fiber_share_locations,0.00,,
660,50003,Bennington,VT,False,67.49,92.15,46.94,57.54,49.82,57.80,4.52,60.85,50.32,0.71,False,0.01,-1.00,water_permit_risk;fiber_share_locations;drought_share_weeks_d2plus,0.00,,max_queue_median_age_years
661,18109,Morgan,IN,False,31.20,55.22,52.20,68.45,19.81,52.45,31.34,55.51,50.22,0.73,False,-0.01,2.00,coal_retired_mw;water_permit_risk;fiber_share_locations,0.00,,max_queue_median_age_years
662,13245,Richmond,GA,False,43.38,28.93,55.88,45.51,9.81,63.98,62.98,55.51,50.19,0.73,False,0.17,-5.00,industrial_price_cents_kwh;water_permit_risk;plant_capacity_mw_100km,0.00,,max_queue_median_age_years
663,13133,Greene,GA,False,39.30,35.47,35.93,51.27,32.31,44.47,62.98,55.51,50.08,0.73,False,0.16,-3.00,industrial_price_cents_kwh;plant_capacity_mw_100km;water_permit_risk,0.00,,max_queue_median_age_years
664,01107,Pickens,AL,False,29.78,48.54,37.24,36.93,71.13,51.79,58.49,60.85,50.07,0.71,False,0.12,0.00,water_permit_risk;industrial_price_cents_kwh;land_area_sqkm,0.00,,max_queue_median_age_years
665,39085,Lake,OH,False,38.84,79.27,52.73,42.17,5.53,73.79,66.95,43.16,49.97,0.73,False,-0.00,1.00,industrial_price_cents_kwh;water_permit_risk;heat_sink_score,0.00,,max_queue_median_age_years
666,13073,Columbia,GA,False,43.76,24.33,49.56,51.17,9.28,51.49,62.98,55.51,49.88,0.73,False,0.20,-1.00,industrial_price_cents_kwh;water_permit_risk;plant_capacity_mw_100km,0.00,,max_queue_median_age_years
667,39115,Morgan,OH,False,26.57,57.32,49.33,46.92,41.07,61.23,66.95,43.16,49.85,0.76,False,-0.02,2.00,industrial_price_cents_kwh;plant_capacity_mw_100km;water_permit_risk,0.00,,max_queue_median_age_years
668,28099,Neshoba,MS,False,26.87,44.18,45.86,38.84,45.03,54.61,71.16,53.20,49.81,0.73,False,0.02,0.00,industrial_price_cents_kwh;state_policy_risk;mfg_emp_share_1969,0.00,,max_queue_median_age_years
669,28105,Oktibbeha,MS,False,25.53,39.05,51.43,46.59,27.85,43.13,71.16,53.20,49.79,0.76,False,0.09,-2.00,industrial_price_cents_kwh;state_policy_risk;fiber_share_locations,0.00,,max_queue_median_age_years
670,48339,Montgomery,TX,False,39.37,24.04,43.05,69.81,43.87,51.39,90.33,11.47,49.78,0.71,False,-0.12,2.00,industrial_price_cents_kwh;plant_capacity_mw_100km;fiber_share_locations,0.00,,max_queue_median_age_years
671,51760,Richmond,VA,False,54.44,61.21,63.43,80.56,1.17,70.10,12.48,43.16,49.76,0.73,False,-0.01,0.00,plant_capacity_mw_100km;coal_retired_mw;fiber_share_locations,0.00,,max_queue_median_age_years
672,18163,Vanderburgh,IN,False,30.37,62.56,47.61,65.11,6.38,64.23,31.34,55.51,49.66,0.76,False,-0.10,2.00,plant_capacity_mw_100km;water_permit_risk;queue_withdrawal_rate,0.00,,max_queue_median_age_years
673,18105,Monroe,IN,False,30.89,54.81,66.58,58.44,15.47,67.34,31.34,55.51,49.64,0.73,False,-0.00,0.00,water_permit_risk;fiber_share_locations;plant_capacity_mw_100km,0.00,,max_queue_median_age_years
674,49027,Millard,UT,False,61.38,39.67,54.12,49.60,97.51,16.90,41.52,53.20,49.59,0.78,False,0.18,-4.00,state_policy_risk;coal_retired_mw;land_area_sqkm,0.00,,
675,18175,Washington,IN,False,31.25,65.82,51.38,59.26,39.88,50.16,31.34,55.51,49.47,0.73,False,-0.04,2.00,plant_capacity_mw_100km;water_permit_risk;fiber_share_locations,0.00,,max_queue_median_age_years
676,13225,Peach,GA,False,45.47,21.42,48.36,50.15,10.66,49.84,62.98,55.51,49.44,0.73,False,0.11,-1.00,industrial_price_cents_kwh;water_permit_risk;plant_capacity_mw_100km,0.00,,max_queue_median_age_years
677,13153,Houston,GA,False,46.30,20.26,50.85,52.33,13.30,39.12,62.98,55.51,49.40,0.73,False,0.10,-1.00,industrial_price_cents_kwh;water_permit_risk;plant_capacity_mw_100km,0.00,,max_queue_median_age_years
678,18097,Marion,IN,False,35.13,53.39,66.59,57.65,10.47,67.78,31.34,55.51,49.39,0.76,False,-0.03,2.00,dc_existing_count;water_permit_risk;population,0.00,,max_queue_median_age_years
679,27127,Redwood,MN,False,66.32,64.76,42.52,61.04,73.01,49.27,8.94,55.51,49.36,0.78,False,-0.02,2.00,queue_median_age_years;water_permit_risk;queue_withdrawal_rate,0.00,,
680,18137,Ripley,IN,False,32.20,66.83,47.54,58.29,33.56,56.92,31.34,55.51,49.29,0.76,False,-0.06,2.00,plant_capacity_mw_100km;water_permit_risk;fiber_share_locations,0.00,,max_queue_median_age_years
681,13219,Oconee,GA,False,38.49,28.51,46.29,53.44,10.15,40.43,62.98,55.51,49.25,0.73,False,0.15,-2.00,industrial_price_cents_kwh;plant_capacity_mw_100km;water_permit_risk,0.00,,max_queue_median_age_years
682,13059,Clarke,GA,False,38.50,34.48,54.38,45.68,3.35,57.69,62.98,55.51,49.25,0.76,False,0.18,-4.00,industrial_price_cents_kwh;water_permit_risk;population,0.00,,max_queue_median_age_years
683,39003,Allen,OH,False,40.76,83.87,46.16,33.63,17.93,76.00,66.95,43.16,48.71,0.76,False,-0.07,1.00,industrial_price_cents_kwh;water_permit_risk;heat_sink_score,0.00,,max_queue_median_age_years
684,20155,Reno,KS,False,57.22,38.77,33.86,55.49,66.29,56.41,48.67,39.12,48.66,0.76,False,-0.06,1.00,fiber_share_locations;queue_withdrawal_rate;land_area_sqkm,0.00,,max_queue_median_age_years
685,13145,Harris,GA,False,38.31,22.48,45.59,49.16,32.52,35.20,62.98,55.51,48.64,0.73,False,0.09,-2.00,industrial_price_cents_kwh;plant_capacity_mw_100km;water_permit_risk,0.00,,max_queue_median_age_years
686,55015,Calumet,WI,False,45.85,89.15,76.45,49.62,16.18,58.00,21.66,55.51,48.59,0.76,False,-0.01,0.00,water_permit_risk;heat_sink_score;mfg_emp_share_1969,0.00,,max_queue_median_age_years
687,01091,Marengo,AL,False,30.81,44.59,36.44,30.78,75.39,51.42,58.49,60.85,48.56,0.73,False,-0.01,0.00,water_permit_risk;industrial_price_cents_kwh;land_area_sqkm,0.00,,max_queue_median_age_years
688,48397,Rockwall,TX,False,54.66,21.38,46.98,67.00,3.76,58.57,90.33,11.47,48.51,0.73,False,-0.04,0.00,industrial_price_cents_kwh;fiber_share_locations;plant_capacity_mw_100km,0.00,,max_queue_median_age_years
689,27105,Nobles,MN,False,67.13,58.85,49.05,58.99,60.39,50.74,8.94,55.51,48.40,0.78,False,-0.17,3.00,queue_median_age_years;water_permit_risk;queue_withdrawal_rate,0.00,,
690,28077,Lawrence,MS,False,26.87,42.55,37.84,36.25,44.53,52.91,71.16,53.20,48.39,0.73,False,0.02,-1.00,industrial_price_cents_kwh;state_policy_risk;mfg_emp_share_1969,0.00,,max_queue_median_age_years
691,31153,Sarpy,NE,False,59.37,49.60,48.43,63.76,6.40,47.17,53.26,36.26,48.36,0.73,False,0.04,-1.00,dc_existing_count;fiber_share_locations;heat_sink_score,0.00,,max_queue_median_age_years
692,09140,Naugatuck Valley,CT,False,58.33,67.03,47.95,68.25,13.43,77.97,2.64,53.07,48.31,0.73,False,0.03,-1.00,state_policy_risk;plant_capacity_mw_100km;fiber_share_locations,0.00,,max_queue_median_age_years
693,18119,Owen,IN,False,32.07,55.70,52.69,59.14,30.77,46.57,31.34,55.51,48.19,0.73,False,0.04,0.00,plant_capacity_mw_100km;water_permit_risk;fiber_share_locations,0.00,,max_queue_median_age_years
694,54065,Morgan,WV,False,32.66,49.64,54.56,49.22,20.76,42.76,42.88,60.85,48.07,0.71,False,-0.08,0.00,water_permit_risk;plant_capacity_mw_100km;drought_share_weeks_d2plus,0.00,,max_queue_median_age_years
695,18143,Scott,IN,False,27.71,54.54,52.63,60.15,14.14,56.83,31.34,55.51,47.97,0.73,False,-0.04,0.00,plant_capacity_mw_100km;water_permit_risk;mfg_emp_share_1969,0.00,,max_queue_median_age_years
696,54003,Berkeley,WV,False,34.46,43.84,57.18,44.11,11.72,62.93,42.88,60.85,47.91,0.71,False,-0.10,3.00,water_permit_risk;heat_sink_score;population,0.00,,max_queue_median_age_years
697,09160,Northwest Hills,CT,False,64.57,69.83,45.38,58.61,44.13,74.62,2.64,53.07,47.82,0.76,False,0.00,1.00,state_policy_risk;plant_capacity_mw_100km;fiber_share_locations,0.00,,max_queue_median_age_years
698,18067,Howard,IN,False,52.58,59.89,62.02,40.96,12.35,82.35,31.34,55.51,47.81,0.76,False,0.02,-1.00,water_permit_risk;mfg_emp_share_1969;heat_sink_score,0.00,,max_queue_median_age_years
699,01065,Hale,AL,False,31.53,51.64,31.99,31.89,60.89,46.71,58.49,60.85,47.78,0.73,False,0.07,-3.00,water_permit_risk;industrial_price_cents_kwh;pop_density_per_sqkm,0.00,,max_queue_median_age_years
700,50025,Windham,VT,False,59.14,86.36,48.81,50.00,54.10,54.68,4.52,60.85,47.70,0.71,False,0.04,0.00,water_permit_risk;nri_drought_score;heat_sink_score,0.00,,max_queue_median_age_years
701,27147,Steele,MN,False,58.35,63.61,54.69,61.76,28.56,54.66,8.94,55.51,47.66,0.73,False,-0.13,2.00,fiber_share_locations;water_permit_risk;plant_capacity_mw_100km,0.00,,max_queue_median_age_years
702,20149,Pottawatomie,KS,False,59.90,53.55,41.25,54.42,64.97,29.26,48.67,39.12,47.60,0.73,False,0.08,-1.00,fiber_share_locations;land_area_sqkm;nri_drought_score,0.00,,max_queue_median_age_years
703,27019,Carver,MN,False,52.98,64.78,63.00,63.99,14.23,53.28,8.94,55.51,47.53,0.73,False,-0.16,4.00,plant_capacity_mw_100km;fiber_share_locations;water_permit_risk,0.00,,max_queue_median_age_years
704,09150,Northeastern Connecticut,CT,False,74.21,69.86,49.93,56.12,30.11,76.61,2.64,53.07,47.51,0.76,False,0.05,-2.00,state_policy_risk;plant_capacity_mw_100km;water_permit_risk,0.00,,max_queue_median_age_years
705,39075,Holmes,OH,False,28.01,73.41,55.11,38.20,25.83,52.42,66.95,43.16,47.51,0.73,False,0.01,-1.00,industrial_price_cents_kwh;water_permit_risk;drought_share_weeks_d2plus,0.00,,max_queue_median_age_years
706,39005,Ashland,OH,False,29.89,77.00,55.63,31.37,24.33,68.66,66.95,43.16,47.44,0.76,False,-0.03,0.00,industrial_price_cents_kwh;water_permit_risk;mfg_emp_share_1969,0.00,,max_queue_median_age_years
707,29099,Jefferson,MO,False,32.41,71.92,50.96,60.45,33.47,55.96,38.13,38.99,47.42,0.73,False,-0.09,1.00,coal_retired_mw;water_permit_risk;plant_capacity_mw_100km,0.00,,max_queue_median_age_years
708,31131,Otoe,NE,False,61.33,54.83,35.62,51.32,57.96,41.42,53.26,36.26,47.36,0.71,False,0.10,-3.00,plant_capacity_mw_100km;industrial_price_cents_kwh;water_stress_bws,0.00,,max_queue_median_age_years
709,51660,Harrisonburg,VA,False,47.98,65.56,62.84,71.80,0.96,68.85,12.48,43.16,47.28,0.73,False,-0.04,0.00,dc_existing_count;plant_capacity_mw_100km;water_permit_risk,0.00,,max_queue_median_age_years
710,20035,Cowley,KS,False,59.15,33.67,33.37,51.72,72.05,48.95,48.67,39.12,47.25,0.76,False,-0.04,0.00,land_area_sqkm;fiber_share_locations;wind_speed_100m_ms,0.00,,max_queue_median_age_years
711,27139,Scott,MN,False,51.93,66.25,58.58,62.61,12.61,58.34,8.94,55.51,47.24,0.78,False,-0.13,1.00,water_permit_risk;plant_capacity_mw_100km;queue_median_age_years,0.00,,
712,29510,St. Louis,MO,False,27.47,77.24,58.34,55.38,1.06,85.09,38.13,38.99,47.18,0.73,False,-0.02,-1.00,water_permit_risk;plant_capacity_mw_100km;pop_change_pct_since_peak,0.00,,max_queue_median_age_years
713,18019,Clark,IN,False,33.26,68.62,50.85,49.47,14.67,64.44,31.34,55.51,47.05,0.76,False,-0.06,1.00,plant_capacity_mw_100km;water_permit_risk;mfg_emp_share_1969,0.00,,max_queue_median_age_years
714,23017,Oxford,ME,False,65.26,76.01,54.68,39.76,77.69,60.80,3.36,60.85,47.02,0.73,False,0.02,-1.00,water_permit_risk;land_area_sqkm;mfg_emp_share_1969,0.00,,max_queue_median_age_years
715,42077,Lehigh,PA,False,48.34,54.54,66.48,66.83,9.57,71.91,38.13,26.64,46.99,0.73,False,-0.01,0.00,plant_capacity_mw_100km;dc_existing_count;water_permit_risk,0.00,,max_queue_median_age_years
716,27039,Dodge,MN,False,57.74,64.61,55.45,61.78,37.54,38.15,8.94,55.51,46.88,0.73,False,-0.25,7.00,fiber_share_locations;water_permit_risk;plant_capacity_mw_100km,0.00,,max_queue_median_age_years
717,31025,Cass,NE,False,59.93,53.20,34.04,55.60,44.45,35.59,53.26,36.26,46.87,0.76,False,0.06,-1.00,plant_capacity_mw_100km;queue_withdrawal_rate;industrial_price_cents_kwh,0.00,,
718,18013,Brown,IN,False,29.73,55.42,52.37,58.73,29.21,35.11,31.34,55.51,46.87,0.73,False,-0.02,-1.00,fiber_share_locations;water_permit_risk;plant_capacity_mw_100km,0.00,,max_queue_median_age_years
719,24027,Howard,MD,False,50.62,49.32,67.19,70.77,5.64,55.29,5.16,53.07,46.84,0.73,False,0.00,-1.00,state_policy_risk;plant_capacity_mw_100km;fiber_share_locations,0.00,,max_queue_median_age_years
720,42075,Lebanon,PA,False,57.37,69.23,57.54,48.34,13.41,62.45,38.13,43.16,46.79,0.76,False,-0.01,0.00,plant_capacity_mw_100km;water_permit_risk;heat_sink_score,0.00,,max_queue_median_age_years
721,27131,Rice,MN,False,54.77,68.92,54.28,59.03,28.56,51.62,8.94,55.51,46.77,0.73,False,-0.08,0.00,plant_capacity_mw_100km;water_permit_risk;fiber_share_locations,0.00,,max_queue_median_age_years
722,25027,Worcester,MA,False,68.23,56.37,58.02,50.69,48.04,72.39,2.27,55.51,46.75,0.78,False,0.03,-3.00,plant_capacity_mw_100km;water_permit_risk;land_area_sqkm,0.00,,
723,27067,Kandiyohi,MN,False,58.38,65.99,60.86,52.22,55.18,47.00,8.94,55.51,46.74,0.73,False,-0.09,-1.00,coal_retired_mw;water_permit_risk;heat_sink_score,0.00,,max_queue_median_age_years
724,27085,McLeod,MN,False,58.64,62.34,59.99,53.77,34.42,58.71,8.94,55.51,46.65,0.76,False,-0.13,1.00,water_permit_risk;plant_capacity_mw_100km;heat_sink_score,0.00,,max_queue_median_age_years
725,42091,Montgomery,PA,False,50.22,47.04,64.44,67.45,17.35,65.24,38.13,26.64,46.60,0.76,False,0.02,-1.00,plant_capacity_mw_100km;dc_existing_count;fiber_share_locations,0.00,,max_queue_median_age_years
726,18079,Jennings,IN,False,30.91,54.33,43.49,52.21,26.73,55.28,31.34,55.51,46.21,0.76,False,-0.04,1.00,plant_capacity_mw_100km;water_permit_risk;fiber_share_locations,0.00,,max_queue_median_age_years
727,18077,Jefferson,IN,False,28.25,66.62,47.33,49.47,23.38,56.25,31.34,55.51,46.20,0.76,False,-0.03,-1.00,plant_capacity_mw_100km;water_permit_risk;drought_share_weeks_d2plus,0.00,,max_queue_median_age_years
728,17083,Jersey,IL,False,32.77,64.11,63.40,49.51,29.61,53.25,16.26,60.85,46.13,0.71,False,-0.03,0.00,water_permit_risk;plant_capacity_mw_100km;drought_share_weeks_d2plus,0.00,,max_queue_median_age_years
729,33019,Sullivan,NH,False,61.94,81.32,49.42,39.91,36.10,53.61,2.94,69.59,45.91,0.76,False,0.03,0.00,state_policy_risk;water_permit_risk;heat_sink_score,0.00,,max_queue_median_age_years
730,51177,Spotsylvania,VA,False,57.37,42.24,59.88,69.50,16.07,57.54,12.48,43.16,45.74,0.78,False,-0.04,0.00,dc_existing_count;plant_capacity_mw_100km;water_permit_risk,0.00,,
731,27143,Sibley,MN,False,50.52,63.65,46.49,53.55,56.77,48.25,8.94,55.51,45.66,0.73,False,-0.07,0.00,plant_capacity_mw_100km;water_permit_risk;pop_density_per_sqkm,0.00,,max_queue_median_age_years
732,33013,Merrimack,NH,False,54.61,58.78,49.30,42.54,48.25,55.28,2.94,69.59,45.61,0.76,False,-0.02,0.00,state_policy_risk;water_permit_risk;fiber_share_locations,0.00,,max_queue_median_age_years
733,51690,Martinsville,VA,False,30.19,59.75,72.96,65.09,2.32,77.58,12.48,43.16,45.58,0.73,False,-0.07,0.00,fiber_share_locations;plant_capacity_mw_100km;water_permit_risk,0.00,,max_queue_median_age_years
734,27059,Isanti,MN,False,47.31,63.31,63.48,53.78,28.02,54.95,8.94,55.51,45.52,0.73,False,-0.31,4.00,water_permit_risk;plant_capacity_mw_100km;heat_sink_score,0.00,,max_queue_median_age_years
735,55089,Ozaukee,WI,False,43.57,72.04,70.83,60.01,8.67,61.89,21.66,38.99,45.48,0.73,False,0.02,-1.00,coal_retired_mw;plant_capacity_mw_100km;water_permit_risk,0.00,,max_queue_median_age_years
736,18093,Lawrence,IN,False,29.84,52.84,52.65,42.57,28.27,67.32,31.34,55.51,45.36,0.76,False,-0.02,-1.00,plant_capacity_mw_100km;water_permit_risk;mfg_emp_share_1969,0.00,,max_queue_median_age_years
737,17119,Madison,IL,False,31.78,57.09,56.96,64.89,35.83,78.16,16.26,36.06,45.32,0.71,False,0.00,-1.00,coal_retired_mw;water_permit_risk;plant_capacity_mw_100km,0.00,,max_queue_median_age_years
738,20085,Jackson,KS,False,60.51,55.35,42.72,45.58,63.28,26.00,48.67,39.12,45.30,0.73,False,-0.00,-1.00,pop_density_per_sqkm;plant_capacity_mw_100km;wind_speed_100m_ms,0.00,,max_queue_median_age_years
739,17005,Bond,IL,False,32.54,57.47,56.75,47.78,34.16,53.44,16.26,60.85,45.15,0.71,False,-0.03,0.00,water_permit_risk;plant_capacity_mw_100km;drought_share_weeks_d2plus,0.00,,max_queue_median_age_years
740,33001,Belknap,NH,False,55.29,59.28,52.68,45.81,20.60,53.52,2.94,69.59,44.99,0.73,False,-0.03,1.00,state_policy_risk;water_permit_risk;heat_sink_score,0.00,,max_queue_median_age_years
741,51630,Fredericksburg,VA,False,51.63,61.53,58.42,67.37,1.03,57.00,12.48,43.16,44.94,0.73,False,0.03,-1.00,plant_capacity_mw_100km;fiber_share_locations;water_permit_risk,0.00,,max_queue_median_age_years
742,31155,Saunders,NE,False,54.54,50.02,34.80,47.09,62.25,30.71,53.26,36.26,44.91,0.71,False,0.04,0.00,industrial_price_cents_kwh;queue_operational_mw_online_5y;wind_speed_100m_ms,0.00,,max_queue_median_age_years
743,25013,Hampden,MA,False,66.07,59.20,54.11,45.86,28.48,79.54,2.27,55.51,44.80,0.78,False,0.05,0.00,plant_capacity_mw_100km;water_permit_risk;heat_sink_score,0.00,,
744,27015,Brown,MN,False,51.19,64.65,43.70,48.40,50.87,57.95,8.94,55.51,44.77,0.73,False,0.01,0.00,water_permit_risk;fiber_share_locations;heat_sink_score,0.00,,max_queue_median_age_years
745,51167,Russell,VA,False,24.57,58.67,63.49,64.26,37.65,57.85,12.48,43.16,44.72,0.73,False,-0.04,0.00,coal_retired_mw;fiber_share_locations;water_permit_risk,0.00,,max_queue_median_age_years
746,51169,Scott,VA,False,23.55,54.48,64.49,66.92,45.82,46.82,12.48,43.16,44.69,0.73,False,-0.06,0.00,dc_existing_count;fiber_share_locations;water_permit_risk,0.00,,max_queue_median_age_years
747,18081,Johnson,IN,False,34.66,54.61,56.59,44.75,10.49,56.01,31.34,55.51,44.63,0.76,False,-0.01,0.00,fiber_share_locations;water_permit_risk;heat_sink_score,0.00,,max_queue_median_age_years
748,27013,Blue Earth,MN,False,63.79,51.85,50.35,49.60,46.75,48.92,8.94,55.51,44.63,0.73,False,-0.07,0.00,water_permit_risk;heat_sink_score;population,0.00,,max_queue_median_age_years
749,18059,Hancock,IN,False,39.23,56.77,60.82,40.83,12.98,54.83,31.34,55.51,44.42,0.76,False,-0.01,1.00,water_permit_risk;heat_sink_score;fiber_share_locations,0.00,,max_queue_median_age_years
750,34031,Passaic,NJ,False,44.20,59.21,56.63,72.47,2.70,80.81,3.96,36.06,44.22,0.71,False,0.27,-1.00,plant_capacity_mw_100km;fiber_share_locations;water_permit_risk,0.00,,max_queue_median_age_years
751,34037,Sussex,NJ,False,54.68,54.21,58.27,67.69,25.35,70.76,3.96,36.06,44.03,0.73,False,0.04,0.00,plant_capacity_mw_100km;water_permit_risk;fiber_share_locations,0.00,,max_queue_median_age_years
752,29145,Newton,MO,False,53.42,45.59,41.38,32.54,40.74,52.06,38.13,55.51,43.97,0.76,False,-0.17,2.00,water_permit_risk;wind_speed_100m_ms;mfg_emp_share_1969,0.00,,max_queue_median_age_years
753,51191,Washington,VA,False,30.37,62.83,69.09,57.52,35.77,57.47,12.48,43.16,43.91,0.76,False,-0.04,-1.00,fiber_share_locations;water_permit_risk;queue_withdrawal_rate,0.00,,max_queue_median_age_years
754,24013,Carroll,MD,False,57.79,49.69,64.71,54.23,19.43,55.62,5.16,53.07,43.91,0.73,False,-0.04,-1.00,state_policy_risk;plant_capacity_mw_100km;water_permit_risk,0.00,,max_queue_median_age_years
755,18063,Hendricks,IN,False,36.30,54.35,60.48,40.32,15.42,47.88,31.34,55.51,43.51,0.76,False,-0.03,0.00,water_permit_risk;heat_sink_score;population,0.00,,max_queue_median_age_years
756,20125,Montgomery,KS,False,52.68,38.63,36.36,36.66,50.60,59.91,48.67,39.12,43.28,0.73,False,-0.07,0.00,pop_change_pct_since_peak;mfg_emp_share_1969;wind_speed_100m_ms,0.00,,max_queue_median_age_years
757,27095,Mille Lacs,MN,False,48.28,61.88,52.49,41.05,46.74,58.72,8.94,55.51,43.02,0.73,False,-0.29,1.00,water_permit_risk;unemployment_rate_pct_2023;heat_sink_score,0.00,,max_queue_median_age_years
758,34027,Morris,NJ,False,56.81,57.41,56.74,64.44,16.98,70.58,3.96,36.06,42.96,0.73,False,0.21,-1.00,plant_capacity_mw_100km;water_permit_risk;fiber_share_locations,0.00,,max_queue_median_age_years
759,17127,Massac,IL,False,32.91,54.39,47.60,40.23,24.53,62.29,16.26,60.85,42.71,0.71,False,-0.08,1.00,water_permit_risk;unemployment_rate_pct_2023;water_stress_bws,0.00,,max_queue_median_age_years
760,51820,Waynesboro,VA,False,36.72,66.47,58.97,61.51,1.99,54.66,12.48,43.16,42.70,0.73,False,-0.06,-1.00,fiber_share_locations;water_permit_risk;plant_capacity_mw_100km,0.00,,max_queue_median_age_years
761,51840,Winchester,VA,False,47.48,64.83,65.53,59.46,0.74,48.78,12.48,43.16,42.69,0.71,False,-0.14,1.00,fiber_share_locations;water_permit_risk;plant_capacity_mw_100km,0.00,,max_queue_median_age_years
762,27103,Nicollet,MN,False,48.93,65.58,47.10,48.36,31.47,43.58,8.94,55.51,42.61,0.73,False,-0.01,-1.00,water_permit_risk;heat_sink_score;water_stress_bws,0.00,,max_queue_median_age_years
763,27023,Chippewa,MN,False,52.61,71.09,50.04,37.29,58.57,44.86,8.94,55.51,42.28,0.76,False,0.02,0.00,water_permit_risk;pop_density_per_sqkm;pop_change_pct_since_peak,0.00,,max_queue_median_age_years
764,51520,Bristol,VA,False,22.13,69.38,78.78,54.94,2.22,59.86,12.48,43.16,42.03,0.71,False,-0.08,0.00,fiber_share_locations;water_permit_risk;nri_drought_score,0.00,,max_queue_median_age_years
765,51540,Charlottesville,VA,False,31.67,61.52,63.33,59.27,0.61,56.84,12.48,43.16,41.92,0.73,False,-0.05,1.00,water_permit_risk;plant_capacity_mw_100km;fiber_share_locations,0.00,,max_queue_median_age_years
766,25015,Hampshire,MA,False,63.24,59.73,51.30,42.78,25.41,59.38,2.27,55.51,41.87,0.76,False,0.04,-1.00,plant_capacity_mw_100km;water_permit_risk;heat_sink_score,0.00,,max_queue_median_age_years
767,51590,Danville,VA,False,32.28,56.56,63.77,51.44,3.14,79.70,12.48,43.16,41.80,0.73,False,-0.06,1.00,plant_capacity_mw_100km;water_permit_risk;mfg_emp_share_1969,0.00,,max_queue_median_age_years
768,51195,Wise,VA,False,32.94,53.50,61.08,52.51,26.10,64.24,12.48,43.16,41.79,0.76,False,-0.03,-1.00,dc_existing_count;water_permit_risk;pop_change_pct_since_peak,0.00,,max_queue_median_age_years
769,51790,Staunton,VA,False,33.05,66.24,61.96,57.64,2.40,53.09,12.48,43.16,41.58,0.73,False,-0.03,0.00,fiber_share_locations;water_permit_risk;heat_sink_score,0.00,,max_queue_median_age_years
770,46027,Clay,SD,False,51.90,51.28,37.04,53.69,39.08,30.28,26.13,39.12,41.04,0.73,False,0.02,0.00,fiber_share_locations;water_stress_bws;heat_sink_score,0.00,,max_queue_median_age_years
771,46127,Union,SD,False,54.17,40.69,31.73,50.33,42.76,30.81,26.13,39.12,39.66,0.73,False,-0.09,2.00,fiber_share_locations;heat_sink_score;grid_renewable_share,0.00,,max_queue_median_age_years
772,51680,Lynchburg,VA,False,29.86,64.84,70.90,42.51,2.11,71.62,12.48,43.16,39.66,0.76,False,-0.03,-1.00,water_permit_risk;fiber_share_locations;mfg_emp_share_1969,0.00,,max_queue_median_age_years
773,51775,Salem,VA,False,30.10,64.00,65.93,50.08,1.66,53.52,12.48,43.16,39.65,0.73,False,-0.10,1.00,fiber_share_locations;water_permit_risk;heat_sink_score,0.00,,max_queue_median_age_years
774,51187,Warren,VA,False,45.92,43.30,53.69,50.37,11.85,56.93,12.48,43.16,39.64,0.76,False,-0.05,-2.00,water_permit_risk;plant_capacity_mw_100km;mfg_emp_share_1969,0.00,,max_queue_median_age_years
775,51019,Bedford,VA,False,30.63,43.18,61.51,38.82,45.77,54.74,12.48,43.16,38.05,0.76,False,-0.09,0.00,water_permit_risk;mfg_emp_share_1969;fiber_share_locations,0.00,,max_queue_median_age_years
776,51079,Greene,VA,False,48.79,44.39,51.99,49.23,13.33,37.54,12.48,43.16,38.00,0.71,False,-0.06,0.00,water_permit_risk;plant_capacity_mw_100km;heat_sink_score,0.00,,max_queue_median_age_years
777,17133,Monroe,IL,False,29.26,63.71,56.35,48.73,24.59,37.59,16.26,36.06,37.55,0.71,False,-0.03,0.00,water_permit_risk;plant_capacity_mw_100km;drought_share_weeks_d2plus,0.00,,max_queue_median_age_years
778,06113,Yolo,CA,False,64.62,24.08,54.94,49.89,48.36,55.86,0.95,9.84,31.47,0.71,False,0.02,0.00,plant_capacity_mw_100km;land_area_sqkm;population,0.00,,max_queue_median_age_years
779,06061,Placer,CA,False,56.98,32.02,50.89,36.42,50.50,58.20,0.95,9.84,28.15,0.73,False,0.33,0.00,land_area_sqkm;population;heat_sink_score,0.00,,max_queue_median_age_years
