fips,county_name,state,failed_gates,unknown_gates
01003,Baldwin,AL,hazard_percentile_max.nri_coastal_flood_score;hazard_percentile_max.nri_hurricane_score,
01013,Butler,AL,hazard_percentile_max.nri_hurricane_score,max_queue_median_age_years
01017,Chambers,AL,min_fiber_share_locations,max_queue_median_age_years
01019,Cherokee,AL,min_fiber_share_locations;hazard_percentile_max.nri_inland_flood_score,max_queue_median_age_years
01023,Choctaw,AL,hazard_percentile_max.nri_inland_flood_score;hazard_percentile_max.nri_hurricane_score,max_queue_median_age_years
01025,Clarke,AL,min_fiber_share_locations;hazard_percentile_max.nri_hurricane_score,max_queue_median_age_years
01029,Cleburne,AL,min_fiber_share_locations,max_queue_median_age_years
01031,Coffee,AL,hazard_percentile_max.nri_hurricane_score,max_queue_median_age_years
01035,Conecuh,AL,min_fiber_share_locations;hazard_percentile_max.nri_hurricane_score,max_queue_median_age_years
01037,Coosa,AL,hazard_percentile_max.nri_inland_flood_score,max_queue_median_age_years
01039,Covington,AL,min_nearby_capacity_multiple;hazard_percentile_max.nri_hurricane_score,max_queue_median_age_years
01041,Crenshaw,AL,hazard_percentile_max.nri_hurricane_score,max_queue_median_age_years
01047,Dallas,AL,min_fiber_share_locations,max_queue_median_age_years
01053,Escambia,AL,min_fiber_share_locations;hazard_percentile_max.nri_hurricane_score,max_queue_median_age_years
01061,Geneva,AL,hazard_percentile_max.nri_hurricane_score,max_queue_median_age_years
01063,Greene,AL,min_population;hazard_percentile_max.nri_inland_flood_score,max_queue_median_age_years
01069,Houston,AL,hazard_percentile_max.nri_hurricane_score,
01083,Limestone,AL,max_queue_median_age_years,
01087,Macon,AL,min_fiber_share_locations,max_queue_median_age_years
01097,Mobile,AL,hazard_percentile_max.nri_coastal_flood_score;hazard_percentile_max.nri_hurricane_score,
01099,Monroe,AL,min_fiber_share_locations;hazard_percentile_max.nri_hurricane_score,max_queue_median_age_years
01103,Morgan,AL,exclude_moratorium_active,max_queue_median_age_years
01105,Perry,AL,min_fiber_share_locations;min_population,
01111,Randolph,AL,min_fiber_share_locations,max_queue_median_age_years
01119,Sumter,AL,min_fiber_share_locations,max_queue_median_age_years
01123,Tallapoosa,AL,min_fiber_share_locations,max_queue_median_age_years
01127,Walker,AL,min_fiber_share_locations;hazard_percentile_max.nri_inland_flood_score,max_queue_median_age_years
01129,Washington,AL,hazard_percentile_max.nri_hurricane_score,max_queue_median_age_years
01131,Wilcox,AL,min_fiber_share_locations;hazard_percentile_max.nri_inland_flood_score,max_queue_median_age_years
04001,Apache,AZ,max_queue_median_age_years;min_fiber_share_locations;min_nearby_capacity_multiple;max_water_stress_if_evaporative;hazard_percentile_max.nri_wildfire_score,
04003,Cochise,AZ,max_queue_median_age_years;min_fiber_share_locations;min_nearby_capacity_multiple;max_water_stress_if_evaporative;hazard_percentile_max.nri_wildfire_score,
04005,Coconino,AZ,max_queue_median_age_years;min_fiber_share_locations;min_nearby_capacity_multiple;max_water_stress_if_evaporative;hazard_percentile_max.nri_wildfire_score,
04007,Gila,AZ,min_fiber_share_locations;min_nearby_capacity_multiple;hazard_percentile_max.nri_wildfire_score,max_queue_median_age_years
04009,Graham,AZ,min_nearby_capacity_multiple;max_water_stress_if_evaporative,max_queue_median_age_years
04011,Greenlee,AZ,min_population;min_nearby_capacity_multiple;max_water_stress_if_evaporative;hazard_percentile_max.nri_inland_flood_score,max_queue_median_age_years
04012,La Paz,AZ,max_queue_median_age_years;hazard_percentile_max.nri_inland_flood_score,
04013,Maricopa,AZ,max_water_stress_if_evaporative,
04017,Navajo,AZ,max_queue_median_age_years;min_fiber_share_locations;min_nearby_capacity_multiple;max_water_stress_if_evaporative;hazard_percentile_max.nri_wildfire_score,
04019,Pima,AZ,max_queue_median_age_years;min_fiber_share_locations;max_water_stress_if_evaporative;hazard_percentile_max.nri_inland_flood_score,
04021,Pinal,AZ,max_water_stress_if_evaporative,
04023,Santa Cruz,AZ,min_fiber_share_locations;min_nearby_capacity_multiple;max_water_stress_if_evaporative,max_queue_median_age_years
04025,Yavapai,AZ,max_queue_median_age_years;min_fiber_share_locations;min_nearby_capacity_multiple;max_water_stress_if_evaporative;hazard_percentile_max.nri_wildfire_score,
04027,Yuma,AZ,max_queue_median_age_years;min_nearby_capacity_multiple;max_water_stress_if_evaporative,
05003,Ashley,AR,max_queue_median_age_years,
05005,Baxter,AR,min_nearby_capacity_multiple,max_queue_median_age_years
05009,Boone,AR,min_nearby_capacity_multiple;max_water_stress_if_evaporative,max_queue_median_age_years
05013,Calhoun,AR,max_queue_median_age_years;min_population,
05015,Carroll,AR,min_fiber_share_locations;exclude_moratorium_active;max_water_stress_if_evaporative,max_queue_median_age_years
05017,Chicot,AR,min_fiber_share_locations;min_population,max_queue_median_age_years
05021,Clay,AR,max_water_stress_if_evaporative,max_queue_median_age_years
05023,Cleburne,AR,hazard_percentile_max.nri_inland_flood_score,max_queue_median_age_years
05025,Cleveland,AR,min_population,max_queue_median_age_years
05027,Columbia,AR,max_queue_median_age_years;max_water_stress_if_evaporative,
05031,Craighead,AR,max_water_stress_if_evaporative,
05035,Crittenden,AR,max_queue_median_age_years;min_fiber_share_locations;max_water_stress_if_evaporative,
05037,Cross,AR,max_queue_median_age_years;max_water_stress_if_evaporative,
05039,Dallas,AR,min_population,max_queue_median_age_years
05041,Desha,AR,min_fiber_share_locations;min_nearby_capacity_multiple,max_queue_median_age_years
05049,Fulton,AR,max_water_stress_if_evaporative,max_queue_median_age_years
05053,Grant,AR,max_queue_median_age_years,
05055,Greene,AR,max_water_stress_if_evaporative,max_queue_median_age_years
05057,Hempstead,AR,min_nearby_capacity_multiple,max_queue_median_age_years
05061,Howard,AR,min_nearby_capacity_multiple,max_queue_median_age_years
05063,Independence,AR,exclude_moratorium_active,max_queue_median_age_years
05065,Izard,AR,hazard_percentile_max.nri_inland_flood_score,max_queue_median_age_years
05067,Jackson,AR,max_queue_median_age_years;max_water_stress_if_evaporative,
05073,Lafayette,AR,min_population,max_queue_median_age_years
05075,Lawrence,AR,max_water_stress_if_evaporative,max_queue_median_age_years
05077,Lee,AR,max_queue_median_age_years;min_fiber_share_locations;min_population,
05087,Madison,AR,max_water_stress_if_evaporative,max_queue_median_age_years
05089,Marion,AR,min_nearby_capacity_multiple;max_water_stress_if_evaporative,max_queue_median_age_years
05093,Mississippi,AR,max_queue_median_age_years;max_water_stress_if_evaporative,
05095,Monroe,AR,min_population,max_queue_median_age_years
05097,Montgomery,AR,min_population,max_queue_median_age_years
05099,Nevada,AR,max_queue_median_age_years;min_population,
05101,Newton,AR,min_fiber_share_locations;min_population,max_queue_median_age_years
05103,Ouachita,AR,max_queue_median_age_years,
05107,Phillips,AR,min_fiber_share_locations,
05109,Pike,AR,hazard_percentile_max.nri_inland_flood_score,max_queue_median_age_years
05111,Poinsett,AR,max_water_stress_if_evaporative,max_queue_median_age_years
05113,Polk,AR,min_fiber_share_locations;min_nearby_capacity_multiple,max_queue_median_age_years
05115,Pope,AR,hazard_percentile_max.nri_inland_flood_score,
05117,Prairie,AR,min_population,max_queue_median_age_years
05121,Randolph,AR,max_water_stress_if_evaporative,max_queue_median_age_years
05123,St. Francis,AR,max_water_stress_if_evaporative,
05127,Scott,AR,min_population,max_queue_median_age_years
05129,Searcy,AR,min_population,max_queue_median_age_years
05133,Sevier,AR,min_nearby_capacity_multiple,max_queue_median_age_years
05135,Sharp,AR,max_water_stress_if_evaporative,max_queue_median_age_years
05139,Union,AR,exclude_moratorium_active,
05147,Woodruff,AR,min_population;max_water_stress_if_evaporative,max_queue_median_age_years
06001,Alameda,CA,max_queue_median_age_years;hazard_percentile_max.nri_coastal_flood_score,
06003,Alpine,CA,min_fiber_share_locations;min_population;max_water_stress_if_evaporative;hazard_percentile_max.nri_inland_flood_score;hazard_percentile_max.nri_wildfire_score,max_queue_median_age_years
06005,Amador,CA,min_fiber_share_locations;hazard_percentile_max.nri_wildfire_score,max_queue_median_age_years
06007,Butte,CA,min_fiber_share_locations,max_queue_median_age_years
06009,Calaveras,CA,min_fiber_share_locations;max_water_stress_if_evaporative;hazard_percentile_max.nri_wildfire_score,
06011,Colusa,CA,max_queue_median_age_years;max_water_stress_if_evaporative,
06013,Contra Costa,CA,max_queue_median_age_years;hazard_percentile_max.nri_inland_flood_score;hazard_percentile_max.nri_coastal_flood_score,
06015,Del Norte,CA,min_nearby_capacity_multiple;hazard_percentile_max.nri_inland_flood_score;hazard_percentile_max.nri_coastal_flood_score,max_queue_median_age_years
06017,El Dorado,CA,min_fiber_share_locations;hazard_percentile_max.nri_wildfire_score,max_queue_median_age_years
06019,Fresno,CA,max_queue_median_age_years;max_water_stress_if_evaporative,
06021,Glenn,CA,min_fiber_share_locations;max_water_stress_if_evaporative,max_queue_median_age_years
06023,Humboldt,CA,min_fiber_share_locations;min_nearby_capacity_multiple;hazard_percentile_max.nri_inland_flood_score;hazard_percentile_max.nri_coastal_flood_score,max_queue_median_age_years
06025,Imperial,CA,max_queue_median_age_years;min_fiber_share_locations;exclude_moratorium_active;max_water_stress_if_evaporative,
06027,Inyo,CA,min_nearby_capacity_multiple;max_water_stress_if_evaporative,max_queue_median_age_years
06029,Kern,CA,max_queue_median_age_years;max_water_stress_if_evaporative,
06031,Kings,CA,max_queue_median_age_years;min_fiber_share_locations;max_water_stress_if_evaporative,
06033,Lake,CA,min_fiber_share_locations;hazard_percentile_max.nri_inland_flood_score;hazard_percentile_max.nri_wildfire_score,max_queue_median_age_years
06035,Lassen,CA,min_nearby_capacity_multiple;max_water_stress_if_evaporative;hazard_percentile_max.nri_inland_flood_score;hazard_percentile_max.nri_wildfire_score,max_queue_median_age_years
06037,Los Angeles,CA,max_queue_median_age_years;max_water_stress_if_evaporative;hazard_percentile_max.nri_inland_flood_score;hazard_percentile_max.nri_coastal_flood_score,
06039,Madera,CA,max_queue_median_age_years;min_fiber_share_locations;max_water_stress_if_evaporative;hazard_percentile_max.nri_wildfire_score,
06041,Marin,CA,hazard_percentile_max.nri_inland_flood_score;hazard_percentile_max.nri_coastal_flood_score,max_queue_median_age_years
06043,Mariposa,CA,min_fiber_share_locations;max_water_stress_if_evaporative;hazard_percentile_max.nri_inland_flood_score;hazard_percentile_max.nri_wildfire_score,max_queue_median_age_years
06045,Mendocino,CA,min_fiber_share_locations;min_nearby_capacity_multiple;hazard_percentile_max.nri_inland_flood_score;hazard_percentile_max.nri_coastal_flood_score,max_queue_median_age_years
06047,Merced,CA,max_queue_median_age_years;min_fiber_share_locations;max_water_stress_if_evaporative,
06049,Modoc,CA,min_fiber_share_locations;min_population;min_nearby_capacity_multiple;max_water_stress_if_evaporative;hazard_percentile_max.nri_wildfire_score,max_queue_median_age_years
06051,Mono,CA,hazard_percentile_max.nri_inland_flood_score;hazard_percentile_max.nri_wildfire_score,max_queue_median_age_years
06053,Monterey,CA,max_queue_median_age_years;min_fiber_share_locations;max_water_stress_if_evaporative;hazard_percentile_max.nri_coastal_flood_score,
06055,Napa,CA,min_fiber_share_locations;hazard_percentile_max.nri_inland_flood_score;hazard_percentile_max.nri_coastal_flood_score,max_queue_median_age_years
06057,Nevada,CA,min_fiber_share_locations;hazard_percentile_max.nri_inland_flood_score;hazard_percentile_max.nri_wildfire_score,max_queue_median_age_years
06059,Orange,CA,max_queue_median_age_years;max_water_stress_if_evaporative;hazard_percentile_max.nri_coastal_flood_score,
06063,Plumas,CA,hazard_percentile_max.nri_inland_flood_score;hazard_percentile_max.nri_wildfire_score,max_queue_median_age_years
06065,Riverside,CA,max_queue_median_age_years;max_water_stress_if_evaporative;hazard_percentile_max.nri_inland_flood_score;hazard_percentile_max.nri_wildfire_score,
06067,Sacramento,CA,max_queue_median_age_years,
06069,San Benito,CA,min_fiber_share_locations;max_water_stress_if_evaporative,max_queue_median_age_years
06071,San Bernardino,CA,min_nearby_capacity_multiple;max_water_stress_if_evaporative;hazard_percentile_max.nri_inland_flood_score,
06073,San Diego,CA,max_queue_median_age_years;max_water_stress_if_evaporative;hazard_percentile_max.nri_coastal_flood_score;hazard_percentile_max.nri_wildfire_score,
06075,San Francisco,CA,min_nearby_capacity_multiple;hazard_percentile_max.nri_coastal_flood_score,max_queue_median_age_years
06077,San Joaquin,CA,max_queue_median_age_years;max_water_stress_if_evaporative,
06079,San Luis Obispo,CA,min_fiber_share_locations;max_water_stress_if_evaporative;hazard_percentile_max.nri_inland_flood_score;hazard_percentile_max.nri_coastal_flood_score,max_queue_median_age_years
06081,San Mateo,CA,hazard_percentile_max.nri_coastal_flood_score,max_queue_median_age_years
06083,Santa Barbara,CA,max_water_stress_if_evaporative;hazard_percentile_max.nri_inland_flood_score;hazard_percentile_max.nri_coastal_flood_score,max_queue_median_age_years
06085,Santa Clara,CA,max_queue_median_age_years;hazard_percentile_max.nri_inland_flood_score;hazard_percentile_max.nri_coastal_flood_score,
06087,Santa Cruz,CA,hazard_percentile_max.nri_inland_flood_score;hazard_percentile_max.nri_coastal_flood_score,max_queue_median_age_years
06089,Shasta,CA,min_fiber_share_locations;hazard_percentile_max.nri_inland_flood_score;hazard_percentile_max.nri_wildfire_score,max_queue_median_age_years
06091,Sierra,CA,min_fiber_share_locations;min_population;hazard_percentile_max.nri_inland_flood_score;hazard_percentile_max.nri_wildfire_score,max_queue_median_age_years
06093,Siskiyou,CA,hazard_percentile_max.nri_inland_flood_score;hazard_percentile_max.nri_wildfire_score,max_queue_median_age_years
06095,Solano,CA,max_queue_median_age_years;min_fiber_share_locations;hazard_percentile_max.nri_inland_flood_score;hazard_percentile_max.nri_coastal_flood_score,
06097,Sonoma,CA,min_fiber_share_locations;hazard_percentile_max.nri_inland_flood_score;hazard_percentile_max.nri_coastal_flood_score,max_queue_median_age_years
06099,Stanislaus,CA,max_queue_median_age_years;min_fiber_share_locations;max_water_stress_if_evaporative,
06101,Sutter,CA,max_queue_median_age_years,
06103,Tehama,CA,min_fiber_share_locations;hazard_percentile_max.nri_inland_flood_score;hazard_percentile_max.nri_wildfire_score,max_queue_median_age_years
06105,Trinity,CA,min_fiber_share_locations;min_nearby_capacity_multiple;hazard_percentile_max.nri_inland_flood_score;hazard_percentile_max.nri_wildfire_score,max_queue_median_age_years
06107,Tulare,CA,max_queue_median_age_years;max_water_stress_if_evaporative;hazard_percentile_max.nri_inland_flood_score,
06109,Tuolumne,CA,min_fiber_share_locations;min_nearby_capacity_multiple;hazard_percentile_max.nri_wildfire_score,max_queue_median_age_years
06111,Ventura,CA,max_queue_median_age_years;max_water_stress_if_evaporative;hazard_percentile_max.nri_inland_flood_score;hazard_percentile_max.nri_coastal_flood_score,
06115,Yuba,CA,min_fiber_share_locations;hazard_percentile_max.nri_inland_flood_score,max_queue_median_age_years
08001,Adams,CO,max_water_stress_if_evaporative,
08003,Alamosa,CO,max_queue_median_age_years;min_nearby_capacity_multiple;max_water_stress_if_evaporative,
08005,Arapahoe,CO,max_queue_median_age_years;max_water_stress_if_evaporative,
08007,Archuleta,CO,min_fiber_share_locations;exclude_moratorium_active;min_nearby_capacity_multiple;hazard_percentile_max.nri_inland_flood_score;hazard_percentile_max.nri_wildfire_score,max_queue_median_age_years
08009,Baca,CO,min_fiber_share_locations;min_population;min_nearby_capacity_multiple;max_water_stress_if_evaporative,max_queue_median_age_years
08011,Bent,CO,min_fiber_share_locations;min_population;min_nearby_capacity_multiple;max_water_stress_if_evaporative,max_queue_median_age_years
08013,Boulder,CO,max_water_stress_if_evaporative,max_queue_median_age_years
08014,Broomfield,CO,max_water_stress_if_evaporative,max_queue_median_age_years
08015,Chaffee,CO,min_nearby_capacity_multiple;max_water_stress_if_evaporative;hazard_percentile_max.nri_inland_flood_score,max_queue_median_age_years
08017,Cheyenne,CO,min_fiber_share_locations;min_population;min_nearby_capacity_multiple;max_water_stress_if_evaporative,
08019,Clear Creek,CO,min_fiber_share_locations;min_population;max_water_stress_if_evaporative;hazard_percentile_max.nri_inland_flood_score;hazard_percentile_max.nri_wildfire_score,max_queue_median_age_years
08021,Conejos,CO,min_population;min_nearby_capacity_multiple,max_queue_median_age_years
08023,Costilla,CO,min_population;min_nearby_capacity_multiple,max_queue_median_age_years
08025,Crowley,CO,min_fiber_share_locations;min_population;max_water_stress_if_evaporative,max_queue_median_age_years
08027,Custer,CO,min_fiber_share_locations;min_population;max_water_stress_if_evaporative;hazard_percentile_max.nri_wildfire_score,max_queue_median_age_years
08029,Delta,CO,min_nearby_capacity_multiple;hazard_percentile_max.nri_inland_flood_score,max_queue_median_age_years
08031,Denver,CO,max_water_stress_if_evaporative,max_queue_median_age_years
08033,Dolores,CO,min_population;min_nearby_capacity_multiple,max_queue_median_age_years
08035,Douglas,CO,max_water_stress_if_evaporative,max_queue_median_age_years
08037,Eagle,CO,min_fiber_share_locations;min_nearby_capacity_multiple;hazard_percentile_max.nri_inland_flood_score,max_queue_median_age_years
08039,Elbert,CO,max_water_stress_if_evaporative;hazard_percentile_max.nri_wildfire_score,max_queue_median_age_years
08041,El Paso,CO,max_water_stress_if_evaporative,
08043,Fremont,CO,min_fiber_share_locations;max_water_stress_if_evaporative,max_queue_median_age_years
08045,Garfield,CO,min_fiber_share_locations;min_nearby_capacity_multiple,max_queue_median_age_years
08047,Gilpin,CO,min_population;max_water_stress_if_evaporative;hazard_percentile_max.nri_wildfire_score,max_queue_median_age_years
08049,Grand,CO,min_fiber_share_locations;min_nearby_capacity_multiple;hazard_percentile_max.nri_inland_flood_score,max_queue_median_age_years
08051,Gunnison,CO,min_fiber_share_locations;min_nearby_capacity_multiple;hazard_percentile_max.nri_inland_flood_score,max_queue_median_age_years
08053,Hinsdale,CO,min_population;min_nearby_capacity_multiple;hazard_percentile_max.nri_inland_flood_score,max_queue_median_age_years
08055,Huerfano,CO,min_population;max_water_stress_if_evaporative;hazard_percentile_max.nri_inland_flood_score,max_queue_median_age_years
08057,Jackson,CO,min_population;min_nearby_capacity_multiple;max_water_stress_if_evaporative;hazard_percentile_max.nri_inland_flood_score,max_queue_median_age_years
08059,Jefferson,CO,exclude_moratorium_active;max_water_stress_if_evaporative,max_queue_median_age_years
08061,Kiowa,CO,min_population;min_nearby_capacity_multiple;max_water_stress_if_evaporative,
08063,Kit Carson,CO,min_population;max_water_stress_if_evaporative,
08065,Lake,CO,min_population;min_nearby_capacity_multiple;max_water_stress_if_evaporative,max_queue_median_age_years
08067,La Plata,CO,min_fiber_share_locations;min_nearby_capacity_multiple;hazard_percentile_max.nri_wildfire_score,max_queue_median_age_years
08069,Larimer,CO,max_water_stress_if_evaporative,
08071,Las Animas,CO,min_fiber_share_locations;min_nearby_capacity_multiple;hazard_percentile_max.nri_wildfire_score,max_queue_median_age_years
08073,Lincoln,CO,min_population;max_water_stress_if_evaporative,
08075,Logan,CO,max_queue_median_age_years;max_water_stress_if_evaporative,
08077,Mesa,CO,min_nearby_capacity_multiple,max_queue_median_age_years
08079,Mineral,CO,min_population;min_nearby_capacity_multiple;hazard_percentile_max.nri_inland_flood_score,max_queue_median_age_years
08081,Moffat,CO,min_nearby_capacity_multiple,
08083,Montezuma,CO,min_nearby_capacity_multiple,max_queue_median_age_years
08085,Montrose,CO,min_nearby_capacity_multiple,max_queue_median_age_years
08087,Morgan,CO,max_water_stress_if_evaporative,
08089,Otero,CO,min_fiber_share_locations;max_water_stress_if_evaporative;hazard_percentile_max.nri_inland_flood_score,max_queue_median_age_years
08091,Ouray,CO,min_population;min_nearby_capacity_multiple;hazard_percentile_max.nri_inland_flood_score,max_queue_median_age_years
08093,Park,CO,min_fiber_share_locations;min_nearby_capacity_multiple;max_water_stress_if_evaporative;hazard_percentile_max.nri_wildfire_score,max_queue_median_age_years
08095,Phillips,CO,min_population;min_nearby_capacity_multiple;max_water_stress_if_evaporative,max_queue_median_age_years
08097,Pitkin,CO,min_fiber_share_locations;min_nearby_capacity_multiple;hazard_percentile_max.nri_inland_flood_score,max_queue_median_age_years
08099,Prowers,CO,min_fiber_share_locations;min_nearby_capacity_multiple;max_water_stress_if_evaporative;hazard_percentile_max.nri_inland_flood_score,
08101,Pueblo,CO,max_water_stress_if_evaporative,
08103,Rio Blanco,CO,min_fiber_share_locations;min_population;min_nearby_capacity_multiple;hazard_percentile_max.nri_inland_flood_score;hazard_percentile_max.nri_wildfire_score,max_queue_median_age_years
08105,Rio Grande,CO,min_nearby_capacity_multiple,max_queue_median_age_years
08107,Routt,CO,min_nearby_capacity_multiple;hazard_percentile_max.nri_inland_flood_score,max_queue_median_age_years
08109,Saguache,CO,min_population;min_nearby_capacity_multiple;max_water_stress_if_evaporative,max_queue_median_age_years
08111,San Juan,CO,min_population;min_nearby_capacity_multiple;hazard_percentile_max.nri_inland_flood_score,max_queue_median_age_years
08113,San Miguel,CO,min_population;min_nearby_capacity_multiple;hazard_percentile_max.nri_inland_flood_score,max_queue_median_age_years
08115,Sedgwick,CO,min_population;min_nearby_capacity_multiple;max_water_stress_if_evaporative,max_queue_median_age_years
08117,Summit,CO,min_fiber_share_locations;min_nearby_capacity_multiple,max_queue_median_age_years
08119,Teller,CO,min_fiber_share_locations;max_water_stress_if_evaporative;hazard_percentile_max.nri_wildfire_score,max_queue_median_age_years
08121,Washington,CO,min_fiber_share_locations;min_population;max_water_stress_if_evaporative,max_queue_median_age_years
08123,Weld,CO,max_queue_median_age_years;max_water_stress_if_evaporative,
08125,Yuma,CO,min_population;min_nearby_capacity_multiple;max_water_stress_if_evaporative,
09110,Capitol,CT,max_queue_median_age_years,
09120,Greater Bridgeport,CT,hazard_percentile_max.nri_coastal_flood_score;hazard_percentile_max.nri_hurricane_score,max_queue_median_age_years
09130,Lower Connecticut River Valley,CT,hazard_percentile_max.nri_coastal_flood_score,max_queue_median_age_years
09170,South Central Connecticut,CT,hazard_percentile_max.nri_coastal_flood_score,max_queue_median_age_years
09180,Southeastern Connecticut,CT,hazard_percentile_max.nri_coastal_flood_score;hazard_percentile_max.nri_hurricane_score,max_queue_median_age_years
09190,Western Connecticut,CT,hazard_percentile_max.nri_coastal_flood_score,max_queue_median_age_years
10001,Kent,DE,max_queue_median_age_years;max_water_stress_if_evaporative;hazard_percentile_max.nri_coastal_flood_score,
10003,New Castle,DE,max_queue_median_age_years;hazard_percentile_max.nri_coastal_flood_score,
10005,Sussex,DE,min_fiber_share_locations;max_water_stress_if_evaporative;hazard_percentile_max.nri_coastal_flood_score;hazard_percentile_max.nri_hurricane_score,max_queue_median_age_years
11001,District of Columbia,DC,hazard_percentile_max.nri_coastal_flood_score,max_queue_median_age_years
12001,Alachua,FL,max_water_stress_if_evaporative;hazard_percentile_max.nri_hurricane_score,max_queue_median_age_years
12003,Baker,FL,min_fiber_share_locations,max_queue_median_age_years
12005,Bay,FL,min_nearby_capacity_multiple;hazard_percentile_max.nri_coastal_flood_score;hazard_percentile_max.nri_hurricane_score,max_queue_median_age_years
12007,Bradford,FL,hazard_percentile_max.nri_hurricane_score,max_queue_median_age_years
12009,Brevard,FL,max_queue_median_age_years;max_water_stress_if_evaporative;hazard_percentile_max.nri_coastal_flood_score;hazard_percentile_max.nri_hurricane_score,
12011,Broward,FL,hazard_percentile_max.nri_coastal_flood_score;hazard_percentile_max.nri_hurricane_score,max_queue_median_age_years
12013,Calhoun,FL,min_fiber_share_locations;hazard_percentile_max.nri_hurricane_score,max_queue_median_age_years
12015,Charlotte,FL,max_water_stress_if_evaporative;hazard_percentile_max.nri_coastal_flood_score;hazard_percentile_max.nri_hurricane_score,
12017,Citrus,FL,min_fiber_share_locations;exclude_moratorium_active;max_water_stress_if_evaporative;hazard_percentile_max.nri_coastal_flood_score;hazard_percentile_max.nri_hurricane_score,max_queue_median_age_years
12019,Clay,FL,exclude_moratorium_active;max_water_stress_if_evaporative;hazard_percentile_max.nri_coastal_flood_score,max_queue_median_age_years
12021,Collier,FL,hazard_percentile_max.nri_coastal_flood_score;hazard_percentile_max.nri_hurricane_score,
12023,Columbia,FL,hazard_percentile_max.nri_hurricane_score,max_queue_median_age_years
12027,DeSoto,FL,max_queue_median_age_years;exclude_moratorium_active;hazard_percentile_max.nri_hurricane_score,
12029,Dixie,FL,hazard_percentile_max.nri_coastal_flood_score;hazard_percentile_max.nri_hurricane_score,max_queue_median_age_years
12031,Duval,FL,max_queue_median_age_years;max_water_stress_if_evaporative;hazard_percentile_max.nri_coastal_flood_score;hazard_percentile_max.nri_hurricane_score,
12033,Escambia,FL,exclude_moratorium_active;hazard_percentile_max.nri_coastal_flood_score;hazard_percentile_max.nri_hurricane_score,max_queue_median_age_years
12035,Flagler,FL,max_water_stress_if_evaporative;hazard_percentile_max.nri_coastal_flood_score;hazard_percentile_max.nri_hurricane_score,max_queue_median_age_years
12037,Franklin,FL,min_fiber_share_locations;min_nearby_capacity_multiple;hazard_percentile_max.nri_coastal_flood_score;hazard_percentile_max.nri_hurricane_score,max_queue_median_age_years
12039,Gadsden,FL,hazard_percentile_max.nri_hurricane_score,max_queue_median_age_years
12041,Gilchrist,FL,hazard_percentile_max.nri_hurricane_score,max_queue_median_age_years
12043,Glades,FL,hazard_percentile_max.nri_hurricane_score,max_queue_median_age_years
12045,Gulf,FL,min_nearby_capacity_multiple;hazard_percentile_max.nri_coastal_flood_score;hazard_percentile_max.nri_hurricane_score,max_queue_median_age_years
12047,Hamilton,FL,hazard_percentile_max.nri_hurricane_score,max_queue_median_age_years
12049,Hardee,FL,min_fiber_share_locations;hazard_percentile_max.nri_hurricane_score,max_queue_median_age_years
12051,Hendry,FL,min_fiber_share_locations;hazard_percentile_max.nri_hurricane_score,
12053,Hernando,FL,exclude_moratorium_active;max_water_stress_if_evaporative;hazard_percentile_max.nri_coastal_flood_score;hazard_percentile_max.nri_hurricane_score,max_queue_median_age_years
12055,Highlands,FL,max_queue_median_age_years;min_fiber_share_locations;hazard_percentile_max.nri_hurricane_score,
12057,Hillsborough,FL,max_water_stress_if_evaporative;hazard_percentile_max.nri_coastal_flood_score;hazard_percentile_max.nri_hurricane_score,
12059,Holmes,FL,min_fiber_share_locations;hazard_percentile_max.nri_hurricane_score,max_queue_median_age_years
12061,Indian River,FL,max_queue_median_age_years;max_water_stress_if_evaporative;hazard_percentile_max.nri_coastal_flood_score;hazard_percentile_max.nri_hurricane_score,
12063,Jackson,FL,min_fiber_share_locations;exclude_moratorium_active;hazard_percentile_max.nri_hurricane_score,max_queue_median_age_years
12065,Jefferson,FL,hazard_percentile_max.nri_coastal_flood_score;hazard_percentile_max.nri_hurricane_score,max_queue_median_age_years
12067,Lafayette,FL,min_population;min_nearby_capacity_multiple;hazard_percentile_max.nri_hurricane_score,max_queue_median_age_years
12069,Lake,FL,exclude_moratorium_active;max_water_stress_if_evaporative,max_queue_median_age_years
12071,Lee,FL,hazard_percentile_max.nri_coastal_flood_score;hazard_percentile_max.nri_hurricane_score,max_queue_median_age_years
12073,Leon,FL,max_queue_median_age_years;hazard_percentile_max.nri_hurricane_score,
12075,Levy,FL,hazard_percentile_max.nri_coastal_flood_score;hazard_percentile_max.nri_hurricane_score,max_queue_median_age_years
12077,Liberty,FL,min_fiber_share_locations;min_population;hazard_percentile_max.nri_coastal_flood_score;hazard_percentile_max.nri_hurricane_score,max_queue_median_age_years
12079,Madison,FL,min_nearby_capacity_multiple;hazard_percentile_max.nri_hurricane_score,
12081,Manatee,FL,max_queue_median_age_years;max_water_stress_if_evaporative;hazard_percentile_max.nri_coastal_flood_score;hazard_percentile_max.nri_hurricane_score,
12083,Marion,FL,max_water_stress_if_evaporative;hazard_percentile_max.nri_hurricane_score,max_queue_median_age_years
12085,Martin,FL,max_water_stress_if_evaporative;hazard_percentile_max.nri_coastal_flood_score;hazard_percentile_max.nri_hurricane_score,
12086,Miami-Dade,FL,max_queue_median_age_years;hazard_percentile_max.nri_coastal_flood_score;hazard_percentile_max.nri_hurricane_score,
12087,Monroe,FL,hazard_percentile_max.nri_coastal_flood_score;hazard_percentile_max.nri_hurricane_score,max_queue_median_age_years
12089,Nassau,FL,exclude_moratorium_active;hazard_percentile_max.nri_coastal_flood_score;hazard_percentile_max.nri_hurricane_score,max_queue_median_age_years
12091,Okaloosa,FL,hazard_percentile_max.nri_coastal_flood_score;hazard_percentile_max.nri_hurricane_score,max_queue_median_age_years
12093,Okeechobee,FL,min_fiber_share_locations;max_water_stress_if_evaporative;hazard_percentile_max.nri_inland_flood_score;hazard_percentile_max.nri_hurricane_score,max_queue_median_age_years
12095,Orange,FL,max_water_stress_if_evaporative,
12097,Osceola,FL,max_water_stress_if_evaporative,
12099,Palm Beach,FL,max_water_stress_if_evaporative;hazard_percentile_max.nri_coastal_flood_score;hazard_percentile_max.nri_hurricane_score,max_queue_median_age_years
12101,Pasco,FL,max_queue_median_age_years;exclude_moratorium_active;max_water_stress_if_evaporative;hazard_percentile_max.nri_coastal_flood_score;hazard_percentile_max.nri_hurricane_score,
12103,Pinellas,FL,max_water_stress_if_evaporative;hazard_percentile_max.nri_coastal_flood_score;hazard_percentile_max.nri_hurricane_score,max_queue_median_age_years
12105,Polk,FL,hazard_percentile_max.nri_hurricane_score,
12107,Putnam,FL,min_fiber_share_locations;max_water_stress_if_evaporative;hazard_percentile_max.nri_coastal_flood_score;hazard_percentile_max.nri_hurricane_score,max_queue_median_age_years
12109,St. Johns,FL,max_water_stress_if_evaporative;hazard_percentile_max.nri_coastal_flood_score;hazard_percentile_max.nri_hurricane_score,max_queue_median_age_years
12111,St. Lucie,FL,max_queue_median_age_years;max_water_stress_if_evaporative;hazard_percentile_max.nri_coastal_flood_score;hazard_percentile_max.nri_hurricane_score,
12113,Santa Rosa,FL,hazard_percentile_max.nri_coastal_flood_score;hazard_percentile_max.nri_hurricane_score,max_queue_median_age_years
12115,Sarasota,FL,exclude_moratorium_active;max_water_stress_if_evaporative;hazard_percentile_max.nri_coastal_flood_score;hazard_percentile_max.nri_hurricane_score,max_queue_median_age_years
12117,Seminole,FL,max_water_stress_if_evaporative,max_queue_median_age_years
12119,Sumter,FL,max_water_stress_if_evaporative;hazard_percentile_max.nri_hurricane_score,max_queue_median_age_years
12121,Suwannee,FL,hazard_percentile_max.nri_hurricane_score,
12123,Taylor,FL,hazard_percentile_max.nri_coastal_flood_score;hazard_percentile_max.nri_hurricane_score,max_queue_median_age_years
12125,Union,FL,hazard_percentile_max.nri_hurricane_score,max_queue_median_age_years
12127,Volusia,FL,max_water_stress_if_evaporative;hazard_percentile_max.nri_coastal_flood_score;hazard_percentile_max.nri_hurricane_score,max_queue_median_age_years
12129,Wakulla,FL,min_fiber_share_locations;exclude_moratorium_active;min_nearby_capacity_multiple;hazard_percentile_max.nri_coastal_flood_score;hazard_percentile_max.nri_hurricane_score,max_queue_median_age_years
12131,Walton,FL,hazard_percentile_max.nri_coastal_flood_score;hazard_percentile_max.nri_hurricane_score,max_queue_median_age_years
12133,Washington,FL,min_fiber_share_locations;hazard_percentile_max.nri_hurricane_score,max_queue_median_age_years
13001,Appling,GA,hazard_percentile_max.nri_hurricane_score,
13003,Atkinson,GA,min_population;hazard_percentile_max.nri_hurricane_score,max_queue_median_age_years
13005,Bacon,GA,hazard_percentile_max.nri_hurricane_score,
13007,Baker,GA,min_population;hazard_percentile_max.nri_inland_flood_score;hazard_percentile_max.nri_hurricane_score,max_queue_median_age_years
13011,Banks,GA,min_fiber_share_locations,max_queue_median_age_years
13015,Bartow,GA,max_water_stress_if_evaporative,
13019,Berrien,GA,min_nearby_capacity_multiple;hazard_percentile_max.nri_hurricane_score,max_queue_median_age_years
13025,Brantley,GA,hazard_percentile_max.nri_hurricane_score,max_queue_median_age_years
13027,Brooks,GA,hazard_percentile_max.nri_hurricane_score,max_queue_median_age_years
13029,Bryan,GA,hazard_percentile_max.nri_coastal_flood_score;hazard_percentile_max.nri_hurricane_score,max_queue_median_age_years
13031,Bulloch,GA,exclude_moratorium_active;hazard_percentile_max.nri_hurricane_score,max_queue_median_age_years
13037,Calhoun,GA,min_fiber_share_locations;min_population;hazard_percentile_max.nri_hurricane_score,max_queue_median_age_years
13039,Camden,GA,exclude_moratorium_active;hazard_percentile_max.nri_coastal_flood_score;hazard_percentile_max.nri_hurricane_score,max_queue_median_age_years
13043,Candler,GA,hazard_percentile_max.nri_hurricane_score,max_queue_median_age_years
13045,Carroll,GA,exclude_moratorium_active,max_queue_median_age_years
13049,Charlton,GA,hazard_percentile_max.nri_hurricane_score,max_queue_median_age_years
13051,Chatham,GA,hazard_percentile_max.nri_coastal_flood_score;hazard_percentile_max.nri_hurricane_score,max_queue_median_age_years
13053,Chattahoochee,GA,min_population,max_queue_median_age_years
13057,Cherokee,GA,max_water_stress_if_evaporative,max_queue_median_age_years
13061,Clay,GA,min_population;hazard_percentile_max.nri_hurricane_score,max_queue_median_age_years
13065,Clinch,GA,min_fiber_share_locations;min_population;hazard_percentile_max.nri_hurricane_score,max_queue_median_age_years
13067,Cobb,GA,exclude_moratorium_active,max_queue_median_age_years
13069,Coffee,GA,hazard_percentile_max.nri_hurricane_score,max_queue_median_age_years
13071,Colquitt,GA,hazard_percentile_max.nri_hurricane_score,max_queue_median_age_years
13075,Cook,GA,hazard_percentile_max.nri_hurricane_score,max_queue_median_age_years
13085,Dawson,GA,max_water_stress_if_evaporative,max_queue_median_age_years
13087,Decatur,GA,max_queue_median_age_years;exclude_moratorium_active;hazard_percentile_max.nri_inland_flood_score;hazard_percentile_max.nri_hurricane_score,
13089,DeKalb,GA,exclude_moratorium_active;max_water_stress_if_evaporative,max_queue_median_age_years
13099,Early,GA,hazard_percentile_max.nri_hurricane_score,max_queue_median_age_years
13101,Echols,GA,min_fiber_share_locations;min_population;min_nearby_capacity_multiple;hazard_percentile_max.nri_hurricane_score,max_queue_median_age_years
13103,Effingham,GA,hazard_percentile_max.nri_hurricane_score,
13107,Emanuel,GA,max_queue_median_age_years;hazard_percentile_max.nri_hurricane_score,
13109,Evans,GA,hazard_percentile_max.nri_hurricane_score,max_queue_median_age_years
13123,Gilmer,GA,hazard_percentile_max.nri_inland_flood_score,max_queue_median_age_years
13125,Glascock,GA,min_population,max_queue_median_age_years
13127,Glynn,GA,max_queue_median_age_years;hazard_percentile_max.nri_coastal_flood_score;hazard_percentile_max.nri_hurricane_score,
13129,Gordon,GA,exclude_moratorium_active,max_queue_median_age_years
13131,Grady,GA,hazard_percentile_max.nri_hurricane_score,max_queue_median_age_years
13141,Hancock,GA,min_population,
13151,Henry,GA,max_water_stress_if_evaporative,max_queue_median_age_years
13155,Irwin,GA,min_population;hazard_percentile_max.nri_hurricane_score,max_queue_median_age_years
13161,Jeff Davis,GA,hazard_percentile_max.nri_hurricane_score,max_queue_median_age_years
13165,Jenkins,GA,min_population;hazard_percentile_max.nri_hurricane_score,max_queue_median_age_years
13167,Johnson,GA,min_population,max_queue_median_age_years
13171,Lamar,GA,exclude_moratorium_active,max_queue_median_age_years
13173,Lanier,GA,min_nearby_capacity_multiple;hazard_percentile_max.nri_hurricane_score,max_queue_median_age_years
13177,Lee,GA,exclude_moratorium_active,max_queue_median_age_years
13179,Liberty,GA,hazard_percentile_max.nri_coastal_flood_score;hazard_percentile_max.nri_hurricane_score,max_queue_median_age_years
13181,Lincoln,GA,min_population,max_queue_median_age_years
13183,Long,GA,hazard_percentile_max.nri_hurricane_score,max_queue_median_age_years
13185,Lowndes,GA,min_nearby_capacity_multiple;hazard_percentile_max.nri_hurricane_score,max_queue_median_age_years
13189,McDuffie,GA,max_queue_median_age_years,
13191,McIntosh,GA,hazard_percentile_max.nri_coastal_flood_score;hazard_percentile_max.nri_hurricane_score,max_queue_median_age_years
13197,Marion,GA,min_population,max_queue_median_age_years
13201,Miller,GA,min_population;hazard_percentile_max.nri_hurricane_score,max_queue_median_age_years
13205,Mitchell,GA,hazard_percentile_max.nri_hurricane_score,
13207,Monroe,GA,exclude_moratorium_active,max_queue_median_age_years
13209,Montgomery,GA,min_population,max_queue_median_age_years
13213,Murray,GA,min_fiber_share_locations,max_queue_median_age_years
13217,Newton,GA,exclude_moratorium_active,max_queue_median_age_years
13223,Paulding,GA,exclude_moratorium_active;max_water_stress_if_evaporative,max_queue_median_age_years
13227,Pickens,GA,max_water_stress_if_evaporative,max_queue_median_age_years
13229,Pierce,GA,hazard_percentile_max.nri_hurricane_score,max_queue_median_age_years
13231,Pike,GA,exclude_moratorium_active,max_queue_median_age_years
13233,Polk,GA,exclude_moratorium_active,max_queue_median_age_years
13235,Pulaski,GA,min_population,max_queue_median_age_years
13237,Putnam,GA,hazard_percentile_max.nri_inland_flood_score,max_queue_median_age_years
13239,Quitman,GA,min_fiber_share_locations;min_population,max_queue_median_age_years
13243,Randolph,GA,min_population;hazard_percentile_max.nri_hurricane_score,max_queue_median_age_years
13247,Rockdale,GA,max_water_stress_if_evaporative,max_queue_median_age_years
13249,Schley,GA,min_population,max_queue_median_age_years
13251,Screven,GA,hazard_percentile_max.nri_hurricane_score,max_queue_median_age_years
13253,Seminole,GA,min_population;hazard_percentile_max.nri_hurricane_score,max_queue_median_age_years
13257,Stephens,GA,exclude_moratorium_active,max_queue_median_age_years
13259,Stewart,GA,min_fiber_share_locations;min_population,max_queue_median_age_years
13261,Sumter,GA,max_queue_median_age_years,
13263,Talbot,GA,min_population,
13265,Taliaferro,GA,min_population,max_queue_median_age_years
13267,Tattnall,GA,hazard_percentile_max.nri_hurricane_score,max_queue_median_age_years
13269,Taylor,GA,min_population,max_queue_median_age_years
13271,Telfair,GA,hazard_percentile_max.nri_hurricane_score,max_queue_median_age_years
13273,Terrell,GA,min_population,max_queue_median_age_years
13275,Thomas,GA,exclude_moratorium_active;hazard_percentile_max.nri_hurricane_score,max_queue_median_age_years
13277,Tift,GA,min_nearby_capacity_multiple;hazard_percentile_max.nri_hurricane_score,max_queue_median_age_years
13279,Toombs,GA,hazard_percentile_max.nri_hurricane_score,max_queue_median_age_years
13283,Treutlen,GA,min_population;hazard_percentile_max.nri_hurricane_score,max_queue_median_age_years
13287,Turner,GA,min_population;hazard_percentile_max.nri_hurricane_score,max_queue_median_age_years
13289,Twiggs,GA,min_population,max_queue_median_age_years
13295,Walker,GA,exclude_moratorium_active,max_queue_median_age_years
13299,Ware,GA,hazard_percentile_max.nri_hurricane_score,max_queue_median_age_years
13301,Warren,GA,min_fiber_share_locations;min_population,
13305,Wayne,GA,hazard_percentile_max.nri_hurricane_score,max_queue_median_age_years
13307,Webster,GA,min_population,max_queue_median_age_years
13309,Wheeler,GA,min_population;hazard_percentile_max.nri_hurricane_score,max_queue_median_age_years
13315,Wilcox,GA,min_population;hazard_percentile_max.nri_hurricane_score,max_queue_median_age_years
13317,Wilkes,GA,min_population,max_queue_median_age_years
13319,Wilkinson,GA,min_population,max_queue_median_age_years
13321,Worth,GA,hazard_percentile_max.nri_hurricane_score,max_queue_median_age_years
16001,Ada,ID,min_nearby_capacity_multiple;max_water_stress_if_evaporative,
16003,Adams,ID,min_population;min_nearby_capacity_multiple;hazard_percentile_max.nri_inland_flood_score;hazard_percentile_max.nri_wildfire_score,max_queue_median_age_years
16005,Bannock,ID,exclude_moratorium_active;min_nearby_capacity_multiple;max_water_stress_if_evaporative,max_queue_median_age_years
16007,Bear Lake,ID,min_population;min_nearby_capacity_multiple;max_water_stress_if_evaporative,max_queue_median_age_years
16009,Benewah,ID,min_fiber_share_locations;min_population;min_nearby_capacity_multiple;hazard_percentile_max.nri_inland_flood_score,max_queue_median_age_years
16011,Bingham,ID,min_nearby_capacity_multiple;max_water_stress_if_evaporative,
16013,Blaine,ID,min_fiber_share_locations;min_nearby_capacity_multiple;max_water_stress_if_evaporative;hazard_percentile_max.nri_inland_flood_score,max_queue_median_age_years
16015,Boise,ID,min_fiber_share_locations;min_population;min_nearby_capacity_multiple;max_water_stress_if_evaporative;hazard_percentile_max.nri_inland_flood_score;hazard_percentile_max.nri_wildfire_score,max_queue_median_age_years
16017,Bonner,ID,min_fiber_share_locations;hazard_percentile_max.nri_inland_flood_score,max_queue_median_age_years
16019,Bonneville,ID,min_nearby_capacity_multiple,max_queue_median_age_years
16021,Boundary,ID,min_nearby_capacity_multiple;hazard_percentile_max.nri_inland_flood_score,max_queue_median_age_years
16023,Butte,ID,min_population;min_nearby_capacity_multiple;max_water_stress_if_evaporative,max_queue_median_age_years
16025,Camas,ID,min_population;min_nearby_capacity_multiple;max_water_stress_if_evaporative;hazard_percentile_max.nri_wildfire_score,max_queue_median_age_years
16027,Canyon,ID,min_nearby_capacity_multiple;max_water_stress_if_evaporative,
16029,Caribou,ID,min_fiber_share_locations;min_population;min_nearby_capacity_multiple;max_water_stress_if_evaporative,max_queue_median_age_years
16031,Cassia,ID,min_nearby_capacity_multiple;max_water_stress_if_evaporative;hazard_percentile_max.nri_wildfire_score,max_queue_median_age_years
16033,Clark,ID,min_population;min_nearby_capacity_multiple;max_water_stress_if_evaporative;hazard_percentile_max.nri_inland_flood_score;hazard_percentile_max.nri_wildfire_score,max_queue_median_age_years
16035,Clearwater,ID,min_population;min_nearby_capacity_multiple;hazard_percentile_max.nri_inland_flood_score;hazard_percentile_max.nri_wildfire_score,max_queue_median_age_years
16037,Custer,ID,min_population;min_nearby_capacity_multiple;max_water_stress_if_evaporative;hazard_percentile_max.nri_inland_flood_score,max_queue_median_age_years
16039,Elmore,ID,min_nearby_capacity_multiple;max_water_stress_if_evaporative;hazard_percentile_max.nri_wildfire_score,
16041,Franklin,ID,min_nearby_capacity_multiple;max_water_stress_if_evaporative,max_queue_median_age_years
16043,Fremont,ID,min_nearby_capacity_multiple;max_water_stress_if_evaporative,max_queue_median_age_years
16045,Gem,ID,min_fiber_share_locations;min_nearby_capacity_multiple;max_water_stress_if_evaporative;hazard_percentile_max.nri_wildfire_score,max_queue_median_age_years
16047,Gooding,ID,min_fiber_share_locations;min_nearby_capacity_multiple;max_water_stress_if_evaporative;hazard_percentile_max.nri_wildfire_score,max_queue_median_age_years
16049,Idaho,ID,min_fiber_share_locations;min_nearby_capacity_multiple;hazard_percentile_max.nri_inland_flood_score;hazard_percentile_max.nri_wildfire_score,max_queue_median_age_years
16051,Jefferson,ID,min_nearby_capacity_multiple;max_water_stress_if_evaporative,max_queue_median_age_years
16053,Jerome,ID,min_nearby_capacity_multiple;max_water_stress_if_evaporative,max_queue_median_age_years
16055,Kootenai,ID,min_nearby_capacity_multiple,
16057,Latah,ID,min_nearby_capacity_multiple,max_queue_median_age_years
16059,Lemhi,ID,min_fiber_share_locations;min_population;min_nearby_capacity_multiple;max_water_stress_if_evaporative;hazard_percentile_max.nri_inland_flood_score;hazard_percentile_max.nri_wildfire_score,max_queue_median_age_years
16061,Lewis,ID,min_fiber_share_locations;min_population;min_nearby_capacity_multiple,max_queue_median_age_years
16063,Lincoln,ID,min_population;min_nearby_capacity_multiple;max_water_stress_if_evaporative;hazard_percentile_max.nri_wildfire_score,max_queue_median_age_years
16065,Madison,ID,min_nearby_capacity_multiple,max_queue_median_age_years
16067,Minidoka,ID,min_nearby_capacity_multiple;max_water_stress_if_evaporative,max_queue_median_age_years
16069,Nez Perce,ID,min_nearby_capacity_multiple,max_queue_median_age_years
16071,Oneida,ID,min_population;min_nearby_capacity_multiple;max_water_stress_if_evaporative;hazard_percentile_max.nri_wildfire_score,max_queue_median_age_years
16073,Owyhee,ID,max_queue_median_age_years;min_fiber_share_locations;min_nearby_capacity_multiple;hazard_percentile_max.nri_inland_flood_score;hazard_percentile_max.nri_wildfire_score,
16075,Payette,ID,min_nearby_capacity_multiple;max_water_stress_if_evaporative,max_queue_median_age_years
16077,Power,ID,min_population;min_nearby_capacity_multiple;max_water_stress_if_evaporative;hazard_percentile_max.nri_wildfire_score,
16079,Shoshone,ID,min_nearby_capacity_multiple;hazard_percentile_max.nri_inland_flood_score,max_queue_median_age_years
16081,Teton,ID,min_nearby_capacity_multiple;max_water_stress_if_evaporative;hazard_percentile_max.nri_wildfire_score,max_queue_median_age_years
16083,Twin Falls,ID,min_nearby_capacity_multiple;max_water_stress_if_evaporative,max_queue_median_age_years
16085,Valley,ID,min_fiber_share_locations;min_nearby_capacity_multiple;hazard_percentile_max.nri_inland_flood_score;hazard_percentile_max.nri_wildfire_score,max_queue_median_age_years
16087,Washington,ID,min_fiber_share_locations;min_nearby_capacity_multiple;max_water_stress_if_evaporative;hazard_percentile_max.nri_wildfire_score,max_queue_median_age_years
17001,Adams,IL,max_queue_median_age_years;min_nearby_capacity_multiple,
17003,Alexander,IL,min_fiber_share_locations;min_population,max_queue_median_age_years
17007,Boone,IL,max_water_stress_if_evaporative,max_queue_median_age_years
17009,Brown,IL,min_population,max_queue_median_age_years
17013,Calhoun,IL,min_population;hazard_percentile_max.nri_inland_flood_score,max_queue_median_age_years
17017,Cass,IL,hazard_percentile_max.nri_inland_flood_score,max_queue_median_age_years
17019,Champaign,IL,exclude_moratorium_active,
17021,Christian,IL,max_queue_median_age_years,
17023,Clark,IL,max_queue_median_age_years,
17029,Coles,IL,max_queue_median_age_years,
17031,Cook,IL,max_queue_median_age_years;max_water_stress_if_evaporative,
17037,DeKalb,IL,max_queue_median_age_years;max_water_stress_if_evaporative,
17043,DuPage,IL,min_fiber_share_locations;max_water_stress_if_evaporative,max_queue_median_age_years
17047,Edwards,IL,min_population,max_queue_median_age_years
17055,Franklin,IL,max_queue_median_age_years,
17057,Fulton,IL,max_queue_median_age_years,
17059,Gallatin,IL,min_population;hazard_percentile_max.nri_inland_flood_score,max_queue_median_age_years
17063,Grundy,IL,max_queue_median_age_years;min_fiber_share_locations;max_water_stress_if_evaporative,
17065,Hamilton,IL,min_population,
17067,Hancock,IL,min_nearby_capacity_multiple,max_queue_median_age_years
17069,Hardin,IL,min_population;hazard_percentile_max.nri_inland_flood_score,max_queue_median_age_years
17071,Henderson,IL,min_population;hazard_percentile_max.nri_inland_flood_score,max_queue_median_age_years
17075,Iroquois,IL,max_water_stress_if_evaporative;hazard_percentile_max.nri_inland_flood_score,
17079,Jasper,IL,max_queue_median_age_years;min_population,
17081,Jefferson,IL,max_queue_median_age_years,
17087,Johnson,IL,max_queue_median_age_years,
17089,Kane,IL,max_water_stress_if_evaporative,max_queue_median_age_years
17091,Kankakee,IL,max_queue_median_age_years;max_water_stress_if_evaporative;hazard_percentile_max.nri_inland_flood_score,
17093,Kendall,IL,max_queue_median_age_years;max_water_stress_if_evaporative,
17097,Lake,IL,min_fiber_share_locations;exclude_moratorium_active;max_water_stress_if_evaporative,
17099,LaSalle,IL,max_queue_median_age_years,
17101,Lawrence,IL,hazard_percentile_max.nri_inland_flood_score,max_queue_median_age_years
17103,Lee,IL,max_queue_median_age_years;max_water_stress_if_evaporative,
17105,Livingston,IL,max_queue_median_age_years;hazard_percentile_max.nri_inland_flood_score,
17107,Logan,IL,max_queue_median_age_years,
17109,McDonough,IL,max_queue_median_age_years,
17111,McHenry,IL,max_queue_median_age_years;max_water_stress_if_evaporative,
17115,Macon,IL,max_queue_median_age_years;min_fiber_share_locations,
17121,Marion,IL,max_queue_median_age_years,
17125,Mason,IL,max_queue_median_age_years,
17135,Montgomery,IL,max_queue_median_age_years,
17137,Morgan,IL,max_queue_median_age_years,
17139,Moultrie,IL,hazard_percentile_max.nri_inland_flood_score,max_queue_median_age_years
17141,Ogle,IL,max_queue_median_age_years;max_water_stress_if_evaporative,
17145,Perry,IL,max_queue_median_age_years,
17149,Pike,IL,hazard_percentile_max.nri_inland_flood_score,max_queue_median_age_years
17151,Pope,IL,min_population,max_queue_median_age_years
17153,Pulaski,IL,min_fiber_share_locations;min_population,
17155,Putnam,IL,min_population,
17163,St. Clair,IL,max_queue_median_age_years,
17165,Saline,IL,max_queue_median_age_years,
17169,Schuyler,IL,min_population,max_queue_median_age_years
17171,Scott,IL,min_population;hazard_percentile_max.nri_inland_flood_score,
17175,Stark,IL,max_queue_median_age_years;min_population,
17177,Stephenson,IL,max_queue_median_age_years;min_fiber_share_locations;max_water_stress_if_evaporative,
17181,Union,IL,min_fiber_share_locations,max_queue_median_age_years
17189,Washington,IL,max_queue_median_age_years;min_fiber_share_locations,
17195,Whiteside,IL,max_queue_median_age_years;max_water_stress_if_evaporative,
17197,Will,IL,min_fiber_share_locations;max_water_stress_if_evaporative,
17201,Winnebago,IL,max_water_stress_if_evaporative,
17203,Woodford,IL,max_queue_median_age_years,
18003,Allen,IN,max_queue_median_age_years,
18007,Benton,IN,max_queue_median_age_years;min_population,
18009,Blackford,IN,max_queue_median_age_years;min_fiber_share_locations;exclude_moratorium_active,
18011,Boone,IN,exclude_moratorium_active,max_queue_median_age_years
18017,Cass,IN,exclude_moratorium_active,max_queue_median_age_years
18025,Crawford,IN,hazard_percentile_max.nri_inland_flood_score,max_queue_median_age_years
18029,Dearborn,IN,exclude_moratorium_active,max_queue_median_age_years
18033,DeKalb,IN,exclude_moratorium_active,
18035,Delaware,IN,min_fiber_share_locations,
18037,Dubois,IN,max_queue_median_age_years,
18041,Fayette,IN,exclude_moratorium_active,max_queue_median_age_years
18045,Fountain,IN,exclude_moratorium_active,
18047,Franklin,IN,exclude_moratorium_active,max_queue_median_age_years
18049,Fulton,IN,exclude_moratorium_active,max_queue_median_age_years
18051,Gibson,IN,min_fiber_share_locations,
18053,Grant,IN,exclude_moratorium_active,
18055,Greene,IN,min_fiber_share_locations,
18061,Harrison,IN,exclude_moratorium_active,max_queue_median_age_years
18065,Henry,IN,exclude_moratorium_active,max_queue_median_age_years
18069,Huntington,IN,max_queue_median_age_years;exclude_moratorium_active,
18073,Jasper,IN,max_queue_median_age_years;max_water_stress_if_evaporative,
18075,Jay,IN,max_queue_median_age_years,
18087,LaGrange,IN,max_queue_median_age_years,
18089,Lake,IN,max_queue_median_age_years;max_water_stress_if_evaporative,
18091,LaPorte,IN,max_queue_median_age_years;max_water_stress_if_evaporative,
18095,Madison,IN,max_queue_median_age_years;exclude_moratorium_active,
18099,Marshall,IN,exclude_moratorium_active,max_queue_median_age_years
18101,Martin,IN,min_population;exclude_moratorium_active,max_queue_median_age_years
18103,Miami,IN,max_queue_median_age_years;exclude_moratorium_active,
18107,Montgomery,IN,max_queue_median_age_years,
18111,Newton,IN,max_water_stress_if_evaporative,
18115,Ohio,IN,min_population,max_queue_median_age_years
18125,Pike,IN,max_queue_median_age_years,
18127,Porter,IN,max_water_stress_if_evaporative,
18129,Posey,IN,max_queue_median_age_years,
18131,Pulaski,IN,max_queue_median_age_years;exclude_moratorium_active,
18133,Putnam,IN,exclude_moratorium_active,max_queue_median_age_years
18147,Spencer,IN,max_queue_median_age_years,
18149,Starke,IN,exclude_moratorium_active;max_water_stress_if_evaporative,
18153,Sullivan,IN,max_queue_median_age_years,
18155,Switzerland,IN,min_population,max_queue_median_age_years
18157,Tippecanoe,IN,max_queue_median_age_years,
18161,Union,IN,min_population,max_queue_median_age_years
18171,Warren,IN,min_population,max_queue_median_age_years
18173,Warrick,IN,exclude_moratorium_active,max_queue_median_age_years
18181,White,IN,max_queue_median_age_years,
19001,Adair,IA,min_population;exclude_moratorium_active,
19003,Adams,IA,min_fiber_share_locations;min_population,max_queue_median_age_years
19005,Allamakee,IA,min_nearby_capacity_multiple,max_queue_median_age_years
19007,Appanoose,IA,min_nearby_capacity_multiple,max_queue_median_age_years
19009,Audubon,IA,min_population,max_queue_median_age_years
19021,Buena Vista,IA,min_fiber_share_locations,max_queue_median_age_years
19025,Calhoun,IA,min_population,max_queue_median_age_years
19039,Clarke,IA,min_population;exclude_moratorium_active,max_queue_median_age_years
19041,Clay,IA,hazard_percentile_max.nri_inland_flood_score,max_queue_median_age_years
19043,Clayton,IA,min_nearby_capacity_multiple;hazard_percentile_max.nri_inland_flood_score,max_queue_median_age_years
19045,Clinton,IA,max_queue_median_age_years,
19051,Davis,IA,min_population;min_nearby_capacity_multiple,max_queue_median_age_years
19053,Decatur,IA,min_population,max_queue_median_age_years
19055,Delaware,IA,min_nearby_capacity_multiple;hazard_percentile_max.nri_inland_flood_score,max_queue_median_age_years
19061,Dubuque,IA,exclude_moratorium_active,max_queue_median_age_years
19063,Emmet,IA,min_population,max_queue_median_age_years
19065,Fayette,IA,min_nearby_capacity_multiple,max_queue_median_age_years
19067,Floyd,IA,hazard_percentile_max.nri_inland_flood_score,max_queue_median_age_years
19069,Franklin,IA,max_queue_median_age_years;min_population,
19071,Fremont,IA,min_population,max_queue_median_age_years
19073,Greene,IA,min_population,max_queue_median_age_years
19085,Harrison,IA,min_fiber_share_locations,max_queue_median_age_years
19089,Howard,IA,max_queue_median_age_years;min_population,
19091,Humboldt,IA,min_population,max_queue_median_age_years
19093,Ida,IA,min_population,max_queue_median_age_years
19103,Johnson,IA,max_queue_median_age_years;exclude_moratorium_active,
19107,Keokuk,IA,min_population,max_queue_median_age_years
19111,Lee,IA,min_nearby_capacity_multiple,max_queue_median_age_years
19117,Lucas,IA,min_fiber_share_locations;min_population,max_queue_median_age_years
19119,Lyon,IA,max_water_stress_if_evaporative,max_queue_median_age_years
19121,Madison,IA,exclude_moratorium_active,max_queue_median_age_years
19131,Mitchell,IA,hazard_percentile_max.nri_inland_flood_score,max_queue_median_age_years
19133,Monona,IA,min_fiber_share_locations;min_population,max_queue_median_age_years
19135,Monroe,IA,min_population,max_queue_median_age_years
19139,Muscatine,IA,max_queue_median_age_years,
19143,Osceola,IA,min_population,max_queue_median_age_years
19147,Palo Alto,IA,max_queue_median_age_years;min_population,
19149,Plymouth,IA,exclude_moratorium_active,max_queue_median_age_years
19151,Pocahontas,IA,min_population,max_queue_median_age_years
19159,Ringgold,IA,min_fiber_share_locations;min_population,max_queue_median_age_years
19161,Sac,IA,min_population,max_queue_median_age_years
19165,Shelby,IA,exclude_moratorium_active,max_queue_median_age_years
19167,Sioux,IA,exclude_moratorium_active,max_queue_median_age_years
19173,Taylor,IA,min_population;exclude_moratorium_active,max_queue_median_age_years
19177,Van Buren,IA,min_population;hazard_percentile_max.nri_inland_flood_score,max_queue_median_age_years
19179,Wapello,IA,min_nearby_capacity_multiple,
19183,Washington,IA,max_queue_median_age_years,
19185,Wayne,IA,min_population,max_queue_median_age_years
19187,Webster,IA,max_queue_median_age_years,
19193,Woodbury,IA,exclude_moratorium_active,max_queue_median_age_years
19195,Worth,IA,max_queue_median_age_years;min_population,
20003,Anderson,KS,min_population,max_queue_median_age_years
20007,Barber,KS,min_population;max_water_stress_if_evaporative;hazard_percentile_max.nri_wildfire_score,max_queue_median_age_years
20009,Barton,KS,min_nearby_capacity_multiple,max_queue_median_age_years
20011,Bourbon,KS,max_queue_median_age_years,
20013,Brown,KS,min_population,max_queue_median_age_years
20017,Chase,KS,min_population;hazard_percentile_max.nri_inland_flood_score;hazard_percentile_max.nri_wildfire_score,max_queue_median_age_years
20019,Chautauqua,KS,min_fiber_share_locations;min_population;hazard_percentile_max.nri_wildfire_score,max_queue_median_age_years
20023,Cheyenne,KS,min_population;min_nearby_capacity_multiple;max_water_stress_if_evaporative,max_queue_median_age_years
20025,Clark,KS,min_population;max_water_stress_if_evaporative;hazard_percentile_max.nri_wildfire_score,max_queue_median_age_years
20027,Clay,KS,min_population;max_water_stress_if_evaporative,max_queue_median_age_years
20029,Cloud,KS,min_population;min_nearby_capacity_multiple;max_water_stress_if_evaporative,
20031,Coffey,KS,min_population,max_queue_median_age_years
20033,Comanche,KS,min_population;max_water_stress_if_evaporative;hazard_percentile_max.nri_wildfire_score,max_queue_median_age_years
20039,Decatur,KS,min_population;min_nearby_capacity_multiple;max_water_stress_if_evaporative,max_queue_median_age_years
20041,Dickinson,KS,min_nearby_capacity_multiple;max_water_stress_if_evaporative,max_queue_median_age_years
20043,Doniphan,KS,min_population,max_queue_median_age_years
20047,Edwards,KS,max_queue_median_age_years;min_population;max_water_stress_if_evaporative,
20049,Elk,KS,min_fiber_share_locations;min_population;hazard_percentile_max.nri_wildfire_score,max_queue_median_age_years
20051,Ellis,KS,max_queue_median_age_years;min_nearby_capacity_multiple;max_water_stress_if_evaporative,
20053,Ellsworth,KS,min_population;min_nearby_capacity_multiple;max_water_stress_if_evaporative,max_queue_median_age_years
20055,Finney,KS,max_water_stress_if_evaporative,
20057,Ford,KS,max_water_stress_if_evaporative,
20061,Geary,KS,exclude_moratorium_active,max_queue_median_age_years
20063,Gove,KS,min_population;min_nearby_capacity_multiple;max_water_stress_if_evaporative,max_queue_median_age_years
20065,Graham,KS,min_population;min_nearby_capacity_multiple;max_water_stress_if_evaporative,max_queue_median_age_years
20067,Grant,KS,min_population;min_nearby_capacity_multiple;max_water_stress_if_evaporative,max_queue_median_age_years
20069,Gray,KS,min_population;max_water_stress_if_evaporative,max_queue_median_age_years
20071,Greeley,KS,min_population;min_nearby_capacity_multiple;max_water_stress_if_evaporative,max_queue_median_age_years
20073,Greenwood,KS,min_population;hazard_percentile_max.nri_wildfire_score,max_queue_median_age_years
20075,Hamilton,KS,min_population;min_nearby_capacity_multiple;max_water_stress_if_evaporative,max_queue_median_age_years
20077,Harper,KS,max_queue_median_age_years;min_population;max_water_stress_if_evaporative,
20079,Harvey,KS,exclude_moratorium_active;min_nearby_capacity_multiple,max_queue_median_age_years
20081,Haskell,KS,min_population;max_water_stress_if_evaporative,max_queue_median_age_years
20083,Hodgeman,KS,max_queue_median_age_years;min_population;max_water_stress_if_evaporative,
20087,Jefferson,KS,min_fiber_share_locations,max_queue_median_age_years
20089,Jewell,KS,min_population;min_nearby_capacity_multiple;max_water_stress_if_evaporative,max_queue_median_age_years
20091,Johnson,KS,max_queue_median_age_years,
20093,Kearny,KS,min_population;min_nearby_capacity_multiple;max_water_stress_if_evaporative,max_queue_median_age_years
20095,Kingman,KS,min_population,max_queue_median_age_years
20097,Kiowa,KS,min_population;max_water_stress_if_evaporative;hazard_percentile_max.nri_wildfire_score,max_queue_median_age_years
20099,Labette,KS,max_queue_median_age_years,
20101,Lane,KS,min_population;min_nearby_capacity_multiple;max_water_stress_if_evaporative,max_queue_median_age_years
20105,Lincoln,KS,min_population;min_nearby_capacity_multiple;max_water_stress_if_evaporative,max_queue_median_age_years
20107,Linn,KS,max_queue_median_age_years;min_population,
20109,Logan,KS,min_population;min_nearby_capacity_multiple;max_water_stress_if_evaporative,max_queue_median_age_years
20113,McPherson,KS,min_nearby_capacity_multiple;max_water_stress_if_evaporative,max_queue_median_age_years
20117,Marshall,KS,max_water_stress_if_evaporative,max_queue_median_age_years
20119,Meade,KS,min_population;max_water_stress_if_evaporative;hazard_percentile_max.nri_wildfire_score,max_queue_median_age_years
20123,Mitchell,KS,min_population;min_nearby_capacity_multiple;max_water_stress_if_evaporative,max_queue_median_age_years
20127,Morris,KS,min_population,max_queue_median_age_years
20129,Morton,KS,min_population;min_nearby_capacity_multiple;max_water_stress_if_evaporative,max_queue_median_age_years
20135,Ness,KS,min_population;min_nearby_capacity_multiple;max_water_stress_if_evaporative,max_queue_median_age_years
20137,Norton,KS,min_population;min_nearby_capacity_multiple;max_water_stress_if_evaporative,max_queue_median_age_years
20141,Osborne,KS,min_population;min_nearby_capacity_multiple;max_water_stress_if_evaporative,max_queue_median_age_years
20143,Ottawa,KS,min_population;min_nearby_capacity_multiple;max_water_stress_if_evaporative;hazard_percentile_max.nri_inland_flood_score,max_queue_median_age_years
20145,Pawnee,KS,min_population;max_water_stress_if_evaporative,max_queue_median_age_years
20147,Phillips,KS,min_population;min_nearby_capacity_multiple;max_water_stress_if_evaporative,max_queue_median_age_years
20151,Pratt,KS,min_population,
20153,Rawlins,KS,min_population;min_nearby_capacity_multiple;max_water_stress_if_evaporative,max_queue_median_age_years
20157,Republic,KS,min_population;min_nearby_capacity_multiple;max_water_stress_if_evaporative,max_queue_median_age_years
20159,Rice,KS,min_population,max_queue_median_age_years
20163,Rooks,KS,min_population;min_nearby_capacity_multiple;max_water_stress_if_evaporative,max_queue_median_age_years
20165,Rush,KS,min_population;min_nearby_capacity_multiple;max_water_stress_if_evaporative,max_queue_median_age_years
20167,Russell,KS,min_population;min_nearby_capacity_multiple;max_water_stress_if_evaporative,max_queue_median_age_years
20169,Saline,KS,exclude_moratorium_active;min_nearby_capacity_multiple;max_water_stress_if_evaporative,max_queue_median_age_years
20171,Scott,KS,min_population;min_nearby_capacity_multiple;max_water_stress_if_evaporative,
20173,Sedgwick,KS,max_queue_median_age_years,
20175,Seward,KS,max_water_stress_if_evaporative,max_queue_median_age_years
20179,Sheridan,KS,min_population;min_nearby_capacity_multiple;max_water_stress_if_evaporative,max_queue_median_age_years
20181,Sherman,KS,min_fiber_share_locations;min_population;min_nearby_capacity_multiple;max_water_stress_if_evaporative,max_queue_median_age_years
20183,Smith,KS,min_population;min_nearby_capacity_multiple;max_water_stress_if_evaporative,max_queue_median_age_years
20185,Stafford,KS,min_population,
20187,Stanton,KS,min_population;min_nearby_capacity_multiple;max_water_stress_if_evaporative,max_queue_median_age_years
20189,Stevens,KS,max_queue_median_age_years;min_population;min_nearby_capacity_multiple;max_water_stress_if_evaporative,
20191,Sumner,KS,max_queue_median_age_years;max_water_stress_if_evaporative,
20193,Thomas,KS,min_population;min_nearby_capacity_multiple;max_water_stress_if_evaporative,max_queue_median_age_years
20195,Trego,KS,min_population;min_nearby_capacity_multiple;max_water_stress_if_evaporative,max_queue_median_age_years
20197,Wabaunsee,KS,min_population;hazard_percentile_max.nri_wildfire_score,max_queue_median_age_years
20199,Wallace,KS,min_fiber_share_locations;min_population;min_nearby_capacity_multiple;max_water_stress_if_evaporative,max_queue_median_age_years
20201,Washington,KS,min_population;max_water_stress_if_evaporative,max_queue_median_age_years
20203,Wichita,KS,min_population;min_nearby_capacity_multiple;max_water_stress_if_evaporative,max_queue_median_age_years
20205,Wilson,KS,min_population,max_queue_median_age_years
20207,Woodson,KS,min_fiber_share_locations;min_population,max_queue_median_age_years
21001,Adair,KY,min_nearby_capacity_multiple,max_queue_median_age_years
21003,Allen,KY,exclude_moratorium_active,max_queue_median_age_years
21007,Ballard,KY,min_population,max_queue_median_age_years
21009,Barren,KY,max_queue_median_age_years,
21013,Bell,KY,min_fiber_share_locations;hazard_percentile_max.nri_inland_flood_score,max_queue_median_age_years
21019,Boyd,KY,exclude_moratorium_active,max_queue_median_age_years
21023,Bracken,KY,min_fiber_share_locations;min_population,max_queue_median_age_years
21027,Breckinridge,KY,exclude_moratorium_active,max_queue_median_age_years
21033,Caldwell,KY,min_fiber_share_locations,max_queue_median_age_years
21039,Carlisle,KY,min_population,max_queue_median_age_years
21041,Carroll,KY,min_fiber_share_locations;hazard_percentile_max.nri_inland_flood_score,max_queue_median_age_years
21051,Clay,KY,min_nearby_capacity_multiple,max_queue_median_age_years
21053,Clinton,KY,min_population;min_nearby_capacity_multiple;hazard_percentile_max.nri_inland_flood_score,max_queue_median_age_years
21055,Crittenden,KY,min_fiber_share_locations;min_population,max_queue_median_age_years
21057,Cumberland,KY,min_population;min_nearby_capacity_multiple;hazard_percentile_max.nri_inland_flood_score,max_queue_median_age_years
21059,Daviess,KY,exclude_moratorium_active,max_queue_median_age_years
21061,Edmonson,KY,exclude_moratorium_active,max_queue_median_age_years
21063,Elliott,KY,min_population;hazard_percentile_max.nri_inland_flood_score,max_queue_median_age_years
21065,Estill,KY,hazard_percentile_max.nri_inland_flood_score,max_queue_median_age_years
21071,Floyd,KY,min_fiber_share_locations;hazard_percentile_max.nri_inland_flood_score,max_queue_median_age_years
21075,Fulton,KY,min_population,max_queue_median_age_years
21077,Gallatin,KY,min_population,max_queue_median_age_years
21087,Green,KY,max_queue_median_age_years,
21089,Greenup,KY,hazard_percentile_max.nri_inland_flood_score,max_queue_median_age_years
21091,Hancock,KY,min_population;hazard_percentile_max.nri_inland_flood_score,max_queue_median_age_years
21095,Harlan,KY,hazard_percentile_max.nri_inland_flood_score,max_queue_median_age_years
21101,Henderson,KY,max_queue_median_age_years;hazard_percentile_max.nri_inland_flood_score,
21103,Henry,KY,min_fiber_share_locations,max_queue_median_age_years
21105,Hickman,KY,min_population,max_queue_median_age_years
21107,Hopkins,KY,min_fiber_share_locations,max_queue_median_age_years
21109,Jackson,KY,hazard_percentile_max.nri_inland_flood_score,max_queue_median_age_years
21111,Jefferson,KY,max_queue_median_age_years,
21119,Knott,KY,hazard_percentile_max.nri_inland_flood_score,max_queue_median_age_years
21121,Knox,KY,min_nearby_capacity_multiple,max_queue_median_age_years
21127,Lawrence,KY,hazard_percentile_max.nri_inland_flood_score,max_queue_median_age_years
21129,Lee,KY,min_population;hazard_percentile_max.nri_inland_flood_score,max_queue_median_age_years
21131,Leslie,KY,min_nearby_capacity_multiple,max_queue_median_age_years
21133,Letcher,KY,min_fiber_share_locations,max_queue_median_age_years
21135,Lewis,KY,min_fiber_share_locations,max_queue_median_age_years
21139,Livingston,KY,min_fiber_share_locations;min_population,max_queue_median_age_years
21143,Lyon,KY,min_population,max_queue_median_age_years
21145,McCracken,KY,max_queue_median_age_years,
21149,McLean,KY,min_population;hazard_percentile_max.nri_inland_flood_score,max_queue_median_age_years
21153,Magoffin,KY,hazard_percentile_max.nri_inland_flood_score,max_queue_median_age_years
21155,Marion,KY,max_queue_median_age_years,
21159,Martin,KY,max_queue_median_age_years;min_fiber_share_locations;hazard_percentile_max.nri_inland_flood_score,
21161,Mason,KY,exclude_moratorium_active,max_queue_median_age_years
21163,Meade,KY,exclude_moratorium_active,max_queue_median_age_years
21165,Menifee,KY,min_population;hazard_percentile_max.nri_inland_flood_score,max_queue_median_age_years
21167,Mercer,KY,max_queue_median_age_years;exclude_moratorium_active;hazard_percentile_max.nri_inland_flood_score,
21169,Metcalfe,KY,min_nearby_capacity_multiple,max_queue_median_age_years
21175,Morgan,KY,hazard_percentile_max.nri_inland_flood_score,max_queue_median_age_years
21177,Muhlenberg,KY,min_fiber_share_locations,
21181,Nicholas,KY,min_fiber_share_locations;min_population,max_queue_median_age_years
21189,Owsley,KY,min_population;hazard_percentile_max.nri_inland_flood_score,max_queue_median_age_years
21195,Pike,KY,min_fiber_share_locations;hazard_percentile_max.nri_inland_flood_score,
21197,Powell,KY,hazard_percentile_max.nri_inland_flood_score,max_queue_median_age_years
21201,Robertson,KY,min_fiber_share_locations;min_population,max_queue_median_age_years
21203,Rockcastle,KY,hazard_percentile_max.nri_inland_flood_score,max_queue_median_age_years
21207,Russell,KY,min_nearby_capacity_multiple,max_queue_median_age_years
21219,Todd,KY,max_water_stress_if_evaporative,max_queue_median_age_years
21223,Trimble,KY,min_population,
21231,Wayne,KY,min_nearby_capacity_multiple,max_queue_median_age_years
21233,Webster,KY,max_queue_median_age_years;min_fiber_share_locations,
21235,Whitley,KY,min_fiber_share_locations;min_nearby_capacity_multiple,max_queue_median_age_years
21237,Wolfe,KY,min_population;hazard_percentile_max.nri_inland_flood_score,max_queue_median_age_years
22001,Acadia,LA,max_queue_median_age_years;max_water_stress_if_evaporative;hazard_percentile_max.nri_inland_flood_score;hazard_percentile_max.nri_coastal_flood_score;hazard_percentile_max.nri_hurricane_score,
22003,Allen,LA,hazard_percentile_max.nri_coastal_flood_score;hazard_percentile_max.nri_hurricane_score,max_queue_median_age_years
22005,Ascension,LA,hazard_percentile_max.nri_coastal_flood_score;hazard_percentile_max.nri_hurricane_score,max_queue_median_age_years
22007,Assumption,LA,min_fiber_share_locations;hazard_percentile_max.nri_coastal_flood_score;hazard_percentile_max.nri_hurricane_score,max_queue_median_age_years
22009,Avoyelles,LA,hazard_percentile_max.nri_hurricane_score,max_queue_median_age_years
22013,Bienville,LA,min_fiber_share_locations;min_nearby_capacity_multiple,max_queue_median_age_years
22015,Bossier,LA,max_water_stress_if_evaporative,
22017,Caddo,LA,max_queue_median_age_years,
22019,Calcasieu,LA,hazard_percentile_max.nri_coastal_flood_score;hazard_percentile_max.nri_hurricane_score,
22021,Caldwell,LA,min_population,max_queue_median_age_years
22023,Cameron,LA,min_fiber_share_locations;min_population;hazard_percentile_max.nri_coastal_flood_score;hazard_percentile_max.nri_hurricane_score,max_queue_median_age_years
22025,Catahoula,LA,min_population,max_queue_median_age_years
22027,Claiborne,LA,min_fiber_share_locations,max_queue_median_age_years
22031,De Soto,LA,max_queue_median_age_years;min_fiber_share_locations,
22033,East Baton Rouge,LA,hazard_percentile_max.nri_coastal_flood_score;hazard_percentile_max.nri_hurricane_score,max_queue_median_age_years
22035,East Carroll,LA,min_population,max_queue_median_age_years
22037,East Feliciana,LA,max_queue_median_age_years;min_fiber_share_locations;hazard_percentile_max.nri_hurricane_score,
22039,Evangeline,LA,max_queue_median_age_years;hazard_percentile_max.nri_hurricane_score,
22041,Franklin,LA,max_queue_median_age_years,
22045,Iberia,LA,hazard_percentile_max.nri_coastal_flood_score;hazard_percentile_max.nri_hurricane_score,max_queue_median_age_years
22047,Iberville,LA,hazard_percentile_max.nri_coastal_flood_score;hazard_percentile_max.nri_hurricane_score,
22049,Jackson,LA,min_fiber_share_locations,max_queue_median_age_years
22051,Jefferson,LA,hazard_percentile_max.nri_coastal_flood_score;hazard_percentile_max.nri_hurricane_score,max_queue_median_age_years
22053,Jefferson Davis,LA,hazard_percentile_max.nri_inland_flood_score;hazard_percentile_max.nri_coastal_flood_score;hazard_percentile_max.nri_hurricane_score,
22055,Lafayette,LA,hazard_percentile_max.nri_hurricane_score,
22057,Lafourche,LA,hazard_percentile_max.nri_coastal_flood_score;hazard_percentile_max.nri_hurricane_score,max_queue_median_age_years
22063,Livingston,LA,hazard_percentile_max.nri_inland_flood_score;hazard_percentile_max.nri_coastal_flood_score;hazard_percentile_max.nri_hurricane_score,
22065,Madison,LA,min_fiber_share_locations;min_population,max_queue_median_age_years
22067,Morehouse,LA,max_queue_median_age_years,
22069,Natchitoches,LA,min_nearby_capacity_multiple,max_queue_median_age_years
22071,Orleans,LA,hazard_percentile_max.nri_coastal_flood_score;hazard_percentile_max.nri_hurricane_score,max_queue_median_age_years
22073,Ouachita,LA,max_queue_median_age_years,
22075,Plaquemines,LA,hazard_percentile_max.nri_coastal_flood_score;hazard_percentile_max.nri_hurricane_score,max_queue_median_age_years
22077,Pointe Coupee,LA,hazard_percentile_max.nri_hurricane_score,max_queue_median_age_years
22081,Red River,LA,min_population,max_queue_median_age_years
22085,Sabine,LA,max_queue_median_age_years;min_nearby_capacity_multiple,
22087,St. Bernard,LA,hazard_percentile_max.nri_coastal_flood_score;hazard_percentile_max.nri_hurricane_score,max_queue_median_age_years
22089,St. Charles,LA,hazard_percentile_max.nri_coastal_flood_score;hazard_percentile_max.nri_hurricane_score,max_queue_median_age_years
22091,St. Helena,LA,hazard_percentile_max.nri_hurricane_score,max_queue_median_age_years
22093,St. James,LA,max_queue_median_age_years;min_fiber_share_locations;hazard_percentile_max.nri_coastal_flood_score;hazard_percentile_max.nri_hurricane_score,
22095,St. John the Baptist,LA,hazard_percentile_max.nri_coastal_flood_score;hazard_percentile_max.nri_hurricane_score,max_queue_median_age_years
22097,St. Landry,LA,hazard_percentile_max.nri_hurricane_score,
22099,St. Martin,LA,hazard_percentile_max.nri_coastal_flood_score;hazard_percentile_max.nri_hurricane_score,max_queue_median_age_years
22101,St. Mary,LA,min_fiber_share_locations;hazard_percentile_max.nri_coastal_flood_score;hazard_percentile_max.nri_hurricane_score,max_queue_median_age_years
22103,St. Tammany,LA,hazard_percentile_max.nri_coastal_flood_score;hazard_percentile_max.nri_hurricane_score,max_queue_median_age_years
22105,Tangipahoa,LA,max_queue_median_age_years;hazard_percentile_max.nri_coastal_flood_score;hazard_percentile_max.nri_hurricane_score,
22107,Tensas,LA,min_fiber_share_locations;min_population,max_queue_median_age_years
22109,Terrebonne,LA,hazard_percentile_max.nri_coastal_flood_score;hazard_percentile_max.nri_hurricane_score,max_queue_median_age_years
22111,Union,LA,min_fiber_share_locations,max_queue_median_age_years
22113,Vermilion,LA,hazard_percentile_max.nri_inland_flood_score;hazard_percentile_max.nri_coastal_flood_score;hazard_percentile_max.nri_hurricane_score,max_queue_median_age_years
22115,Vernon,LA,hazard_percentile_max.nri_hurricane_score,max_queue_median_age_years
22117,Washington,LA,max_queue_median_age_years;min_nearby_capacity_multiple;hazard_percentile_max.nri_hurricane_score,
22119,Webster,LA,max_water_stress_if_evaporative,max_queue_median_age_years
22121,West Baton Rouge,LA,hazard_percentile_max.nri_hurricane_score,max_queue_median_age_years
22123,West Carroll,LA,min_population,max_queue_median_age_years
22127,Winn,LA,min_fiber_share_locations;min_nearby_capacity_multiple,max_queue_median_age_years
23001,Androscoggin,ME,max_queue_median_age_years,
23003,Aroostook,ME,min_nearby_capacity_multiple,max_queue_median_age_years
23005,Cumberland,ME,hazard_percentile_max.nri_coastal_flood_score,max_queue_median_age_years
23007,Franklin,ME,min_nearby_capacity_multiple,max_queue_median_age_years
23009,Hancock,ME,min_nearby_capacity_multiple;hazard_percentile_max.nri_coastal_flood_score;hazard_percentile_max.nri_hurricane_score,max_queue_median_age_years
23011,Kennebec,ME,hazard_percentile_max.nri_coastal_flood_score,max_queue_median_age_years
23013,Knox,ME,max_queue_median_age_years;min_nearby_capacity_multiple;hazard_percentile_max.nri_coastal_flood_score;hazard_percentile_max.nri_hurricane_score,
23015,Lincoln,ME,hazard_percentile_max.nri_coastal_flood_score;hazard_percentile_max.nri_hurricane_score,max_queue_median_age_years
23019,Penobscot,ME,min_nearby_capacity_multiple;hazard_percentile_max.nri_coastal_flood_score,max_queue_median_age_years
23021,Piscataquis,ME,min_nearby_capacity_multiple,max_queue_median_age_years
23023,Sagadahoc,ME,hazard_percentile_max.nri_coastal_flood_score,max_queue_median_age_years
23025,Somerset,ME,min_nearby_capacity_multiple;hazard_percentile_max.nri_hurricane_score,max_queue_median_age_years
23027,Waldo,ME,min_nearby_capacity_multiple;hazard_percentile_max.nri_coastal_flood_score;hazard_percentile_max.nri_hurricane_score,max_queue_median_age_years
23029,Washington,ME,min_nearby_capacity_multiple;hazard_percentile_max.nri_coastal_flood_score;hazard_percentile_max.nri_hurricane_score,max_queue_median_age_years
23031,York,ME,max_queue_median_age_years;hazard_percentile_max.nri_coastal_flood_score,
24001,Allegany,MD,min_fiber_share_locations,max_queue_median_age_years
24003,Anne Arundel,MD,hazard_percentile_max.nri_coastal_flood_score,max_queue_median_age_years
24005,Baltimore,MD,max_queue_median_age_years;hazard_percentile_max.nri_coastal_flood_score,
24009,Calvert,MD,min_fiber_share_locations;hazard_percentile_max.nri_coastal_flood_score,max_queue_median_age_years
24011,Caroline,MD,exclude_moratorium_active;hazard_percentile_max.nri_coastal_flood_score;hazard_percentile_max.nri_hurricane_score,max_queue_median_age_years
24015,Cecil,MD,hazard_percentile_max.nri_coastal_flood_score,max_queue_median_age_years
24017,Charles,MD,max_queue_median_age_years;hazard_percentile_max.nri_coastal_flood_score,
24019,Dorchester,MD,max_queue_median_age_years;min_fiber_share_locations;exclude_moratorium_active;hazard_percentile_max.nri_coastal_flood_score;hazard_percentile_max.nri_hurricane_score,
24021,Frederick,MD,min_fiber_share_locations,max_queue_median_age_years
24023,Garrett,MD,max_queue_median_age_years,
24025,Harford,MD,exclude_moratorium_active;hazard_percentile_max.nri_coastal_flood_score,max_queue_median_age_years
24029,Kent,MD,hazard_percentile_max.nri_coastal_flood_score;hazard_percentile_max.nri_hurricane_score,max_queue_median_age_years
24031,Montgomery,MD,exclude_moratorium_active,max_queue_median_age_years
24033,Prince George's,MD,max_queue_median_age_years;exclude_moratorium_active;hazard_percentile_max.nri_coastal_flood_score,
24035,Queen Anne's,MD,hazard_percentile_max.nri_coastal_flood_score,
24037,St. Mary's,MD,hazard_percentile_max.nri_coastal_flood_score,max_queue_median_age_years
24039,Somerset,MD,min_fiber_share_locations;max_water_stress_if_evaporative;hazard_percentile_max.nri_coastal_flood_score;hazard_percentile_max.nri_hurricane_score,max_queue_median_age_years
24041,Talbot,MD,min_fiber_share_locations;hazard_percentile_max.nri_coastal_flood_score,max_queue_median_age_years
24043,Washington,MD,exclude_moratorium_active,max_queue_median_age_years
24045,Wicomico,MD,max_queue_median_age_years;max_water_stress_if_evaporative;hazard_percentile_max.nri_coastal_flood_score;hazard_percentile_max.nri_hurricane_score,
24047,Worcester,MD,max_queue_median_age_years;min_fiber_share_locations;exclude_moratorium_active;min_nearby_capacity_multiple;max_water_stress_if_evaporative;hazard_percentile_max.nri_coastal_flood_score;hazard_percentile_max.nri_hurricane_score,
24510,Baltimore,MD,hazard_percentile_max.nri_coastal_flood_score,max_queue_median_age_years
25001,Barnstable,MA,min_fiber_share_locations;hazard_percentile_max.nri_coastal_flood_score;hazard_percentile_max.nri_hurricane_score,max_queue_median_age_years
25003,Berkshire,MA,min_fiber_share_locations,
25005,Bristol,MA,hazard_percentile_max.nri_coastal_flood_score,max_queue_median_age_years
25007,Dukes,MA,min_fiber_share_locations;hazard_percentile_max.nri_coastal_flood_score;hazard_percentile_max.nri_hurricane_score,max_queue_median_age_years
25009,Essex,MA,hazard_percentile_max.nri_coastal_flood_score,max_queue_median_age_years
25011,Franklin,MA,min_fiber_share_locations,max_queue_median_age_years
25017,Middlesex,MA,max_queue_median_age_years;hazard_percentile_max.nri_coastal_flood_score,
25019,Nantucket,MA,min_fiber_share_locations;min_nearby_capacity_multiple;hazard_percentile_max.nri_coastal_flood_score;hazard_percentile_max.nri_hurricane_score,max_queue_median_age_years
25021,Norfolk,MA,max_queue_median_age_years;hazard_percentile_max.nri_coastal_flood_score,
25023,Plymouth,MA,hazard_percentile_max.nri_coastal_flood_score,max_queue_median_age_years
25025,Suffolk,MA,hazard_percentile_max.nri_coastal_flood_score,max_queue_median_age_years
26001,Alcona,MI,min_fiber_share_locations;min_nearby_capacity_multiple;hazard_percentile_max.nri_coastal_flood_score,
26003,Alger,MI,min_population;min_nearby_capacity_multiple,max_queue_median_age_years
26007,Alpena,MI,min_nearby_capacity_multiple;hazard_percentile_max.nri_coastal_flood_score,max_queue_median_age_years
26009,Antrim,MI,min_nearby_capacity_multiple,max_queue_median_age_years
26011,Arenac,MI,min_fiber_share_locations;hazard_percentile_max.nri_coastal_flood_score,max_queue_median_age_years
26013,Baraga,MI,min_population;min_nearby_capacity_multiple;hazard_percentile_max.nri_coastal_flood_score,max_queue_median_age_years
26015,Barry,MI,min_fiber_share_locations,max_queue_median_age_years
26017,Bay,MI,min_fiber_share_locations;hazard_percentile_max.nri_coastal_flood_score,
26019,Benzie,MI,hazard_percentile_max.nri_coastal_flood_score,max_queue_median_age_years
26025,Calhoun,MI,max_queue_median_age_years;min_nearby_capacity_multiple,
26027,Cass,MI,max_queue_median_age_years,
26029,Charlevoix,MI,min_nearby_capacity_multiple,max_queue_median_age_years
26031,Cheboygan,MI,min_nearby_capacity_multiple;hazard_percentile_max.nri_coastal_flood_score,max_queue_median_age_years
26033,Chippewa,MI,min_fiber_share_locations;min_nearby_capacity_multiple;hazard_percentile_max.nri_coastal_flood_score,max_queue_median_age_years
26035,Clare,MI,min_fiber_share_locations,max_queue_median_age_years
26039,Crawford,MI,min_nearby_capacity_multiple,max_queue_median_age_years
26041,Delta,MI,exclude_moratorium_active;min_nearby_capacity_multiple;hazard_percentile_max.nri_coastal_flood_score,max_queue_median_age_years
26043,Dickinson,MI,min_nearby_capacity_multiple,
26047,Emmet,MI,min_nearby_capacity_multiple;hazard_percentile_max.nri_coastal_flood_score,max_queue_median_age_years
26049,Genesee,MI,min_fiber_share_locations;max_water_stress_if_evaporative,
26051,Gladwin,MI,max_queue_median_age_years;min_fiber_share_locations;max_water_stress_if_evaporative,
26053,Gogebic,MI,min_fiber_share_locations;min_nearby_capacity_multiple,max_queue_median_age_years
26055,Grand Traverse,MI,min_fiber_share_locations;min_nearby_capacity_multiple,max_queue_median_age_years
26057,Gratiot,MI,max_queue_median_age_years,
26059,Hillsdale,MI,min_fiber_share_locations,
26061,Houghton,MI,min_fiber_share_locations;min_nearby_capacity_multiple,max_queue_median_age_years
26063,Huron,MI,exclude_moratorium_active;hazard_percentile_max.nri_coastal_flood_score,
26067,Ionia,MI,max_queue_median_age_years,
26069,Iosco,MI,min_fiber_share_locations;hazard_percentile_max.nri_coastal_flood_score,max_queue_median_age_years
26071,Iron,MI,min_fiber_share_locations;min_nearby_capacity_multiple,max_queue_median_age_years
26073,Isabella,MI,max_water_stress_if_evaporative,
26075,Jackson,MI,max_queue_median_age_years;min_fiber_share_locations,
26077,Kalamazoo,MI,max_queue_median_age_years,
26079,Kalkaska,MI,min_nearby_capacity_multiple,max_queue_median_age_years
26083,Keweenaw,MI,min_fiber_share_locations;min_population;min_nearby_capacity_multiple,max_queue_median_age_years
26087,Lapeer,MI,min_fiber_share_locations;max_water_stress_if_evaporative,
26089,Leelanau,MI,min_nearby_capacity_multiple;hazard_percentile_max.nri_coastal_flood_score,max_queue_median_age_years
26093,Livingston,MI,max_queue_median_age_years;max_water_stress_if_evaporative,
26095,Luce,MI,min_population;min_nearby_capacity_multiple,max_queue_median_age_years
26097,Mackinac,MI,min_nearby_capacity_multiple;hazard_percentile_max.nri_coastal_flood_score,max_queue_median_age_years
26099,Macomb,MI,max_queue_median_age_years,
26101,Manistee,MI,min_fiber_share_locations,max_queue_median_age_years
26103,Marquette,MI,max_queue_median_age_years;min_fiber_share_locations;min_nearby_capacity_multiple,
26105,Mason,MI,max_queue_median_age_years;hazard_percentile_max.nri_coastal_flood_score,
26109,Menominee,MI,min_nearby_capacity_multiple;hazard_percentile_max.nri_coastal_flood_score,max_queue_median_age_years
26111,Midland,MI,min_fiber_share_locations;max_water_stress_if_evaporative,
26113,Missaukee,MI,min_nearby_capacity_multiple,max_queue_median_age_years
26115,Monroe,MI,min_fiber_share_locations;hazard_percentile_max.nri_coastal_flood_score,
26117,Montcalm,MI,max_queue_median_age_years,
26119,Montmorency,MI,min_population;min_nearby_capacity_multiple,max_queue_median_age_years
26127,Oceana,MI,max_queue_median_age_years,
26129,Ogemaw,MI,min_fiber_share_locations,max_queue_median_age_years
26131,Ontonagon,MI,min_population;min_nearby_capacity_multiple,max_queue_median_age_years
26133,Osceola,MI,min_fiber_share_locations,max_queue_median_age_years
26135,Oscoda,MI,min_population;min_nearby_capacity_multiple,max_queue_median_age_years
26137,Otsego,MI,max_queue_median_age_years;min_nearby_capacity_multiple,
26139,Ottawa,MI,max_queue_median_age_years,
26141,Presque Isle,MI,max_queue_median_age_years;min_nearby_capacity_multiple,
26143,Roscommon,MI,min_fiber_share_locations,max_queue_median_age_years
26145,Saginaw,MI,min_fiber_share_locations;max_water_stress_if_evaporative,
26147,St. Clair,MI,max_queue_median_age_years;min_fiber_share_locations;hazard_percentile_max.nri_coastal_flood_score,
26151,Sanilac,MI,max_queue_median_age_years,
26153,Schoolcraft,MI,min_population;min_nearby_capacity_multiple,max_queue_median_age_years
26159,Van Buren,MI,max_queue_median_age_years,
26161,Washtenaw,MI,max_queue_median_age_years,
26163,Wayne,MI,max_queue_median_age_years,
27001,Aitkin,MN,min_nearby_capacity_multiple;max_water_stress_if_evaporative;hazard_percentile_max.nri_inland_flood_score,max_queue_median_age_years
27003,Anoka,MN,max_water_stress_if_evaporative,max_queue_median_age_years
27005,Becker,MN,min_nearby_capacity_multiple,max_queue_median_age_years
27007,Beltrami,MN,min_nearby_capacity_multiple,max_queue_median_age_years
27009,Benton,MN,max_water_stress_if_evaporative,
27011,Big Stone,MN,min_population;min_nearby_capacity_multiple,
27017,Carlton,MN,min_nearby_capacity_multiple;max_water_stress_if_evaporative,max_queue_median_age_years
27021,Cass,MN,min_nearby_capacity_multiple;max_water_stress_if_evaporative,max_queue_median_age_years
27025,Chisago,MN,max_water_stress_if_evaporative,
27027,Clay,MN,min_fiber_share_locations;min_nearby_capacity_multiple;hazard_percentile_max.nri_inland_flood_score,
27029,Clearwater,MN,min_population;min_nearby_capacity_multiple,max_queue_median_age_years
27031,Cook,MN,min_population;min_nearby_capacity_multiple,max_queue_median_age_years
27033,Cottonwood,MN,max_queue_median_age_years,
27035,Crow Wing,MN,min_nearby_capacity_multiple;max_water_stress_if_evaporative,max_queue_median_age_years
27037,Dakota,MN,max_queue_median_age_years,
27041,Douglas,MN,min_nearby_capacity_multiple,max_queue_median_age_years
27043,Faribault,MN,max_queue_median_age_years;max_water_stress_if_evaporative,
27045,Fillmore,MN,hazard_percentile_max.nri_inland_flood_score,max_queue_median_age_years
27051,Grant,MN,min_population;min_nearby_capacity_multiple,max_queue_median_age_years
27055,Houston,MN,hazard_percentile_max.nri_inland_flood_score,max_queue_median_age_years
27057,Hubbard,MN,min_nearby_capacity_multiple;max_water_stress_if_evaporative,max_queue_median_age_years
27061,Itasca,MN,min_nearby_capacity_multiple,max_queue_median_age_years
27063,Jackson,MN,max_queue_median_age_years;min_population,
27065,Kanabec,MN,max_water_stress_if_evaporative,max_queue_median_age_years
27069,Kittson,MN,min_population;min_nearby_capacity_multiple;hazard_percentile_max.nri_inland_flood_score,max_queue_median_age_years
27071,Koochiching,MN,min_nearby_capacity_multiple;hazard_percentile_max.nri_inland_flood_score,max_queue_median_age_years
27073,Lac qui Parle,MN,min_population,max_queue_median_age_years
27075,Lake,MN,min_nearby_capacity_multiple,max_queue_median_age_years
27077,Lake of the Woods,MN,min_population;min_nearby_capacity_multiple;hazard_percentile_max.nri_inland_flood_score,max_queue_median_age_years
27079,Le Sueur,MN,exclude_moratorium_active,max_queue_median_age_years
27081,Lincoln,MN,min_population,max_queue_median_age_years
27083,Lyon,MN,min_fiber_share_locations;hazard_percentile_max.nri_inland_flood_score,
27087,Mahnomen,MN,min_population;min_nearby_capacity_multiple,max_queue_median_age_years
27089,Marshall,MN,min_population;min_nearby_capacity_multiple,max_queue_median_age_years
27091,Martin,MN,min_fiber_share_locations;max_water_stress_if_evaporative,max_queue_median_age_years
27093,Meeker,MN,max_water_stress_if_evaporative,max_queue_median_age_years
27097,Morrison,MN,max_water_stress_if_evaporative;hazard_percentile_max.nri_inland_flood_score,max_queue_median_age_years
27099,Mower,MN,max_queue_median_age_years,
27101,Murray,MN,max_queue_median_age_years;min_population,
27107,Norman,MN,min_population;min_nearby_capacity_multiple,max_queue_median_age_years
27109,Olmsted,MN,max_queue_median_age_years,
27111,Otter Tail,MN,min_nearby_capacity_multiple,
27113,Pennington,MN,min_nearby_capacity_multiple;hazard_percentile_max.nri_inland_flood_score,max_queue_median_age_years
27115,Pine,MN,min_nearby_capacity_multiple;max_water_stress_if_evaporative,max_queue_median_age_years
27117,Pipestone,MN,max_queue_median_age_years;min_population;max_water_stress_if_evaporative,
27119,Polk,MN,min_nearby_capacity_multiple,max_queue_median_age_years
27121,Pope,MN,min_nearby_capacity_multiple;hazard_percentile_max.nri_inland_flood_score,max_queue_median_age_years
27125,Red Lake,MN,min_population;min_nearby_capacity_multiple;hazard_percentile_max.nri_inland_flood_score,max_queue_median_age_years
27129,Renville,MN,min_nearby_capacity_multiple,max_queue_median_age_years
27133,Rock,MN,max_queue_median_age_years;min_population;max_water_stress_if_evaporative,
27135,Roseau,MN,min_nearby_capacity_multiple;hazard_percentile_max.nri_inland_flood_score,max_queue_median_age_years
27137,St. Louis,MN,min_fiber_share_locations;min_nearby_capacity_multiple,max_queue_median_age_years
27141,Sherburne,MN,min_fiber_share_locations;max_water_stress_if_evaporative,
27145,Stearns,MN,max_water_stress_if_evaporative,max_queue_median_age_years
27149,Stevens,MN,min_population;min_nearby_capacity_multiple,max_queue_median_age_years
27151,Swift,MN,min_population;min_nearby_capacity_multiple,max_queue_median_age_years
27153,Todd,MN,min_nearby_capacity_multiple;max_water_stress_if_evaporative,max_queue_median_age_years
27155,Traverse,MN,min_population;min_nearby_capacity_multiple,max_queue_median_age_years
27157,Wabasha,MN,max_queue_median_age_years,
27159,Wadena,MN,min_nearby_capacity_multiple;max_water_stress_if_evaporative,max_queue_median_age_years
27161,Waseca,MN,max_water_stress_if_evaporative,max_queue_median_age_years
27163,Washington,MN,max_water_stress_if_evaporative,max_queue_median_age_years
27165,Watonwan,MN,min_fiber_share_locations;max_water_stress_if_evaporative,max_queue_median_age_years
27167,Wilkin,MN,min_population;min_nearby_capacity_multiple,max_queue_median_age_years
27169,Winona,MN,min_fiber_share_locations,max_queue_median_age_years
27171,Wright,MN,exclude_moratorium_active;max_water_stress_if_evaporative,max_queue_median_age_years
27173,Yellow Medicine,MN,max_queue_median_age_years;min_fiber_share_locations;min_population,
28005,Amite,MS,min_fiber_share_locations;hazard_percentile_max.nri_hurricane_score,
28009,Benton,MS,min_population,max_queue_median_age_years
28011,Bolivar,MS,max_queue_median_age_years;min_nearby_capacity_multiple,
28015,Carroll,MS,min_population,max_queue_median_age_years
28019,Choctaw,MS,min_population,max_queue_median_age_years
28021,Claiborne,MS,min_fiber_share_locations;min_population,max_queue_median_age_years
28025,Clay,MS,max_queue_median_age_years,
28027,Coahoma,MS,min_fiber_share_locations,max_queue_median_age_years
28031,Covington,MS,min_nearby_capacity_multiple;hazard_percentile_max.nri_hurricane_score,max_queue_median_age_years
28033,DeSoto,MS,max_queue_median_age_years,
28035,Forrest,MS,hazard_percentile_max.nri_hurricane_score,max_queue_median_age_years
28037,Franklin,MS,min_population,max_queue_median_age_years
28039,George,MS,hazard_percentile_max.nri_hurricane_score,max_queue_median_age_years
28041,Greene,MS,hazard_percentile_max.nri_hurricane_score,max_queue_median_age_years
28045,Hancock,MS,hazard_percentile_max.nri_coastal_flood_score;hazard_percentile_max.nri_hurricane_score,max_queue_median_age_years
28047,Harrison,MS,hazard_percentile_max.nri_coastal_flood_score;hazard_percentile_max.nri_hurricane_score,max_queue_median_age_years
28049,Hinds,MS,max_queue_median_age_years,
28051,Holmes,MS,min_fiber_share_locations,max_queue_median_age_years
28053,Humphreys,MS,min_fiber_share_locations;min_population;min_nearby_capacity_multiple,max_queue_median_age_years
28055,Issaquena,MS,min_fiber_share_locations;min_population,max_queue_median_age_years
28059,Jackson,MS,hazard_percentile_max.nri_coastal_flood_score;hazard_percentile_max.nri_hurricane_score,max_queue_median_age_years
28063,Jefferson,MS,min_fiber_share_locations;min_population;min_nearby_capacity_multiple,max_queue_median_age_years
28065,Jefferson Davis,MS,hazard_percentile_max.nri_hurricane_score,max_queue_median_age_years
28067,Jones,MS,min_nearby_capacity_multiple,max_queue_median_age_years
28069,Kemper,MS,min_population;max_water_stress_if_evaporative,max_queue_median_age_years
28075,Lauderdale,MS,max_water_stress_if_evaporative,max_queue_median_age_years
28079,Leake,MS,min_fiber_share_locations,max_queue_median_age_years
28089,Madison,MS,max_queue_median_age_years,
28091,Marion,MS,min_nearby_capacity_multiple;hazard_percentile_max.nri_hurricane_score,max_queue_median_age_years
28095,Monroe,MS,max_queue_median_age_years;min_nearby_capacity_multiple,
28097,Montgomery,MS,min_population,max_queue_median_age_years
28101,Newton,MS,min_fiber_share_locations,max_queue_median_age_years
28109,Pearl River,MS,hazard_percentile_max.nri_hurricane_score,max_queue_median_age_years
28111,Perry,MS,max_queue_median_age_years;hazard_percentile_max.nri_hurricane_score,
28113,Pike,MS,min_nearby_capacity_multiple,max_queue_median_age_years
28119,Quitman,MS,min_fiber_share_locations;min_population,max_queue_median_age_years
28121,Rankin,MS,min_nearby_capacity_multiple,max_queue_median_age_years
28125,Sharkey,MS,min_fiber_share_locations;min_population,max_queue_median_age_years
28127,Simpson,MS,min_fiber_share_locations;min_nearby_capacity_multiple,max_queue_median_age_years
28131,Stone,MS,hazard_percentile_max.nri_hurricane_score,max_queue_median_age_years
28133,Sunflower,MS,max_queue_median_age_years;min_fiber_share_locations;min_nearby_capacity_multiple,
28135,Tallahatchie,MS,min_nearby_capacity_multiple,max_queue_median_age_years
28143,Tunica,MS,max_queue_median_age_years;min_fiber_share_locations;min_population,
28145,Union,MS,min_nearby_capacity_multiple,max_queue_median_age_years
28147,Walthall,MS,min_nearby_capacity_multiple,max_queue_median_age_years
28151,Washington,MS,min_fiber_share_locations;min_nearby_capacity_multiple,
28153,Wayne,MS,hazard_percentile_max.nri_hurricane_score,max_queue_median_age_years
28155,Webster,MS,min_population,max_queue_median_age_years
28157,Wilkinson,MS,min_fiber_share_locations;min_population;hazard_percentile_max.nri_hurricane_score,max_queue_median_age_years
28163,Yazoo,MS,min_fiber_share_locations,max_queue_median_age_years
29001,Adair,MO,min_nearby_capacity_multiple,max_queue_median_age_years
29005,Atchison,MO,min_population;hazard_percentile_max.nri_inland_flood_score,max_queue_median_age_years
29009,Barry,MO,max_water_stress_if_evaporative,max_queue_median_age_years
29011,Barton,MO,min_fiber_share_locations,max_queue_median_age_years
29015,Benton,MO,min_nearby_capacity_multiple,max_queue_median_age_years
29023,Butler,MO,max_water_stress_if_evaporative,max_queue_median_age_years
29025,Caldwell,MO,min_population,max_queue_median_age_years
29027,Callaway,MO,max_queue_median_age_years,
29029,Camden,MO,min_nearby_capacity_multiple;hazard_percentile_max.nri_inland_flood_score,max_queue_median_age_years
29033,Carroll,MO,min_population,max_queue_median_age_years
29035,Carter,MO,min_fiber_share_locations;min_population;min_nearby_capacity_multiple;max_water_stress_if_evaporative,max_queue_median_age_years
29041,Chariton,MO,min_population;min_nearby_capacity_multiple;hazard_percentile_max.nri_inland_flood_score,max_queue_median_age_years
29043,Christian,MO,min_nearby_capacity_multiple;max_water_stress_if_evaporative,max_queue_median_age_years
29045,Clark,MO,min_population;min_nearby_capacity_multiple,max_queue_median_age_years
29049,Clinton,MO,max_queue_median_age_years,
29051,Cole,MO,min_nearby_capacity_multiple,max_queue_median_age_years
29057,Dade,MO,min_fiber_share_locations;min_population,max_queue_median_age_years
29059,Dallas,MO,min_fiber_share_locations;min_nearby_capacity_multiple,max_queue_median_age_years
29061,Daviess,MO,min_population;min_nearby_capacity_multiple,max_queue_median_age_years
29065,Dent,MO,min_nearby_capacity_multiple,max_queue_median_age_years
29067,Douglas,MO,min_nearby_capacity_multiple,max_queue_median_age_years
29069,Dunklin,MO,max_water_stress_if_evaporative,max_queue_median_age_years
29071,Franklin,MO,min_fiber_share_locations,max_queue_median_age_years
29073,Gasconade,MO,hazard_percentile_max.nri_inland_flood_score,max_queue_median_age_years
29075,Gentry,MO,min_population,max_queue_median_age_years
29077,Greene,MO,min_nearby_capacity_multiple,
29079,Grundy,MO,min_population;min_nearby_capacity_multiple,max_queue_median_age_years
29081,Harrison,MO,min_population;min_nearby_capacity_multiple,max_queue_median_age_years
29083,Henry,MO,max_queue_median_age_years,
29085,Hickory,MO,min_fiber_share_locations;min_population;min_nearby_capacity_multiple,max_queue_median_age_years
29087,Holt,MO,min_population,max_queue_median_age_years
29091,Howell,MO,min_fiber_share_locations;min_nearby_capacity_multiple;max_water_stress_if_evaporative,max_queue_median_age_years
29093,Iron,MO,min_fiber_share_locations;min_population;max_water_stress_if_evaporative;hazard_percentile_max.nri_inland_flood_score,max_queue_median_age_years
29095,Jackson,MO,exclude_moratorium_active,
29103,Knox,MO,min_population;min_nearby_capacity_multiple,max_queue_median_age_years
29105,Laclede,MO,min_nearby_capacity_multiple,max_queue_median_age_years
29111,Lewis,MO,min_population,max_queue_median_age_years
29115,Linn,MO,min_nearby_capacity_multiple,max_queue_median_age_years
29117,Livingston,MO,min_nearby_capacity_multiple,max_queue_median_age_years
29119,McDonald,MO,max_water_stress_if_evaporative,max_queue_median_age_years
29121,Macon,MO,max_queue_median_age_years;min_nearby_capacity_multiple,
29123,Madison,MO,min_fiber_share_locations;max_water_stress_if_evaporative;hazard_percentile_max.nri_inland_flood_score,max_queue_median_age_years
29125,Maries,MO,min_fiber_share_locations;min_population;min_nearby_capacity_multiple,max_queue_median_age_years
29129,Mercer,MO,min_population;min_nearby_capacity_multiple,max_queue_median_age_years
29131,Miller,MO,min_fiber_share_locations;min_nearby_capacity_multiple,max_queue_median_age_years
29135,Moniteau,MO,min_nearby_capacity_multiple,max_queue_median_age_years
29137,Monroe,MO,min_population,max_queue_median_age_years
29141,Morgan,MO,min_nearby_capacity_multiple,max_queue_median_age_years
29143,New Madrid,MO,max_queue_median_age_years;max_water_stress_if_evaporative,
29147,Nodaway,MO,max_queue_median_age_years,
29149,Oregon,MO,min_population;min_nearby_capacity_multiple;max_water_stress_if_evaporative;hazard_percentile_max.nri_inland_flood_score,max_queue_median_age_years
29151,Osage,MO,min_fiber_share_locations;hazard_percentile_max.nri_inland_flood_score,max_queue_median_age_years
29153,Ozark,MO,min_population;min_nearby_capacity_multiple,max_queue_median_age_years
29155,Pemiscot,MO,max_water_stress_if_evaporative,max_queue_median_age_years
29157,Perry,MO,min_fiber_share_locations,max_queue_median_age_years
29159,Pettis,MO,min_nearby_capacity_multiple,max_queue_median_age_years
29161,Phelps,MO,min_nearby_capacity_multiple,max_queue_median_age_years
29167,Polk,MO,min_fiber_share_locations;min_nearby_capacity_multiple,max_queue_median_age_years
29169,Pulaski,MO,min_nearby_capacity_multiple,max_queue_median_age_years
29171,Putnam,MO,min_population;min_nearby_capacity_multiple,max_queue_median_age_years
29173,Ralls,MO,hazard_percentile_max.nri_inland_flood_score,
29175,Randolph,MO,max_queue_median_age_years,
29179,Reynolds,MO,min_population;min_nearby_capacity_multiple;max_water_stress_if_evaporative;hazard_percentile_max.nri_inland_flood_score,max_queue_median_age_years
29181,Ripley,MO,min_fiber_share_locations;min_nearby_capacity_multiple;max_water_stress_if_evaporative;hazard_percentile_max.nri_inland_flood_score,max_queue_median_age_years
29183,St. Charles,MO,exclude_moratorium_active,max_queue_median_age_years
29185,St. Clair,MO,min_population,max_queue_median_age_years
29186,Ste. Genevieve,MO,hazard_percentile_max.nri_inland_flood_score,max_queue_median_age_years
29197,Schuyler,MO,min_population;min_nearby_capacity_multiple,max_queue_median_age_years
29199,Scotland,MO,min_population;min_nearby_capacity_multiple,max_queue_median_age_years
29201,Scott,MO,max_queue_median_age_years,
29203,Shannon,MO,min_fiber_share_locations;min_population;min_nearby_capacity_multiple;max_water_stress_if_evaporative,max_queue_median_age_years
29205,Shelby,MO,min_population,max_queue_median_age_years
29207,Stoddard,MO,max_water_stress_if_evaporative,max_queue_median_age_years
29209,Stone,MO,max_water_stress_if_evaporative;hazard_percentile_max.nri_inland_flood_score,max_queue_median_age_years
29211,Sullivan,MO,min_population;min_nearby_capacity_multiple,max_queue_median_age_years
29213,Taney,MO,min_nearby_capacity_multiple;max_water_stress_if_evaporative,max_queue_median_age_years
29215,Texas,MO,min_fiber_share_locations;min_nearby_capacity_multiple;max_water_stress_if_evaporative,max_queue_median_age_years
29223,Wayne,MO,min_fiber_share_locations;min_nearby_capacity_multiple;max_water_stress_if_evaporative;hazard_percentile_max.nri_inland_flood_score,max_queue_median_age_years
29225,Webster,MO,min_nearby_capacity_multiple,max_queue_median_age_years
29227,Worth,MO,min_population,max_queue_median_age_years
29229,Wright,MO,min_fiber_share_locations;min_nearby_capacity_multiple,max_queue_median_age_years
30001,Beaverhead,MT,min_population;min_nearby_capacity_multiple,max_queue_median_age_years
30005,Blaine,MT,min_population;min_nearby_capacity_multiple;max_water_stress_if_evaporative;hazard_percentile_max.nri_inland_flood_score,max_queue_median_age_years
30007,Broadwater,MT,min_fiber_share_locations;min_population;min_nearby_capacity_multiple,max_queue_median_age_years
30009,Carbon,MT,min_fiber_share_locations;min_nearby_capacity_multiple;hazard_percentile_max.nri_inland_flood_score;hazard_percentile_max.nri_wildfire_score,max_queue_median_age_years
30011,Carter,MT,min_population;min_nearby_capacity_multiple,max_queue_median_age_years
30013,Cascade,MT,min_nearby_capacity_multiple,max_queue_median_age_years
30015,Chouteau,MT,min_population;min_nearby_capacity_multiple,max_queue_median_age_years
30017,Custer,MT,min_fiber_share_locations;min_nearby_capacity_multiple,max_queue_median_age_years
30019,Daniels,MT,min_population;min_nearby_capacity_multiple,max_queue_median_age_years
30021,Dawson,MT,min_fiber_share_locations;min_population;min_nearby_capacity_multiple,max_queue_median_age_years
30023,Deer Lodge,MT,min_fiber_share_locations;min_population;min_nearby_capacity_multiple;max_water_stress_if_evaporative,max_queue_median_age_years
30025,Fallon,MT,min_population;min_nearby_capacity_multiple,max_queue_median_age_years
30027,Fergus,MT,min_nearby_capacity_multiple,max_queue_median_age_years
30029,Flathead,MT,min_fiber_share_locations;min_nearby_capacity_multiple,max_queue_median_age_years
30031,Gallatin,MT,min_nearby_capacity_multiple,max_queue_median_age_years
30033,Garfield,MT,min_population;min_nearby_capacity_multiple;hazard_percentile_max.nri_wildfire_score,max_queue_median_age_years
30035,Glacier,MT,min_fiber_share_locations;min_nearby_capacity_multiple;max_water_stress_if_evaporative,max_queue_median_age_years
30037,Golden Valley,MT,min_population;min_nearby_capacity_multiple;max_water_stress_if_evaporative,max_queue_median_age_years
30039,Granite,MT,min_population;min_nearby_capacity_multiple;max_water_stress_if_evaporative;hazard_percentile_max.nri_wildfire_score,max_queue_median_age_years
30041,Hill,MT,min_nearby_capacity_multiple;max_water_stress_if_evaporative,max_queue_median_age_years
30043,Jefferson,MT,min_fiber_share_locations;min_nearby_capacity_multiple,max_queue_median_age_years
30045,Judith Basin,MT,min_population;min_nearby_capacity_multiple,max_queue_median_age_years
30047,Lake,MT,min_nearby_capacity_multiple,max_queue_median_age_years
30049,Lewis and Clark,MT,min_nearby_capacity_multiple,
30051,Liberty,MT,min_population;min_nearby_capacity_multiple;max_water_stress_if_evaporative,max_queue_median_age_years
30053,Lincoln,MT,min_nearby_capacity_multiple;hazard_percentile_max.nri_wildfire_score,max_queue_median_age_years
30055,McCone,MT,min_population;min_nearby_capacity_multiple,max_queue_median_age_years
30057,Madison,MT,min_population;min_nearby_capacity_multiple,max_queue_median_age_years
30059,Meagher,MT,max_queue_median_age_years;min_population;min_nearby_capacity_multiple;max_water_stress_if_evaporative,
30061,Mineral,MT,min_fiber_share_locations;min_population;min_nearby_capacity_multiple,max_queue_median_age_years
30063,Missoula,MT,min_fiber_share_locations;min_nearby_capacity_multiple,max_queue_median_age_years
30065,Musselshell,MT,min_population;min_nearby_capacity_multiple;max_water_stress_if_evaporative;hazard_percentile_max.nri_wildfire_score,max_queue_median_age_years
30067,Park,MT,min_fiber_share_locations;min_nearby_capacity_multiple;hazard_percentile_max.nri_inland_flood_score;hazard_percentile_max.nri_wildfire_score,max_queue_median_age_years
30069,Petroleum,MT,min_population;min_nearby_capacity_multiple;max_water_stress_if_evaporative;hazard_percentile_max.nri_wildfire_score,max_queue_median_age_years
30071,Phillips,MT,min_population;min_nearby_capacity_multiple;max_water_stress_if_evaporative,max_queue_median_age_years
30073,Pondera,MT,min_population;min_nearby_capacity_multiple;max_water_stress_if_evaporative,max_queue_median_age_years
30075,Powder River,MT,min_population;min_nearby_capacity_multiple;max_water_stress_if_evaporative;hazard_percentile_max.nri_wildfire_score,max_queue_median_age_years
30077,Powell,MT,min_fiber_share_locations;min_population;min_nearby_capacity_multiple,max_queue_median_age_years
30079,Prairie,MT,min_population;min_nearby_capacity_multiple,max_queue_median_age_years
30081,Ravalli,MT,min_nearby_capacity_multiple;max_water_stress_if_evaporative;hazard_percentile_max.nri_wildfire_score,max_queue_median_age_years
30083,Richland,MT,min_nearby_capacity_multiple,max_queue_median_age_years
30085,Roosevelt,MT,min_nearby_capacity_multiple,max_queue_median_age_years
30087,Rosebud,MT,max_queue_median_age_years;min_population;min_nearby_capacity_multiple;hazard_percentile_max.nri_inland_flood_score;hazard_percentile_max.nri_wildfire_score,
30089,Sanders,MT,min_nearby_capacity_multiple;hazard_percentile_max.nri_inland_flood_score,max_queue_median_age_years
30091,Sheridan,MT,min_population;min_nearby_capacity_multiple;max_water_stress_if_evaporative,max_queue_median_age_years
30093,Silver Bow,MT,min_nearby_capacity_multiple;max_water_stress_if_evaporative,max_queue_median_age_years
30095,Stillwater,MT,max_queue_median_age_years;min_fiber_share_locations;min_population;min_nearby_capacity_multiple;max_water_stress_if_evaporative;hazard_percentile_max.nri_inland_flood_score;hazard_percentile_max.nri_wildfire_score,
30097,Sweet Grass,MT,min_population;min_nearby_capacity_multiple;max_water_stress_if_evaporative;hazard_percentile_max.nri_inland_flood_score;hazard_percentile_max.nri_wildfire_score,max_queue_median_age_years
30099,Teton,MT,min_population;min_nearby_capacity_multiple;max_water_stress_if_evaporative,max_queue_median_age_years
30101,Toole,MT,min_fiber_share_locations;min_population;min_nearby_capacity_multiple;max_water_stress_if_evaporative,max_queue_median_age_years
30103,Treasure,MT,min_fiber_share_locations;min_population;min_nearby_capacity_multiple;hazard_percentile_max.nri_wildfire_score,max_queue_median_age_years
30105,Valley,MT,min_population;min_nearby_capacity_multiple;max_water_stress_if_evaporative,max_queue_median_age_years
30107,Wheatland,MT,max_queue_median_age_years;min_population;min_nearby_capacity_multiple;max_water_stress_if_evaporative,
30109,Wibaux,MT,max_queue_median_age_years;min_population;min_nearby_capacity_multiple,
30111,Yellowstone,MT,max_queue_median_age_years;min_nearby_capacity_multiple,
31001,Adams,NE,min_nearby_capacity_multiple;max_water_stress_if_evaporative,max_queue_median_age_years
31003,Antelope,NE,min_population;min_nearby_capacity_multiple;max_water_stress_if_evaporative,max_queue_median_age_years
31005,Arthur,NE,min_population;min_nearby_capacity_multiple;max_water_stress_if_evaporative;hazard_percentile_max.nri_wildfire_score,max_queue_median_age_years
31007,Banner,NE,min_fiber_share_locations;min_population;min_nearby_capacity_multiple;max_water_stress_if_evaporative,max_queue_median_age_years
31009,Blaine,NE,min_population;min_nearby_capacity_multiple;max_water_stress_if_evaporative,max_queue_median_age_years
31011,Boone,NE,min_population;min_nearby_capacity_multiple;max_water_stress_if_evaporative,max_queue_median_age_years
31013,Box Butte,NE,min_nearby_capacity_multiple;max_water_stress_if_evaporative,max_queue_median_age_years
31015,Boyd,NE,min_population;min_nearby_capacity_multiple,max_queue_median_age_years
31017,Brown,NE,min_population;min_nearby_capacity_multiple;max_water_stress_if_evaporative,max_queue_median_age_years
31019,Buffalo,NE,min_nearby_capacity_multiple;max_water_stress_if_evaporative,max_queue_median_age_years
31021,Burt,NE,max_queue_median_age_years;min_population,
31023,Butler,NE,min_population;max_water_stress_if_evaporative,max_queue_median_age_years
31027,Cedar,NE,min_population,max_queue_median_age_years
31029,Chase,NE,min_population;min_nearby_capacity_multiple;max_water_stress_if_evaporative,max_queue_median_age_years
31031,Cherry,NE,min_population;min_nearby_capacity_multiple;max_water_stress_if_evaporative;hazard_percentile_max.nri_wildfire_score,max_queue_median_age_years
31033,Cheyenne,NE,min_population;min_nearby_capacity_multiple;max_water_stress_if_evaporative,max_queue_median_age_years
31035,Clay,NE,min_population;min_nearby_capacity_multiple;max_water_stress_if_evaporative,max_queue_median_age_years
31037,Colfax,NE,max_water_stress_if_evaporative;hazard_percentile_max.nri_inland_flood_score,max_queue_median_age_years
31039,Cuming,NE,min_population;max_water_stress_if_evaporative;hazard_percentile_max.nri_inland_flood_score,max_queue_median_age_years
31041,Custer,NE,min_nearby_capacity_multiple;max_water_stress_if_evaporative,max_queue_median_age_years
31045,Dawes,NE,min_population;min_nearby_capacity_multiple,max_queue_median_age_years
31047,Dawson,NE,min_nearby_capacity_multiple;max_water_stress_if_evaporative,max_queue_median_age_years
31049,Deuel,NE,min_population;max_water_stress_if_evaporative,max_queue_median_age_years
31051,Dixon,NE,min_population,max_queue_median_age_years
31053,Dodge,NE,max_water_stress_if_evaporative;hazard_percentile_max.nri_inland_flood_score,max_queue_median_age_years
31057,Dundy,NE,min_population;min_nearby_capacity_multiple;max_water_stress_if_evaporative,max_queue_median_age_years
31059,Fillmore,NE,min_population;max_water_stress_if_evaporative,max_queue_median_age_years
31061,Franklin,NE,min_population;min_nearby_capacity_multiple;max_water_stress_if_evaporative,max_queue_median_age_years
31063,Frontier,NE,min_population;min_nearby_capacity_multiple;max_water_stress_if_evaporative,max_queue_median_age_years
31065,Furnas,NE,min_population;min_nearby_capacity_multiple;max_water_stress_if_evaporative,max_queue_median_age_years
31067,Gage,NE,max_water_stress_if_evaporative,
31069,Garden,NE,min_population;min_nearby_capacity_multiple;max_water_stress_if_evaporative,max_queue_median_age_years
31071,Garfield,NE,min_population;min_nearby_capacity_multiple;max_water_stress_if_evaporative,max_queue_median_age_years
31073,Gosper,NE,min_population;min_nearby_capacity_multiple;max_water_stress_if_evaporative,max_queue_median_age_years
31075,Grant,NE,min_population;min_nearby_capacity_multiple;max_water_stress_if_evaporative;hazard_percentile_max.nri_wildfire_score,max_queue_median_age_years
31077,Greeley,NE,min_fiber_share_locations;min_population;min_nearby_capacity_multiple;max_water_stress_if_evaporative,max_queue_median_age_years
31079,Hall,NE,min_nearby_capacity_multiple;max_water_stress_if_evaporative,max_queue_median_age_years
31081,Hamilton,NE,min_population;min_nearby_capacity_multiple;max_water_stress_if_evaporative,max_queue_median_age_years
31083,Harlan,NE,min_population;min_nearby_capacity_multiple;max_water_stress_if_evaporative,max_queue_median_age_years
31085,Hayes,NE,min_population;min_nearby_capacity_multiple;max_water_stress_if_evaporative,max_queue_median_age_years
31087,Hitchcock,NE,min_fiber_share_locations;min_population;min_nearby_capacity_multiple;max_water_stress_if_evaporative,max_queue_median_age_years
31089,Holt,NE,min_nearby_capacity_multiple;max_water_stress_if_evaporative,max_queue_median_age_years
31091,Hooker,NE,min_population;min_nearby_capacity_multiple;max_water_stress_if_evaporative,max_queue_median_age_years
31093,Howard,NE,min_population;min_nearby_capacity_multiple;max_water_stress_if_evaporative,max_queue_median_age_years
31095,Jefferson,NE,min_population;max_water_stress_if_evaporative,max_queue_median_age_years
31097,Johnson,NE,min_population,max_queue_median_age_years
31099,Kearney,NE,min_population;min_nearby_capacity_multiple;max_water_stress_if_evaporative,max_queue_median_age_years
31101,Keith,NE,min_population;min_nearby_capacity_multiple;max_water_stress_if_evaporative,max_queue_median_age_years
31103,Keya Paha,NE,min_population;min_nearby_capacity_multiple;max_water_stress_if_evaporative,max_queue_median_age_years
31105,Kimball,NE,min_fiber_share_locations;min_population;min_nearby_capacity_multiple;max_water_stress_if_evaporative,max_queue_median_age_years
31107,Knox,NE,min_population,max_queue_median_age_years
31109,Lancaster,NE,max_queue_median_age_years,
31111,Lincoln,NE,min_nearby_capacity_multiple;max_water_stress_if_evaporative,max_queue_median_age_years
31113,Logan,NE,min_population;min_nearby_capacity_multiple;max_water_stress_if_evaporative,max_queue_median_age_years
31115,Loup,NE,min_population;min_nearby_capacity_multiple;max_water_stress_if_evaporative,max_queue_median_age_years
31117,McPherson,NE,min_population;min_nearby_capacity_multiple;max_water_stress_if_evaporative,max_queue_median_age_years
31119,Madison,NE,min_nearby_capacity_multiple;max_water_stress_if_evaporative,max_queue_median_age_years
31121,Merrick,NE,min_population;min_nearby_capacity_multiple;max_water_stress_if_evaporative;hazard_percentile_max.nri_inland_flood_score,max_queue_median_age_years
31123,Morrill,NE,min_population;min_nearby_capacity_multiple;max_water_stress_if_evaporative,max_queue_median_age_years
31125,Nance,NE,min_fiber_share_locations;min_population;min_nearby_capacity_multiple;max_water_stress_if_evaporative;hazard_percentile_max.nri_inland_flood_score,max_queue_median_age_years
31127,Nemaha,NE,min_population,
31129,Nuckolls,NE,min_population;max_water_stress_if_evaporative,max_queue_median_age_years
31133,Pawnee,NE,min_population,max_queue_median_age_years
31135,Perkins,NE,min_fiber_share_locations;min_population;min_nearby_capacity_multiple;max_water_stress_if_evaporative,max_queue_median_age_years
31137,Phelps,NE,min_population;min_nearby_capacity_multiple;max_water_stress_if_evaporative,max_queue_median_age_years
31139,Pierce,NE,min_population;max_water_stress_if_evaporative;hazard_percentile_max.nri_inland_flood_score,max_queue_median_age_years
31141,Platte,NE,min_nearby_capacity_multiple,max_queue_median_age_years
31143,Polk,NE,min_population;max_water_stress_if_evaporative,max_queue_median_age_years
31145,Red Willow,NE,min_nearby_capacity_multiple;max_water_stress_if_evaporative,max_queue_median_age_years
31147,Richardson,NE,min_population,max_queue_median_age_years
31149,Rock,NE,min_fiber_share_locations;min_population;min_nearby_capacity_multiple;max_water_stress_if_evaporative,max_queue_median_age_years
31151,Saline,NE,min_nearby_capacity_multiple;max_water_stress_if_evaporative,max_queue_median_age_years
31157,Scotts Bluff,NE,min_nearby_capacity_multiple;max_water_stress_if_evaporative,max_queue_median_age_years
31159,Seward,NE,min_nearby_capacity_multiple;max_water_stress_if_evaporative,max_queue_median_age_years
31161,Sheridan,NE,min_population;min_nearby_capacity_multiple;max_water_stress_if_evaporative;hazard_percentile_max.nri_wildfire_score,max_queue_median_age_years
31163,Sherman,NE,min_population;min_nearby_capacity_multiple;max_water_stress_if_evaporative,max_queue_median_age_years
31165,Sioux,NE,min_fiber_share_locations;min_population;min_nearby_capacity_multiple;max_water_stress_if_evaporative;hazard_percentile_max.nri_wildfire_score,max_queue_median_age_years
31167,Stanton,NE,min_population;max_water_stress_if_evaporative;hazard_percentile_max.nri_inland_flood_score,max_queue_median_age_years
31169,Thayer,NE,min_population;max_water_stress_if_evaporative,max_queue_median_age_years
31171,Thomas,NE,min_population;min_nearby_capacity_multiple;max_water_stress_if_evaporative,max_queue_median_age_years
31173,Thurston,NE,min_fiber_share_locations;min_population,max_queue_median_age_years
31175,Valley,NE,min_population;min_nearby_capacity_multiple;max_water_stress_if_evaporative,max_queue_median_age_years
31179,Wayne,NE,min_population;max_water_stress_if_evaporative,max_queue_median_age_years
31181,Webster,NE,min_population;min_nearby_capacity_multiple;max_water_stress_if_evaporative,max_queue_median_age_years
31183,Wheeler,NE,min_population;min_nearby_capacity_multiple;max_water_stress_if_evaporative,max_queue_median_age_years
31185,York,NE,max_water_stress_if_evaporative,max_queue_median_age_years
32001,Churchill,NV,min_nearby_capacity_multiple;max_water_stress_if_evaporative,
32003,Clark,NV,max_queue_median_age_years,
32005,Douglas,NV,min_fiber_share_locations;max_water_stress_if_evaporative;hazard_percentile_max.nri_wildfire_score,max_queue_median_age_years
32007,Elko,NV,min_nearby_capacity_multiple;max_water_stress_if_evaporative;hazard_percentile_max.nri_wildfire_score,max_queue_median_age_years
32009,Esmeralda,NV,min_fiber_share_locations;min_population;min_nearby_capacity_multiple;max_water_stress_if_evaporative,
32011,Eureka,NV,min_fiber_share_locations;min_population;min_nearby_capacity_multiple;max_water_stress_if_evaporative;hazard_percentile_max.nri_wildfire_score,max_queue_median_age_years
32013,Humboldt,NV,min_nearby_capacity_multiple;max_water_stress_if_evaporative;hazard_percentile_max.nri_wildfire_score,
32015,Lander,NV,max_queue_median_age_years;min_population;min_nearby_capacity_multiple;max_water_stress_if_evaporative;hazard_percentile_max.nri_wildfire_score,
32017,Lincoln,NV,min_fiber_share_locations;min_population;min_nearby_capacity_multiple;max_water_stress_if_evaporative;hazard_percentile_max.nri_inland_flood_score;hazard_percentile_max.nri_wildfire_score,max_queue_median_age_years
32019,Lyon,NV,max_queue_median_age_years;min_fiber_share_locations;min_nearby_capacity_multiple;max_water_stress_if_evaporative;hazard_percentile_max.nri_wildfire_score,
32021,Mineral,NV,min_fiber_share_locations;min_population;min_nearby_capacity_multiple;max_water_stress_if_evaporative,max_queue_median_age_years
32023,Nye,NV,exclude_moratorium_active;min_nearby_capacity_multiple;max_water_stress_if_evaporative,
32027,Pershing,NV,min_population;min_nearby_capacity_multiple;max_water_stress_if_evaporative,
32029,Storey,NV,min_fiber_share_locations;min_population;min_nearby_capacity_multiple;max_water_stress_if_evaporative;hazard_percentile_max.nri_wildfire_score,
32031,Washoe,NV,max_queue_median_age_years;min_nearby_capacity_multiple;max_water_stress_if_evaporative,
32033,White Pine,NV,max_queue_median_age_years;min_fiber_share_locations;min_population;min_nearby_capacity_multiple;max_water_stress_if_evaporative,
32510,Carson City,NV,min_fiber_share_locations;max_water_stress_if_evaporative,max_queue_median_age_years
33003,Carroll,NH,hazard_percentile_max.nri_hurricane_score,max_queue_median_age_years
33007,Coos,NH,min_nearby_capacity_multiple;hazard_percentile_max.nri_inland_flood_score,max_queue_median_age_years
33009,Grafton,NH,min_nearby_capacity_multiple;hazard_percentile_max.nri_inland_flood_score,max_queue_median_age_years
33015,Rockingham,NH,hazard_percentile_max.nri_coastal_flood_score,max_queue_median_age_years
33017,Strafford,NH,hazard_percentile_max.nri_coastal_flood_score,max_queue_median_age_years
34001,Atlantic,NJ,max_queue_median_age_years;min_fiber_share_locations;hazard_percentile_max.nri_coastal_flood_score;hazard_percentile_max.nri_hurricane_score,
34003,Bergen,NJ,hazard_percentile_max.nri_coastal_flood_score,max_queue_median_age_years
34005,Burlington,NJ,hazard_percentile_max.nri_coastal_flood_score,max_queue_median_age_years
34007,Camden,NJ,hazard_percentile_max.nri_coastal_flood_score,max_queue_median_age_years
34009,Cape May,NJ,min_fiber_share_locations;hazard_percentile_max.nri_coastal_flood_score;hazard_percentile_max.nri_hurricane_score,max_queue_median_age_years
34011,Cumberland,NJ,max_queue_median_age_years;hazard_percentile_max.nri_coastal_flood_score,
34013,Essex,NJ,hazard_percentile_max.nri_coastal_flood_score,max_queue_median_age_years
34015,Gloucester,NJ,max_queue_median_age_years;hazard_percentile_max.nri_coastal_flood_score,
34017,Hudson,NJ,hazard_percentile_max.nri_coastal_flood_score,max_queue_median_age_years
34019,Hunterdon,NJ,max_water_stress_if_evaporative,max_queue_median_age_years
34021,Mercer,NJ,max_water_stress_if_evaporative;hazard_percentile_max.nri_coastal_flood_score,max_queue_median_age_years
34023,Middlesex,NJ,max_water_stress_if_evaporative;hazard_percentile_max.nri_coastal_flood_score,max_queue_median_age_years
34025,Monmouth,NJ,hazard_percentile_max.nri_coastal_flood_score,
34029,Ocean,NJ,hazard_percentile_max.nri_coastal_flood_score,
34033,Salem,NJ,min_fiber_share_locations;hazard_percentile_max.nri_coastal_flood_score,
34035,Somerset,NJ,max_water_stress_if_evaporative,max_queue_median_age_years
34039,Union,NJ,max_water_stress_if_evaporative;hazard_percentile_max.nri_coastal_flood_score,max_queue_median_age_years
34041,Warren,NJ,max_queue_median_age_years;min_fiber_share_locations,
35001,Bernalillo,NM,max_queue_median_age_years;min_fiber_share_locations;min_nearby_capacity_multiple;max_water_stress_if_evaporative,
35003,Catron,NM,min_fiber_share_locations;min_population;min_nearby_capacity_multiple;max_water_stress_if_evaporative;hazard_percentile_max.nri_inland_flood_score;hazard_percentile_max.nri_wildfire_score,max_queue_median_age_years
35005,Chaves,NM,min_nearby_capacity_multiple;max_water_stress_if_evaporative;hazard_percentile_max.nri_inland_flood_score,
35006,Cibola,NM,max_queue_median_age_years;min_nearby_capacity_multiple;max_water_stress_if_evaporative;hazard_percentile_max.nri_inland_flood_score,
35007,Colfax,NM,min_nearby_capacity_multiple;max_water_stress_if_evaporative;hazard_percentile_max.nri_wildfire_score,max_queue_median_age_years
35009,Curry,NM,max_water_stress_if_evaporative,
35011,De Baca,NM,min_population;min_nearby_capacity_multiple;max_water_stress_if_evaporative;hazard_percentile_max.nri_inland_flood_score;hazard_percentile_max.nri_wildfire_score,max_queue_median_age_years
35013,Doña Ana,NM,max_queue_median_age_years;min_fiber_share_locations;max_water_stress_if_evaporative,
35015,Eddy,NM,min_nearby_capacity_multiple;max_water_stress_if_evaporative;hazard_percentile_max.nri_inland_flood_score,
35017,Grant,NM,min_fiber_share_locations;min_nearby_capacity_multiple;max_water_stress_if_evaporative;hazard_percentile_max.nri_wildfire_score,max_queue_median_age_years
35019,Guadalupe,NM,max_queue_median_age_years;min_population;min_nearby_capacity_multiple;max_water_stress_if_evaporative;hazard_percentile_max.nri_inland_flood_score,
35021,Harding,NM,min_population;min_nearby_capacity_multiple;max_water_stress_if_evaporative;hazard_percentile_max.nri_wildfire_score,max_queue_median_age_years
35023,Hidalgo,NM,min_fiber_share_locations;min_population;min_nearby_capacity_multiple;max_water_stress_if_evaporative;hazard_percentile_max.nri_inland_flood_score,max_queue_median_age_years
35025,Lea,NM,max_water_stress_if_evaporative;hazard_percentile_max.nri_inland_flood_score;hazard_percentile_max.nri_wildfire_score,
35027,Lincoln,NM,min_nearby_capacity_multiple;max_water_stress_if_evaporative;hazard_percentile_max.nri_wildfire_score,max_queue_median_age_years
35028,Los Alamos,NM,min_fiber_share_locations;min_nearby_capacity_multiple;max_water_stress_if_evaporative,max_queue_median_age_years
35029,Luna,NM,min_fiber_share_locations;min_nearby_capacity_multiple;max_water_stress_if_evaporative,
35031,McKinley,NM,min_fiber_share_locations;min_nearby_capacity_multiple;max_water_stress_if_evaporative,
35033,Mora,NM,min_population;min_nearby_capacity_multiple;max_water_stress_if_evaporative;hazard_percentile_max.nri_inland_flood_score;hazard_percentile_max.nri_wildfire_score,max_queue_median_age_years
35035,Otero,NM,max_queue_median_age_years;min_nearby_capacity_multiple;max_water_stress_if_evaporative;hazard_percentile_max.nri_inland_flood_score;hazard_percentile_max.nri_wildfire_score,
35037,Quay,NM,min_population;min_nearby_capacity_multiple;max_water_stress_if_evaporative,max_queue_median_age_years
35039,Rio Arriba,NM,min_fiber_share_locations;min_nearby_capacity_multiple;hazard_percentile_max.nri_inland_flood_score,max_queue_median_age_years
35041,Roosevelt,NM,max_water_stress_if_evaporative;hazard_percentile_max.nri_inland_flood_score;hazard_percentile_max.nri_wildfire_score,
35043,Sandoval,NM,max_queue_median_age_years;min_nearby_capacity_multiple;max_water_stress_if_evaporative,
35045,San Juan,NM,max_queue_median_age_years;min_fiber_share_locations;min_nearby_capacity_multiple,
35047,San Miguel,NM,min_nearby_capacity_multiple;max_water_stress_if_evaporative;hazard_percentile_max.nri_wildfire_score,max_queue_median_age_years
35049,Santa Fe,NM,max_queue_median_age_years;min_fiber_share_locations;exclude_moratorium_active;min_nearby_capacity_multiple;max_water_stress_if_evaporative,
35051,Sierra,NM,min_nearby_capacity_multiple;max_water_stress_if_evaporative,max_queue_median_age_years
35053,Socorro,NM,exclude_moratorium_active;min_nearby_capacity_multiple;max_water_stress_if_evaporative;hazard_percentile_max.nri_inland_flood_score,max_queue_median_age_years
35055,Taos,NM,min_nearby_capacity_multiple;hazard_percentile_max.nri_inland_flood_score,max_queue_median_age_years
35057,Torrance,NM,max_queue_median_age_years;min_fiber_share_locations;max_water_stress_if_evaporative;hazard_percentile_max.nri_inland_flood_score,
35059,Union,NM,min_population;min_nearby_capacity_multiple;max_water_stress_if_evaporative;hazard_percentile_max.nri_wildfire_score,max_queue_median_age_years
35061,Valencia,NM,min_fiber_share_locations;min_nearby_capacity_multiple;max_water_stress_if_evaporative;hazard_percentile_max.nri_inland_flood_score,
36001,Albany,NY,exclude_moratorium_state_active,max_queue_median_age_years
36003,Allegany,NY,exclude_moratorium_state_active;min_nearby_capacity_multiple;hazard_percentile_max.nri_inland_flood_score,max_queue_median_age_years
36005,Bronx,NY,exclude_moratorium_state_active;hazard_percentile_max.nri_coastal_flood_score,
36007,Broome,NY,exclude_moratorium_state_active,max_queue_median_age_years
36009,Cattaraugus,NY,exclude_moratorium_state_active,max_queue_median_age_years
36011,Cayuga,NY,max_queue_median_age_years;exclude_moratorium_state_active,
36013,Chautauqua,NY,exclude_moratorium_state_active,
36015,Chemung,NY,exclude_moratorium_state_active,max_queue_median_age_years
36017,Chenango,NY,min_fiber_share_locations;exclude_moratorium_state_active;min_nearby_capacity_multiple;hazard_percentile_max.nri_inland_flood_score,max_queue_median_age_years
36019,Clinton,NY,exclude_moratorium_state_active,
36021,Columbia,NY,exclude_moratorium_state_active,max_queue_median_age_years
36023,Cortland,NY,exclude_moratorium_state_active;min_nearby_capacity_multiple,max_queue_median_age_years
36025,Delaware,NY,exclude_moratorium_state_active;hazard_percentile_max.nri_inland_flood_score,max_queue_median_age_years
36027,Dutchess,NY,exclude_moratorium_state_active;hazard_percentile_max.nri_coastal_flood_score,
36029,Erie,NY,exclude_moratorium_state_active,max_queue_median_age_years
36031,Essex,NY,exclude_moratorium_state_active;min_nearby_capacity_multiple,max_queue_median_age_years
36033,Franklin,NY,exclude_moratorium_state_active,
36035,Fulton,NY,exclude_moratorium_state_active,max_queue_median_age_years
36037,Genesee,NY,max_queue_median_age_years;exclude_moratorium_state_active,
36039,Greene,NY,max_queue_median_age_years;exclude_moratorium_state_active,
36041,Hamilton,NY,min_population;exclude_moratorium_state_active;min_nearby_capacity_multiple,max_queue_median_age_years
36043,Herkimer,NY,max_queue_median_age_years;exclude_moratorium_state_active;min_nearby_capacity_multiple,
36045,Jefferson,NY,max_queue_median_age_years;min_fiber_share_locations;exclude_moratorium_state_active,
36047,Kings,NY,max_queue_median_age_years;exclude_moratorium_state_active;max_water_stress_if_evaporative;hazard_percentile_max.nri_coastal_flood_score,
36049,Lewis,NY,exclude_moratorium_state_active,max_queue_median_age_years
36051,Livingston,NY,max_queue_median_age_years;exclude_moratorium_state_active,
36053,Madison,NY,max_queue_median_age_years;exclude_moratorium_state_active,
36055,Monroe,NY,exclude_moratorium_state_active,max_queue_median_age_years
36057,Montgomery,NY,max_queue_median_age_years;exclude_moratorium_state_active,
36059,Nassau,NY,exclude_moratorium_state_active;max_water_stress_if_evaporative;hazard_percentile_max.nri_coastal_flood_score,max_queue_median_age_years
36061,New York,NY,exclude_moratorium_state_active;hazard_percentile_max.nri_coastal_flood_score,max_queue_median_age_years
36063,Niagara,NY,exclude_moratorium_state_active,
36065,Oneida,NY,exclude_moratorium_state_active,max_queue_median_age_years
36067,Onondaga,NY,exclude_moratorium_state_active,max_queue_median_age_years
36069,Ontario,NY,exclude_moratorium_state_active,max_queue_median_age_years
36071,Orange,NY,exclude_moratorium_state_active;hazard_percentile_max.nri_coastal_flood_score,
36073,Orleans,NY,min_fiber_share_locations;exclude_moratorium_state_active;max_water_stress_if_evaporative,max_queue_median_age_years
36075,Oswego,NY,min_fiber_share_locations;exclude_moratorium_state_active,max_queue_median_age_years
36077,Otsego,NY,exclude_moratorium_state_active;hazard_percentile_max.nri_inland_flood_score,max_queue_median_age_years
36079,Putnam,NY,exclude_moratorium_state_active;hazard_percentile_max.nri_coastal_flood_score,max_queue_median_age_years
36081,Queens,NY,max_queue_median_age_years;exclude_moratorium_state_active;max_water_stress_if_evaporative;hazard_percentile_max.nri_coastal_flood_score,
36083,Rensselaer,NY,max_queue_median_age_years;min_fiber_share_locations;exclude_moratorium_state_active,
36085,Richmond,NY,exclude_moratorium_state_active;max_water_stress_if_evaporative;hazard_percentile_max.nri_coastal_flood_score,
36087,Rockland,NY,exclude_moratorium_state_active;hazard_percentile_max.nri_coastal_flood_score,max_queue_median_age_years
36089,St. Lawrence,NY,max_queue_median_age_years;exclude_moratorium_state_active,
36091,Saratoga,NY,min_fiber_share_locations;exclude_moratorium_state_active,max_queue_median_age_years
36093,Schenectady,NY,exclude_moratorium_state_active,max_queue_median_age_years
36095,Schoharie,NY,exclude_moratorium_state_active,max_queue_median_age_years
36097,Schuyler,NY,exclude_moratorium_state_active,
36099,Seneca,NY,max_queue_median_age_years;exclude_moratorium_state_active,
36101,Steuben,NY,max_queue_median_age_years;exclude_moratorium_state_active,
36103,Suffolk,NY,exclude_moratorium_state_active;max_water_stress_if_evaporative;hazard_percentile_max.nri_coastal_flood_score,
36105,Sullivan,NY,min_fiber_share_locations;exclude_moratorium_state_active,max_queue_median_age_years
36107,Tioga,NY,exclude_moratorium_state_active;hazard_percentile_max.nri_inland_flood_score,max_queue_median_age_years
36109,Tompkins,NY,exclude_moratorium_state_active,
36111,Ulster,NY,exclude_moratorium_state_active;hazard_percentile_max.nri_coastal_flood_score,
36113,Warren,NY,min_fiber_share_locations;exclude_moratorium_state_active;min_nearby_capacity_multiple,max_queue_median_age_years
36115,Washington,NY,max_queue_median_age_years;exclude_moratorium_state_active,
36117,Wayne,NY,min_fiber_share_locations;exclude_moratorium_state_active,max_queue_median_age_years
36119,Westchester,NY,exclude_moratorium_state_active;hazard_percentile_max.nri_coastal_flood_score,max_queue_median_age_years
36121,Wyoming,NY,max_queue_median_age_years;exclude_moratorium_state_active,
36123,Yates,NY,exclude_moratorium_state_active,max_queue_median_age_years
37001,Alamance,NC,exclude_moratorium_active;max_water_stress_if_evaporative,max_queue_median_age_years
37003,Alexander,NC,min_fiber_share_locations;max_water_stress_if_evaporative,max_queue_median_age_years
37009,Ashe,NC,hazard_percentile_max.nri_inland_flood_score,max_queue_median_age_years
37013,Beaufort,NC,min_nearby_capacity_multiple;hazard_percentile_max.nri_coastal_flood_score;hazard_percentile_max.nri_hurricane_score,max_queue_median_age_years
37015,Bertie,NC,hazard_percentile_max.nri_coastal_flood_score;hazard_percentile_max.nri_hurricane_score,
37017,Bladen,NC,max_water_stress_if_evaporative;hazard_percentile_max.nri_hurricane_score,max_queue_median_age_years
37019,Brunswick,NC,hazard_percentile_max.nri_coastal_flood_score;hazard_percentile_max.nri_hurricane_score,max_queue_median_age_years
37023,Burke,NC,max_water_stress_if_evaporative,max_queue_median_age_years
37025,Cabarrus,NC,max_water_stress_if_evaporative,max_queue_median_age_years
37027,Caldwell,NC,max_water_stress_if_evaporative,max_queue_median_age_years
37029,Camden,NC,hazard_percentile_max.nri_coastal_flood_score;hazard_percentile_max.nri_hurricane_score,max_queue_median_age_years
37031,Carteret,NC,min_nearby_capacity_multiple;hazard_percentile_max.nri_coastal_flood_score;hazard_percentile_max.nri_hurricane_score,max_queue_median_age_years
37035,Catawba,NC,min_fiber_share_locations;max_water_stress_if_evaporative,max_queue_median_age_years
37037,Chatham,NC,exclude_moratorium_active;max_water_stress_if_evaporative,max_queue_median_age_years
37041,Chowan,NC,hazard_percentile_max.nri_coastal_flood_score;hazard_percentile_max.nri_hurricane_score,max_queue_median_age_years
37043,Clay,NC,exclude_moratorium_active,max_queue_median_age_years
37045,Cleveland,NC,max_water_stress_if_evaporative,
37047,Columbus,NC,hazard_percentile_max.nri_hurricane_score,max_queue_median_age_years
37049,Craven,NC,max_water_stress_if_evaporative;hazard_percentile_max.nri_coastal_flood_score;hazard_percentile_max.nri_hurricane_score,max_queue_median_age_years
37051,Cumberland,NC,exclude_moratorium_active;max_water_stress_if_evaporative,
37053,Currituck,NC,max_queue_median_age_years;min_nearby_capacity_multiple;hazard_percentile_max.nri_coastal_flood_score;hazard_percentile_max.nri_hurricane_score,
37055,Dare,NC,min_nearby_capacity_multiple;hazard_percentile_max.nri_coastal_flood_score;hazard_percentile_max.nri_hurricane_score,max_queue_median_age_years
37057,Davidson,NC,max_water_stress_if_evaporative,max_queue_median_age_years
37059,Davie,NC,exclude_moratorium_active;max_water_stress_if_evaporative,max_queue_median_age_years
37061,Duplin,NC,max_water_stress_if_evaporative;hazard_percentile_max.nri_hurricane_score,
37063,Durham,NC,max_water_stress_if_evaporative,
37065,Edgecombe,NC,hazard_percentile_max.nri_hurricane_score,max_queue_median_age_years
37067,Forsyth,NC,max_water_stress_if_evaporative,max_queue_median_age_years
37073,Gates,NC,exclude_moratorium_active;max_water_stress_if_evaporative;hazard_percentile_max.nri_coastal_flood_score;hazard_percentile_max.nri_hurricane_score,max_queue_median_age_years
37075,Graham,NC,min_population;hazard_percentile_max.nri_inland_flood_score,max_queue_median_age_years
37077,Granville,NC,max_water_stress_if_evaporative,
37079,Greene,NC,max_water_stress_if_evaporative;hazard_percentile_max.nri_hurricane_score,max_queue_median_age_years
37081,Guilford,NC,max_water_stress_if_evaporative,max_queue_median_age_years
37085,Harnett,NC,exclude_moratorium_active;max_water_stress_if_evaporative,max_queue_median_age_years
37091,Hertford,NC,max_water_stress_if_evaporative;hazard_percentile_max.nri_coastal_flood_score;hazard_percentile_max.nri_hurricane_score,max_queue_median_age_years
37093,Hoke,NC,max_water_stress_if_evaporative,max_queue_median_age_years
37095,Hyde,NC,min_population;min_nearby_capacity_multiple;hazard_percentile_max.nri_coastal_flood_score;hazard_percentile_max.nri_hurricane_score,max_queue_median_age_years
37097,Iredell,NC,max_water_stress_if_evaporative,max_queue_median_age_years
37099,Jackson,NC,hazard_percentile_max.nri_inland_flood_score,
37101,Johnston,NC,max_water_stress_if_evaporative,
37103,Jones,NC,min_population;hazard_percentile_max.nri_coastal_flood_score;hazard_percentile_max.nri_hurricane_score,max_queue_median_age_years
37105,Lee,NC,max_water_stress_if_evaporative,max_queue_median_age_years
37107,Lenoir,NC,max_water_stress_if_evaporative;hazard_percentile_max.nri_hurricane_score,max_queue_median_age_years
37109,Lincoln,NC,min_fiber_share_locations;max_water_stress_if_evaporative,max_queue_median_age_years
37111,McDowell,NC,min_fiber_share_locations;max_water_stress_if_evaporative,max_queue_median_age_years
37115,Madison,NC,exclude_moratorium_active,max_queue_median_age_years
37117,Martin,NC,hazard_percentile_max.nri_coastal_flood_score;hazard_percentile_max.nri_hurricane_score,max_queue_median_age_years
37119,Mecklenburg,NC,max_water_stress_if_evaporative,
37125,Moore,NC,max_water_stress_if_evaporative,max_queue_median_age_years
37129,New Hanover,NC,max_water_stress_if_evaporative;hazard_percentile_max.nri_coastal_flood_score;hazard_percentile_max.nri_hurricane_score,
37131,Northampton,NC,exclude_moratorium_active;max_water_stress_if_evaporative;hazard_percentile_max.nri_hurricane_score,max_queue_median_age_years
37133,Onslow,NC,hazard_percentile_max.nri_coastal_flood_score;hazard_percentile_max.nri_hurricane_score,
37135,Orange,NC,exclude_moratorium_active;max_water_stress_if_evaporative,max_queue_median_age_years
37137,Pamlico,NC,min_fiber_share_locations;min_nearby_capacity_multiple;hazard_percentile_max.nri_coastal_flood_score;hazard_percentile_max.nri_hurricane_score,max_queue_median_age_years
37139,Pasquotank,NC,exclude_moratorium_active;hazard_percentile_max.nri_coastal_flood_score;hazard_percentile_max.nri_hurricane_score,max_queue_median_age_years
37141,Pender,NC,max_water_stress_if_evaporative;hazard_percentile_max.nri_coastal_flood_score;hazard_percentile_max.nri_hurricane_score,max_queue_median_age_years
37143,Perquimans,NC,hazard_percentile_max.nri_coastal_flood_score;hazard_percentile_max.nri_hurricane_score,max_queue_median_age_years
37145,Person,NC,max_water_stress_if_evaporative,
37147,Pitt,NC,max_water_stress_if_evaporative;hazard_percentile_max.nri_hurricane_score,max_queue_median_age_years
37149,Polk,NC,max_water_stress_if_evaporative,max_queue_median_age_years
37151,Randolph,NC,max_water_stress_if_evaporative,max_queue_median_age_years
37153,Richmond,NC,min_fiber_share_locations,
37155,Robeson,NC,hazard_percentile_max.nri_hurricane_score,
37159,Rowan,NC,exclude_moratorium_active;max_water_stress_if_evaporative,
37161,Rutherford,NC,max_water_stress_if_evaporative,max_queue_median_age_years
37163,Sampson,NC,max_water_stress_if_evaporative;hazard_percentile_max.nri_hurricane_score,max_queue_median_age_years
37165,Scotland,NC,min_fiber_share_locations;hazard_percentile_max.nri_hurricane_score,
37167,Stanly,NC,max_water_stress_if_evaporative,max_queue_median_age_years
37169,Stokes,NC,min_fiber_share_locations,
37171,Surry,NC,exclude_moratorium_active;max_water_stress_if_evaporative,max_queue_median_age_years
37173,Swain,NC,exclude_moratorium_active;hazard_percentile_max.nri_inland_flood_score,max_queue_median_age_years
37175,Transylvania,NC,min_fiber_share_locations,max_queue_median_age_years
37177,Tyrrell,NC,min_population;min_nearby_capacity_multiple;hazard_percentile_max.nri_coastal_flood_score;hazard_percentile_max.nri_hurricane_score,max_queue_median_age_years
37179,Union,NC,max_water_stress_if_evaporative,max_queue_median_age_years
37183,Wake,NC,max_water_stress_if_evaporative,
37185,Warren,NC,hazard_percentile_max.nri_hurricane_score,max_queue_median_age_years
37187,Washington,NC,max_queue_median_age_years;min_nearby_capacity_multiple;hazard_percentile_max.nri_coastal_flood_score;hazard_percentile_max.nri_hurricane_score,
37189,Watauga,NC,exclude_moratorium_active,max_queue_median_age_years
37191,Wayne,NC,max_water_stress_if_evaporative;hazard_percentile_max.nri_hurricane_score,
37193,Wilkes,NC,max_water_stress_if_evaporative,max_queue_median_age_years
37195,Wilson,NC,max_water_stress_if_evaporative;hazard_percentile_max.nri_hurricane_score,max_queue_median_age_years
37197,Yadkin,NC,exclude_moratorium_active;max_water_stress_if_evaporative,max_queue_median_age_years
38001,Adams,ND,min_population;min_nearby_capacity_multiple,max_queue_median_age_years
38003,Barnes,ND,min_nearby_capacity_multiple,max_queue_median_age_years
38005,Benson,ND,min_population;min_nearby_capacity_multiple,max_queue_median_age_years
38007,Billings,ND,min_population;min_nearby_capacity_multiple,max_queue_median_age_years
38009,Bottineau,ND,min_population;min_nearby_capacity_multiple,max_queue_median_age_years
38011,Bowman,ND,min_population;min_nearby_capacity_multiple,max_queue_median_age_years
38013,Burke,ND,min_population;min_nearby_capacity_multiple,max_queue_median_age_years
38015,Burleigh,ND,min_fiber_share_locations,max_queue_median_age_years
38017,Cass,ND,min_nearby_capacity_multiple,
38019,Cavalier,ND,min_population;min_nearby_capacity_multiple;max_water_stress_if_evaporative,max_queue_median_age_years
38021,Dickey,ND,min_population;min_nearby_capacity_multiple,max_queue_median_age_years
38023,Divide,ND,min_population;min_nearby_capacity_multiple;max_water_stress_if_evaporative,max_queue_median_age_years
38025,Dunn,ND,min_population;exclude_moratorium_active,max_queue_median_age_years
38027,Eddy,ND,max_queue_median_age_years;min_population;min_nearby_capacity_multiple,
38029,Emmons,ND,min_population;min_nearby_capacity_multiple;hazard_percentile_max.nri_wildfire_score,max_queue_median_age_years
38031,Foster,ND,min_population;min_nearby_capacity_multiple,max_queue_median_age_years
38033,Golden Valley,ND,min_population;min_nearby_capacity_multiple,max_queue_median_age_years
38035,Grand Forks,ND,min_nearby_capacity_multiple,max_queue_median_age_years
38037,Grant,ND,min_population,max_queue_median_age_years
38039,Griggs,ND,min_population;min_nearby_capacity_multiple,max_queue_median_age_years
38041,Hettinger,ND,min_population;min_nearby_capacity_multiple,max_queue_median_age_years
38043,Kidder,ND,min_population;min_nearby_capacity_multiple,max_queue_median_age_years
38045,LaMoure,ND,min_population;min_nearby_capacity_multiple,max_queue_median_age_years
38047,Logan,ND,min_population;min_nearby_capacity_multiple,max_queue_median_age_years
38049,McHenry,ND,min_population;min_nearby_capacity_multiple,max_queue_median_age_years
38051,McIntosh,ND,min_population;min_nearby_capacity_multiple,max_queue_median_age_years
38053,McKenzie,ND,min_nearby_capacity_multiple,max_queue_median_age_years
38055,McLean,ND,min_population,max_queue_median_age_years
38057,Mercer,ND,min_population;exclude_moratorium_active,
38059,Morton,ND,max_queue_median_age_years;exclude_moratorium_active,
38061,Mountrail,ND,min_population;min_nearby_capacity_multiple,max_queue_median_age_years
38063,Nelson,ND,min_population;min_nearby_capacity_multiple,max_queue_median_age_years
38065,Oliver,ND,max_queue_median_age_years;min_population;hazard_percentile_max.nri_inland_flood_score,
38067,Pembina,ND,min_population;min_nearby_capacity_multiple;max_water_stress_if_evaporative,max_queue_median_age_years
38069,Pierce,ND,min_population;min_nearby_capacity_multiple,max_queue_median_age_years
38071,Ramsey,ND,min_nearby_capacity_multiple,max_queue_median_age_years
38073,Ransom,ND,min_population;min_nearby_capacity_multiple,max_queue_median_age_years
38075,Renville,ND,min_population;min_nearby_capacity_multiple,max_queue_median_age_years
38077,Richland,ND,max_queue_median_age_years;min_nearby_capacity_multiple,
38079,Rolette,ND,min_nearby_capacity_multiple;max_water_stress_if_evaporative;hazard_percentile_max.nri_wildfire_score,max_queue_median_age_years
38081,Sargent,ND,min_population;min_nearby_capacity_multiple,max_queue_median_age_years
38083,Sheridan,ND,min_population,max_queue_median_age_years
38085,Sioux,ND,min_population;min_nearby_capacity_multiple,max_queue_median_age_years
38087,Slope,ND,min_population;min_nearby_capacity_multiple,max_queue_median_age_years
38089,Stark,ND,max_queue_median_age_years,
38091,Steele,ND,min_population;min_nearby_capacity_multiple,max_queue_median_age_years
38093,Stutsman,ND,min_nearby_capacity_multiple,max_queue_median_age_years
38095,Towner,ND,min_population;min_nearby_capacity_multiple;max_water_stress_if_evaporative,max_queue_median_age_years
38097,Traill,ND,min_population;min_nearby_capacity_multiple,max_queue_median_age_years
38099,Walsh,ND,min_nearby_capacity_multiple,max_queue_median_age_years
38101,Ward,ND,max_queue_median_age_years,
38103,Wells,ND,min_population;min_nearby_capacity_multiple,max_queue_median_age_years
38105,Williams,ND,max_queue_median_age_years;min_nearby_capacity_multiple,
39001,Adams,OH,max_queue_median_age_years;min_fiber_share_locations,
39009,Athens,OH,min_fiber_share_locations;hazard_percentile_max.nri_inland_flood_score,max_queue_median_age_years
39013,Belmont,OH,min_fiber_share_locations;hazard_percentile_max.nri_inland_flood_score,max_queue_median_age_years
39015,Brown,OH,min_fiber_share_locations,max_queue_median_age_years
39017,Butler,OH,max_queue_median_age_years;exclude_moratorium_active,
39021,Champaign,OH,max_queue_median_age_years;min_fiber_share_locations,
39023,Clark,OH,min_fiber_share_locations,max_queue_median_age_years
39029,Columbiana,OH,min_fiber_share_locations,max_queue_median_age_years
39031,Coshocton,OH,min_fiber_share_locations,max_queue_median_age_years
39043,Erie,OH,hazard_percentile_max.nri_coastal_flood_score,max_queue_median_age_years
39045,Fairfield,OH,max_queue_median_age_years,
39047,Fayette,OH,max_queue_median_age_years,
39051,Fulton,OH,max_queue_median_age_years,
39053,Gallia,OH,min_fiber_share_locations,max_queue_median_age_years
39063,Hancock,OH,max_queue_median_age_years,
39065,Hardin,OH,max_queue_median_age_years,
39067,Harrison,OH,min_fiber_share_locations,
39071,Highland,OH,max_queue_median_age_years,
39073,Hocking,OH,min_fiber_share_locations;hazard_percentile_max.nri_inland_flood_score,max_queue_median_age_years
39081,Jefferson,OH,min_fiber_share_locations,max_queue_median_age_years
39083,Knox,OH,min_fiber_share_locations,max_queue_median_age_years
39087,Lawrence,OH,min_fiber_share_locations;hazard_percentile_max.nri_inland_flood_score,max_queue_median_age_years
39089,Licking,OH,max_queue_median_age_years,
39093,Lorain,OH,max_queue_median_age_years,
39101,Marion,OH,max_queue_median_age_years,
39105,Meigs,OH,min_fiber_share_locations,max_queue_median_age_years
39113,Montgomery,OH,max_queue_median_age_years,
39117,Morrow,OH,max_queue_median_age_years,
39119,Muskingum,OH,min_fiber_share_locations,max_queue_median_age_years
39123,Ottawa,OH,hazard_percentile_max.nri_coastal_flood_score,max_queue_median_age_years
39125,Paulding,OH,max_queue_median_age_years,
39127,Perry,OH,min_fiber_share_locations,max_queue_median_age_years
39129,Pickaway,OH,max_queue_median_age_years,
39133,Portage,OH,min_fiber_share_locations,max_queue_median_age_years
39135,Preble,OH,max_queue_median_age_years,
39155,Trumbull,OH,max_queue_median_age_years,
39159,Union,OH,max_queue_median_age_years,
39161,Van Wert,OH,max_queue_median_age_years,
39163,Vinton,OH,min_fiber_share_locations,max_queue_median_age_years
39167,Washington,OH,min_fiber_share_locations,max_queue_median_age_years
39173,Wood,OH,max_queue_median_age_years,
40003,Alfalfa,OK,min_population;max_water_stress_if_evaporative;hazard_percentile_max.nri_inland_flood_score,max_queue_median_age_years
40005,Atoka,OK,min_fiber_share_locations,
40007,Beaver,OK,min_population,
40009,Beckham,OK,min_nearby_capacity_multiple;max_water_stress_if_evaporative,max_queue_median_age_years
40011,Blaine,OK,min_population,max_queue_median_age_years
40013,Bryan,OK,min_fiber_share_locations,
40025,Cimarron,OK,min_population;min_nearby_capacity_multiple;max_water_stress_if_evaporative,max_queue_median_age_years
40029,Coal,OK,min_fiber_share_locations;min_population,max_queue_median_age_years
40031,Comanche,OK,max_queue_median_age_years,
40033,Cotton,OK,min_population,max_queue_median_age_years
40043,Dewey,OK,min_population,
40045,Ellis,OK,min_population,max_queue_median_age_years
40047,Garfield,OK,max_queue_median_age_years,
40049,Garvin,OK,min_fiber_share_locations,max_queue_median_age_years
40053,Grant,OK,min_population;max_water_stress_if_evaporative,max_queue_median_age_years
40055,Greer,OK,min_population;min_nearby_capacity_multiple;max_water_stress_if_evaporative,max_queue_median_age_years
40057,Harmon,OK,min_fiber_share_locations;min_population;max_water_stress_if_evaporative,max_queue_median_age_years
40059,Harper,OK,min_population;max_water_stress_if_evaporative,max_queue_median_age_years
40063,Hughes,OK,min_fiber_share_locations,max_queue_median_age_years
40065,Jackson,OK,max_water_stress_if_evaporative,
40067,Jefferson,OK,min_population;min_nearby_capacity_multiple,max_queue_median_age_years
40069,Johnston,OK,max_queue_median_age_years;min_fiber_share_locations,
40071,Kay,OK,max_queue_median_age_years;max_water_stress_if_evaporative,
40073,Kingfisher,OK,max_queue_median_age_years;max_water_stress_if_evaporative,
40075,Kiowa,OK,min_population;max_water_stress_if_evaporative,max_queue_median_age_years
40077,Latimer,OK,min_population,max_queue_median_age_years
40079,Le Flore,OK,min_nearby_capacity_multiple,max_queue_median_age_years
40085,Love,OK,min_fiber_share_locations,max_queue_median_age_years
40093,Major,OK,min_population,max_queue_median_age_years
40095,Marshall,OK,min_fiber_share_locations,max_queue_median_age_years
40101,Muskogee,OK,max_queue_median_age_years,
40105,Nowata,OK,min_fiber_share_locations;min_population,
40115,Ottawa,OK,hazard_percentile_max.nri_inland_flood_score,max_queue_median_age_years
40123,Pontotoc,OK,min_fiber_share_locations,max_queue_median_age_years
40129,Roger Mills,OK,min_fiber_share_locations;min_population,max_queue_median_age_years
40139,Texas,OK,max_queue_median_age_years,
40141,Tillman,OK,min_population,max_queue_median_age_years
40145,Wagoner,OK,max_queue_median_age_years,
40147,Washington,OK,hazard_percentile_max.nri_inland_flood_score,max_queue_median_age_years
40149,Washita,OK,max_water_stress_if_evaporative,max_queue_median_age_years
40151,Woods,OK,min_fiber_share_locations;min_population;max_water_stress_if_evaporative,
40153,Woodward,OK,max_queue_median_age_years,
41001,Baker,OR,min_nearby_capacity_multiple;max_water_stress_if_evaporative;hazard_percentile_max.nri_wildfire_score,max_queue_median_age_years
41003,Benton,OR,max_queue_median_age_years;min_nearby_capacity_multiple,
41007,Clatsop,OR,min_fiber_share_locations;hazard_percentile_max.nri_coastal_flood_score,max_queue_median_age_years
41009,Columbia,OR,min_fiber_share_locations;hazard_percentile_max.nri_coastal_flood_score,max_queue_median_age_years
41011,Coos,OR,min_nearby_capacity_multiple;hazard_percentile_max.nri_coastal_flood_score,max_queue_median_age_years
41013,Crook,OR,max_queue_median_age_years;min_nearby_capacity_multiple;hazard_percentile_max.nri_wildfire_score,
41015,Curry,OR,min_nearby_capacity_multiple;hazard_percentile_max.nri_coastal_flood_score,max_queue_median_age_years
41017,Deschutes,OR,min_nearby_capacity_multiple,
41019,Douglas,OR,max_queue_median_age_years;min_nearby_capacity_multiple;hazard_percentile_max.nri_inland_flood_score;hazard_percentile_max.nri_coastal_flood_score,
41021,Gilliam,OR,max_queue_median_age_years;min_population;hazard_percentile_max.nri_wildfire_score,
41023,Grant,OR,min_population;min_nearby_capacity_multiple;hazard_percentile_max.nri_inland_flood_score;hazard_percentile_max.nri_wildfire_score,max_queue_median_age_years
41025,Harney,OR,max_queue_median_age_years;min_population;min_nearby_capacity_multiple;max_water_stress_if_evaporative;hazard_percentile_max.nri_wildfire_score,
41027,Hood River,OR,hazard_percentile_max.nri_wildfire_score,max_queue_median_age_years
41029,Jackson,OR,min_nearby_capacity_multiple,max_queue_median_age_years
41031,Jefferson,OR,min_fiber_share_locations;min_nearby_capacity_multiple;hazard_percentile_max.nri_wildfire_score,
41033,Josephine,OR,min_nearby_capacity_multiple;hazard_percentile_max.nri_inland_flood_score;hazard_percentile_max.nri_wildfire_score,max_queue_median_age_years
41035,Klamath,OR,max_queue_median_age_years;min_nearby_capacity_multiple,
41037,Lake,OR,max_queue_median_age_years;min_fiber_share_locations;min_population;min_nearby_capacity_multiple;max_water_stress_if_evaporative,
41039,Lane,OR,min_nearby_capacity_multiple;hazard_percentile_max.nri_coastal_flood_score,
41041,Lincoln,OR,min_fiber_share_locations;min_nearby_capacity_multiple;hazard_percentile_max.nri_coastal_flood_score,max_queue_median_age_years
41043,Linn,OR,min_nearby_capacity_multiple,
41045,Malheur,OR,min_fiber_share_locations;min_nearby_capacity_multiple;max_water_stress_if_evaporative,max_queue_median_age_years
41047,Marion,OR,max_queue_median_age_years;min_fiber_share_locations;min_nearby_capacity_multiple,
41049,Morrow,OR,max_queue_median_age_years;min_fiber_share_locations;hazard_percentile_max.nri_wildfire_score,
41051,Multnomah,OR,max_queue_median_age_years,
41053,Polk,OR,min_nearby_capacity_multiple,max_queue_median_age_years
41055,Sherman,OR,min_population;hazard_percentile_max.nri_wildfire_score,
41057,Tillamook,OR,min_fiber_share_locations;min_nearby_capacity_multiple;hazard_percentile_max.nri_inland_flood_score;hazard_percentile_max.nri_coastal_flood_score,max_queue_median_age_years
41059,Umatilla,OR,max_water_stress_if_evaporative,
41061,Union,OR,min_nearby_capacity_multiple;max_water_stress_if_evaporative,max_queue_median_age_years
41063,Wallowa,OR,min_population;min_nearby_capacity_multiple;max_water_stress_if_evaporative;hazard_percentile_max.nri_inland_flood_score;hazard_percentile_max.nri_wildfire_score,max_queue_median_age_years
41065,Wasco,OR,max_queue_median_age_years;hazard_percentile_max.nri_wildfire_score,
41067,Washington,OR,max_queue_median_age_years,
41069,Wheeler,OR,min_population;min_nearby_capacity_multiple;hazard_percentile_max.nri_inland_flood_score;hazard_percentile_max.nri_wildfire_score,max_queue_median_age_years
41071,Yamhill,OR,min_nearby_capacity_multiple,max_queue_median_age_years
42001,Adams,PA,max_queue_median_age_years,
42003,Allegheny,PA,max_queue_median_age_years,
42005,Armstrong,PA,max_queue_median_age_years;hazard_percentile_max.nri_inland_flood_score,
42007,Beaver,PA,max_queue_median_age_years,
42009,Bedford,PA,min_fiber_share_locations,
42015,Bradford,PA,max_queue_median_age_years;hazard_percentile_max.nri_inland_flood_score,
42017,Bucks,PA,hazard_percentile_max.nri_coastal_flood_score,max_queue_median_age_years
42021,Cambria,PA,max_queue_median_age_years;min_fiber_share_locations,
42023,Cameron,PA,min_population;min_nearby_capacity_multiple;hazard_percentile_max.nri_inland_flood_score,max_queue_median_age_years
42025,Carbon,PA,max_queue_median_age_years;min_fiber_share_locations,
42027,Centre,PA,max_queue_median_age_years;min_fiber_share_locations,
42031,Clarion,PA,max_queue_median_age_years,
42033,Clearfield,PA,max_queue_median_age_years;min_fiber_share_locations,
42035,Clinton,PA,min_fiber_share_locations,max_queue_median_age_years
42039,Crawford,PA,max_queue_median_age_years,
42043,Dauphin,PA,max_queue_median_age_years,
42045,Delaware,PA,hazard_percentile_max.nri_coastal_flood_score,max_queue_median_age_years
42047,Elk,PA,hazard_percentile_max.nri_inland_flood_score,max_queue_median_age_years
42049,Erie,PA,max_queue_median_age_years,
42053,Forest,PA,min_fiber_share_locations;min_population;hazard_percentile_max.nri_inland_flood_score,max_queue_median_age_years
42055,Franklin,PA,max_queue_median_age_years,
42057,Fulton,PA,min_fiber_share_locations,max_queue_median_age_years
42061,Huntingdon,PA,min_fiber_share_locations,max_queue_median_age_years
42063,Indiana,PA,min_fiber_share_locations,
42065,Jefferson,PA,max_queue_median_age_years;min_fiber_share_locations,
42067,Juniata,PA,min_fiber_share_locations,max_queue_median_age_years
42073,Lawrence,PA,max_queue_median_age_years;min_fiber_share_locations,
42079,Luzerne,PA,max_queue_median_age_years,
42083,McKean,PA,min_fiber_share_locations;min_nearby_capacity_multiple,
42085,Mercer,PA,max_queue_median_age_years;min_fiber_share_locations,
42087,Mifflin,PA,min_fiber_share_locations,max_queue_median_age_years
42093,Montour,PA,min_fiber_share_locations,
42095,Northampton,PA,min_fiber_share_locations,max_queue_median_age_years
42097,Northumberland,PA,max_queue_median_age_years;min_fiber_share_locations,
42101,Philadelphia,PA,hazard_percentile_max.nri_coastal_flood_score,max_queue_median_age_years
42103,Pike,PA,min_fiber_share_locations,max_queue_median_age_years
42105,Potter,PA,min_nearby_capacity_multiple;hazard_percentile_max.nri_inland_flood_score,max_queue_median_age_years
42107,Schuylkill,PA,min_fiber_share_locations,max_queue_median_age_years
42109,Snyder,PA,min_fiber_share_locations,max_queue_median_age_years
42111,Somerset,PA,max_queue_median_age_years;min_fiber_share_locations,
42113,Sullivan,PA,min_fiber_share_locations;min_population;hazard_percentile_max.nri_inland_flood_score,max_queue_median_age_years
42117,Tioga,PA,hazard_percentile_max.nri_inland_flood_score,max_queue_median_age_years
42119,Union,PA,max_queue_median_age_years;hazard_percentile_max.nri_inland_flood_score,
42121,Venango,PA,min_fiber_share_locations,
42123,Warren,PA,min_nearby_capacity_multiple;hazard_percentile_max.nri_inland_flood_score,max_queue_median_age_years
42129,Westmoreland,PA,max_queue_median_age_years;min_fiber_share_locations,
42131,Wyoming,PA,hazard_percentile_max.nri_inland_flood_score,max_queue_median_age_years
44001,Bristol,RI,min_fiber_share_locations;hazard_percentile_max.nri_coastal_flood_score,max_queue_median_age_years
44003,Kent,RI,hazard_percentile_max.nri_coastal_flood_score,max_queue_median_age_years
44005,Newport,RI,hazard_percentile_max.nri_coastal_flood_score,max_queue_median_age_years
44007,Providence,RI,hazard_percentile_max.nri_coastal_flood_score,max_queue_median_age_years
44009,Washington,RI,hazard_percentile_max.nri_coastal_flood_score,max_queue_median_age_years
45005,Allendale,SC,min_population;hazard_percentile_max.nri_hurricane_score,max_queue_median_age_years
45007,Anderson,SC,max_water_stress_if_evaporative,
45009,Bamberg,SC,hazard_percentile_max.nri_hurricane_score,max_queue_median_age_years
45011,Barnwell,SC,hazard_percentile_max.nri_hurricane_score,max_queue_median_age_years
45013,Beaufort,SC,hazard_percentile_max.nri_coastal_flood_score;hazard_percentile_max.nri_hurricane_score,max_queue_median_age_years
45015,Berkeley,SC,hazard_percentile_max.nri_coastal_flood_score;hazard_percentile_max.nri_hurricane_score,
45017,Calhoun,SC,hazard_percentile_max.nri_hurricane_score,max_queue_median_age_years
45019,Charleston,SC,hazard_percentile_max.nri_coastal_flood_score;hazard_percentile_max.nri_hurricane_score,max_queue_median_age_years
45021,Cherokee,SC,max_water_stress_if_evaporative,max_queue_median_age_years
45023,Chester,SC,exclude_moratorium_active;max_water_stress_if_evaporative,
45025,Chesterfield,SC,hazard_percentile_max.nri_hurricane_score,
45027,Clarendon,SC,hazard_percentile_max.nri_hurricane_score,max_queue_median_age_years
45029,Colleton,SC,hazard_percentile_max.nri_coastal_flood_score;hazard_percentile_max.nri_hurricane_score,
45031,Darlington,SC,min_fiber_share_locations,
45033,Dillon,SC,min_fiber_share_locations;hazard_percentile_max.nri_hurricane_score,
45035,Dorchester,SC,hazard_percentile_max.nri_coastal_flood_score;hazard_percentile_max.nri_hurricane_score,max_queue_median_age_years
45039,Fairfield,SC,max_water_stress_if_evaporative,max_queue_median_age_years
45041,Florence,SC,hazard_percentile_max.nri_hurricane_score,
45043,Georgetown,SC,hazard_percentile_max.nri_coastal_flood_score;hazard_percentile_max.nri_hurricane_score,
45045,Greenville,SC,max_water_stress_if_evaporative,max_queue_median_age_years
45047,Greenwood,SC,exclude_moratorium_active;max_water_stress_if_evaporative,
45049,Hampton,SC,hazard_percentile_max.nri_hurricane_score,
45051,Horry,SC,hazard_percentile_max.nri_coastal_flood_score;hazard_percentile_max.nri_hurricane_score,max_queue_median_age_years
45053,Jasper,SC,hazard_percentile_max.nri_coastal_flood_score;hazard_percentile_max.nri_hurricane_score,max_queue_median_age_years
45059,Laurens,SC,max_water_stress_if_evaporative,max_queue_median_age_years
45061,Lee,SC,hazard_percentile_max.nri_hurricane_score,
45063,Lexington,SC,max_water_stress_if_evaporative,max_queue_median_age_years
45065,McCormick,SC,min_population,max_queue_median_age_years
45067,Marion,SC,hazard_percentile_max.nri_hurricane_score,
45069,Marlboro,SC,hazard_percentile_max.nri_hurricane_score,
45071,Newberry,SC,exclude_moratorium_active;max_water_stress_if_evaporative,max_queue_median_age_years
45075,Orangeburg,SC,max_queue_median_age_years;hazard_percentile_max.nri_hurricane_score,
45077,Pickens,SC,max_water_stress_if_evaporative,max_queue_median_age_years
45079,Richland,SC,max_water_stress_if_evaporative,max_queue_median_age_years
45081,Saluda,SC,max_water_stress_if_evaporative,max_queue_median_age_years
45083,Spartanburg,SC,max_water_stress_if_evaporative,
45085,Sumter,SC,hazard_percentile_max.nri_hurricane_score,max_queue_median_age_years
45087,Union,SC,min_fiber_share_locations;max_water_stress_if_evaporative,max_queue_median_age_years
45089,Williamsburg,SC,hazard_percentile_max.nri_hurricane_score,
45091,York,SC,exclude_moratorium_active;max_water_stress_if_evaporative,max_queue_median_age_years
46003,Aurora,SD,min_population;min_nearby_capacity_multiple,max_queue_median_age_years
46005,Beadle,SD,min_nearby_capacity_multiple,max_queue_median_age_years
46007,Bennett,SD,min_population;min_nearby_capacity_multiple,max_queue_median_age_years
46009,Bon Homme,SD,min_population;min_nearby_capacity_multiple,max_queue_median_age_years
46011,Brookings,SD,max_water_stress_if_evaporative,
46013,Brown,SD,min_nearby_capacity_multiple,
46015,Brule,SD,min_population;min_nearby_capacity_multiple,max_queue_median_age_years
46017,Buffalo,SD,min_population;min_nearby_capacity_multiple,max_queue_median_age_years
46019,Butte,SD,min_nearby_capacity_multiple,max_queue_median_age_years
46021,Campbell,SD,max_queue_median_age_years;min_population;min_nearby_capacity_multiple;hazard_percentile_max.nri_wildfire_score,
46023,Charles Mix,SD,min_population;min_nearby_capacity_multiple,max_queue_median_age_years
46025,Clark,SD,min_population,max_queue_median_age_years
46031,Corson,SD,min_population;min_nearby_capacity_multiple,max_queue_median_age_years
46033,Custer,SD,min_population;min_nearby_capacity_multiple;max_water_stress_if_evaporative;hazard_percentile_max.nri_wildfire_score,max_queue_median_age_years
46035,Davison,SD,min_nearby_capacity_multiple,max_queue_median_age_years
46037,Day,SD,min_population;min_nearby_capacity_multiple,max_queue_median_age_years
46039,Deuel,SD,min_population,
46041,Dewey,SD,min_population;min_nearby_capacity_multiple,max_queue_median_age_years
46043,Douglas,SD,min_population;min_nearby_capacity_multiple,max_queue_median_age_years
46045,Edmunds,SD,min_population;min_nearby_capacity_multiple,max_queue_median_age_years
46047,Fall River,SD,min_population;min_nearby_capacity_multiple;hazard_percentile_max.nri_wildfire_score,max_queue_median_age_years
46049,Faulk,SD,min_population;min_nearby_capacity_multiple,max_queue_median_age_years
46051,Grant,SD,min_population,max_queue_median_age_years
46053,Gregory,SD,min_population;min_nearby_capacity_multiple,max_queue_median_age_years
46055,Haakon,SD,min_population;min_nearby_capacity_multiple;hazard_percentile_max.nri_inland_flood_score,max_queue_median_age_years
46057,Hamlin,SD,min_population;max_water_stress_if_evaporative,max_queue_median_age_years
46059,Hand,SD,min_population;min_nearby_capacity_multiple;hazard_percentile_max.nri_wildfire_score,max_queue_median_age_years
46061,Hanson,SD,min_population;min_nearby_capacity_multiple,max_queue_median_age_years
46063,Harding,SD,min_population;min_nearby_capacity_multiple;hazard_percentile_max.nri_wildfire_score,max_queue_median_age_years
46065,Hughes,SD,min_nearby_capacity_multiple,max_queue_median_age_years
46067,Hutchinson,SD,min_population;min_nearby_capacity_multiple,max_queue_median_age_years
46069,Hyde,SD,min_population;min_nearby_capacity_multiple;hazard_percentile_max.nri_wildfire_score,max_queue_median_age_years
46071,Jackson,SD,min_population;min_nearby_capacity_multiple,max_queue_median_age_years
46073,Jerauld,SD,min_population;min_nearby_capacity_multiple,max_queue_median_age_years
46075,Jones,SD,min_population;min_nearby_capacity_multiple,max_queue_median_age_years
46077,Kingsbury,SD,min_population,max_queue_median_age_years
46081,Lawrence,SD,min_nearby_capacity_multiple;max_water_stress_if_evaporative,max_queue_median_age_years
46085,Lyman,SD,min_population;min_nearby_capacity_multiple;hazard_percentile_max.nri_inland_flood_score,max_queue_median_age_years
46087,McCook,SD,min_population;min_nearby_capacity_multiple,max_queue_median_age_years
46089,McPherson,SD,min_population;min_nearby_capacity_multiple,max_queue_median_age_years
46091,Marshall,SD,min_population;min_nearby_capacity_multiple,max_queue_median_age_years
46093,Meade,SD,min_nearby_capacity_multiple;max_water_stress_if_evaporative;hazard_percentile_max.nri_wildfire_score,
46095,Mellette,SD,min_population;min_nearby_capacity_multiple;hazard_percentile_max.nri_wildfire_score,max_queue_median_age_years
46097,Miner,SD,min_population;min_nearby_capacity_multiple,max_queue_median_age_years
46099,Minnehaha,SD,max_water_stress_if_evaporative,max_queue_median_age_years
46101,Moody,SD,min_population;max_water_stress_if_evaporative,max_queue_median_age_years
46102,Oglala Lakota,SD,min_nearby_capacity_multiple;hazard_percentile_max.nri_wildfire_score,max_queue_median_age_years
46103,Pennington,SD,min_nearby_capacity_multiple,max_queue_median_age_years
46105,Perkins,SD,min_population;min_nearby_capacity_multiple,max_queue_median_age_years
46107,Potter,SD,min_population;min_nearby_capacity_multiple,max_queue_median_age_years
46109,Roberts,SD,min_nearby_capacity_multiple,max_queue_median_age_years
46111,Sanborn,SD,min_population;min_nearby_capacity_multiple,max_queue_median_age_years
46115,Spink,SD,min_population;min_nearby_capacity_multiple,max_queue_median_age_years
46117,Stanley,SD,min_population;min_nearby_capacity_multiple;hazard_percentile_max.nri_inland_flood_score,max_queue_median_age_years
46119,Sully,SD,min_population;min_nearby_capacity_multiple,max_queue_median_age_years
46121,Todd,SD,min_fiber_share_locations;min_population;min_nearby_capacity_multiple;hazard_percentile_max.nri_wildfire_score,max_queue_median_age_years
46123,Tripp,SD,min_population;min_nearby_capacity_multiple,max_queue_median_age_years
46125,Turner,SD,min_population;min_nearby_capacity_multiple,max_queue_median_age_years
46129,Walworth,SD,min_population;min_nearby_capacity_multiple;hazard_percentile_max.nri_inland_flood_score,max_queue_median_age_years
46135,Yankton,SD,exclude_moratorium_active,max_queue_median_age_years
46137,Ziebach,SD,min_population;min_nearby_capacity_multiple,max_queue_median_age_years
47001,Anderson,TN,min_fiber_share_locations;exclude_moratorium_active,max_queue_median_age_years
47003,Bedford,TN,max_water_stress_if_evaporative,max_queue_median_age_years
47027,Clay,TN,min_population;hazard_percentile_max.nri_inland_flood_score,max_queue_median_age_years
47031,Coffee,TN,exclude_moratorium_active,max_queue_median_age_years
47035,Cumberland,TN,exclude_moratorium_active,max_queue_median_age_years
47063,Hamblen,TN,exclude_moratorium_active,max_queue_median_age_years
47065,Hamilton,TN,exclude_moratorium_active,
47067,Hancock,TN,min_population;hazard_percentile_max.nri_inland_flood_score,max_queue_median_age_years
47073,Hawkins,TN,exclude_moratorium_active,max_queue_median_age_years
47081,Hickman,TN,max_water_stress_if_evaporative,max_queue_median_age_years
47083,Houston,TN,min_population,max_queue_median_age_years
47085,Humphreys,TN,max_queue_median_age_years,
47087,Jackson,TN,hazard_percentile_max.nri_inland_flood_score,max_queue_median_age_years
47093,Knox,TN,exclude_moratorium_active,max_queue_median_age_years
47095,Lake,TN,max_queue_median_age_years;min_population,
47099,Lawrence,TN,exclude_moratorium_active,max_queue_median_age_years
47101,Lewis,TN,max_water_stress_if_evaporative,max_queue_median_age_years
47105,Loudon,TN,exclude_moratorium_active,
47115,Marion,TN,max_queue_median_age_years,
47119,Maury,TN,exclude_moratorium_active;max_water_stress_if_evaporative,max_queue_median_age_years
47127,Moore,TN,min_population,max_queue_median_age_years
47129,Morgan,TN,exclude_moratorium_active,max_queue_median_age_years
47135,Perry,TN,min_population;hazard_percentile_max.nri_inland_flood_score,max_queue_median_age_years
47137,Pickett,TN,min_population,max_queue_median_age_years
47145,Roane,TN,min_fiber_share_locations,
47147,Robertson,TN,max_water_stress_if_evaporative,max_queue_median_age_years
47149,Rutherford,TN,max_water_stress_if_evaporative,max_queue_median_age_years
47157,Shelby,TN,max_queue_median_age_years,
47169,Trousdale,TN,hazard_percentile_max.nri_inland_flood_score,max_queue_median_age_years
47175,Van Buren,TN,min_population,max_queue_median_age_years
47177,Warren,TN,exclude_moratorium_active,max_queue_median_age_years
47179,Washington,TN,exclude_moratorium_active,max_queue_median_age_years
47189,Wilson,TN,exclude_moratorium_active,max_queue_median_age_years
48001,Anderson,TX,max_queue_median_age_years,
48003,Andrews,TX,max_queue_median_age_years;max_water_stress_if_evaporative,
48005,Angelina,TX,min_nearby_capacity_multiple,
48007,Aransas,TX,hazard_percentile_max.nri_coastal_flood_score;hazard_percentile_max.nri_hurricane_score,max_queue_median_age_years
48009,Archer,TX,min_population,
48011,Armstrong,TX,min_population;max_water_stress_if_evaporative,
48013,Atascosa,TX,max_water_stress_if_evaporative,
48017,Bailey,TX,min_population;max_water_stress_if_evaporative,max_queue_median_age_years
48019,Bandera,TX,max_queue_median_age_years;min_nearby_capacity_multiple;max_water_stress_if_evaporative,
48023,Baylor,TX,min_population,
48025,Bee,TX,hazard_percentile_max.nri_hurricane_score,
48027,Bell,TX,max_queue_median_age_years,
48029,Bexar,TX,max_water_stress_if_evaporative,
48031,Blanco,TX,max_water_stress_if_evaporative,max_queue_median_age_years
48033,Borden,TX,min_population;max_water_stress_if_evaporative;hazard_percentile_max.nri_wildfire_score,
48039,Brazoria,TX,hazard_percentile_max.nri_coastal_flood_score;hazard_percentile_max.nri_hurricane_score,
48043,Brewster,TX,min_population;min_nearby_capacity_multiple;max_water_stress_if_evaporative,max_queue_median_age_years
48045,Briscoe,TX,min_population;max_water_stress_if_evaporative,
48047,Brooks,TX,min_population;max_water_stress_if_evaporative;hazard_percentile_max.nri_hurricane_score,
48051,Burleson,TX,min_fiber_share_locations,max_queue_median_age_years
48053,Burnet,TX,min_fiber_share_locations,
48055,Caldwell,TX,max_water_stress_if_evaporative,
48057,Calhoun,TX,max_queue_median_age_years;hazard_percentile_max.nri_coastal_flood_score;hazard_percentile_max.nri_hurricane_score,
48059,Callahan,TX,max_queue_median_age_years,
48061,Cameron,TX,max_queue_median_age_years;max_water_stress_if_evaporative;hazard_percentile_max.nri_coastal_flood_score;hazard_percentile_max.nri_hurricane_score,
48065,Carson,TX,min_population;max_water_stress_if_evaporative;hazard_percentile_max.nri_wildfire_score,
48069,Castro,TX,min_population;max_water_stress_if_evaporative,
48071,Chambers,TX,max_queue_median_age_years;hazard_percentile_max.nri_coastal_flood_score;hazard_percentile_max.nri_hurricane_score,
48073,Cherokee,TX,max_queue_median_age_years,
48075,Childress,TX,max_queue_median_age_years;min_population;min_nearby_capacity_multiple;max_water_stress_if_evaporative,
48077,Clay,TX,max_queue_median_age_years,
48079,Cochran,TX,min_population;max_water_stress_if_evaporative,max_queue_median_age_years
48081,Coke,TX,min_population,
48083,Coleman,TX,min_population,
48085,Collin,TX,max_water_stress_if_evaporative,
48087,Collingsworth,TX,min_population;min_nearby_capacity_multiple;max_water_stress_if_evaporative,max_queue_median_age_years
48089,Colorado,TX,hazard_percentile_max.nri_hurricane_score,
48091,Comal,TX,max_water_stress_if_evaporative,max_queue_median_age_years
48093,Comanche,TX,max_queue_median_age_years,
48095,Concho,TX,min_population;max_water_stress_if_evaporative,
48097,Cooke,TX,max_queue_median_age_years,
48101,Cottle,TX,min_population;max_water_stress_if_evaporative,
48103,Crane,TX,max_queue_median_age_years;min_fiber_share_locations;min_population;max_water_stress_if_evaporative,
48105,Crockett,TX,min_population;max_water_stress_if_evaporative;hazard_percentile_max.nri_inland_flood_score,
48107,Crosby,TX,min_population;max_water_stress_if_evaporative,
48109,Culberson,TX,min_population;min_nearby_capacity_multiple;max_water_stress_if_evaporative,
48111,Dallam,TX,min_population;min_nearby_capacity_multiple;max_water_stress_if_evaporative,max_queue_median_age_years
48115,Dawson,TX,max_queue_median_age_years;max_water_stress_if_evaporative,
48117,Deaf Smith,TX,max_water_stress_if_evaporative,
48119,Delta,TX,max_queue_median_age_years;min_population,
48121,Denton,TX,max_water_stress_if_evaporative,max_queue_median_age_years
48123,DeWitt,TX,max_queue_median_age_years;max_water_stress_if_evaporative;hazard_percentile_max.nri_hurricane_score,
48125,Dickens,TX,min_population;max_water_stress_if_evaporative,
48127,Dimmit,TX,min_fiber_share_locations;min_population;min_nearby_capacity_multiple;max_water_stress_if_evaporative,
48129,Donley,TX,min_population;max_water_stress_if_evaporative,max_queue_median_age_years
48131,Duval,TX,min_population,
48133,Eastland,TX,min_fiber_share_locations,
48135,Ector,TX,max_water_stress_if_evaporative,
48137,Edwards,TX,min_population;min_nearby_capacity_multiple,max_queue_median_age_years
48141,El Paso,TX,max_water_stress_if_evaporative,
48143,Erath,TX,max_queue_median_age_years,
48145,Falls,TX,max_queue_median_age_years;min_fiber_share_locations,
48151,Fisher,TX,min_fiber_share_locations;min_population;max_water_stress_if_evaporative,
48153,Floyd,TX,min_fiber_share_locations;min_population;max_water_stress_if_evaporative,max_queue_median_age_years
48155,Foard,TX,min_population;max_water_stress_if_evaporative,max_queue_median_age_years
48161,Freestone,TX,min_fiber_share_locations,
48163,Frio,TX,min_fiber_share_locations;max_water_stress_if_evaporative,
48165,Gaines,TX,max_water_stress_if_evaporative,max_queue_median_age_years
48167,Galveston,TX,hazard_percentile_max.nri_coastal_flood_score;hazard_percentile_max.nri_hurricane_score,
48169,Garza,TX,min_population;max_water_stress_if_evaporative,max_queue_median_age_years
48171,Gillespie,TX,min_nearby_capacity_multiple,
48173,Glasscock,TX,min_population;max_water_stress_if_evaporative,
48175,Goliad,TX,min_fiber_share_locations;min_population;hazard_percentile_max.nri_hurricane_score,
48177,Gonzales,TX,max_queue_median_age_years;max_water_stress_if_evaporative,
48179,Gray,TX,max_water_stress_if_evaporative,
48185,Grimes,TX,hazard_percentile_max.nri_hurricane_score,
48187,Guadalupe,TX,max_queue_median_age_years;max_water_stress_if_evaporative,
48189,Hale,TX,max_water_stress_if_evaporative,
48191,Hall,TX,min_population;max_water_stress_if_evaporative,max_queue_median_age_years
48193,Hamilton,TX,min_population,max_queue_median_age_years
48195,Hansford,TX,min_population,
48197,Hardeman,TX,min_population;max_water_stress_if_evaporative,
48199,Hardin,TX,max_queue_median_age_years;hazard_percentile_max.nri_hurricane_score,
48201,Harris,TX,hazard_percentile_max.nri_coastal_flood_score,
48205,Hartley,TX,min_population;max_water_stress_if_evaporative,max_queue_median_age_years
48207,Haskell,TX,max_queue_median_age_years;min_population,
48209,Hays,TX,max_queue_median_age_years;max_water_stress_if_evaporative,
48211,Hemphill,TX,min_population;hazard_percentile_max.nri_wildfire_score,max_queue_median_age_years
48215,Hidalgo,TX,max_water_stress_if_evaporative,
48217,Hill,TX,max_queue_median_age_years;min_fiber_share_locations,
48219,Hockley,TX,max_water_stress_if_evaporative,max_queue_median_age_years
48223,Hopkins,TX,max_queue_median_age_years,
48227,Howard,TX,max_water_stress_if_evaporative,
48229,Hudspeth,TX,min_fiber_share_locations;min_population;min_nearby_capacity_multiple;max_water_stress_if_evaporative,max_queue_median_age_years
48235,Irion,TX,min_population;max_water_stress_if_evaporative;hazard_percentile_max.nri_wildfire_score,max_queue_median_age_years
48237,Jack,TX,max_queue_median_age_years;min_population;max_water_stress_if_evaporative,
48239,Jackson,TX,hazard_percentile_max.nri_coastal_flood_score;hazard_percentile_max.nri_hurricane_score,
48241,Jasper,TX,hazard_percentile_max.nri_hurricane_score,max_queue_median_age_years
48243,Jeff Davis,TX,min_fiber_share_locations;min_population;min_nearby_capacity_multiple;max_water_stress_if_evaporative;hazard_percentile_max.nri_wildfire_score,max_queue_median_age_years
48245,Jefferson,TX,hazard_percentile_max.nri_coastal_flood_score;hazard_percentile_max.nri_hurricane_score,max_queue_median_age_years
48247,Jim Hogg,TX,min_population;max_water_stress_if_evaporative;hazard_percentile_max.nri_inland_flood_score,
48249,Jim Wells,TX,max_water_stress_if_evaporative;hazard_percentile_max.nri_hurricane_score,
48253,Jones,TX,max_queue_median_age_years;max_water_stress_if_evaporative,
48255,Karnes,TX,max_water_stress_if_evaporative;hazard_percentile_max.nri_hurricane_score,
48257,Kaufman,TX,max_queue_median_age_years,
48259,Kendall,TX,max_water_stress_if_evaporative,max_queue_median_age_years
48261,Kenedy,TX,min_population;max_water_stress_if_evaporative;hazard_percentile_max.nri_hurricane_score,
48263,Kent,TX,min_population;max_water_stress_if_evaporative;hazard_percentile_max.nri_wildfire_score,
48265,Kerr,TX,min_nearby_capacity_multiple;max_water_stress_if_evaporative,max_queue_median_age_years
48267,Kimble,TX,min_population;min_nearby_capacity_multiple,max_queue_median_age_years
48269,King,TX,min_population,
48271,Kinney,TX,min_population;min_nearby_capacity_multiple;max_water_stress_if_evaporative,
48273,Kleberg,TX,max_water_stress_if_evaporative;hazard_percentile_max.nri_coastal_flood_score;hazard_percentile_max.nri_hurricane_score,max_queue_median_age_years
48275,Knox,TX,min_population,
48277,Lamar,TX,max_queue_median_age_years,
48279,Lamb,TX,max_water_stress_if_evaporative,
48281,Lampasas,TX,min_fiber_share_locations,
48283,La Salle,TX,min_fiber_share_locations;min_population,
48285,Lavaca,TX,hazard_percentile_max.nri_hurricane_score,max_queue_median_age_years
48287,Lee,TX,max_queue_median_age_years,
48289,Leon,TX,max_queue_median_age_years,
48291,Liberty,TX,max_queue_median_age_years,
48293,Limestone,TX,max_queue_median_age_years;min_fiber_share_locations,
48295,Lipscomb,TX,min_population;hazard_percentile_max.nri_wildfire_score,max_queue_median_age_years
48297,Live Oak,TX,hazard_percentile_max.nri_hurricane_score,
48299,Llano,TX,min_fiber_share_locations;min_nearby_capacity_multiple,max_queue_median_age_years
48301,Loving,TX,min_fiber_share_locations;min_population;max_water_stress_if_evaporative,max_queue_median_age_years
48303,Lubbock,TX,max_queue_median_age_years;max_water_stress_if_evaporative,
48305,Lynn,TX,min_population;max_water_stress_if_evaporative,max_queue_median_age_years
48307,McCulloch,TX,min_population;max_water_stress_if_evaporative,
48311,McMullen,TX,min_population,max_queue_median_age_years
48313,Madison,TX,max_queue_median_age_years,
48315,Marion,TX,min_population,
48317,Martin,TX,min_population;max_water_stress_if_evaporative;hazard_percentile_max.nri_inland_flood_score,
48319,Mason,TX,min_population,max_queue_median_age_years
48321,Matagorda,TX,max_queue_median_age_years;hazard_percentile_max.nri_coastal_flood_score;hazard_percentile_max.nri_hurricane_score,
48323,Maverick,TX,min_fiber_share_locations;min_nearby_capacity_multiple;max_water_stress_if_evaporative,
48325,Medina,TX,max_water_stress_if_evaporative,
48327,Menard,TX,min_population;max_water_stress_if_evaporative,
48329,Midland,TX,max_water_stress_if_evaporative,
48333,Mills,TX,min_population;min_nearby_capacity_multiple,
48335,Mitchell,TX,min_population;max_water_stress_if_evaporative,
48345,Motley,TX,min_population;max_water_stress_if_evaporative;hazard_percentile_max.nri_wildfire_score,max_queue_median_age_years
48349,Navarro,TX,max_queue_median_age_years;min_fiber_share_locations,
48351,Newton,TX,hazard_percentile_max.nri_coastal_flood_score;hazard_percentile_max.nri_hurricane_score,max_queue_median_age_years
48353,Nolan,TX,max_queue_median_age_years,
48355,Nueces,TX,max_water_stress_if_evaporative;hazard_percentile_max.nri_coastal_flood_score;hazard_percentile_max.nri_hurricane_score,
48357,Ochiltree,TX,min_population,max_queue_median_age_years
48359,Oldham,TX,min_population;max_water_stress_if_evaporative,max_queue_median_age_years
48361,Orange,TX,max_queue_median_age_years;hazard_percentile_max.nri_coastal_flood_score;hazard_percentile_max.nri_hurricane_score,
48369,Parmer,TX,min_population;max_water_stress_if_evaporative,max_queue_median_age_years
48371,Pecos,TX,min_fiber_share_locations;max_water_stress_if_evaporative,
48373,Polk,TX,max_queue_median_age_years;min_nearby_capacity_multiple;hazard_percentile_max.nri_hurricane_score,
48377,Presidio,TX,min_population;min_nearby_capacity_multiple;max_water_stress_if_evaporative,max_queue_median_age_years
48381,Randall,TX,max_water_stress_if_evaporative,max_queue_median_age_years
48383,Reagan,TX,min_population;max_water_stress_if_evaporative,
48385,Real,TX,min_population;min_nearby_capacity_multiple,max_queue_median_age_years
48389,Reeves,TX,max_water_stress_if_evaporative,
48391,Refugio,TX,min_fiber_share_locations;min_population;hazard_percentile_max.nri_coastal_flood_score;hazard_percentile_max.nri_hurricane_score,
48393,Roberts,TX,min_population;hazard_percentile_max.nri_wildfire_score,max_queue_median_age_years
48399,Runnels,TX,min_population,
48401,Rusk,TX,max_queue_median_age_years,
48403,Sabine,TX,min_population;min_nearby_capacity_multiple,max_queue_median_age_years
48405,San Augustine,TX,min_fiber_share_locations;min_population;min_nearby_capacity_multiple,max_queue_median_age_years
48409,San Patricio,TX,hazard_percentile_max.nri_coastal_flood_score;hazard_percentile_max.nri_hurricane_score,
48411,San Saba,TX,min_population,max_queue_median_age_years
48413,Schleicher,TX,min_population;max_water_stress_if_evaporative,
48415,Scurry,TX,max_water_stress_if_evaporative,
48417,Shackelford,TX,min_fiber_share_locations;min_population;max_water_stress_if_evaporative,max_queue_median_age_years
48419,Shelby,TX,min_fiber_share_locations,max_queue_median_age_years
48421,Sherman,TX,min_population,max_queue_median_age_years
48425,Somervell,TX,min_population,max_queue_median_age_years
48427,Starr,TX,max_water_stress_if_evaporative,
48429,Stephens,TX,min_fiber_share_locations;min_population,
48431,Sterling,TX,min_population;max_water_stress_if_evaporative,
48433,Stonewall,TX,min_population;max_water_stress_if_evaporative,
48435,Sutton,TX,min_population;min_nearby_capacity_multiple,
48437,Swisher,TX,min_population;max_water_stress_if_evaporative,
48439,Tarrant,TX,max_water_stress_if_evaporative,
48443,Terrell,TX,min_population;min_nearby_capacity_multiple;max_water_stress_if_evaporative,max_queue_median_age_years
48445,Terry,TX,max_water_stress_if_evaporative,max_queue_median_age_years
48447,Throckmorton,TX,max_queue_median_age_years;min_population,
48455,Trinity,TX,hazard_percentile_max.nri_hurricane_score,max_queue_median_age_years
48457,Tyler,TX,hazard_percentile_max.nri_hurricane_score,max_queue_median_age_years
48461,Upton,TX,max_queue_median_age_years;min_fiber_share_locations;min_population;max_water_stress_if_evaporative,
48463,Uvalde,TX,max_queue_median_age_years;min_nearby_capacity_multiple;max_water_stress_if_evaporative,
48465,Val Verde,TX,min_nearby_capacity_multiple,
48469,Victoria,TX,max_water_stress_if_evaporative;hazard_percentile_max.nri_hurricane_score,
48475,Ward,TX,min_fiber_share_locations;max_water_stress_if_evaporative,
48477,Washington,TX,min_fiber_share_locations,max_queue_median_age_years
48479,Webb,TX,min_nearby_capacity_multiple;max_water_stress_if_evaporative,
48481,Wharton,TX,hazard_percentile_max.nri_hurricane_score,
48483,Wheeler,TX,min_fiber_share_locations;min_population;min_nearby_capacity_multiple;max_water_stress_if_evaporative;hazard_percentile_max.nri_wildfire_score,max_queue_median_age_years
48487,Wilbarger,TX,max_water_stress_if_evaporative,
48489,Willacy,TX,max_queue_median_age_years;max_water_stress_if_evaporative;hazard_percentile_max.nri_coastal_flood_score;hazard_percentile_max.nri_hurricane_score,
48493,Wilson,TX,max_queue_median_age_years;max_water_stress_if_evaporative,
48495,Winkler,TX,min_fiber_share_locations;min_population;max_water_stress_if_evaporative,max_queue_median_age_years
48497,Wise,TX,max_water_stress_if_evaporative,
48501,Yoakum,TX,min_population;max_water_stress_if_evaporative,
48505,Zapata,TX,min_fiber_share_locations,
48507,Zavala,TX,min_fiber_share_locations;min_population;min_nearby_capacity_multiple;max_water_stress_if_evaporative,
49001,Beaver,UT,max_queue_median_age_years;min_population;min_nearby_capacity_multiple;max_water_stress_if_evaporative;hazard_percentile_max.nri_wildfire_score,
49003,Box Elder,UT,exclude_moratorium_active;min_nearby_capacity_multiple;hazard_percentile_max.nri_wildfire_score,
49005,Cache,UT,exclude_moratorium_active;min_nearby_capacity_multiple;max_water_stress_if_evaporative,max_queue_median_age_years
49009,Daggett,UT,min_population;min_nearby_capacity_multiple;hazard_percentile_max.nri_wildfire_score,max_queue_median_age_years
49011,Davis,UT,min_nearby_capacity_multiple;max_water_stress_if_evaporative,max_queue_median_age_years
49013,Duchesne,UT,min_nearby_capacity_multiple;max_water_stress_if_evaporative,max_queue_median_age_years
49015,Emery,UT,min_population,
49017,Garfield,UT,min_population;min_nearby_capacity_multiple,max_queue_median_age_years
49019,Grand,UT,min_population;exclude_moratorium_active;min_nearby_capacity_multiple,max_queue_median_age_years
49021,Iron,UT,max_queue_median_age_years;exclude_moratorium_active;min_nearby_capacity_multiple;max_water_stress_if_evaporative;hazard_percentile_max.nri_wildfire_score,
49023,Juab,UT,hazard_percentile_max.nri_wildfire_score,
49025,Kane,UT,max_queue_median_age_years;min_population;min_nearby_capacity_multiple;hazard_percentile_max.nri_wildfire_score,
49029,Morgan,UT,hazard_percentile_max.nri_inland_flood_score,max_queue_median_age_years
49031,Piute,UT,min_population;min_nearby_capacity_multiple;max_water_stress_if_evaporative,max_queue_median_age_years
49033,Rich,UT,min_fiber_share_locations;min_population;min_nearby_capacity_multiple;max_water_stress_if_evaporative,max_queue_median_age_years
49035,Salt Lake,UT,max_water_stress_if_evaporative,
49037,San Juan,UT,min_nearby_capacity_multiple,max_queue_median_age_years
49039,Sanpete,UT,max_water_stress_if_evaporative,max_queue_median_age_years
49041,Sevier,UT,max_water_stress_if_evaporative,max_queue_median_age_years
49043,Summit,UT,hazard_percentile_max.nri_wildfire_score,max_queue_median_age_years
49045,Tooele,UT,max_queue_median_age_years;min_nearby_capacity_multiple;hazard_percentile_max.nri_wildfire_score,
49047,Uintah,UT,min_nearby_capacity_multiple,max_queue_median_age_years
49049,Utah,UT,max_water_stress_if_evaporative,
49051,Wasatch,UT,max_water_stress_if_evaporative;hazard_percentile_max.nri_wildfire_score,max_queue_median_age_years
49053,Washington,UT,min_nearby_capacity_multiple;max_water_stress_if_evaporative;hazard_percentile_max.nri_wildfire_score,
49055,Wayne,UT,min_population;exclude_moratorium_active;min_nearby_capacity_multiple,max_queue_median_age_years
49057,Weber,UT,min_nearby_capacity_multiple,max_queue_median_age_years
50001,Addison,VT,min_nearby_capacity_multiple,max_queue_median_age_years
50005,Caledonia,VT,min_nearby_capacity_multiple,max_queue_median_age_years
50007,Chittenden,VT,min_nearby_capacity_multiple,max_queue_median_age_years
50009,Essex,VT,min_population;min_nearby_capacity_multiple,max_queue_median_age_years
50011,Franklin,VT,min_nearby_capacity_multiple,max_queue_median_age_years
50013,Grand Isle,VT,min_fiber_share_locations;min_population;min_nearby_capacity_multiple,max_queue_median_age_years
50015,Lamoille,VT,min_nearby_capacity_multiple,max_queue_median_age_years
50017,Orange,VT,min_nearby_capacity_multiple,max_queue_median_age_years
50019,Orleans,VT,min_fiber_share_locations;min_nearby_capacity_multiple,max_queue_median_age_years
50021,Rutland,VT,min_nearby_capacity_multiple,max_queue_median_age_years
50023,Washington,VT,min_nearby_capacity_multiple,max_queue_median_age_years
50027,Windsor,VT,min_nearby_capacity_multiple,max_queue_median_age_years
51001,Accomack,VA,max_water_stress_if_evaporative;hazard_percentile_max.nri_coastal_flood_score;hazard_percentile_max.nri_hurricane_score,max_queue_median_age_years
51007,Amelia,VA,max_queue_median_age_years;min_fiber_share_locations;max_water_stress_if_evaporative,
51009,Amherst,VA,max_queue_median_age_years,
51013,Arlington,VA,hazard_percentile_max.nri_coastal_flood_score,max_queue_median_age_years
51017,Bath,VA,min_population,max_queue_median_age_years
51021,Bland,VA,min_fiber_share_locations;min_population;min_nearby_capacity_multiple;hazard_percentile_max.nri_inland_flood_score,max_queue_median_age_years
51025,Brunswick,VA,max_water_stress_if_evaporative;hazard_percentile_max.nri_hurricane_score,
51027,Buchanan,VA,min_nearby_capacity_multiple,max_queue_median_age_years
51029,Buckingham,VA,max_queue_median_age_years,
51031,Campbell,VA,max_queue_median_age_years,
51033,Caroline,VA,min_fiber_share_locations;hazard_percentile_max.nri_coastal_flood_score;hazard_percentile_max.nri_hurricane_score,
51036,Charles City,VA,max_queue_median_age_years;min_fiber_share_locations;min_population;max_water_stress_if_evaporative;hazard_percentile_max.nri_coastal_flood_score,
51041,Chesterfield,VA,max_queue_median_age_years;hazard_percentile_max.nri_coastal_flood_score,
51043,Clarke,VA,min_fiber_share_locations,max_queue_median_age_years
51045,Craig,VA,min_fiber_share_locations;min_population;hazard_percentile_max.nri_inland_flood_score,max_queue_median_age_years
51047,Culpeper,VA,max_queue_median_age_years,
51049,Cumberland,VA,max_queue_median_age_years;min_population,
51051,Dickenson,VA,min_nearby_capacity_multiple;hazard_percentile_max.nri_inland_flood_score,max_queue_median_age_years
51053,Dinwiddie,VA,min_fiber_share_locations;max_water_stress_if_evaporative,max_queue_median_age_years
51057,Essex,VA,min_fiber_share_locations;hazard_percentile_max.nri_coastal_flood_score;hazard_percentile_max.nri_hurricane_score,max_queue_median_age_years
51059,Fairfax,VA,hazard_percentile_max.nri_coastal_flood_score,max_queue_median_age_years
51061,Fauquier,VA,max_queue_median_age_years;min_fiber_share_locations,
51067,Franklin,VA,min_fiber_share_locations,max_queue_median_age_years
51071,Giles,VA,min_fiber_share_locations;min_nearby_capacity_multiple,max_queue_median_age_years
51073,Gloucester,VA,min_fiber_share_locations;hazard_percentile_max.nri_coastal_flood_score,max_queue_median_age_years
51077,Grayson,VA,min_nearby_capacity_multiple,max_queue_median_age_years
51081,Greensville,VA,max_queue_median_age_years;max_water_stress_if_evaporative;hazard_percentile_max.nri_hurricane_score,
51083,Halifax,VA,max_queue_median_age_years,
51085,Hanover,VA,max_queue_median_age_years,
51087,Henrico,VA,max_water_stress_if_evaporative,max_queue_median_age_years
51089,Henry,VA,min_fiber_share_locations,max_queue_median_age_years
51091,Highland,VA,min_population;hazard_percentile_max.nri_inland_flood_score,max_queue_median_age_years
51093,Isle of Wight,VA,max_queue_median_age_years;min_fiber_share_locations;hazard_percentile_max.nri_coastal_flood_score;hazard_percentile_max.nri_hurricane_score,
51095,James City,VA,max_water_stress_if_evaporative;hazard_percentile_max.nri_coastal_flood_score,max_queue_median_age_years
51097,King and Queen,VA,max_queue_median_age_years;min_population;hazard_percentile_max.nri_coastal_flood_score,
51099,King George,VA,max_queue_median_age_years;min_fiber_share_locations;max_water_stress_if_evaporative;hazard_percentile_max.nri_coastal_flood_score;hazard_percentile_max.nri_hurricane_score,
51101,King William,VA,hazard_percentile_max.nri_coastal_flood_score,max_queue_median_age_years
51103,Lancaster,VA,max_queue_median_age_years;max_water_stress_if_evaporative;hazard_percentile_max.nri_coastal_flood_score;hazard_percentile_max.nri_hurricane_score,
51105,Lee,VA,hazard_percentile_max.nri_inland_flood_score,max_queue_median_age_years
51107,Loudoun,VA,max_queue_median_age_years,
51109,Louisa,VA,max_queue_median_age_years,
51111,Lunenburg,VA,max_queue_median_age_years;max_water_stress_if_evaporative,
51115,Mathews,VA,min_fiber_share_locations;min_population;hazard_percentile_max.nri_coastal_flood_score,max_queue_median_age_years
51119,Middlesex,VA,min_fiber_share_locations;hazard_percentile_max.nri_coastal_flood_score;hazard_percentile_max.nri_hurricane_score,max_queue_median_age_years
51121,Montgomery,VA,min_fiber_share_locations;min_nearby_capacity_multiple,max_queue_median_age_years
51125,Nelson,VA,hazard_percentile_max.nri_inland_flood_score,max_queue_median_age_years
51127,New Kent,VA,hazard_percentile_max.nri_coastal_flood_score,max_queue_median_age_years
51131,Northampton,VA,max_water_stress_if_evaporative;hazard_percentile_max.nri_coastal_flood_score;hazard_percentile_max.nri_hurricane_score,max_queue_median_age_years
51133,Northumberland,VA,min_fiber_share_locations;max_water_stress_if_evaporative;hazard_percentile_max.nri_coastal_flood_score;hazard_percentile_max.nri_hurricane_score,max_queue_median_age_years
51135,Nottoway,VA,max_water_stress_if_evaporative,max_queue_median_age_years
51139,Page,VA,min_fiber_share_locations;hazard_percentile_max.nri_inland_flood_score,max_queue_median_age_years
51141,Patrick,VA,min_fiber_share_locations,max_queue_median_age_years
51143,Pittsylvania,VA,max_queue_median_age_years,
51145,Powhatan,VA,min_fiber_share_locations,max_queue_median_age_years
51147,Prince Edward,VA,max_queue_median_age_years;max_water_stress_if_evaporative,
51149,Prince George,VA,max_queue_median_age_years;hazard_percentile_max.nri_coastal_flood_score,
51153,Prince William,VA,max_queue_median_age_years;max_water_stress_if_evaporative;hazard_percentile_max.nri_coastal_flood_score,
51155,Pulaski,VA,min_fiber_share_locations;min_nearby_capacity_multiple,
51157,Rappahannock,VA,min_fiber_share_locations;min_population,max_queue_median_age_years
51159,Richmond,VA,max_queue_median_age_years;min_population;max_water_stress_if_evaporative;hazard_percentile_max.nri_coastal_flood_score;hazard_percentile_max.nri_hurricane_score,
51161,Roanoke,VA,min_nearby_capacity_multiple,max_queue_median_age_years
51163,Rockbridge,VA,hazard_percentile_max.nri_inland_flood_score,max_queue_median_age_years
51165,Rockingham,VA,max_queue_median_age_years;min_fiber_share_locations,
51173,Smyth,VA,min_nearby_capacity_multiple,max_queue_median_age_years
51175,Southampton,VA,max_water_stress_if_evaporative;hazard_percentile_max.nri_hurricane_score,max_queue_median_age_years
51179,Stafford,VA,max_water_stress_if_evaporative;hazard_percentile_max.nri_coastal_flood_score,max_queue_median_age_years
51181,Surry,VA,max_queue_median_age_years;min_population;hazard_percentile_max.nri_coastal_flood_score;hazard_percentile_max.nri_hurricane_score,
51183,Sussex,VA,max_queue_median_age_years;max_water_stress_if_evaporative;hazard_percentile_max.nri_hurricane_score,
51185,Tazewell,VA,min_nearby_capacity_multiple,max_queue_median_age_years
51193,Westmoreland,VA,min_fiber_share_locations;max_water_stress_if_evaporative;hazard_percentile_max.nri_coastal_flood_score;hazard_percentile_max.nri_hurricane_score,max_queue_median_age_years
51197,Wythe,VA,max_queue_median_age_years;min_nearby_capacity_multiple,
51199,York,VA,max_water_stress_if_evaporative;hazard_percentile_max.nri_coastal_flood_score,max_queue_median_age_years
51510,Alexandria,VA,max_water_stress_if_evaporative;hazard_percentile_max.nri_coastal_flood_score,max_queue_median_age_years
51530,Buena Vista,VA,min_population;hazard_percentile_max.nri_inland_flood_score,max_queue_median_age_years
51550,Chesapeake,VA,max_queue_median_age_years;hazard_percentile_max.nri_coastal_flood_score,
51570,Colonial Heights,VA,min_fiber_share_locations;max_water_stress_if_evaporative;hazard_percentile_max.nri_coastal_flood_score,max_queue_median_age_years
51580,Covington,VA,min_population;hazard_percentile_max.nri_inland_flood_score,max_queue_median_age_years
51595,Emporia,VA,min_fiber_share_locations;min_population;max_water_stress_if_evaporative;hazard_percentile_max.nri_hurricane_score,max_queue_median_age_years
51600,Fairfax,VA,max_water_stress_if_evaporative,max_queue_median_age_years
51610,Falls Church,VA,max_water_stress_if_evaporative,max_queue_median_age_years
51620,Franklin,VA,min_fiber_share_locations;min_population;max_water_stress_if_evaporative;hazard_percentile_max.nri_hurricane_score,max_queue_median_age_years
51640,Galax,VA,min_population,max_queue_median_age_years
51650,Hampton,VA,max_water_stress_if_evaporative;hazard_percentile_max.nri_coastal_flood_score,max_queue_median_age_years
51670,Hopewell,VA,hazard_percentile_max.nri_coastal_flood_score,max_queue_median_age_years
51678,Lexington,VA,min_population,max_queue_median_age_years
51683,Manassas,VA,max_water_stress_if_evaporative,max_queue_median_age_years
51685,Manassas Park,VA,max_water_stress_if_evaporative,max_queue_median_age_years
51700,Newport News,VA,max_water_stress_if_evaporative;hazard_percentile_max.nri_coastal_flood_score,max_queue_median_age_years
51710,Norfolk,VA,hazard_percentile_max.nri_coastal_flood_score,max_queue_median_age_years
51720,Norton,VA,min_population,max_queue_median_age_years
51730,Petersburg,VA,min_fiber_share_locations;max_water_stress_if_evaporative;hazard_percentile_max.nri_coastal_flood_score,max_queue_median_age_years
51735,Poquoson,VA,max_water_stress_if_evaporative;hazard_percentile_max.nri_coastal_flood_score,max_queue_median_age_years
51740,Portsmouth,VA,hazard_percentile_max.nri_coastal_flood_score,max_queue_median_age_years
51750,Radford,VA,min_fiber_share_locations;min_nearby_capacity_multiple,max_queue_median_age_years
51770,Roanoke,VA,min_nearby_capacity_multiple,max_queue_median_age_years
51800,Suffolk,VA,max_queue_median_age_years;hazard_percentile_max.nri_coastal_flood_score;hazard_percentile_max.nri_hurricane_score,
51810,Virginia Beach,VA,hazard_percentile_max.nri_coastal_flood_score,max_queue_median_age_years
51830,Williamsburg,VA,max_water_stress_if_evaporative;hazard_percentile_max.nri_coastal_flood_score,max_queue_median_age_years
53001,Adams,WA,max_queue_median_age_years,
53003,Asotin,WA,min_fiber_share_locations,max_queue_median_age_years
53005,Benton,WA,max_queue_median_age_years,
53007,Chelan,WA,hazard_percentile_max.nri_inland_flood_score;hazard_percentile_max.nri_wildfire_score,max_queue_median_age_years
53009,Clallam,WA,min_fiber_share_locations;min_nearby_capacity_multiple;hazard_percentile_max.nri_coastal_flood_score,max_queue_median_age_years
53011,Clark,WA,min_fiber_share_locations,
53013,Columbia,WA,min_population;hazard_percentile_max.nri_inland_flood_score,
53015,Cowlitz,WA,hazard_percentile_max.nri_coastal_flood_score,max_queue_median_age_years
53017,Douglas,WA,hazard_percentile_max.nri_inland_flood_score,
53019,Ferry,WA,min_fiber_share_locations;min_population;hazard_percentile_max.nri_inland_flood_score;hazard_percentile_max.nri_wildfire_score,max_queue_median_age_years
53021,Franklin,WA,min_fiber_share_locations;hazard_percentile_max.nri_inland_flood_score,
53023,Garfield,WA,max_queue_median_age_years;min_population;hazard_percentile_max.nri_inland_flood_score,
53025,Grant,WA,max_queue_median_age_years;max_water_stress_if_evaporative,
53027,Grays Harbor,WA,min_nearby_capacity_multiple;hazard_percentile_max.nri_coastal_flood_score,max_queue_median_age_years
53029,Island,WA,min_fiber_share_locations;min_nearby_capacity_multiple;hazard_percentile_max.nri_coastal_flood_score,max_queue_median_age_years
53031,Jefferson,WA,min_fiber_share_locations;min_nearby_capacity_multiple;hazard_percentile_max.nri_coastal_flood_score,max_queue_median_age_years
53033,King,WA,min_nearby_capacity_multiple;hazard_percentile_max.nri_coastal_flood_score,
53035,Kitsap,WA,min_fiber_share_locations;hazard_percentile_max.nri_coastal_flood_score,max_queue_median_age_years
53037,Kittitas,WA,max_queue_median_age_years;min_fiber_share_locations;hazard_percentile_max.nri_wildfire_score,
53039,Klickitat,WA,max_queue_median_age_years;min_fiber_share_locations;hazard_percentile_max.nri_inland_flood_score;hazard_percentile_max.nri_wildfire_score,
53041,Lewis,WA,min_fiber_share_locations;hazard_percentile_max.nri_inland_flood_score,max_queue_median_age_years
53043,Lincoln,WA,min_fiber_share_locations;max_water_stress_if_evaporative;hazard_percentile_max.nri_wildfire_score,
53045,Mason,WA,min_fiber_share_locations;hazard_percentile_max.nri_coastal_flood_score,max_queue_median_age_years
53047,Okanogan,WA,min_fiber_share_locations;hazard_percentile_max.nri_inland_flood_score;hazard_percentile_max.nri_wildfire_score,max_queue_median_age_years
53049,Pacific,WA,min_fiber_share_locations;hazard_percentile_max.nri_inland_flood_score;hazard_percentile_max.nri_coastal_flood_score,max_queue_median_age_years
53051,Pend Oreille,WA,min_nearby_capacity_multiple;hazard_percentile_max.nri_inland_flood_score,max_queue_median_age_years
53053,Pierce,WA,min_fiber_share_locations;hazard_percentile_max.nri_coastal_flood_score,max_queue_median_age_years
53055,San Juan,WA,min_nearby_capacity_multiple;hazard_percentile_max.nri_coastal_flood_score,max_queue_median_age_years
53057,Skagit,WA,exclude_moratorium_active;hazard_percentile_max.nri_coastal_flood_score,
53059,Skamania,WA,min_fiber_share_locations;hazard_percentile_max.nri_inland_flood_score;hazard_percentile_max.nri_wildfire_score,max_queue_median_age_years
53061,Snohomish,WA,exclude_moratorium_active;min_nearby_capacity_multiple;hazard_percentile_max.nri_coastal_flood_score,max_queue_median_age_years
53063,Spokane,WA,min_nearby_capacity_multiple,
53065,Stevens,WA,min_fiber_share_locations,max_queue_median_age_years
53067,Thurston,WA,min_fiber_share_locations;hazard_percentile_max.nri_coastal_flood_score,
53069,Wahkiakum,WA,min_population;hazard_percentile_max.nri_inland_flood_score;hazard_percentile_max.nri_coastal_flood_score,max_queue_median_age_years
53071,Walla Walla,WA,max_water_stress_if_evaporative,
53073,Whatcom,WA,min_nearby_capacity_multiple;hazard_percentile_max.nri_coastal_flood_score,
53077,Yakima,WA,exclude_moratorium_active,
54001,Barbour,WV,min_fiber_share_locations;hazard_percentile_max.nri_inland_flood_score,max_queue_median_age_years
54005,Boone,WV,hazard_percentile_max.nri_inland_flood_score,max_queue_median_age_years
54007,Braxton,WV,min_fiber_share_locations;hazard_percentile_max.nri_inland_flood_score,max_queue_median_age_years
54009,Brooke,WV,hazard_percentile_max.nri_inland_flood_score,max_queue_median_age_years
54011,Cabell,WV,hazard_percentile_max.nri_inland_flood_score,max_queue_median_age_years
54013,Calhoun,WV,min_fiber_share_locations;min_population,max_queue_median_age_years
54015,Clay,WV,min_fiber_share_locations;min_population;hazard_percentile_max.nri_inland_flood_score,max_queue_median_age_years
54017,Doddridge,WV,min_population;hazard_percentile_max.nri_inland_flood_score,max_queue_median_age_years
54019,Fayette,WV,min_fiber_share_locations;hazard_percentile_max.nri_inland_flood_score,max_queue_median_age_years
54021,Gilmer,WV,min_population;hazard_percentile_max.nri_inland_flood_score,max_queue_median_age_years
54023,Grant,WV,hazard_percentile_max.nri_inland_flood_score,max_queue_median_age_years
54027,Hampshire,WV,hazard_percentile_max.nri_inland_flood_score,max_queue_median_age_years
54029,Hancock,WV,hazard_percentile_max.nri_inland_flood_score,max_queue_median_age_years
54031,Hardy,WV,hazard_percentile_max.nri_inland_flood_score,max_queue_median_age_years
54033,Harrison,WV,max_queue_median_age_years;hazard_percentile_max.nri_inland_flood_score,
54035,Jackson,WV,hazard_percentile_max.nri_inland_flood_score,max_queue_median_age_years
54037,Jefferson,WV,max_queue_median_age_years,
54039,Kanawha,WV,hazard_percentile_max.nri_inland_flood_score,max_queue_median_age_years
54041,Lewis,WV,hazard_percentile_max.nri_inland_flood_score,max_queue_median_age_years
54043,Lincoln,WV,min_fiber_share_locations;hazard_percentile_max.nri_inland_flood_score,max_queue_median_age_years
54045,Logan,WV,hazard_percentile_max.nri_inland_flood_score,max_queue_median_age_years
54047,McDowell,WV,min_nearby_capacity_multiple;hazard_percentile_max.nri_inland_flood_score,max_queue_median_age_years
54049,Marion,WV,hazard_percentile_max.nri_inland_flood_score,max_queue_median_age_years
54051,Marshall,WV,min_fiber_share_locations;hazard_percentile_max.nri_inland_flood_score,max_queue_median_age_years
54053,Mason,WV,hazard_percentile_max.nri_inland_flood_score,max_queue_median_age_years
54055,Mercer,WV,min_nearby_capacity_multiple,max_queue_median_age_years
54057,Mineral,WV,min_fiber_share_locations;hazard_percentile_max.nri_inland_flood_score,max_queue_median_age_years
54059,Mingo,WV,min_fiber_share_locations;hazard_percentile_max.nri_inland_flood_score,max_queue_median_age_years
54063,Monroe,WV,min_fiber_share_locations,max_queue_median_age_years
54067,Nicholas,WV,max_queue_median_age_years,
54069,Ohio,WV,hazard_percentile_max.nri_inland_flood_score,max_queue_median_age_years
54071,Pendleton,WV,min_population;hazard_percentile_max.nri_inland_flood_score,max_queue_median_age_years
54073,Pleasants,WV,min_fiber_share_locations;min_population;hazard_percentile_max.nri_inland_flood_score,max_queue_median_age_years
54075,Pocahontas,WV,min_population;hazard_percentile_max.nri_inland_flood_score,max_queue_median_age_years
54079,Putnam,WV,hazard_percentile_max.nri_inland_flood_score,max_queue_median_age_years
54083,Randolph,WV,hazard_percentile_max.nri_inland_flood_score,max_queue_median_age_years
54085,Ritchie,WV,min_population;hazard_percentile_max.nri_inland_flood_score,max_queue_median_age_years
54087,Roane,WV,min_fiber_share_locations;hazard_percentile_max.nri_inland_flood_score,max_queue_median_age_years
54089,Summers,WV,min_fiber_share_locations;min_nearby_capacity_multiple;hazard_percentile_max.nri_inland_flood_score,max_queue_median_age_years
54091,Taylor,WV,hazard_percentile_max.nri_inland_flood_score,max_queue_median_age_years
54093,Tucker,WV,min_fiber_share_locations;min_population;hazard_percentile_max.nri_inland_flood_score,max_queue_median_age_years
54095,Tyler,WV,min_population;hazard_percentile_max.nri_inland_flood_score,max_queue_median_age_years
54097,Upshur,WV,hazard_percentile_max.nri_inland_flood_score,max_queue_median_age_years
54099,Wayne,WV,min_fiber_share_locations;hazard_percentile_max.nri_inland_flood_score,max_queue_median_age_years
54101,Webster,WV,min_population;hazard_percentile_max.nri_inland_flood_score,max_queue_median_age_years
54103,Wetzel,WV,hazard_percentile_max.nri_inland_flood_score,max_queue_median_age_years
54105,Wirt,WV,min_population;hazard_percentile_max.nri_inland_flood_score,max_queue_median_age_years
54107,Wood,WV,hazard_percentile_max.nri_inland_flood_score,max_queue_median_age_years
54109,Wyoming,WV,min_fiber_share_locations;hazard_percentile_max.nri_inland_flood_score,max_queue_median_age_years
55001,Adams,WI,max_water_stress_if_evaporative,max_queue_median_age_years
55003,Ashland,WI,min_nearby_capacity_multiple,max_queue_median_age_years
55005,Barron,WI,min_nearby_capacity_multiple;max_water_stress_if_evaporative,
55007,Bayfield,WI,min_nearby_capacity_multiple,max_queue_median_age_years
55009,Brown,WI,hazard_percentile_max.nri_coastal_flood_score,max_queue_median_age_years
55013,Burnett,WI,min_nearby_capacity_multiple;max_water_stress_if_evaporative,max_queue_median_age_years
55017,Chippewa,WI,min_nearby_capacity_multiple,max_queue_median_age_years
55019,Clark,WI,min_fiber_share_locations;min_nearby_capacity_multiple,max_queue_median_age_years
55021,Columbia,WI,max_queue_median_age_years;max_water_stress_if_evaporative,
55023,Crawford,WI,min_nearby_capacity_multiple,max_queue_median_age_years
55025,Dane,WI,max_queue_median_age_years;exclude_moratorium_active;max_water_stress_if_evaporative,
55027,Dodge,WI,min_fiber_share_locations;exclude_moratorium_active;max_water_stress_if_evaporative,max_queue_median_age_years
55029,Door,WI,min_fiber_share_locations;exclude_moratorium_active;min_nearby_capacity_multiple;hazard_percentile_max.nri_coastal_flood_score,max_queue_median_age_years
55031,Douglas,WI,min_fiber_share_locations;min_nearby_capacity_multiple;max_water_stress_if_evaporative,max_queue_median_age_years
55035,Eau Claire,WI,min_nearby_capacity_multiple,max_queue_median_age_years
55037,Florence,WI,min_fiber_share_locations;min_population;min_nearby_capacity_multiple,max_queue_median_age_years
55041,Forest,WI,min_fiber_share_locations;min_population;min_nearby_capacity_multiple,max_queue_median_age_years
55043,Grant,WI,max_queue_median_age_years;exclude_moratorium_active;min_nearby_capacity_multiple,
55045,Green,WI,max_queue_median_age_years;exclude_moratorium_active;max_water_stress_if_evaporative,
55047,Green Lake,WI,min_fiber_share_locations;max_water_stress_if_evaporative,max_queue_median_age_years
55049,Iowa,WI,max_queue_median_age_years;max_water_stress_if_evaporative,
55051,Iron,WI,min_fiber_share_locations;min_population;min_nearby_capacity_multiple,max_queue_median_age_years
55053,Jackson,WI,min_fiber_share_locations;min_nearby_capacity_multiple,max_queue_median_age_years
55055,Jefferson,WI,max_queue_median_age_years;exclude_moratorium_active;max_water_stress_if_evaporative,
55057,Juneau,WI,min_nearby_capacity_multiple;max_water_stress_if_evaporative,max_queue_median_age_years
55059,Kenosha,WI,max_water_stress_if_evaporative,
55061,Kewaunee,WI,min_fiber_share_locations;hazard_percentile_max.nri_coastal_flood_score,max_queue_median_age_years
55063,La Crosse,WI,exclude_moratorium_active;min_nearby_capacity_multiple,max_queue_median_age_years
55067,Langlade,WI,min_nearby_capacity_multiple;max_water_stress_if_evaporative,max_queue_median_age_years
55069,Lincoln,WI,min_nearby_capacity_multiple;max_water_stress_if_evaporative,max_queue_median_age_years
55071,Manitowoc,WI,exclude_moratorium_active,max_queue_median_age_years
55073,Marathon,WI,min_nearby_capacity_multiple;max_water_stress_if_evaporative,
55075,Marinette,WI,min_nearby_capacity_multiple,max_queue_median_age_years
55077,Marquette,WI,max_water_stress_if_evaporative,max_queue_median_age_years
55078,Menominee,WI,min_fiber_share_locations;min_population;max_water_stress_if_evaporative,max_queue_median_age_years
55081,Monroe,WI,min_nearby_capacity_multiple,max_queue_median_age_years
55083,Oconto,WI,hazard_percentile_max.nri_coastal_flood_score,max_queue_median_age_years
55085,Oneida,WI,min_nearby_capacity_multiple;max_water_stress_if_evaporative,max_queue_median_age_years
55091,Pepin,WI,min_population,max_queue_median_age_years
55095,Polk,WI,max_water_stress_if_evaporative,max_queue_median_age_years
55097,Portage,WI,max_queue_median_age_years;max_water_stress_if_evaporative,
55099,Price,WI,min_nearby_capacity_multiple;max_water_stress_if_evaporative,max_queue_median_age_years
55101,Racine,WI,max_water_stress_if_evaporative,max_queue_median_age_years
55103,Richland,WI,max_water_stress_if_evaporative,max_queue_median_age_years
55105,Rock,WI,max_queue_median_age_years;max_water_stress_if_evaporative,
55107,Rusk,WI,min_nearby_capacity_multiple,max_queue_median_age_years
55109,St. Croix,WI,max_queue_median_age_years;max_water_stress_if_evaporative,
55111,Sauk,WI,max_water_stress_if_evaporative,max_queue_median_age_years
55113,Sawyer,WI,min_nearby_capacity_multiple;max_water_stress_if_evaporative,max_queue_median_age_years
55115,Shawano,WI,exclude_moratorium_active;max_water_stress_if_evaporative,max_queue_median_age_years
55117,Sheboygan,WI,max_queue_median_age_years,
55119,Taylor,WI,min_nearby_capacity_multiple,max_queue_median_age_years
55121,Trempealeau,WI,min_nearby_capacity_multiple,max_queue_median_age_years
55123,Vernon,WI,min_nearby_capacity_multiple,max_queue_median_age_years
55125,Vilas,WI,min_nearby_capacity_multiple,max_queue_median_age_years
55127,Walworth,WI,max_water_stress_if_evaporative,
55129,Washburn,WI,min_fiber_share_locations;min_nearby_capacity_multiple;max_water_stress_if_evaporative,max_queue_median_age_years
55131,Washington,WI,min_fiber_share_locations;max_water_stress_if_evaporative,max_queue_median_age_years
55133,Waukesha,WI,min_fiber_share_locations;max_water_stress_if_evaporative,max_queue_median_age_years
55135,Waupaca,WI,max_water_stress_if_evaporative,max_queue_median_age_years
55137,Waushara,WI,max_queue_median_age_years;max_water_stress_if_evaporative,
55141,Wood,WI,max_queue_median_age_years;min_nearby_capacity_multiple,
56001,Albany,WY,max_water_stress_if_evaporative,max_queue_median_age_years
56003,Big Horn,WY,min_nearby_capacity_multiple;max_water_stress_if_evaporative;hazard_percentile_max.nri_inland_flood_score,max_queue_median_age_years
56005,Campbell,WY,max_queue_median_age_years;min_nearby_capacity_multiple;max_water_stress_if_evaporative,
56007,Carbon,WY,max_queue_median_age_years;min_fiber_share_locations;min_nearby_capacity_multiple,
56009,Converse,WY,min_nearby_capacity_multiple;max_water_stress_if_evaporative;hazard_percentile_max.nri_wildfire_score,
56011,Crook,WY,min_population;min_nearby_capacity_multiple,max_queue_median_age_years
56013,Fremont,WY,min_fiber_share_locations;min_nearby_capacity_multiple;max_water_stress_if_evaporative,max_queue_median_age_years
56015,Goshen,WY,min_nearby_capacity_multiple;max_water_stress_if_evaporative,max_queue_median_age_years
56017,Hot Springs,WY,min_population;min_nearby_capacity_multiple;max_water_stress_if_evaporative;hazard_percentile_max.nri_inland_flood_score,max_queue_median_age_years
56019,Johnson,WY,min_fiber_share_locations;min_population;min_nearby_capacity_multiple;max_water_stress_if_evaporative;hazard_percentile_max.nri_inland_flood_score,max_queue_median_age_years
56021,Laramie,WY,max_water_stress_if_evaporative,
56023,Lincoln,WY,max_queue_median_age_years;min_nearby_capacity_multiple,
56025,Natrona,WY,max_queue_median_age_years;min_nearby_capacity_multiple;max_water_stress_if_evaporative,
56027,Niobrara,WY,min_population;min_nearby_capacity_multiple;max_water_stress_if_evaporative;hazard_percentile_max.nri_wildfire_score,max_queue_median_age_years
56029,Park,WY,min_nearby_capacity_multiple;max_water_stress_if_evaporative,max_queue_median_age_years
56031,Platte,WY,min_fiber_share_locations;min_population;min_nearby_capacity_multiple;max_water_stress_if_evaporative,
56033,Sheridan,WY,min_nearby_capacity_multiple;max_water_stress_if_evaporative;hazard_percentile_max.nri_inland_flood_score,max_queue_median_age_years
56035,Sublette,WY,min_population;min_nearby_capacity_multiple,max_queue_median_age_years
56037,Sweetwater,WY,min_fiber_share_locations,max_queue_median_age_years
56039,Teton,WY,min_nearby_capacity_multiple,max_queue_median_age_years
56041,Uinta,WY,min_fiber_share_locations;min_nearby_capacity_multiple,
56043,Washakie,WY,min_population;min_nearby_capacity_multiple;max_water_stress_if_evaporative;hazard_percentile_max.nri_inland_flood_score,max_queue_median_age_years
56045,Weston,WY,min_population;min_nearby_capacity_multiple;max_water_stress_if_evaporative,max_queue_median_age_years
