fips,county_name,state,failed_gates,unknown_gates
01001,Autauga,AL,max_grid_co2_lb_mwh,
01003,Baldwin,AL,max_grid_co2_lb_mwh;hazard_percentile_max.nri_coastal_flood_score;hazard_percentile_max.nri_hurricane_score,
01005,Barbour,AL,max_grid_co2_lb_mwh,max_queue_median_age_years
01007,Bibb,AL,max_grid_co2_lb_mwh;hazard_percentile_max.nri_inland_flood_score,max_queue_median_age_years
01009,Blount,AL,max_grid_co2_lb_mwh,max_queue_median_age_years
01011,Bullock,AL,max_grid_co2_lb_mwh,max_queue_median_age_years
01013,Butler,AL,max_grid_co2_lb_mwh;hazard_percentile_max.nri_hurricane_score,max_queue_median_age_years
01015,Calhoun,AL,max_grid_co2_lb_mwh,max_queue_median_age_years
01017,Chambers,AL,max_grid_co2_lb_mwh;min_fiber_share_locations,max_queue_median_age_years
01019,Cherokee,AL,max_grid_co2_lb_mwh;hazard_percentile_max.nri_inland_flood_score,max_queue_median_age_years
01021,Chilton,AL,max_grid_co2_lb_mwh,max_queue_median_age_years
01023,Choctaw,AL,max_grid_co2_lb_mwh;hazard_percentile_max.nri_inland_flood_score;hazard_percentile_max.nri_hurricane_score,max_queue_median_age_years
01025,Clarke,AL,max_grid_co2_lb_mwh;min_fiber_share_locations;hazard_percentile_max.nri_coastal_flood_score;hazard_percentile_max.nri_hurricane_score,max_queue_median_age_years
01027,Clay,AL,max_grid_co2_lb_mwh,max_queue_median_age_years
01029,Cleburne,AL,max_grid_co2_lb_mwh;min_fiber_share_locations,max_queue_median_age_years
01031,Coffee,AL,max_grid_co2_lb_mwh;hazard_percentile_max.nri_hurricane_score,max_queue_median_age_years
01033,Colbert,AL,max_grid_co2_lb_mwh,max_queue_median_age_years
01035,Conecuh,AL,max_grid_co2_lb_mwh;min_fiber_share_locations;hazard_percentile_max.nri_hurricane_score,max_queue_median_age_years
01037,Coosa,AL,max_grid_co2_lb_mwh;hazard_percentile_max.nri_inland_flood_score,max_queue_median_age_years
01039,Covington,AL,max_grid_co2_lb_mwh;hazard_percentile_max.nri_hurricane_score,max_queue_median_age_years
01041,Crenshaw,AL,max_grid_co2_lb_mwh;hazard_percentile_max.nri_hurricane_score,max_queue_median_age_years
01043,Cullman,AL,max_grid_co2_lb_mwh,max_queue_median_age_years
01045,Dale,AL,max_grid_co2_lb_mwh,max_queue_median_age_years
01047,Dallas,AL,max_grid_co2_lb_mwh;min_fiber_share_locations;hazard_percentile_max.nri_inland_flood_score,max_queue_median_age_years
01049,DeKalb,AL,max_grid_co2_lb_mwh,max_queue_median_age_years
01051,Elmore,AL,max_grid_co2_lb_mwh;hazard_percentile_max.nri_inland_flood_score,max_queue_median_age_years
01053,Escambia,AL,max_grid_co2_lb_mwh;min_fiber_share_locations;hazard_percentile_max.nri_hurricane_score,max_queue_median_age_years
01055,Etowah,AL,max_grid_co2_lb_mwh,max_queue_median_age_years
01057,Fayette,AL,max_grid_co2_lb_mwh,max_queue_median_age_years
01059,Franklin,AL,max_grid_co2_lb_mwh,max_queue_median_age_years
01061,Geneva,AL,max_grid_co2_lb_mwh;hazard_percentile_max.nri_hurricane_score,max_queue_median_age_years
01063,Greene,AL,max_grid_co2_lb_mwh;hazard_percentile_max.nri_inland_flood_score,max_queue_median_age_years
01065,Hale,AL,max_grid_co2_lb_mwh,max_queue_median_age_years
01067,Henry,AL,max_grid_co2_lb_mwh,max_queue_median_age_years
01069,Houston,AL,max_grid_co2_lb_mwh;hazard_percentile_max.nri_hurricane_score,
01071,Jackson,AL,max_grid_co2_lb_mwh,max_queue_median_age_years
01073,Jefferson,AL,max_grid_co2_lb_mwh,max_queue_median_age_years
01075,Lamar,AL,max_grid_co2_lb_mwh,max_queue_median_age_years
01077,Lauderdale,AL,max_grid_co2_lb_mwh,max_queue_median_age_years
01079,Lawrence,AL,max_grid_co2_lb_mwh,max_queue_median_age_years
01081,Lee,AL,max_grid_co2_lb_mwh,max_queue_median_age_years
01083,Limestone,AL,max_grid_co2_lb_mwh;max_queue_median_age_years,
01085,Lowndes,AL,max_grid_co2_lb_mwh,max_queue_median_age_years
01087,Macon,AL,max_grid_co2_lb_mwh,max_queue_median_age_years
01089,Madison,AL,max_grid_co2_lb_mwh,max_queue_median_age_years
01091,Marengo,AL,max_grid_co2_lb_mwh,max_queue_median_age_years
01093,Marion,AL,max_grid_co2_lb_mwh,max_queue_median_age_years
01095,Marshall,AL,max_grid_co2_lb_mwh,max_queue_median_age_years
01097,Mobile,AL,max_grid_co2_lb_mwh;hazard_percentile_max.nri_coastal_flood_score;hazard_percentile_max.nri_hurricane_score,
01099,Monroe,AL,max_grid_co2_lb_mwh;min_fiber_share_locations;hazard_percentile_max.nri_coastal_flood_score;hazard_percentile_max.nri_hurricane_score,max_queue_median_age_years
01101,Montgomery,AL,max_grid_co2_lb_mwh,max_queue_median_age_years
01103,Morgan,AL,max_grid_co2_lb_mwh;exclude_moratorium_active,max_queue_median_age_years
01105,Perry,AL,max_grid_co2_lb_mwh,
01107,Pickens,AL,max_grid_co2_lb_mwh,max_queue_median_age_years
01109,Pike,AL,max_grid_co2_lb_mwh,max_queue_median_age_years
01111,Randolph,AL,max_grid_co2_lb_mwh,max_queue_median_age_years
01113,Russell,AL,max_grid_co2_lb_mwh,max_queue_median_age_years
01115,St. Clair,AL,max_grid_co2_lb_mwh,max_queue_median_age_years
01117,Shelby,AL,max_grid_co2_lb_mwh,max_queue_median_age_years
01119,Sumter,AL,max_grid_co2_lb_mwh;min_fiber_share_locations,max_queue_median_age_years
01121,Talladega,AL,max_grid_co2_lb_mwh,max_queue_median_age_years
01123,Tallapoosa,AL,max_grid_co2_lb_mwh;hazard_percentile_max.nri_inland_flood_score,max_queue_median_age_years
01125,Tuscaloosa,AL,max_grid_co2_lb_mwh,max_queue_median_age_years
01127,Walker,AL,max_grid_co2_lb_mwh;min_fiber_share_locations;hazard_percentile_max.nri_inland_flood_score,max_queue_median_age_years
01129,Washington,AL,max_grid_co2_lb_mwh;hazard_percentile_max.nri_inland_flood_score;hazard_percentile_max.nri_coastal_flood_score;hazard_percentile_max.nri_hurricane_score,max_queue_median_age_years
01131,Wilcox,AL,max_grid_co2_lb_mwh;min_fiber_share_locations;hazard_percentile_max.nri_inland_flood_score,max_queue_median_age_years
01133,Winston,AL,max_grid_co2_lb_mwh,max_queue_median_age_years
04001,Apache,AZ,min_fiber_share_locations;min_nearby_capacity_multiple;hazard_percentile_max.nri_wildfire_score,
04003,Cochise,AZ,max_grid_co2_lb_mwh;min_nearby_capacity_multiple;hazard_percentile_max.nri_inland_flood_score;hazard_percentile_max.nri_wildfire_score,
04005,Coconino,AZ,max_grid_co2_lb_mwh;min_fiber_share_locations;min_nearby_capacity_multiple;hazard_percentile_max.nri_wildfire_score,
04007,Gila,AZ,max_grid_co2_lb_mwh;min_fiber_share_locations;min_nearby_capacity_multiple;hazard_percentile_max.nri_wildfire_score,max_queue_median_age_years
04009,Graham,AZ,max_grid_co2_lb_mwh;min_nearby_capacity_multiple;hazard_percentile_max.nri_wildfire_score,max_queue_median_age_years
04011,Greenlee,AZ,max_grid_co2_lb_mwh;min_nearby_capacity_multiple;hazard_percentile_max.nri_inland_flood_score;hazard_percentile_max.nri_wildfire_score,max_queue_median_age_years
04012,La Paz,AZ,max_grid_co2_lb_mwh;hazard_percentile_max.nri_inland_flood_score,
04013,Maricopa,AZ,max_grid_co2_lb_mwh;hazard_percentile_max.nri_inland_flood_score,
04015,Mohave,AZ,max_grid_co2_lb_mwh;hazard_percentile_max.nri_wildfire_score,
04017,Navajo,AZ,max_grid_co2_lb_mwh;min_fiber_share_locations;min_nearby_capacity_multiple;hazard_percentile_max.nri_wildfire_score,
04019,Pima,AZ,max_grid_co2_lb_mwh;hazard_percentile_max.nri_inland_flood_score,
04021,Pinal,AZ,max_grid_co2_lb_mwh,
04023,Santa Cruz,AZ,max_grid_co2_lb_mwh;min_fiber_share_locations;min_nearby_capacity_multiple;hazard_percentile_max.nri_wildfire_score,max_queue_median_age_years
04025,Yavapai,AZ,max_grid_co2_lb_mwh;min_fiber_share_locations;min_nearby_capacity_multiple;hazard_percentile_max.nri_wildfire_score,
04027,Yuma,AZ,max_grid_co2_lb_mwh,
05001,Arkansas,AR,max_grid_co2_lb_mwh,
05003,Ashley,AR,max_grid_co2_lb_mwh;max_queue_median_age_years,
05005,Baxter,AR,max_grid_co2_lb_mwh;min_nearby_capacity_multiple,max_queue_median_age_years
05007,Benton,AR,max_grid_co2_lb_mwh,max_queue_median_age_years
05009,Boone,AR,max_grid_co2_lb_mwh,max_queue_median_age_years
05011,Bradley,AR,max_grid_co2_lb_mwh,max_queue_median_age_years
05013,Calhoun,AR,max_grid_co2_lb_mwh;min_population,
05015,Carroll,AR,max_grid_co2_lb_mwh;min_fiber_share_locations;exclude_moratorium_active,max_queue_median_age_years
05017,Chicot,AR,max_grid_co2_lb_mwh;min_fiber_share_locations;hazard_percentile_max.nri_inland_flood_score,max_queue_median_age_years
05019,Clark,AR,max_grid_co2_lb_mwh,max_queue_median_age_years
05021,Clay,AR,max_grid_co2_lb_mwh,max_queue_median_age_years
05023,Cleburne,AR,max_grid_co2_lb_mwh;hazard_percentile_max.nri_inland_flood_score,max_queue_median_age_years
05025,Cleveland,AR,max_grid_co2_lb_mwh,max_queue_median_age_years
05027,Columbia,AR,max_grid_co2_lb_mwh,
05029,Conway,AR,max_grid_co2_lb_mwh,max_queue_median_age_years
05031,Craighead,AR,max_grid_co2_lb_mwh,
05033,Crawford,AR,max_grid_co2_lb_mwh,max_queue_median_age_years
05035,Crittenden,AR,max_grid_co2_lb_mwh;hazard_percentile_max.nri_inland_flood_score,
05037,Cross,AR,max_grid_co2_lb_mwh,
05039,Dallas,AR,max_grid_co2_lb_mwh,max_queue_median_age_years
05041,Desha,AR,max_grid_co2_lb_mwh,max_queue_median_age_years
05043,Drew,AR,max_grid_co2_lb_mwh,max_queue_median_age_years
05045,Faulkner,AR,max_grid_co2_lb_mwh,max_queue_median_age_years
05047,Franklin,AR,max_grid_co2_lb_mwh,
05049,Fulton,AR,max_grid_co2_lb_mwh,max_queue_median_age_years
05051,Garland,AR,max_grid_co2_lb_mwh,max_queue_median_age_years
05053,Grant,AR,max_grid_co2_lb_mwh,
05055,Greene,AR,max_grid_co2_lb_mwh,max_queue_median_age_years
05057,Hempstead,AR,max_grid_co2_lb_mwh,max_queue_median_age_years
05059,Hot Spring,AR,max_grid_co2_lb_mwh,max_queue_median_age_years
05061,Howard,AR,max_grid_co2_lb_mwh;min_nearby_capacity_multiple,max_queue_median_age_years
05063,Independence,AR,max_grid_co2_lb_mwh;exclude_moratorium_active,max_queue_median_age_years
05065,Izard,AR,max_grid_co2_lb_mwh;hazard_percentile_max.nri_inland_flood_score,max_queue_median_age_years
05067,Jackson,AR,max_grid_co2_lb_mwh,
05069,Jefferson,AR,max_grid_co2_lb_mwh,
05071,Johnson,AR,max_grid_co2_lb_mwh,max_queue_median_age_years
05073,Lafayette,AR,max_grid_co2_lb_mwh,max_queue_median_age_years
05075,Lawrence,AR,max_grid_co2_lb_mwh;hazard_percentile_max.nri_inland_flood_score,max_queue_median_age_years
05077,Lee,AR,max_grid_co2_lb_mwh;min_fiber_share_locations,
05079,Lincoln,AR,max_grid_co2_lb_mwh,max_queue_median_age_years
05081,Little River,AR,max_grid_co2_lb_mwh,max_queue_median_age_years
05083,Logan,AR,max_grid_co2_lb_mwh;hazard_percentile_max.nri_inland_flood_score,max_queue_median_age_years
05085,Lonoke,AR,max_grid_co2_lb_mwh,
05087,Madison,AR,max_grid_co2_lb_mwh,max_queue_median_age_years
05089,Marion,AR,max_grid_co2_lb_mwh;min_nearby_capacity_multiple,max_queue_median_age_years
05091,Miller,AR,max_grid_co2_lb_mwh,max_queue_median_age_years
05093,Mississippi,AR,max_grid_co2_lb_mwh,
05095,Monroe,AR,max_grid_co2_lb_mwh,max_queue_median_age_years
05097,Montgomery,AR,max_grid_co2_lb_mwh,max_queue_median_age_years
05099,Nevada,AR,max_grid_co2_lb_mwh,
05101,Newton,AR,max_grid_co2_lb_mwh;min_fiber_share_locations;hazard_percentile_max.nri_inland_flood_score,max_queue_median_age_years
05103,Ouachita,AR,max_grid_co2_lb_mwh,
05105,Perry,AR,max_grid_co2_lb_mwh,max_queue_median_age_years
05107,Phillips,AR,max_grid_co2_lb_mwh;min_fiber_share_locations,
05109,Pike,AR,max_grid_co2_lb_mwh;hazard_percentile_max.nri_inland_flood_score,max_queue_median_age_years
05111,Poinsett,AR,max_grid_co2_lb_mwh,max_queue_median_age_years
05113,Polk,AR,max_grid_co2_lb_mwh;min_fiber_share_locations;min_nearby_capacity_multiple,max_queue_median_age_years
05115,Pope,AR,max_grid_co2_lb_mwh;hazard_percentile_max.nri_inland_flood_score,
05117,Prairie,AR,max_grid_co2_lb_mwh;hazard_percentile_max.nri_inland_flood_score,max_queue_median_age_years
05119,Pulaski,AR,max_grid_co2_lb_mwh,max_queue_median_age_years
05121,Randolph,AR,max_grid_co2_lb_mwh,max_queue_median_age_years
05123,St. Francis,AR,max_grid_co2_lb_mwh,
05125,Saline,AR,max_grid_co2_lb_mwh,max_queue_median_age_years
05127,Scott,AR,max_grid_co2_lb_mwh,max_queue_median_age_years
05129,Searcy,AR,max_grid_co2_lb_mwh;hazard_percentile_max.nri_inland_flood_score,max_queue_median_age_years
05131,Sebastian,AR,max_grid_co2_lb_mwh,max_queue_median_age_years
05133,Sevier,AR,max_grid_co2_lb_mwh,max_queue_median_age_years
05135,Sharp,AR,max_grid_co2_lb_mwh,max_queue_median_age_years
05137,Stone,AR,max_grid_co2_lb_mwh,max_queue_median_age_years
05139,Union,AR,max_grid_co2_lb_mwh;exclude_moratorium_active,
05141,Van Buren,AR,max_grid_co2_lb_mwh,max_queue_median_age_years
05143,Washington,AR,max_grid_co2_lb_mwh,max_queue_median_age_years
05145,White,AR,max_grid_co2_lb_mwh,max_queue_median_age_years
05147,Woodruff,AR,max_grid_co2_lb_mwh,max_queue_median_age_years
05149,Yell,AR,max_grid_co2_lb_mwh,max_queue_median_age_years
06001,Alameda,CA,max_queue_median_age_years;hazard_percentile_max.nri_inland_flood_score;hazard_percentile_max.nri_coastal_flood_score,
06003,Alpine,CA,min_population;hazard_percentile_max.nri_inland_flood_score;hazard_percentile_max.nri_wildfire_score,max_queue_median_age_years
06005,Amador,CA,hazard_percentile_max.nri_inland_flood_score;hazard_percentile_max.nri_wildfire_score,max_queue_median_age_years
06007,Butte,CA,min_fiber_share_locations;hazard_percentile_max.nri_wildfire_score,max_queue_median_age_years
06009,Calaveras,CA,min_fiber_share_locations;hazard_percentile_max.nri_wildfire_score,
06011,Colusa,CA,max_queue_median_age_years;hazard_percentile_max.nri_wildfire_score,
06013,Contra Costa,CA,hazard_percentile_max.nri_inland_flood_score;hazard_percentile_max.nri_coastal_flood_score,
06015,Del Norte,CA,min_nearby_capacity_multiple;hazard_percentile_max.nri_inland_flood_score;hazard_percentile_max.nri_coastal_flood_score,max_queue_median_age_years
06017,El Dorado,CA,min_fiber_share_locations;hazard_percentile_max.nri_wildfire_score,max_queue_median_age_years
06021,Glenn,CA,min_fiber_share_locations;hazard_percentile_max.nri_wildfire_score,max_queue_median_age_years
06023,Humboldt,CA,min_fiber_share_locations;min_nearby_capacity_multiple;hazard_percentile_max.nri_inland_flood_score;hazard_percentile_max.nri_coastal_flood_score,max_queue_median_age_years
06025,Imperial,CA,max_grid_co2_lb_mwh;min_fiber_share_locations;exclude_moratorium_active,
06027,Inyo,CA,min_nearby_capacity_multiple,max_queue_median_age_years
06029,Kern,CA,hazard_percentile_max.nri_wildfire_score,
06033,Lake,CA,min_fiber_share_locations;hazard_percentile_max.nri_inland_flood_score;hazard_percentile_max.nri_wildfire_score,max_queue_median_age_years
06035,Lassen,CA,min_nearby_capacity_multiple;hazard_percentile_max.nri_inland_flood_score;hazard_percentile_max.nri_wildfire_score,max_queue_median_age_years
06037,Los Angeles,CA,hazard_percentile_max.nri_inland_flood_score;hazard_percentile_max.nri_coastal_flood_score,
06039,Madera,CA,min_fiber_share_locations;hazard_percentile_max.nri_inland_flood_score;hazard_percentile_max.nri_wildfire_score,
06041,Marin,CA,hazard_percentile_max.nri_inland_flood_score;hazard_percentile_max.nri_coastal_flood_score,max_queue_median_age_years
06043,Mariposa,CA,min_fiber_share_locations;hazard_percentile_max.nri_inland_flood_score;hazard_percentile_max.nri_wildfire_score,max_queue_median_age_years
06045,Mendocino,CA,min_fiber_share_locations;hazard_percentile_max.nri_inland_flood_score;hazard_percentile_max.nri_coastal_flood_score;hazard_percentile_max.nri_wildfire_score,max_queue_median_age_years
06049,Modoc,CA,min_nearby_capacity_multiple;hazard_percentile_max.nri_inland_flood_score;hazard_percentile_max.nri_wildfire_score,max_queue_median_age_years
06051,Mono,CA,hazard_percentile_max.nri_inland_flood_score;hazard_percentile_max.nri_wildfire_score,max_queue_median_age_years
06053,Monterey,CA,hazard_percentile_max.nri_inland_flood_score;hazard_percentile_max.nri_coastal_flood_score;hazard_percentile_max.nri_wildfire_score,
06055,Napa,CA,hazard_percentile_max.nri_inland_flood_score;hazard_percentile_max.nri_coastal_flood_score,max_queue_median_age_years
06057,Nevada,CA,min_fiber_share_locations;hazard_percentile_max.nri_inland_flood_score;hazard_percentile_max.nri_wildfire_score,max_queue_median_age_years
06059,Orange,CA,hazard_percentile_max.nri_inland_flood_score;hazard_percentile_max.nri_coastal_flood_score,
06061,Placer,CA,hazard_percentile_max.nri_wildfire_score,max_queue_median_age_years
06063,Plumas,CA,hazard_percentile_max.nri_inland_flood_score;hazard_percentile_max.nri_wildfire_score,max_queue_median_age_years
06065,Riverside,CA,max_grid_co2_lb_mwh;hazard_percentile_max.nri_inland_flood_score;hazard_percentile_max.nri_wildfire_score,
06069,San Benito,CA,hazard_percentile_max.nri_wildfire_score,max_queue_median_age_years
06071,San Bernardino,CA,min_nearby_capacity_multiple;hazard_percentile_max.nri_inland_flood_score;hazard_percentile_max.nri_wildfire_score,
06073,San Diego,CA,hazard_percentile_max.nri_coastal_flood_score;hazard_percentile_max.nri_wildfire_score,
06075,San Francisco,CA,hazard_percentile_max.nri_coastal_flood_score,max_queue_median_age_years
06079,San Luis Obispo,CA,hazard_percentile_max.nri_inland_flood_score;hazard_percentile_max.nri_coastal_flood_score,max_queue_median_age_years
06081,San Mateo,CA,hazard_percentile_max.nri_coastal_flood_score,max_queue_median_age_years
06083,Santa Barbara,CA,hazard_percentile_max.nri_inland_flood_score;hazard_percentile_max.nri_coastal_flood_score;hazard_percentile_max.nri_wildfire_score,max_queue_median_age_years
06085,Santa Clara,CA,max_queue_median_age_years;hazard_percentile_max.nri_inland_flood_score;hazard_percentile_max.nri_coastal_flood_score,
06087,Santa Cruz,CA,hazard_percentile_max.nri_inland_flood_score;hazard_percentile_max.nri_coastal_flood_score,max_queue_median_age_years
06089,Shasta,CA,min_fiber_share_locations;hazard_percentile_max.nri_inland_flood_score;hazard_percentile_max.nri_wildfire_score,max_queue_median_age_years
06091,Sierra,CA,min_population;hazard_percentile_max.nri_inland_flood_score;hazard_percentile_max.nri_wildfire_score,max_queue_median_age_years
06093,Siskiyou,CA,hazard_percentile_max.nri_inland_flood_score;hazard_percentile_max.nri_wildfire_score,max_queue_median_age_years
06095,Solano,CA,hazard_percentile_max.nri_inland_flood_score;hazard_percentile_max.nri_coastal_flood_score,
06097,Sonoma,CA,hazard_percentile_max.nri_inland_flood_score;hazard_percentile_max.nri_coastal_flood_score,max_queue_median_age_years
06103,Tehama,CA,min_fiber_share_locations;hazard_percentile_max.nri_inland_flood_score;hazard_percentile_max.nri_wildfire_score,max_queue_median_age_years
06105,Trinity,CA,min_fiber_share_locations;hazard_percentile_max.nri_inland_flood_score;hazard_percentile_max.nri_wildfire_score,max_queue_median_age_years
06107,Tulare,CA,hazard_percentile_max.nri_inland_flood_score,
06109,Tuolumne,CA,min_fiber_share_locations;hazard_percentile_max.nri_inland_flood_score;hazard_percentile_max.nri_wildfire_score,max_queue_median_age_years
06111,Ventura,CA,hazard_percentile_max.nri_inland_flood_score;hazard_percentile_max.nri_coastal_flood_score;hazard_percentile_max.nri_wildfire_score,
06115,Yuba,CA,hazard_percentile_max.nri_inland_flood_score;hazard_percentile_max.nri_wildfire_score,max_queue_median_age_years
08001,Adams,CO,max_grid_co2_lb_mwh,
08003,Alamosa,CO,max_grid_co2_lb_mwh;max_queue_median_age_years;min_nearby_capacity_multiple,
08005,Arapahoe,CO,max_grid_co2_lb_mwh;max_queue_median_age_years,
08007,Archuleta,CO,max_grid_co2_lb_mwh;min_fiber_share_locations;exclude_moratorium_active;min_nearby_capacity_multiple;hazard_percentile_max.nri_inland_flood_score;hazard_percentile_max.nri_wildfire_score,max_queue_median_age_years
08009,Baca,CO,max_grid_co2_lb_mwh;min_fiber_share_locations;min_population;min_nearby_capacity_multiple;hazard_percentile_max.nri_wildfire_score,max_queue_median_age_years
08011,Bent,CO,max_grid_co2_lb_mwh;min_fiber_share_locations;min_nearby_capacity_multiple,max_queue_median_age_years
08013,Boulder,CO,max_grid_co2_lb_mwh;hazard_percentile_max.nri_wildfire_score,max_queue_median_age_years
08014,Broomfield,CO,max_grid_co2_lb_mwh,max_queue_median_age_years
08015,Chaffee,CO,max_grid_co2_lb_mwh;min_nearby_capacity_multiple;hazard_percentile_max.nri_inland_flood_score,max_queue_median_age_years
08017,Cheyenne,CO,max_grid_co2_lb_mwh;min_fiber_share_locations;min_population,
08019,Clear Creek,CO,max_grid_co2_lb_mwh;min_fiber_share_locations;hazard_percentile_max.nri_inland_flood_score;hazard_percentile_max.nri_wildfire_score,max_queue_median_age_years
08021,Conejos,CO,max_grid_co2_lb_mwh;min_nearby_capacity_multiple;hazard_percentile_max.nri_inland_flood_score,max_queue_median_age_years
08023,Costilla,CO,max_grid_co2_lb_mwh;min_population;min_nearby_capacity_multiple,max_queue_median_age_years
08025,Crowley,CO,max_grid_co2_lb_mwh;min_fiber_share_locations,max_queue_median_age_years
08027,Custer,CO,max_grid_co2_lb_mwh;min_fiber_share_locations;hazard_percentile_max.nri_wildfire_score,max_queue_median_age_years
08029,Delta,CO,max_grid_co2_lb_mwh;min_nearby_capacity_multiple;hazard_percentile_max.nri_inland_flood_score,max_queue_median_age_years
08031,Denver,CO,max_grid_co2_lb_mwh,max_queue_median_age_years
08033,Dolores,CO,max_grid_co2_lb_mwh;min_population;min_nearby_capacity_multiple;hazard_percentile_max.nri_wildfire_score,max_queue_median_age_years
08035,Douglas,CO,max_grid_co2_lb_mwh;hazard_percentile_max.nri_wildfire_score,max_queue_median_age_years
08037,Eagle,CO,max_grid_co2_lb_mwh;min_fiber_share_locations;min_nearby_capacity_multiple;hazard_percentile_max.nri_inland_flood_score,max_queue_median_age_years
08039,Elbert,CO,max_grid_co2_lb_mwh;hazard_percentile_max.nri_wildfire_score,max_queue_median_age_years
08041,El Paso,CO,max_grid_co2_lb_mwh;hazard_percentile_max.nri_wildfire_score,
08043,Fremont,CO,max_grid_co2_lb_mwh;hazard_percentile_max.nri_wildfire_score,max_queue_median_age_years
08045,Garfield,CO,max_grid_co2_lb_mwh;min_fiber_share_locations;hazard_percentile_max.nri_inland_flood_score,max_queue_median_age_years
08047,Gilpin,CO,max_grid_co2_lb_mwh;hazard_percentile_max.nri_wildfire_score,max_queue_median_age_years
08049,Grand,CO,max_grid_co2_lb_mwh;min_fiber_share_locations;min_nearby_capacity_multiple;hazard_percentile_max.nri_inland_flood_score,max_queue_median_age_years
08051,Gunnison,CO,max_grid_co2_lb_mwh;min_fiber_share_locations;min_nearby_capacity_multiple;hazard_percentile_max.nri_inland_flood_score,max_queue_median_age_years
08053,Hinsdale,CO,max_grid_co2_lb_mwh;min_population;min_nearby_capacity_multiple;hazard_percentile_max.nri_inland_flood_score,max_queue_median_age_years
08055,Huerfano,CO,max_grid_co2_lb_mwh;hazard_percentile_max.nri_inland_flood_score;hazard_percentile_max.nri_wildfire_score,max_queue_median_age_years
08057,Jackson,CO,max_grid_co2_lb_mwh;min_population;min_nearby_capacity_multiple;hazard_percentile_max.nri_inland_flood_score,max_queue_median_age_years
08059,Jefferson,CO,max_grid_co2_lb_mwh;exclude_moratorium_active;hazard_percentile_max.nri_wildfire_score,max_queue_median_age_years
08061,Kiowa,CO,max_grid_co2_lb_mwh;min_population;min_nearby_capacity_multiple,
08063,Kit Carson,CO,max_grid_co2_lb_mwh,
08065,Lake,CO,max_grid_co2_lb_mwh;min_nearby_capacity_multiple,max_queue_median_age_years
08067,La Plata,CO,max_grid_co2_lb_mwh;hazard_percentile_max.nri_inland_flood_score;hazard_percentile_max.nri_wildfire_score,max_queue_median_age_years
08069,Larimer,CO,max_grid_co2_lb_mwh;hazard_percentile_max.nri_wildfire_score,
08071,Las Animas,CO,max_grid_co2_lb_mwh;min_fiber_share_locations;min_nearby_capacity_multiple;hazard_percentile_max.nri_wildfire_score,max_queue_median_age_years
08073,Lincoln,CO,max_grid_co2_lb_mwh;hazard_percentile_max.nri_inland_flood_score,
08075,Logan,CO,max_grid_co2_lb_mwh;max_queue_median_age_years,
08077,Mesa,CO,max_grid_co2_lb_mwh;min_nearby_capacity_multiple,max_queue_median_age_years
08079,Mineral,CO,max_grid_co2_lb_mwh;min_population;min_nearby_capacity_multiple;hazard_percentile_max.nri_inland_flood_score,max_queue_median_age_years
08081,Moffat,CO,max_grid_co2_lb_mwh;hazard_percentile_max.nri_wildfire_score,
08083,Montezuma,CO,max_grid_co2_lb_mwh;hazard_percentile_max.nri_wildfire_score,max_queue_median_age_years
08085,Montrose,CO,max_grid_co2_lb_mwh;min_nearby_capacity_multiple,max_queue_median_age_years
08087,Morgan,CO,max_grid_co2_lb_mwh,
08089,Otero,CO,max_grid_co2_lb_mwh;min_fiber_share_locations;hazard_percentile_max.nri_inland_flood_score,max_queue_median_age_years
08091,Ouray,CO,max_grid_co2_lb_mwh;min_nearby_capacity_multiple;hazard_percentile_max.nri_inland_flood_score,max_queue_median_age_years
08093,Park,CO,max_grid_co2_lb_mwh;min_fiber_share_locations;min_nearby_capacity_multiple;hazard_percentile_max.nri_wildfire_score,max_queue_median_age_years
08095,Phillips,CO,max_grid_co2_lb_mwh;min_population;min_nearby_capacity_multiple,max_queue_median_age_years
08097,Pitkin,CO,max_grid_co2_lb_mwh;min_fiber_share_locations;min_nearby_capacity_multiple;hazard_percentile_max.nri_inland_flood_score,max_queue_median_age_years
08099,Prowers,CO,max_grid_co2_lb_mwh;min_fiber_share_locations;min_nearby_capacity_multiple;hazard_percentile_max.nri_inland_flood_score,
08101,Pueblo,CO,max_grid_co2_lb_mwh,
08103,Rio Blanco,CO,max_grid_co2_lb_mwh;min_fiber_share_locations;hazard_percentile_max.nri_inland_flood_score;hazard_percentile_max.nri_wildfire_score,max_queue_median_age_years
08105,Rio Grande,CO,max_grid_co2_lb_mwh;min_nearby_capacity_multiple,max_queue_median_age_years
08107,Routt,CO,max_grid_co2_lb_mwh;hazard_percentile_max.nri_inland_flood_score,max_queue_median_age_years
08109,Saguache,CO,max_grid_co2_lb_mwh;min_nearby_capacity_multiple,max_queue_median_age_years
08111,San Juan,CO,max_grid_co2_lb_mwh;min_population;min_nearby_capacity_multiple;hazard_percentile_max.nri_inland_flood_score,max_queue_median_age_years
08113,San Miguel,CO,max_grid_co2_lb_mwh;min_nearby_capacity_multiple;hazard_percentile_max.nri_inland_flood_score;hazard_percentile_max.nri_wildfire_score,max_queue_median_age_years
08115,Sedgwick,CO,max_grid_co2_lb_mwh;min_population;min_nearby_capacity_multiple,max_queue_median_age_years
08117,Summit,CO,max_grid_co2_lb_mwh;min_fiber_share_locations;min_nearby_capacity_multiple;hazard_percentile_max.nri_inland_flood_score,max_queue_median_age_years
08119,Teller,CO,max_grid_co2_lb_mwh;hazard_percentile_max.nri_wildfire_score,max_queue_median_age_years
08121,Washington,CO,max_grid_co2_lb_mwh;min_fiber_share_locations;min_population,max_queue_median_age_years
08123,Weld,CO,max_grid_co2_lb_mwh,
08125,Yuma,CO,max_grid_co2_lb_mwh;min_nearby_capacity_multiple,
09110,Capitol,CT,hazard_percentile_max.nri_coastal_flood_score,
09120,Greater Bridgeport,CT,hazard_percentile_max.nri_coastal_flood_score;hazard_percentile_max.nri_hurricane_score,max_queue_median_age_years
09130,Lower Connecticut River Valley,CT,hazard_percentile_max.nri_coastal_flood_score,max_queue_median_age_years
09140,Naugatuck Valley,CT,hazard_percentile_max.nri_coastal_flood_score,max_queue_median_age_years
09160,Northwest Hills,CT,hazard_percentile_max.nri_inland_flood_score,max_queue_median_age_years
09170,South Central Connecticut,CT,hazard_percentile_max.nri_coastal_flood_score,max_queue_median_age_years
09180,Southeastern Connecticut,CT,hazard_percentile_max.nri_coastal_flood_score;hazard_percentile_max.nri_hurricane_score,max_queue_median_age_years
09190,Western Connecticut,CT,hazard_percentile_max.nri_coastal_flood_score,max_queue_median_age_years
10001,Kent,DE,max_queue_median_age_years;hazard_percentile_max.nri_coastal_flood_score,
10003,New Castle,DE,hazard_percentile_max.nri_coastal_flood_score,
10005,Sussex,DE,hazard_percentile_max.nri_coastal_flood_score;hazard_percentile_max.nri_hurricane_score,max_queue_median_age_years
11001,District of Columbia,DC,hazard_percentile_max.nri_coastal_flood_score,max_queue_median_age_years
12001,Alachua,FL,max_grid_co2_lb_mwh;hazard_percentile_max.nri_hurricane_score,max_queue_median_age_years
12003,Baker,FL,max_grid_co2_lb_mwh,max_queue_median_age_years
12005,Bay,FL,max_grid_co2_lb_mwh;hazard_percentile_max.nri_coastal_flood_score;hazard_percentile_max.nri_hurricane_score,max_queue_median_age_years
12007,Bradford,FL,max_grid_co2_lb_mwh;hazard_percentile_max.nri_hurricane_score,max_queue_median_age_years
12009,Brevard,FL,max_grid_co2_lb_mwh;max_queue_median_age_years;hazard_percentile_max.nri_coastal_flood_score;hazard_percentile_max.nri_hurricane_score,
12011,Broward,FL,max_grid_co2_lb_mwh;hazard_percentile_max.nri_coastal_flood_score;hazard_percentile_max.nri_hurricane_score,max_queue_median_age_years
12013,Calhoun,FL,max_grid_co2_lb_mwh;min_fiber_share_locations;hazard_percentile_max.nri_coastal_flood_score;hazard_percentile_max.nri_hurricane_score,max_queue_median_age_years
12015,Charlotte,FL,max_grid_co2_lb_mwh;hazard_percentile_max.nri_coastal_flood_score;hazard_percentile_max.nri_hurricane_score,
12017,Citrus,FL,max_grid_co2_lb_mwh;exclude_moratorium_active;hazard_percentile_max.nri_coastal_flood_score;hazard_percentile_max.nri_hurricane_score,max_queue_median_age_years
12019,Clay,FL,max_grid_co2_lb_mwh;exclude_moratorium_active;hazard_percentile_max.nri_coastal_flood_score,max_queue_median_age_years
12021,Collier,FL,max_grid_co2_lb_mwh;hazard_percentile_max.nri_inland_flood_score;hazard_percentile_max.nri_coastal_flood_score;hazard_percentile_max.nri_hurricane_score,
12023,Columbia,FL,max_grid_co2_lb_mwh;hazard_percentile_max.nri_hurricane_score,max_queue_median_age_years
12027,DeSoto,FL,max_grid_co2_lb_mwh;exclude_moratorium_active;hazard_percentile_max.nri_coastal_flood_score;hazard_percentile_max.nri_hurricane_score,
12029,Dixie,FL,max_grid_co2_lb_mwh;hazard_percentile_max.nri_inland_flood_score;hazard_percentile_max.nri_coastal_flood_score;hazard_percentile_max.nri_hurricane_score,max_queue_median_age_years
12031,Duval,FL,max_grid_co2_lb_mwh;hazard_percentile_max.nri_coastal_flood_score;hazard_percentile_max.nri_hurricane_score,
12033,Escambia,FL,max_grid_co2_lb_mwh;exclude_moratorium_active;hazard_percentile_max.nri_coastal_flood_score;hazard_percentile_max.nri_hurricane_score,max_queue_median_age_years
12035,Flagler,FL,max_grid_co2_lb_mwh;hazard_percentile_max.nri_coastal_flood_score;hazard_percentile_max.nri_hurricane_score,max_queue_median_age_years
12037,Franklin,FL,max_grid_co2_lb_mwh;min_nearby_capacity_multiple;hazard_percentile_max.nri_coastal_flood_score;hazard_percentile_max.nri_hurricane_score,max_queue_median_age_years
12039,Gadsden,FL,max_grid_co2_lb_mwh;hazard_percentile_max.nri_hurricane_score,max_queue_median_age_years
12041,Gilchrist,FL,max_grid_co2_lb_mwh;hazard_percentile_max.nri_coastal_flood_score;hazard_percentile_max.nri_hurricane_score,max_queue_median_age_years
12043,Glades,FL,max_grid_co2_lb_mwh;hazard_percentile_max.nri_hurricane_score,max_queue_median_age_years
12045,Gulf,FL,max_grid_co2_lb_mwh;min_nearby_capacity_multiple;hazard_percentile_max.nri_coastal_flood_score;hazard_percentile_max.nri_hurricane_score,max_queue_median_age_years
12047,Hamilton,FL,max_grid_co2_lb_mwh;hazard_percentile_max.nri_hurricane_score,max_queue_median_age_years
12049,Hardee,FL,max_grid_co2_lb_mwh;hazard_percentile_max.nri_hurricane_score,max_queue_median_age_years
12051,Hendry,FL,max_grid_co2_lb_mwh;hazard_percentile_max.nri_coastal_flood_score;hazard_percentile_max.nri_hurricane_score,
12053,Hernando,FL,max_grid_co2_lb_mwh;exclude_moratorium_active;hazard_percentile_max.nri_coastal_flood_score;hazard_percentile_max.nri_hurricane_score,max_queue_median_age_years
12055,Highlands,FL,max_grid_co2_lb_mwh;min_fiber_share_locations;hazard_percentile_max.nri_hurricane_score,
12057,Hillsborough,FL,max_grid_co2_lb_mwh;hazard_percentile_max.nri_coastal_flood_score;hazard_percentile_max.nri_hurricane_score,
12059,Holmes,FL,max_grid_co2_lb_mwh;min_fiber_share_locations;hazard_percentile_max.nri_hurricane_score,max_queue_median_age_years
12061,Indian River,FL,max_grid_co2_lb_mwh;hazard_percentile_max.nri_coastal_flood_score;hazard_percentile_max.nri_hurricane_score,
12063,Jackson,FL,max_grid_co2_lb_mwh;min_fiber_share_locations;exclude_moratorium_active;hazard_percentile_max.nri_hurricane_score,max_queue_median_age_years
12065,Jefferson,FL,max_grid_co2_lb_mwh;hazard_percentile_max.nri_coastal_flood_score;hazard_percentile_max.nri_hurricane_score,max_queue_median_age_years
12067,Lafayette,FL,max_grid_co2_lb_mwh;hazard_percentile_max.nri_coastal_flood_score;hazard_percentile_max.nri_hurricane_score,max_queue_median_age_years
12069,Lake,FL,max_grid_co2_lb_mwh;exclude_moratorium_active;hazard_percentile_max.nri_coastal_flood_score,max_queue_median_age_years
12071,Lee,FL,max_grid_co2_lb_mwh;hazard_percentile_max.nri_coastal_flood_score;hazard_percentile_max.nri_hurricane_score,max_queue_median_age_years
12073,Leon,FL,max_grid_co2_lb_mwh;hazard_percentile_max.nri_coastal_flood_score;hazard_percentile_max.nri_hurricane_score,
12075,Levy,FL,max_grid_co2_lb_mwh;hazard_percentile_max.nri_coastal_flood_score;hazard_percentile_max.nri_hurricane_score,max_queue_median_age_years
12077,Liberty,FL,max_grid_co2_lb_mwh;min_fiber_share_locations;hazard_percentile_max.nri_coastal_flood_score;hazard_percentile_max.nri_hurricane_score,max_queue_median_age_years
12079,Madison,FL,max_grid_co2_lb_mwh;hazard_percentile_max.nri_hurricane_score,
12081,Manatee,FL,max_grid_co2_lb_mwh;hazard_percentile_max.nri_coastal_flood_score;hazard_percentile_max.nri_hurricane_score,
12083,Marion,FL,max_grid_co2_lb_mwh;hazard_percentile_max.nri_coastal_flood_score;hazard_percentile_max.nri_hurricane_score,max_queue_median_age_years
12085,Martin,FL,max_grid_co2_lb_mwh;hazard_percentile_max.nri_coastal_flood_score;hazard_percentile_max.nri_hurricane_score,
12086,Miami-Dade,FL,max_grid_co2_lb_mwh;max_queue_median_age_years;hazard_percentile_max.nri_coastal_flood_score;hazard_percentile_max.nri_hurricane_score,
12087,Monroe,FL,max_grid_co2_lb_mwh;hazard_percentile_max.nri_coastal_flood_score;hazard_percentile_max.nri_hurricane_score,max_queue_median_age_years
12089,Nassau,FL,max_grid_co2_lb_mwh;exclude_moratorium_active;hazard_percentile_max.nri_coastal_flood_score;hazard_percentile_max.nri_hurricane_score,max_queue_median_age_years
12091,Okaloosa,FL,max_grid_co2_lb_mwh;hazard_percentile_max.nri_coastal_flood_score;hazard_percentile_max.nri_hurricane_score,max_queue_median_age_years
12093,Okeechobee,FL,max_grid_co2_lb_mwh;min_fiber_share_locations;hazard_percentile_max.nri_inland_flood_score;hazard_percentile_max.nri_hurricane_score,max_queue_median_age_years
12095,Orange,FL,max_grid_co2_lb_mwh,
12097,Osceola,FL,max_grid_co2_lb_mwh,
12099,Palm Beach,FL,max_grid_co2_lb_mwh;hazard_percentile_max.nri_coastal_flood_score;hazard_percentile_max.nri_hurricane_score,max_queue_median_age_years
12101,Pasco,FL,max_grid_co2_lb_mwh;exclude_moratorium_active;hazard_percentile_max.nri_coastal_flood_score;hazard_percentile_max.nri_hurricane_score,
12103,Pinellas,FL,max_grid_co2_lb_mwh;hazard_percentile_max.nri_coastal_flood_score;hazard_percentile_max.nri_hurricane_score,max_queue_median_age_years
12105,Polk,FL,max_grid_co2_lb_mwh;hazard_percentile_max.nri_hurricane_score,
12107,Putnam,FL,max_grid_co2_lb_mwh;min_fiber_share_locations;hazard_percentile_max.nri_coastal_flood_score;hazard_percentile_max.nri_hurricane_score,max_queue_median_age_years
12109,St. Johns,FL,max_grid_co2_lb_mwh;hazard_percentile_max.nri_coastal_flood_score;hazard_percentile_max.nri_hurricane_score,max_queue_median_age_years
12111,St. Lucie,FL,max_grid_co2_lb_mwh;hazard_percentile_max.nri_coastal_flood_score;hazard_percentile_max.nri_hurricane_score,
12113,Santa Rosa,FL,max_grid_co2_lb_mwh;hazard_percentile_max.nri_coastal_flood_score;hazard_percentile_max.nri_hurricane_score,max_queue_median_age_years
12115,Sarasota,FL,max_grid_co2_lb_mwh;exclude_moratorium_active;hazard_percentile_max.nri_coastal_flood_score;hazard_percentile_max.nri_hurricane_score,max_queue_median_age_years
12117,Seminole,FL,max_grid_co2_lb_mwh,max_queue_median_age_years
12119,Sumter,FL,max_grid_co2_lb_mwh;hazard_percentile_max.nri_hurricane_score,max_queue_median_age_years
12121,Suwannee,FL,max_grid_co2_lb_mwh;hazard_percentile_max.nri_hurricane_score,
12123,Taylor,FL,max_grid_co2_lb_mwh;hazard_percentile_max.nri_coastal_flood_score;hazard_percentile_max.nri_hurricane_score,max_queue_median_age_years
12125,Union,FL,max_grid_co2_lb_mwh;hazard_percentile_max.nri_hurricane_score,max_queue_median_age_years
12127,Volusia,FL,max_grid_co2_lb_mwh;hazard_percentile_max.nri_coastal_flood_score;hazard_percentile_max.nri_hurricane_score,max_queue_median_age_years
12129,Wakulla,FL,max_grid_co2_lb_mwh;min_fiber_share_locations;exclude_moratorium_active;hazard_percentile_max.nri_coastal_flood_score;hazard_percentile_max.nri_hurricane_score,max_queue_median_age_years
12131,Walton,FL,max_grid_co2_lb_mwh;hazard_percentile_max.nri_coastal_flood_score;hazard_percentile_max.nri_hurricane_score,max_queue_median_age_years
12133,Washington,FL,max_grid_co2_lb_mwh;min_fiber_share_locations;hazard_percentile_max.nri_coastal_flood_score;hazard_percentile_max.nri_hurricane_score,max_queue_median_age_years
13001,Appling,GA,max_grid_co2_lb_mwh;hazard_percentile_max.nri_hurricane_score,
13003,Atkinson,GA,max_grid_co2_lb_mwh;hazard_percentile_max.nri_hurricane_score,max_queue_median_age_years
13005,Bacon,GA,max_grid_co2_lb_mwh;hazard_percentile_max.nri_hurricane_score,
13007,Baker,GA,max_grid_co2_lb_mwh;min_population;hazard_percentile_max.nri_inland_flood_score;hazard_percentile_max.nri_hurricane_score,max_queue_median_age_years
13009,Baldwin,GA,max_grid_co2_lb_mwh,max_queue_median_age_years
13011,Banks,GA,max_grid_co2_lb_mwh;min_fiber_share_locations,max_queue_median_age_years
13013,Barrow,GA,max_grid_co2_lb_mwh,max_queue_median_age_years
13015,Bartow,GA,max_grid_co2_lb_mwh,
13017,Ben Hill,GA,max_grid_co2_lb_mwh,max_queue_median_age_years
13019,Berrien,GA,max_grid_co2_lb_mwh;hazard_percentile_max.nri_hurricane_score,max_queue_median_age_years
13021,Bibb,GA,max_grid_co2_lb_mwh,max_queue_median_age_years
13023,Bleckley,GA,max_grid_co2_lb_mwh,max_queue_median_age_years
13025,Brantley,GA,max_grid_co2_lb_mwh;hazard_percentile_max.nri_coastal_flood_score;hazard_percentile_max.nri_hurricane_score,max_queue_median_age_years
13027,Brooks,GA,max_grid_co2_lb_mwh;hazard_percentile_max.nri_hurricane_score,max_queue_median_age_years
13029,Bryan,GA,max_grid_co2_lb_mwh;hazard_percentile_max.nri_coastal_flood_score;hazard_percentile_max.nri_hurricane_score,max_queue_median_age_years
13031,Bulloch,GA,max_grid_co2_lb_mwh;exclude_moratorium_active;hazard_percentile_max.nri_hurricane_score,max_queue_median_age_years
13033,Burke,GA,max_grid_co2_lb_mwh,
13035,Butts,GA,max_grid_co2_lb_mwh,max_queue_median_age_years
13037,Calhoun,GA,max_grid_co2_lb_mwh;hazard_percentile_max.nri_hurricane_score,max_queue_median_age_years
13039,Camden,GA,max_grid_co2_lb_mwh;exclude_moratorium_active;hazard_percentile_max.nri_coastal_flood_score;hazard_percentile_max.nri_hurricane_score,max_queue_median_age_years
13043,Candler,GA,max_grid_co2_lb_mwh;hazard_percentile_max.nri_hurricane_score,max_queue_median_age_years
13045,Carroll,GA,max_grid_co2_lb_mwh;exclude_moratorium_active,max_queue_median_age_years
13047,Catoosa,GA,max_grid_co2_lb_mwh,max_queue_median_age_years
13049,Charlton,GA,max_grid_co2_lb_mwh;hazard_percentile_max.nri_coastal_flood_score;hazard_percentile_max.nri_hurricane_score,max_queue_median_age_years
13051,Chatham,GA,max_grid_co2_lb_mwh;hazard_percentile_max.nri_coastal_flood_score;hazard_percentile_max.nri_hurricane_score,max_queue_median_age_years
13053,Chattahoochee,GA,max_grid_co2_lb_mwh,max_queue_median_age_years
13055,Chattooga,GA,max_grid_co2_lb_mwh,max_queue_median_age_years
13057,Cherokee,GA,max_grid_co2_lb_mwh,max_queue_median_age_years
13059,Clarke,GA,max_grid_co2_lb_mwh,max_queue_median_age_years
13061,Clay,GA,max_grid_co2_lb_mwh;min_population;hazard_percentile_max.nri_hurricane_score,max_queue_median_age_years
13063,Clayton,GA,max_grid_co2_lb_mwh,max_queue_median_age_years
13065,Clinch,GA,max_grid_co2_lb_mwh;hazard_percentile_max.nri_inland_flood_score;hazard_percentile_max.nri_hurricane_score,max_queue_median_age_years
13067,Cobb,GA,max_grid_co2_lb_mwh;exclude_moratorium_active,max_queue_median_age_years
13069,Coffee,GA,max_grid_co2_lb_mwh;hazard_percentile_max.nri_hurricane_score,max_queue_median_age_years
13071,Colquitt,GA,max_grid_co2_lb_mwh;hazard_percentile_max.nri_hurricane_score,max_queue_median_age_years
13073,Columbia,GA,max_grid_co2_lb_mwh,max_queue_median_age_years
13075,Cook,GA,max_grid_co2_lb_mwh;hazard_percentile_max.nri_hurricane_score,max_queue_median_age_years
13077,Coweta,GA,max_grid_co2_lb_mwh,
13079,Crawford,GA,max_grid_co2_lb_mwh,max_queue_median_age_years
13081,Crisp,GA,max_grid_co2_lb_mwh,max_queue_median_age_years
13083,Dade,GA,max_grid_co2_lb_mwh,max_queue_median_age_years
13085,Dawson,GA,max_grid_co2_lb_mwh,max_queue_median_age_years
13087,Decatur,GA,max_grid_co2_lb_mwh;max_queue_median_age_years;exclude_moratorium_active;hazard_percentile_max.nri_inland_flood_score;hazard_percentile_max.nri_hurricane_score,
13089,DeKalb,GA,max_grid_co2_lb_mwh;exclude_moratorium_active,max_queue_median_age_years
13091,Dodge,GA,max_grid_co2_lb_mwh,
13093,Dooly,GA,max_grid_co2_lb_mwh,max_queue_median_age_years
13095,Dougherty,GA,max_grid_co2_lb_mwh,max_queue_median_age_years
13097,Douglas,GA,max_grid_co2_lb_mwh,max_queue_median_age_years
13099,Early,GA,max_grid_co2_lb_mwh;hazard_percentile_max.nri_hurricane_score,max_queue_median_age_years
13101,Echols,GA,max_grid_co2_lb_mwh;min_population;hazard_percentile_max.nri_hurricane_score,max_queue_median_age_years
13103,Effingham,GA,max_grid_co2_lb_mwh;hazard_percentile_max.nri_coastal_flood_score;hazard_percentile_max.nri_hurricane_score,
13105,Elbert,GA,max_grid_co2_lb_mwh,max_queue_median_age_years
13107,Emanuel,GA,max_grid_co2_lb_mwh;hazard_percentile_max.nri_hurricane_score,
13109,Evans,GA,max_grid_co2_lb_mwh;hazard_percentile_max.nri_hurricane_score,max_queue_median_age_years
13111,Fannin,GA,max_grid_co2_lb_mwh,max_queue_median_age_years
13113,Fayette,GA,max_grid_co2_lb_mwh,max_queue_median_age_years
13115,Floyd,GA,max_grid_co2_lb_mwh,
13117,Forsyth,GA,max_grid_co2_lb_mwh,max_queue_median_age_years
13119,Franklin,GA,max_grid_co2_lb_mwh,max_queue_median_age_years
13121,Fulton,GA,max_grid_co2_lb_mwh,max_queue_median_age_years
13123,Gilmer,GA,max_grid_co2_lb_mwh;hazard_percentile_max.nri_inland_flood_score,max_queue_median_age_years
13125,Glascock,GA,max_grid_co2_lb_mwh;min_population,max_queue_median_age_years
13127,Glynn,GA,max_grid_co2_lb_mwh;hazard_percentile_max.nri_coastal_flood_score;hazard_percentile_max.nri_hurricane_score,
13129,Gordon,GA,max_grid_co2_lb_mwh;exclude_moratorium_active,max_queue_median_age_years
13131,Grady,GA,max_grid_co2_lb_mwh;hazard_percentile_max.nri_hurricane_score,max_queue_median_age_years
13133,Greene,GA,max_grid_co2_lb_mwh,max_queue_median_age_years
13135,Gwinnett,GA,max_grid_co2_lb_mwh,max_queue_median_age_years
13137,Habersham,GA,max_grid_co2_lb_mwh,max_queue_median_age_years
13139,Hall,GA,max_grid_co2_lb_mwh,max_queue_median_age_years
13141,Hancock,GA,max_grid_co2_lb_mwh,
13143,Haralson,GA,max_grid_co2_lb_mwh,max_queue_median_age_years
13145,Harris,GA,max_grid_co2_lb_mwh,max_queue_median_age_years
13147,Hart,GA,max_grid_co2_lb_mwh,max_queue_median_age_years
13149,Heard,GA,max_grid_co2_lb_mwh,
13151,Henry,GA,max_grid_co2_lb_mwh,max_queue_median_age_years
13153,Houston,GA,max_grid_co2_lb_mwh,max_queue_median_age_years
13155,Irwin,GA,max_grid_co2_lb_mwh;hazard_percentile_max.nri_hurricane_score,max_queue_median_age_years
13157,Jackson,GA,max_grid_co2_lb_mwh,max_queue_median_age_years
13159,Jasper,GA,max_grid_co2_lb_mwh,max_queue_median_age_years
13161,Jeff Davis,GA,max_grid_co2_lb_mwh;hazard_percentile_max.nri_hurricane_score,max_queue_median_age_years
13163,Jefferson,GA,max_grid_co2_lb_mwh,
13165,Jenkins,GA,max_grid_co2_lb_mwh;hazard_percentile_max.nri_hurricane_score,max_queue_median_age_years
13167,Johnson,GA,max_grid_co2_lb_mwh,max_queue_median_age_years
13169,Jones,GA,max_grid_co2_lb_mwh,max_queue_median_age_years
13171,Lamar,GA,max_grid_co2_lb_mwh;exclude_moratorium_active,max_queue_median_age_years
13173,Lanier,GA,max_grid_co2_lb_mwh;min_nearby_capacity_multiple;hazard_percentile_max.nri_hurricane_score,max_queue_median_age_years
13175,Laurens,GA,max_grid_co2_lb_mwh,
13177,Lee,GA,max_grid_co2_lb_mwh;exclude_moratorium_active,max_queue_median_age_years
13179,Liberty,GA,max_grid_co2_lb_mwh;hazard_percentile_max.nri_coastal_flood_score;hazard_percentile_max.nri_hurricane_score,max_queue_median_age_years
13181,Lincoln,GA,max_grid_co2_lb_mwh,max_queue_median_age_years
13183,Long,GA,max_grid_co2_lb_mwh;hazard_percentile_max.nri_coastal_flood_score;hazard_percentile_max.nri_hurricane_score,max_queue_median_age_years
13185,Lowndes,GA,max_grid_co2_lb_mwh;hazard_percentile_max.nri_hurricane_score,max_queue_median_age_years
13187,Lumpkin,GA,max_grid_co2_lb_mwh,max_queue_median_age_years
13189,McDuffie,GA,max_grid_co2_lb_mwh,
13191,McIntosh,GA,max_grid_co2_lb_mwh;hazard_percentile_max.nri_coastal_flood_score;hazard_percentile_max.nri_hurricane_score,max_queue_median_age_years
13193,Macon,GA,max_grid_co2_lb_mwh,max_queue_median_age_years
13195,Madison,GA,max_grid_co2_lb_mwh,max_queue_median_age_years
13197,Marion,GA,max_grid_co2_lb_mwh,max_queue_median_age_years
13199,Meriwether,GA,max_grid_co2_lb_mwh,max_queue_median_age_years
13201,Miller,GA,max_grid_co2_lb_mwh;hazard_percentile_max.nri_hurricane_score,max_queue_median_age_years
13205,Mitchell,GA,max_grid_co2_lb_mwh;hazard_percentile_max.nri_hurricane_score,
13207,Monroe,GA,max_grid_co2_lb_mwh;exclude_moratorium_active,max_queue_median_age_years
13209,Montgomery,GA,max_grid_co2_lb_mwh,max_queue_median_age_years
13211,Morgan,GA,max_grid_co2_lb_mwh,max_queue_median_age_years
13213,Murray,GA,max_grid_co2_lb_mwh,max_queue_median_age_years
13215,Muscogee,GA,max_grid_co2_lb_mwh,max_queue_median_age_years
13217,Newton,GA,max_grid_co2_lb_mwh;exclude_moratorium_active,max_queue_median_age_years
13219,Oconee,GA,max_grid_co2_lb_mwh,max_queue_median_age_years
13221,Oglethorpe,GA,max_grid_co2_lb_mwh,max_queue_median_age_years
13223,Paulding,GA,max_grid_co2_lb_mwh;exclude_moratorium_active,max_queue_median_age_years
13225,Peach,GA,max_grid_co2_lb_mwh,max_queue_median_age_years
13227,Pickens,GA,max_grid_co2_lb_mwh,max_queue_median_age_years
13229,Pierce,GA,max_grid_co2_lb_mwh;hazard_percentile_max.nri_hurricane_score,max_queue_median_age_years
13231,Pike,GA,max_grid_co2_lb_mwh;exclude_moratorium_active,max_queue_median_age_years
13233,Polk,GA,max_grid_co2_lb_mwh;exclude_moratorium_active,max_queue_median_age_years
13235,Pulaski,GA,max_grid_co2_lb_mwh,max_queue_median_age_years
13237,Putnam,GA,max_grid_co2_lb_mwh;hazard_percentile_max.nri_inland_flood_score,max_queue_median_age_years
13239,Quitman,GA,max_grid_co2_lb_mwh;min_population,max_queue_median_age_years
13241,Rabun,GA,max_grid_co2_lb_mwh;hazard_percentile_max.nri_inland_flood_score,max_queue_median_age_years
13243,Randolph,GA,max_grid_co2_lb_mwh;hazard_percentile_max.nri_hurricane_score,max_queue_median_age_years
13245,Richmond,GA,max_grid_co2_lb_mwh,max_queue_median_age_years
13247,Rockdale,GA,max_grid_co2_lb_mwh,max_queue_median_age_years
13249,Schley,GA,max_grid_co2_lb_mwh;min_population,max_queue_median_age_years
13251,Screven,GA,max_grid_co2_lb_mwh;hazard_percentile_max.nri_hurricane_score,max_queue_median_age_years
13253,Seminole,GA,max_grid_co2_lb_mwh;hazard_percentile_max.nri_inland_flood_score;hazard_percentile_max.nri_hurricane_score,max_queue_median_age_years
13255,Spalding,GA,max_grid_co2_lb_mwh,max_queue_median_age_years
13257,Stephens,GA,max_grid_co2_lb_mwh;exclude_moratorium_active,max_queue_median_age_years
13259,Stewart,GA,max_grid_co2_lb_mwh;min_fiber_share_locations;min_population,max_queue_median_age_years
13261,Sumter,GA,max_grid_co2_lb_mwh;max_queue_median_age_years,
13263,Talbot,GA,max_grid_co2_lb_mwh,
13265,Taliaferro,GA,max_grid_co2_lb_mwh;min_population,max_queue_median_age_years
13267,Tattnall,GA,max_grid_co2_lb_mwh;hazard_percentile_max.nri_hurricane_score,max_queue_median_age_years
13269,Taylor,GA,max_grid_co2_lb_mwh,max_queue_median_age_years
13271,Telfair,GA,max_grid_co2_lb_mwh;hazard_percentile_max.nri_hurricane_score,max_queue_median_age_years
13273,Terrell,GA,max_grid_co2_lb_mwh,max_queue_median_age_years
13275,Thomas,GA,max_grid_co2_lb_mwh;exclude_moratorium_active;hazard_percentile_max.nri_hurricane_score,max_queue_median_age_years
13277,Tift,GA,max_grid_co2_lb_mwh;hazard_percentile_max.nri_hurricane_score,max_queue_median_age_years
13279,Toombs,GA,max_grid_co2_lb_mwh;hazard_percentile_max.nri_hurricane_score,max_queue_median_age_years
13281,Towns,GA,max_grid_co2_lb_mwh;hazard_percentile_max.nri_inland_flood_score,max_queue_median_age_years
13283,Treutlen,GA,max_grid_co2_lb_mwh;hazard_percentile_max.nri_hurricane_score,max_queue_median_age_years
13285,Troup,GA,max_grid_co2_lb_mwh,max_queue_median_age_years
13287,Turner,GA,max_grid_co2_lb_mwh;hazard_percentile_max.nri_hurricane_score,max_queue_median_age_years
13289,Twiggs,GA,max_grid_co2_lb_mwh,max_queue_median_age_years
13291,Union,GA,max_grid_co2_lb_mwh,max_queue_median_age_years
13293,Upson,GA,max_grid_co2_lb_mwh,max_queue_median_age_years
13295,Walker,GA,max_grid_co2_lb_mwh;exclude_moratorium_active,max_queue_median_age_years
13297,Walton,GA,max_grid_co2_lb_mwh,max_queue_median_age_years
13299,Ware,GA,max_grid_co2_lb_mwh;hazard_percentile_max.nri_hurricane_score,max_queue_median_age_years
13301,Warren,GA,max_grid_co2_lb_mwh,
13303,Washington,GA,max_grid_co2_lb_mwh,
13305,Wayne,GA,max_grid_co2_lb_mwh;hazard_percentile_max.nri_coastal_flood_score;hazard_percentile_max.nri_hurricane_score,max_queue_median_age_years
13307,Webster,GA,max_grid_co2_lb_mwh;min_population,max_queue_median_age_years
13309,Wheeler,GA,max_grid_co2_lb_mwh;hazard_percentile_max.nri_hurricane_score,max_queue_median_age_years
13311,White,GA,max_grid_co2_lb_mwh,max_queue_median_age_years
13313,Whitfield,GA,max_grid_co2_lb_mwh,max_queue_median_age_years
13315,Wilcox,GA,max_grid_co2_lb_mwh;hazard_percentile_max.nri_hurricane_score,max_queue_median_age_years
13317,Wilkes,GA,max_grid_co2_lb_mwh,max_queue_median_age_years
13319,Wilkinson,GA,max_grid_co2_lb_mwh,max_queue_median_age_years
13321,Worth,GA,max_grid_co2_lb_mwh;hazard_percentile_max.nri_hurricane_score,max_queue_median_age_years
16001,Ada,ID,hazard_percentile_max.nri_wildfire_score,
16003,Adams,ID,min_population;min_nearby_capacity_multiple;hazard_percentile_max.nri_inland_flood_score;hazard_percentile_max.nri_wildfire_score,max_queue_median_age_years
16005,Bannock,ID,exclude_moratorium_active;min_nearby_capacity_multiple;hazard_percentile_max.nri_wildfire_score,max_queue_median_age_years
16007,Bear Lake,ID,min_nearby_capacity_multiple;hazard_percentile_max.nri_wildfire_score,max_queue_median_age_years
16009,Benewah,ID,hazard_percentile_max.nri_inland_flood_score,max_queue_median_age_years
16011,Bingham,ID,min_nearby_capacity_multiple,
16013,Blaine,ID,min_nearby_capacity_multiple;hazard_percentile_max.nri_inland_flood_score;hazard_percentile_max.nri_wildfire_score,max_queue_median_age_years
16015,Boise,ID,min_fiber_share_locations;min_nearby_capacity_multiple;hazard_percentile_max.nri_inland_flood_score;hazard_percentile_max.nri_wildfire_score,max_queue_median_age_years
16017,Bonner,ID,hazard_percentile_max.nri_inland_flood_score,max_queue_median_age_years
16019,Bonneville,ID,min_nearby_capacity_multiple,max_queue_median_age_years
16021,Boundary,ID,hazard_percentile_max.nri_inland_flood_score,max_queue_median_age_years
16023,Butte,ID,min_population;min_nearby_capacity_multiple,max_queue_median_age_years
16025,Camas,ID,min_population;min_nearby_capacity_multiple;hazard_percentile_max.nri_wildfire_score,max_queue_median_age_years
16027,Canyon,ID,min_nearby_capacity_multiple,
16029,Caribou,ID,min_nearby_capacity_multiple;hazard_percentile_max.nri_wildfire_score,max_queue_median_age_years
16031,Cassia,ID,min_nearby_capacity_multiple;hazard_percentile_max.nri_wildfire_score,max_queue_median_age_years
16033,Clark,ID,min_population;min_nearby_capacity_multiple;hazard_percentile_max.nri_inland_flood_score;hazard_percentile_max.nri_wildfire_score,max_queue_median_age_years
16035,Clearwater,ID,min_nearby_capacity_multiple;hazard_percentile_max.nri_inland_flood_score;hazard_percentile_max.nri_wildfire_score,max_queue_median_age_years
16037,Custer,ID,min_population;min_nearby_capacity_multiple;hazard_percentile_max.nri_inland_flood_score;hazard_percentile_max.nri_wildfire_score,max_queue_median_age_years
16039,Elmore,ID,hazard_percentile_max.nri_wildfire_score,
16041,Franklin,ID,min_nearby_capacity_multiple,max_queue_median_age_years
16043,Fremont,ID,min_nearby_capacity_multiple;hazard_percentile_max.nri_inland_flood_score;hazard_percentile_max.nri_wildfire_score,max_queue_median_age_years
16045,Gem,ID,min_fiber_share_locations;min_nearby_capacity_multiple;hazard_percentile_max.nri_inland_flood_score;hazard_percentile_max.nri_wildfire_score,max_queue_median_age_years
16047,Gooding,ID,min_fiber_share_locations;hazard_percentile_max.nri_wildfire_score,max_queue_median_age_years
16049,Idaho,ID,min_fiber_share_locations;min_nearby_capacity_multiple;hazard_percentile_max.nri_inland_flood_score;hazard_percentile_max.nri_wildfire_score,max_queue_median_age_years
16051,Jefferson,ID,min_nearby_capacity_multiple,max_queue_median_age_years
16053,Jerome,ID,min_nearby_capacity_multiple,max_queue_median_age_years
16057,Latah,ID,hazard_percentile_max.nri_wildfire_score,max_queue_median_age_years
16059,Lemhi,ID,min_nearby_capacity_multiple;hazard_percentile_max.nri_inland_flood_score;hazard_percentile_max.nri_wildfire_score,max_queue_median_age_years
16061,Lewis,ID,min_fiber_share_locations;min_population;min_nearby_capacity_multiple;hazard_percentile_max.nri_wildfire_score,max_queue_median_age_years
16063,Lincoln,ID,min_nearby_capacity_multiple;hazard_percentile_max.nri_wildfire_score,max_queue_median_age_years
16065,Madison,ID,min_nearby_capacity_multiple,max_queue_median_age_years
16067,Minidoka,ID,min_nearby_capacity_multiple,max_queue_median_age_years
16071,Oneida,ID,min_population;min_nearby_capacity_multiple;hazard_percentile_max.nri_wildfire_score,max_queue_median_age_years
16073,Owyhee,ID,min_fiber_share_locations;min_nearby_capacity_multiple;hazard_percentile_max.nri_inland_flood_score;hazard_percentile_max.nri_wildfire_score,
16075,Payette,ID,min_nearby_capacity_multiple;hazard_percentile_max.nri_wildfire_score,max_queue_median_age_years
16077,Power,ID,min_nearby_capacity_multiple;hazard_percentile_max.nri_wildfire_score,
16079,Shoshone,ID,hazard_percentile_max.nri_inland_flood_score,max_queue_median_age_years
16081,Teton,ID,min_nearby_capacity_multiple;hazard_percentile_max.nri_wildfire_score,max_queue_median_age_years
16083,Twin Falls,ID,min_nearby_capacity_multiple,max_queue_median_age_years
16085,Valley,ID,min_fiber_share_locations;min_nearby_capacity_multiple;hazard_percentile_max.nri_inland_flood_score;hazard_percentile_max.nri_wildfire_score,max_queue_median_age_years
16087,Washington,ID,hazard_percentile_max.nri_wildfire_score,max_queue_median_age_years
17001,Adams,IL,max_grid_co2_lb_mwh,
17003,Alexander,IL,max_grid_co2_lb_mwh;min_fiber_share_locations;hazard_percentile_max.nri_inland_flood_score,max_queue_median_age_years
17005,Bond,IL,max_grid_co2_lb_mwh,max_queue_median_age_years
17007,Boone,IL,max_grid_co2_lb_mwh,max_queue_median_age_years
17009,Brown,IL,max_grid_co2_lb_mwh,max_queue_median_age_years
17011,Bureau,IL,max_grid_co2_lb_mwh,
17013,Calhoun,IL,max_grid_co2_lb_mwh;min_population;hazard_percentile_max.nri_inland_flood_score,max_queue_median_age_years
17015,Carroll,IL,max_grid_co2_lb_mwh,max_queue_median_age_years
17017,Cass,IL,max_grid_co2_lb_mwh;hazard_percentile_max.nri_inland_flood_score,max_queue_median_age_years
17019,Champaign,IL,max_grid_co2_lb_mwh;exclude_moratorium_active,
17021,Christian,IL,max_grid_co2_lb_mwh,
17023,Clark,IL,max_grid_co2_lb_mwh,
17025,Clay,IL,max_grid_co2_lb_mwh,
17027,Clinton,IL,max_grid_co2_lb_mwh,max_queue_median_age_years
17029,Coles,IL,max_grid_co2_lb_mwh,
17031,Cook,IL,max_grid_co2_lb_mwh;hazard_percentile_max.nri_coastal_flood_score,
17033,Crawford,IL,max_grid_co2_lb_mwh,max_queue_median_age_years
17035,Cumberland,IL,max_grid_co2_lb_mwh,
17037,DeKalb,IL,max_grid_co2_lb_mwh,
17039,De Witt,IL,max_grid_co2_lb_mwh,
17041,Douglas,IL,max_grid_co2_lb_mwh;hazard_percentile_max.nri_inland_flood_score,max_queue_median_age_years
17043,DuPage,IL,max_grid_co2_lb_mwh,max_queue_median_age_years
17045,Edgar,IL,max_grid_co2_lb_mwh,
17047,Edwards,IL,max_grid_co2_lb_mwh,max_queue_median_age_years
17049,Effingham,IL,max_grid_co2_lb_mwh,max_queue_median_age_years
17051,Fayette,IL,max_grid_co2_lb_mwh,
17053,Ford,IL,max_grid_co2_lb_mwh,
17055,Franklin,IL,max_grid_co2_lb_mwh,
17057,Fulton,IL,max_grid_co2_lb_mwh,
17059,Gallatin,IL,max_grid_co2_lb_mwh;min_population;hazard_percentile_max.nri_inland_flood_score,max_queue_median_age_years
17061,Greene,IL,max_grid_co2_lb_mwh,
17063,Grundy,IL,max_grid_co2_lb_mwh;min_fiber_share_locations;hazard_percentile_max.nri_inland_flood_score,
17065,Hamilton,IL,max_grid_co2_lb_mwh,
17067,Hancock,IL,max_grid_co2_lb_mwh;min_nearby_capacity_multiple,max_queue_median_age_years
17069,Hardin,IL,max_grid_co2_lb_mwh;min_population;hazard_percentile_max.nri_inland_flood_score,max_queue_median_age_years
17071,Henderson,IL,max_grid_co2_lb_mwh;hazard_percentile_max.nri_inland_flood_score,max_queue_median_age_years
17073,Henry,IL,max_grid_co2_lb_mwh,
17075,Iroquois,IL,max_grid_co2_lb_mwh;hazard_percentile_max.nri_inland_flood_score,
17077,Jackson,IL,max_grid_co2_lb_mwh,max_queue_median_age_years
17079,Jasper,IL,max_grid_co2_lb_mwh,
17081,Jefferson,IL,max_grid_co2_lb_mwh,
17083,Jersey,IL,max_grid_co2_lb_mwh,max_queue_median_age_years
17085,Jo Daviess,IL,max_grid_co2_lb_mwh,max_queue_median_age_years
17087,Johnson,IL,max_grid_co2_lb_mwh,
17089,Kane,IL,max_grid_co2_lb_mwh,max_queue_median_age_years
17091,Kankakee,IL,max_grid_co2_lb_mwh;hazard_percentile_max.nri_inland_flood_score,
17093,Kendall,IL,max_grid_co2_lb_mwh,
17095,Knox,IL,max_grid_co2_lb_mwh,
17097,Lake,IL,max_grid_co2_lb_mwh;min_fiber_share_locations;exclude_moratorium_active;hazard_percentile_max.nri_coastal_flood_score,
17099,LaSalle,IL,max_grid_co2_lb_mwh,
17101,Lawrence,IL,max_grid_co2_lb_mwh;hazard_percentile_max.nri_inland_flood_score,max_queue_median_age_years
17103,Lee,IL,max_grid_co2_lb_mwh,
17105,Livingston,IL,max_grid_co2_lb_mwh;hazard_percentile_max.nri_inland_flood_score,
17107,Logan,IL,max_grid_co2_lb_mwh,
17109,McDonough,IL,max_grid_co2_lb_mwh,
17111,McHenry,IL,max_grid_co2_lb_mwh,
17113,McLean,IL,max_grid_co2_lb_mwh,
17115,Macon,IL,max_grid_co2_lb_mwh,
17117,Macoupin,IL,max_grid_co2_lb_mwh,max_queue_median_age_years
17119,Madison,IL,max_grid_co2_lb_mwh,max_queue_median_age_years
17121,Marion,IL,max_grid_co2_lb_mwh,
17123,Marshall,IL,max_grid_co2_lb_mwh,max_queue_median_age_years
17125,Mason,IL,max_grid_co2_lb_mwh,
17127,Massac,IL,max_grid_co2_lb_mwh,max_queue_median_age_years
17129,Menard,IL,max_grid_co2_lb_mwh,max_queue_median_age_years
17131,Mercer,IL,max_grid_co2_lb_mwh,max_queue_median_age_years
17133,Monroe,IL,max_grid_co2_lb_mwh,max_queue_median_age_years
17135,Montgomery,IL,max_grid_co2_lb_mwh,
17137,Morgan,IL,max_grid_co2_lb_mwh;max_queue_median_age_years,
17139,Moultrie,IL,max_grid_co2_lb_mwh;hazard_percentile_max.nri_inland_flood_score,max_queue_median_age_years
17141,Ogle,IL,max_grid_co2_lb_mwh;max_queue_median_age_years,
17143,Peoria,IL,max_grid_co2_lb_mwh,
17145,Perry,IL,max_grid_co2_lb_mwh,
17147,Piatt,IL,max_grid_co2_lb_mwh;hazard_percentile_max.nri_inland_flood_score,max_queue_median_age_years
17149,Pike,IL,max_grid_co2_lb_mwh;hazard_percentile_max.nri_inland_flood_score,max_queue_median_age_years
17151,Pope,IL,max_grid_co2_lb_mwh;min_population,max_queue_median_age_years
17153,Pulaski,IL,max_grid_co2_lb_mwh;min_fiber_share_locations,
17155,Putnam,IL,max_grid_co2_lb_mwh,
17157,Randolph,IL,max_grid_co2_lb_mwh,max_queue_median_age_years
17159,Richland,IL,max_grid_co2_lb_mwh,max_queue_median_age_years
17161,Rock Island,IL,max_grid_co2_lb_mwh,
17163,St. Clair,IL,max_grid_co2_lb_mwh,
17165,Saline,IL,max_grid_co2_lb_mwh,
17167,Sangamon,IL,max_grid_co2_lb_mwh,
17169,Schuyler,IL,max_grid_co2_lb_mwh,max_queue_median_age_years
17171,Scott,IL,max_grid_co2_lb_mwh;min_population;hazard_percentile_max.nri_inland_flood_score,
17173,Shelby,IL,max_grid_co2_lb_mwh,
17175,Stark,IL,max_grid_co2_lb_mwh,
17177,Stephenson,IL,max_grid_co2_lb_mwh,
17179,Tazewell,IL,max_grid_co2_lb_mwh,
17181,Union,IL,max_grid_co2_lb_mwh,max_queue_median_age_years
17183,Vermilion,IL,max_grid_co2_lb_mwh,
17185,Wabash,IL,max_grid_co2_lb_mwh,max_queue_median_age_years
17187,Warren,IL,max_grid_co2_lb_mwh,max_queue_median_age_years
17189,Washington,IL,max_grid_co2_lb_mwh,
17191,Wayne,IL,max_grid_co2_lb_mwh,max_queue_median_age_years
17193,White,IL,max_grid_co2_lb_mwh,max_queue_median_age_years
17195,Whiteside,IL,max_grid_co2_lb_mwh,
17197,Will,IL,max_grid_co2_lb_mwh,
17199,Williamson,IL,max_grid_co2_lb_mwh,max_queue_median_age_years
17201,Winnebago,IL,max_grid_co2_lb_mwh,
17203,Woodford,IL,max_grid_co2_lb_mwh;max_queue_median_age_years,
18001,Adams,IN,max_grid_co2_lb_mwh,max_queue_median_age_years
18003,Allen,IN,max_grid_co2_lb_mwh,
18005,Bartholomew,IN,max_grid_co2_lb_mwh,max_queue_median_age_years
18007,Benton,IN,max_grid_co2_lb_mwh,
18009,Blackford,IN,max_grid_co2_lb_mwh;exclude_moratorium_active,
18011,Boone,IN,max_grid_co2_lb_mwh;exclude_moratorium_active,max_queue_median_age_years
18013,Brown,IN,max_grid_co2_lb_mwh,max_queue_median_age_years
18015,Carroll,IN,max_grid_co2_lb_mwh,max_queue_median_age_years
18017,Cass,IN,max_grid_co2_lb_mwh;exclude_moratorium_active,max_queue_median_age_years
18019,Clark,IN,max_grid_co2_lb_mwh,max_queue_median_age_years
18021,Clay,IN,max_grid_co2_lb_mwh,max_queue_median_age_years
18023,Clinton,IN,max_grid_co2_lb_mwh,max_queue_median_age_years
18025,Crawford,IN,max_grid_co2_lb_mwh;hazard_percentile_max.nri_inland_flood_score,max_queue_median_age_years
18027,Daviess,IN,max_grid_co2_lb_mwh,max_queue_median_age_years
18029,Dearborn,IN,max_grid_co2_lb_mwh;exclude_moratorium_active,max_queue_median_age_years
18031,Decatur,IN,max_grid_co2_lb_mwh,max_queue_median_age_years
18033,DeKalb,IN,max_grid_co2_lb_mwh;exclude_moratorium_active,
18035,Delaware,IN,max_grid_co2_lb_mwh,
18037,Dubois,IN,max_grid_co2_lb_mwh,
18039,Elkhart,IN,max_grid_co2_lb_mwh,
18041,Fayette,IN,max_grid_co2_lb_mwh;exclude_moratorium_active,max_queue_median_age_years
18043,Floyd,IN,max_grid_co2_lb_mwh,max_queue_median_age_years
18045,Fountain,IN,max_grid_co2_lb_mwh;exclude_moratorium_active,
18047,Franklin,IN,max_grid_co2_lb_mwh;exclude_moratorium_active,max_queue_median_age_years
18049,Fulton,IN,max_grid_co2_lb_mwh;exclude_moratorium_active,max_queue_median_age_years
18051,Gibson,IN,max_grid_co2_lb_mwh,
18053,Grant,IN,max_grid_co2_lb_mwh;exclude_moratorium_active,
18055,Greene,IN,max_grid_co2_lb_mwh;min_fiber_share_locations,
18057,Hamilton,IN,max_grid_co2_lb_mwh,max_queue_median_age_years
18059,Hancock,IN,max_grid_co2_lb_mwh,max_queue_median_age_years
18061,Harrison,IN,max_grid_co2_lb_mwh;exclude_moratorium_active,max_queue_median_age_years
18063,Hendricks,IN,max_grid_co2_lb_mwh,max_queue_median_age_years
18065,Henry,IN,max_grid_co2_lb_mwh;exclude_moratorium_active,max_queue_median_age_years
18067,Howard,IN,max_grid_co2_lb_mwh,max_queue_median_age_years
18069,Huntington,IN,max_grid_co2_lb_mwh;exclude_moratorium_active,
18071,Jackson,IN,max_grid_co2_lb_mwh,max_queue_median_age_years
18073,Jasper,IN,max_grid_co2_lb_mwh;max_queue_median_age_years,
18075,Jay,IN,max_grid_co2_lb_mwh,
18077,Jefferson,IN,max_grid_co2_lb_mwh,max_queue_median_age_years
18079,Jennings,IN,max_grid_co2_lb_mwh,max_queue_median_age_years
18081,Johnson,IN,max_grid_co2_lb_mwh,max_queue_median_age_years
18083,Knox,IN,max_grid_co2_lb_mwh,
18085,Kosciusko,IN,max_grid_co2_lb_mwh,max_queue_median_age_years
18087,LaGrange,IN,max_grid_co2_lb_mwh,
18089,Lake,IN,max_grid_co2_lb_mwh;hazard_percentile_max.nri_coastal_flood_score,
18091,LaPorte,IN,max_grid_co2_lb_mwh;hazard_percentile_max.nri_coastal_flood_score,
18093,Lawrence,IN,max_grid_co2_lb_mwh,max_queue_median_age_years
18095,Madison,IN,max_grid_co2_lb_mwh;exclude_moratorium_active,
18097,Marion,IN,max_grid_co2_lb_mwh,max_queue_median_age_years
18099,Marshall,IN,max_grid_co2_lb_mwh;exclude_moratorium_active,max_queue_median_age_years
18101,Martin,IN,max_grid_co2_lb_mwh;exclude_moratorium_active,max_queue_median_age_years
18103,Miami,IN,max_grid_co2_lb_mwh;exclude_moratorium_active;hazard_percentile_max.nri_inland_flood_score,
18105,Monroe,IN,max_grid_co2_lb_mwh,max_queue_median_age_years
18107,Montgomery,IN,max_grid_co2_lb_mwh,
18109,Morgan,IN,max_grid_co2_lb_mwh,max_queue_median_age_years
18111,Newton,IN,max_grid_co2_lb_mwh,
18113,Noble,IN,max_grid_co2_lb_mwh,max_queue_median_age_years
18115,Ohio,IN,max_grid_co2_lb_mwh,max_queue_median_age_years
18117,Orange,IN,max_grid_co2_lb_mwh,max_queue_median_age_years
18119,Owen,IN,max_grid_co2_lb_mwh,max_queue_median_age_years
18121,Parke,IN,max_grid_co2_lb_mwh,max_queue_median_age_years
18123,Perry,IN,max_grid_co2_lb_mwh;hazard_percentile_max.nri_inland_flood_score,max_queue_median_age_years
18125,Pike,IN,max_grid_co2_lb_mwh,
18127,Porter,IN,max_grid_co2_lb_mwh;hazard_percentile_max.nri_coastal_flood_score,
18129,Posey,IN,max_grid_co2_lb_mwh,
18131,Pulaski,IN,max_grid_co2_lb_mwh;exclude_moratorium_active,
18133,Putnam,IN,max_grid_co2_lb_mwh;exclude_moratorium_active,max_queue_median_age_years
18135,Randolph,IN,max_grid_co2_lb_mwh,
18137,Ripley,IN,max_grid_co2_lb_mwh,max_queue_median_age_years
18139,Rush,IN,max_grid_co2_lb_mwh,max_queue_median_age_years
18141,St. Joseph,IN,max_grid_co2_lb_mwh,
18143,Scott,IN,max_grid_co2_lb_mwh,max_queue_median_age_years
18145,Shelby,IN,max_grid_co2_lb_mwh,max_queue_median_age_years
18147,Spencer,IN,max_grid_co2_lb_mwh,
18149,Starke,IN,max_grid_co2_lb_mwh;exclude_moratorium_active,
18151,Steuben,IN,max_grid_co2_lb_mwh,max_queue_median_age_years
18153,Sullivan,IN,max_grid_co2_lb_mwh,
18155,Switzerland,IN,max_grid_co2_lb_mwh,max_queue_median_age_years
18157,Tippecanoe,IN,max_grid_co2_lb_mwh,
18159,Tipton,IN,max_grid_co2_lb_mwh,max_queue_median_age_years
18161,Union,IN,max_grid_co2_lb_mwh,max_queue_median_age_years
18163,Vanderburgh,IN,max_grid_co2_lb_mwh,max_queue_median_age_years
18165,Vermillion,IN,max_grid_co2_lb_mwh,
18167,Vigo,IN,max_grid_co2_lb_mwh,
18169,Wabash,IN,max_grid_co2_lb_mwh,max_queue_median_age_years
18171,Warren,IN,max_grid_co2_lb_mwh,max_queue_median_age_years
18173,Warrick,IN,max_grid_co2_lb_mwh;exclude_moratorium_active,max_queue_median_age_years
18175,Washington,IN,max_grid_co2_lb_mwh,max_queue_median_age_years
18177,Wayne,IN,max_grid_co2_lb_mwh,max_queue_median_age_years
18179,Wells,IN,max_grid_co2_lb_mwh,max_queue_median_age_years
18181,White,IN,max_grid_co2_lb_mwh,
18183,Whitley,IN,max_grid_co2_lb_mwh,
19001,Adair,IA,max_grid_co2_lb_mwh;exclude_moratorium_active,
19003,Adams,IA,max_grid_co2_lb_mwh;min_population,max_queue_median_age_years
19005,Allamakee,IA,max_grid_co2_lb_mwh,max_queue_median_age_years
19007,Appanoose,IA,max_grid_co2_lb_mwh,max_queue_median_age_years
19009,Audubon,IA,max_grid_co2_lb_mwh,max_queue_median_age_years
19011,Benton,IA,max_grid_co2_lb_mwh,max_queue_median_age_years
19013,Black Hawk,IA,max_grid_co2_lb_mwh,max_queue_median_age_years
19015,Boone,IA,max_grid_co2_lb_mwh,max_queue_median_age_years
19017,Bremer,IA,max_grid_co2_lb_mwh,max_queue_median_age_years
19019,Buchanan,IA,max_grid_co2_lb_mwh,max_queue_median_age_years
19021,Buena Vista,IA,max_grid_co2_lb_mwh;min_fiber_share_locations,max_queue_median_age_years
19023,Butler,IA,max_grid_co2_lb_mwh;hazard_percentile_max.nri_inland_flood_score,max_queue_median_age_years
19025,Calhoun,IA,max_grid_co2_lb_mwh,max_queue_median_age_years
19027,Carroll,IA,max_grid_co2_lb_mwh,max_queue_median_age_years
19029,Cass,IA,max_grid_co2_lb_mwh,max_queue_median_age_years
19031,Cedar,IA,max_grid_co2_lb_mwh,max_queue_median_age_years
19033,Cerro Gordo,IA,max_grid_co2_lb_mwh,
19035,Cherokee,IA,max_grid_co2_lb_mwh,max_queue_median_age_years
19037,Chickasaw,IA,max_grid_co2_lb_mwh,max_queue_median_age_years
19039,Clarke,IA,max_grid_co2_lb_mwh;exclude_moratorium_active,max_queue_median_age_years
19041,Clay,IA,max_grid_co2_lb_mwh;hazard_percentile_max.nri_inland_flood_score,max_queue_median_age_years
19043,Clayton,IA,max_grid_co2_lb_mwh;hazard_percentile_max.nri_inland_flood_score,max_queue_median_age_years
19045,Clinton,IA,max_grid_co2_lb_mwh,
19047,Crawford,IA,max_grid_co2_lb_mwh;hazard_percentile_max.nri_inland_flood_score,max_queue_median_age_years
19049,Dallas,IA,max_grid_co2_lb_mwh,max_queue_median_age_years
19051,Davis,IA,max_grid_co2_lb_mwh,max_queue_median_age_years
19053,Decatur,IA,max_grid_co2_lb_mwh,max_queue_median_age_years
19055,Delaware,IA,max_grid_co2_lb_mwh;hazard_percentile_max.nri_inland_flood_score,max_queue_median_age_years
19057,Des Moines,IA,max_grid_co2_lb_mwh,max_queue_median_age_years
19059,Dickinson,IA,max_grid_co2_lb_mwh,max_queue_median_age_years
19061,Dubuque,IA,max_grid_co2_lb_mwh;exclude_moratorium_active,max_queue_median_age_years
19063,Emmet,IA,max_grid_co2_lb_mwh,max_queue_median_age_years
19065,Fayette,IA,max_grid_co2_lb_mwh,max_queue_median_age_years
19067,Floyd,IA,max_grid_co2_lb_mwh;hazard_percentile_max.nri_inland_flood_score,max_queue_median_age_years
19069,Franklin,IA,max_grid_co2_lb_mwh,
19071,Fremont,IA,max_grid_co2_lb_mwh,max_queue_median_age_years
19073,Greene,IA,max_grid_co2_lb_mwh,max_queue_median_age_years
19075,Grundy,IA,max_grid_co2_lb_mwh,max_queue_median_age_years
19077,Guthrie,IA,max_grid_co2_lb_mwh,max_queue_median_age_years
19079,Hamilton,IA,max_grid_co2_lb_mwh,max_queue_median_age_years
19081,Hancock,IA,max_grid_co2_lb_mwh,max_queue_median_age_years
19083,Hardin,IA,max_grid_co2_lb_mwh,max_queue_median_age_years
19085,Harrison,IA,max_grid_co2_lb_mwh,max_queue_median_age_years
19087,Henry,IA,max_grid_co2_lb_mwh,max_queue_median_age_years
19089,Howard,IA,max_grid_co2_lb_mwh,
19091,Humboldt,IA,max_grid_co2_lb_mwh,max_queue_median_age_years
19093,Ida,IA,max_grid_co2_lb_mwh,max_queue_median_age_years
19095,Iowa,IA,max_grid_co2_lb_mwh,max_queue_median_age_years
19097,Jackson,IA,max_grid_co2_lb_mwh;hazard_percentile_max.nri_inland_flood_score,max_queue_median_age_years
19099,Jasper,IA,max_grid_co2_lb_mwh,max_queue_median_age_years
19101,Jefferson,IA,max_grid_co2_lb_mwh,max_queue_median_age_years
19103,Johnson,IA,max_grid_co2_lb_mwh;max_queue_median_age_years;exclude_moratorium_active,
19105,Jones,IA,max_grid_co2_lb_mwh;hazard_percentile_max.nri_inland_flood_score,max_queue_median_age_years
19107,Keokuk,IA,max_grid_co2_lb_mwh,max_queue_median_age_years
19109,Kossuth,IA,max_grid_co2_lb_mwh,max_queue_median_age_years
19111,Lee,IA,max_grid_co2_lb_mwh,max_queue_median_age_years
19113,Linn,IA,max_grid_co2_lb_mwh,
19115,Louisa,IA,max_grid_co2_lb_mwh,
19117,Lucas,IA,max_grid_co2_lb_mwh,max_queue_median_age_years
19119,Lyon,IA,max_grid_co2_lb_mwh,max_queue_median_age_years
19121,Madison,IA,max_grid_co2_lb_mwh;exclude_moratorium_active,max_queue_median_age_years
19123,Mahaska,IA,max_grid_co2_lb_mwh,max_queue_median_age_years
19125,Marion,IA,max_grid_co2_lb_mwh,max_queue_median_age_years
19127,Marshall,IA,max_grid_co2_lb_mwh,
19129,Mills,IA,max_grid_co2_lb_mwh;hazard_percentile_max.nri_inland_flood_score,max_queue_median_age_years
19131,Mitchell,IA,max_grid_co2_lb_mwh;hazard_percentile_max.nri_inland_flood_score,max_queue_median_age_years
19133,Monona,IA,max_grid_co2_lb_mwh;min_fiber_share_locations,max_queue_median_age_years
19135,Monroe,IA,max_grid_co2_lb_mwh,max_queue_median_age_years
19137,Montgomery,IA,max_grid_co2_lb_mwh,max_queue_median_age_years
19139,Muscatine,IA,max_grid_co2_lb_mwh,
19141,O'Brien,IA,max_grid_co2_lb_mwh,max_queue_median_age_years
19143,Osceola,IA,max_grid_co2_lb_mwh,max_queue_median_age_years
19145,Page,IA,max_grid_co2_lb_mwh,max_queue_median_age_years
19147,Palo Alto,IA,max_grid_co2_lb_mwh;max_queue_median_age_years,
19149,Plymouth,IA,max_grid_co2_lb_mwh;exclude_moratorium_active,max_queue_median_age_years
19151,Pocahontas,IA,max_grid_co2_lb_mwh,max_queue_median_age_years
19153,Polk,IA,max_grid_co2_lb_mwh,max_queue_median_age_years
19155,Pottawattamie,IA,max_grid_co2_lb_mwh,max_queue_median_age_years
19157,Poweshiek,IA,max_grid_co2_lb_mwh,max_queue_median_age_years
19159,Ringgold,IA,max_grid_co2_lb_mwh;min_fiber_share_locations;min_population,max_queue_median_age_years
19161,Sac,IA,max_grid_co2_lb_mwh,max_queue_median_age_years
19163,Scott,IA,max_grid_co2_lb_mwh,max_queue_median_age_years
19165,Shelby,IA,max_grid_co2_lb_mwh;exclude_moratorium_active,max_queue_median_age_years
19167,Sioux,IA,max_grid_co2_lb_mwh;exclude_moratorium_active,max_queue_median_age_years
19169,Story,IA,max_grid_co2_lb_mwh,max_queue_median_age_years
19171,Tama,IA,max_grid_co2_lb_mwh,max_queue_median_age_years
19173,Taylor,IA,max_grid_co2_lb_mwh;exclude_moratorium_active,max_queue_median_age_years
19175,Union,IA,max_grid_co2_lb_mwh,max_queue_median_age_years
19177,Van Buren,IA,max_grid_co2_lb_mwh;hazard_percentile_max.nri_inland_flood_score,max_queue_median_age_years
19179,Wapello,IA,max_grid_co2_lb_mwh;hazard_percentile_max.nri_inland_flood_score,
19181,Warren,IA,max_grid_co2_lb_mwh,max_queue_median_age_years
19183,Washington,IA,max_grid_co2_lb_mwh,
19185,Wayne,IA,max_grid_co2_lb_mwh,max_queue_median_age_years
19187,Webster,IA,max_grid_co2_lb_mwh,
19189,Winnebago,IA,max_grid_co2_lb_mwh,
19191,Winneshiek,IA,max_grid_co2_lb_mwh,max_queue_median_age_years
19193,Woodbury,IA,max_grid_co2_lb_mwh;exclude_moratorium_active,max_queue_median_age_years
19195,Worth,IA,max_grid_co2_lb_mwh,
19197,Wright,IA,max_grid_co2_lb_mwh,max_queue_median_age_years
20001,Allen,KS,max_grid_co2_lb_mwh,max_queue_median_age_years
20003,Anderson,KS,max_grid_co2_lb_mwh,max_queue_median_age_years
20005,Atchison,KS,max_grid_co2_lb_mwh,max_queue_median_age_years
20007,Barber,KS,max_grid_co2_lb_mwh;min_population;hazard_percentile_max.nri_wildfire_score,max_queue_median_age_years
20009,Barton,KS,max_grid_co2_lb_mwh,max_queue_median_age_years
20011,Bourbon,KS,max_grid_co2_lb_mwh,
20013,Brown,KS,max_grid_co2_lb_mwh,max_queue_median_age_years
20015,Butler,KS,max_grid_co2_lb_mwh;hazard_percentile_max.nri_wildfire_score,max_queue_median_age_years
20017,Chase,KS,max_grid_co2_lb_mwh;min_population;hazard_percentile_max.nri_inland_flood_score;hazard_percentile_max.nri_wildfire_score,max_queue_median_age_years
20019,Chautauqua,KS,max_grid_co2_lb_mwh;min_fiber_share_locations;min_population;hazard_percentile_max.nri_wildfire_score,max_queue_median_age_years
20021,Cherokee,KS,max_grid_co2_lb_mwh,max_queue_median_age_years
20023,Cheyenne,KS,max_grid_co2_lb_mwh;min_population;min_nearby_capacity_multiple,max_queue_median_age_years
20025,Clark,KS,max_grid_co2_lb_mwh;min_population;hazard_percentile_max.nri_wildfire_score,max_queue_median_age_years
20027,Clay,KS,max_grid_co2_lb_mwh,max_queue_median_age_years
20029,Cloud,KS,max_grid_co2_lb_mwh,
20031,Coffey,KS,max_grid_co2_lb_mwh;hazard_percentile_max.nri_inland_flood_score,max_queue_median_age_years
20033,Comanche,KS,max_grid_co2_lb_mwh;min_population;hazard_percentile_max.nri_wildfire_score,max_queue_median_age_years
20035,Cowley,KS,max_grid_co2_lb_mwh;hazard_percentile_max.nri_wildfire_score,max_queue_median_age_years
20037,Crawford,KS,max_grid_co2_lb_mwh,max_queue_median_age_years
20039,Decatur,KS,max_grid_co2_lb_mwh;min_population;min_nearby_capacity_multiple,max_queue_median_age_years
20041,Dickinson,KS,max_grid_co2_lb_mwh,max_queue_median_age_years
20043,Doniphan,KS,max_grid_co2_lb_mwh,max_queue_median_age_years
20045,Douglas,KS,max_grid_co2_lb_mwh,max_queue_median_age_years
20047,Edwards,KS,max_grid_co2_lb_mwh;min_population,
20049,Elk,KS,max_grid_co2_lb_mwh;min_fiber_share_locations;min_population;hazard_percentile_max.nri_wildfire_score,max_queue_median_age_years
20051,Ellis,KS,max_grid_co2_lb_mwh;min_nearby_capacity_multiple,
20053,Ellsworth,KS,max_grid_co2_lb_mwh,max_queue_median_age_years
20055,Finney,KS,max_grid_co2_lb_mwh,
20057,Ford,KS,max_grid_co2_lb_mwh,
20059,Franklin,KS,max_grid_co2_lb_mwh,max_queue_median_age_years
20061,Geary,KS,max_grid_co2_lb_mwh;exclude_moratorium_active,max_queue_median_age_years
20063,Gove,KS,max_grid_co2_lb_mwh;min_population;min_nearby_capacity_multiple,max_queue_median_age_years
20065,Graham,KS,max_grid_co2_lb_mwh;min_population;min_nearby_capacity_multiple,max_queue_median_age_years
20067,Grant,KS,max_grid_co2_lb_mwh,max_queue_median_age_years
20069,Gray,KS,max_grid_co2_lb_mwh,max_queue_median_age_years
20071,Greeley,KS,max_grid_co2_lb_mwh;min_population;min_nearby_capacity_multiple,max_queue_median_age_years
20073,Greenwood,KS,max_grid_co2_lb_mwh;hazard_percentile_max.nri_wildfire_score,max_queue_median_age_years
20075,Hamilton,KS,max_grid_co2_lb_mwh;min_population;min_nearby_capacity_multiple,max_queue_median_age_years
20077,Harper,KS,max_grid_co2_lb_mwh;hazard_percentile_max.nri_wildfire_score,
20079,Harvey,KS,max_grid_co2_lb_mwh;exclude_moratorium_active,max_queue_median_age_years
20081,Haskell,KS,max_grid_co2_lb_mwh;min_population,max_queue_median_age_years
20083,Hodgeman,KS,max_grid_co2_lb_mwh;min_population,
20085,Jackson,KS,max_grid_co2_lb_mwh;hazard_percentile_max.nri_wildfire_score,max_queue_median_age_years
20087,Jefferson,KS,max_grid_co2_lb_mwh;min_fiber_share_locations,max_queue_median_age_years
20089,Jewell,KS,max_grid_co2_lb_mwh;min_population,max_queue_median_age_years
20091,Johnson,KS,max_grid_co2_lb_mwh;max_queue_median_age_years,
20093,Kearny,KS,max_grid_co2_lb_mwh;min_population,max_queue_median_age_years
20095,Kingman,KS,max_grid_co2_lb_mwh;hazard_percentile_max.nri_wildfire_score,max_queue_median_age_years
20097,Kiowa,KS,max_grid_co2_lb_mwh;min_population;hazard_percentile_max.nri_wildfire_score,max_queue_median_age_years
20099,Labette,KS,max_grid_co2_lb_mwh,
20101,Lane,KS,max_grid_co2_lb_mwh;min_population,max_queue_median_age_years
20103,Leavenworth,KS,max_grid_co2_lb_mwh,
20105,Lincoln,KS,max_grid_co2_lb_mwh;min_population;min_nearby_capacity_multiple,max_queue_median_age_years
20107,Linn,KS,max_grid_co2_lb_mwh,
20109,Logan,KS,max_grid_co2_lb_mwh;min_population;min_nearby_capacity_multiple,max_queue_median_age_years
20111,Lyon,KS,max_grid_co2_lb_mwh,max_queue_median_age_years
20113,McPherson,KS,max_grid_co2_lb_mwh,max_queue_median_age_years
20115,Marion,KS,max_grid_co2_lb_mwh,max_queue_median_age_years
20117,Marshall,KS,max_grid_co2_lb_mwh,max_queue_median_age_years
20119,Meade,KS,max_grid_co2_lb_mwh;min_population;hazard_percentile_max.nri_wildfire_score,max_queue_median_age_years
20121,Miami,KS,max_grid_co2_lb_mwh,max_queue_median_age_years
20123,Mitchell,KS,max_grid_co2_lb_mwh,max_queue_median_age_years
20125,Montgomery,KS,max_grid_co2_lb_mwh,max_queue_median_age_years
20127,Morris,KS,max_grid_co2_lb_mwh;hazard_percentile_max.nri_wildfire_score,max_queue_median_age_years
20129,Morton,KS,max_grid_co2_lb_mwh;min_population;min_nearby_capacity_multiple;hazard_percentile_max.nri_wildfire_score,max_queue_median_age_years
20131,Nemaha,KS,max_grid_co2_lb_mwh,max_queue_median_age_years
20133,Neosho,KS,max_grid_co2_lb_mwh,max_queue_median_age_years
20135,Ness,KS,max_grid_co2_lb_mwh;min_population,max_queue_median_age_years
20137,Norton,KS,max_grid_co2_lb_mwh;min_nearby_capacity_multiple,max_queue_median_age_years
20139,Osage,KS,max_grid_co2_lb_mwh,max_queue_median_age_years
20141,Osborne,KS,max_grid_co2_lb_mwh;min_population;min_nearby_capacity_multiple,max_queue_median_age_years
20143,Ottawa,KS,max_grid_co2_lb_mwh;hazard_percentile_max.nri_inland_flood_score,max_queue_median_age_years
20145,Pawnee,KS,max_grid_co2_lb_mwh,max_queue_median_age_years
20147,Phillips,KS,max_grid_co2_lb_mwh;min_population;min_nearby_capacity_multiple,max_queue_median_age_years
20149,Pottawatomie,KS,max_grid_co2_lb_mwh;hazard_percentile_max.nri_wildfire_score,max_queue_median_age_years
20151,Pratt,KS,max_grid_co2_lb_mwh;hazard_percentile_max.nri_wildfire_score,
20153,Rawlins,KS,max_grid_co2_lb_mwh;min_population;min_nearby_capacity_multiple,max_queue_median_age_years
20155,Reno,KS,max_grid_co2_lb_mwh;hazard_percentile_max.nri_wildfire_score,max_queue_median_age_years
20157,Republic,KS,max_grid_co2_lb_mwh;min_population,max_queue_median_age_years
20159,Rice,KS,max_grid_co2_lb_mwh,max_queue_median_age_years
20161,Riley,KS,max_grid_co2_lb_mwh,max_queue_median_age_years
20163,Rooks,KS,max_grid_co2_lb_mwh;min_population;min_nearby_capacity_multiple,max_queue_median_age_years
20165,Rush,KS,max_grid_co2_lb_mwh;min_population,max_queue_median_age_years
20167,Russell,KS,max_grid_co2_lb_mwh;min_nearby_capacity_multiple,max_queue_median_age_years
20169,Saline,KS,max_grid_co2_lb_mwh;exclude_moratorium_active,max_queue_median_age_years
20171,Scott,KS,max_grid_co2_lb_mwh,
20173,Sedgwick,KS,max_grid_co2_lb_mwh;max_queue_median_age_years,
20175,Seward,KS,max_grid_co2_lb_mwh;hazard_percentile_max.nri_wildfire_score,max_queue_median_age_years
20177,Shawnee,KS,max_grid_co2_lb_mwh,max_queue_median_age_years
20179,Sheridan,KS,max_grid_co2_lb_mwh;min_population;min_nearby_capacity_multiple,max_queue_median_age_years
20181,Sherman,KS,max_grid_co2_lb_mwh;min_nearby_capacity_multiple,max_queue_median_age_years
20183,Smith,KS,max_grid_co2_lb_mwh;min_population;min_nearby_capacity_multiple,max_queue_median_age_years
20185,Stafford,KS,max_grid_co2_lb_mwh;min_population;hazard_percentile_max.nri_wildfire_score,
20187,Stanton,KS,max_grid_co2_lb_mwh;min_population;min_nearby_capacity_multiple,max_queue_median_age_years
20189,Stevens,KS,max_grid_co2_lb_mwh,
20191,Sumner,KS,max_grid_co2_lb_mwh;max_queue_median_age_years,
20193,Thomas,KS,max_grid_co2_lb_mwh;min_nearby_capacity_multiple,max_queue_median_age_years
20195,Trego,KS,max_grid_co2_lb_mwh;min_population;min_nearby_capacity_multiple,max_queue_median_age_years
20197,Wabaunsee,KS,max_grid_co2_lb_mwh;hazard_percentile_max.nri_wildfire_score,max_queue_median_age_years
20199,Wallace,KS,max_grid_co2_lb_mwh;min_population,max_queue_median_age_years
20201,Washington,KS,max_grid_co2_lb_mwh,max_queue_median_age_years
20203,Wichita,KS,max_grid_co2_lb_mwh;min_population,max_queue_median_age_years
20205,Wilson,KS,max_grid_co2_lb_mwh;hazard_percentile_max.nri_inland_flood_score,max_queue_median_age_years
20207,Woodson,KS,max_grid_co2_lb_mwh;min_fiber_share_locations;min_population,max_queue_median_age_years
20209,Wyandotte,KS,max_grid_co2_lb_mwh,
21001,Adair,KY,max_grid_co2_lb_mwh,max_queue_median_age_years
21003,Allen,KY,max_grid_co2_lb_mwh;exclude_moratorium_active,max_queue_median_age_years
21005,Anderson,KY,max_grid_co2_lb_mwh,max_queue_median_age_years
21007,Ballard,KY,max_grid_co2_lb_mwh,max_queue_median_age_years
21009,Barren,KY,max_grid_co2_lb_mwh,
21011,Bath,KY,max_grid_co2_lb_mwh,max_queue_median_age_years
21013,Bell,KY,max_grid_co2_lb_mwh;min_fiber_share_locations;hazard_percentile_max.nri_inland_flood_score,max_queue_median_age_years
21015,Boone,KY,max_grid_co2_lb_mwh,max_queue_median_age_years
21017,Bourbon,KY,max_grid_co2_lb_mwh,max_queue_median_age_years
21019,Boyd,KY,max_grid_co2_lb_mwh;exclude_moratorium_active;hazard_percentile_max.nri_inland_flood_score,max_queue_median_age_years
21021,Boyle,KY,max_grid_co2_lb_mwh,max_queue_median_age_years
21023,Bracken,KY,max_grid_co2_lb_mwh;hazard_percentile_max.nri_inland_flood_score,max_queue_median_age_years
21025,Breathitt,KY,max_grid_co2_lb_mwh,max_queue_median_age_years
21027,Breckinridge,KY,max_grid_co2_lb_mwh;exclude_moratorium_active,max_queue_median_age_years
21029,Bullitt,KY,max_grid_co2_lb_mwh;hazard_percentile_max.nri_inland_flood_score,max_queue_median_age_years
21031,Butler,KY,max_grid_co2_lb_mwh,max_queue_median_age_years
21033,Caldwell,KY,max_grid_co2_lb_mwh;min_fiber_share_locations,max_queue_median_age_years
21035,Calloway,KY,max_grid_co2_lb_mwh,max_queue_median_age_years
21037,Campbell,KY,max_grid_co2_lb_mwh,max_queue_median_age_years
21039,Carlisle,KY,max_grid_co2_lb_mwh;min_population,max_queue_median_age_years
21041,Carroll,KY,max_grid_co2_lb_mwh;hazard_percentile_max.nri_inland_flood_score,max_queue_median_age_years
21043,Carter,KY,max_grid_co2_lb_mwh,max_queue_median_age_years
21045,Casey,KY,max_grid_co2_lb_mwh,max_queue_median_age_years
21047,Christian,KY,max_grid_co2_lb_mwh,max_queue_median_age_years
21049,Clark,KY,max_grid_co2_lb_mwh,max_queue_median_age_years
21051,Clay,KY,max_grid_co2_lb_mwh;hazard_percentile_max.nri_inland_flood_score,max_queue_median_age_years
21053,Clinton,KY,max_grid_co2_lb_mwh;min_nearby_capacity_multiple;hazard_percentile_max.nri_inland_flood_score,max_queue_median_age_years
21055,Crittenden,KY,max_grid_co2_lb_mwh;min_fiber_share_locations,max_queue_median_age_years
21057,Cumberland,KY,max_grid_co2_lb_mwh;min_nearby_capacity_multiple;hazard_percentile_max.nri_inland_flood_score,max_queue_median_age_years
21059,Daviess,KY,max_grid_co2_lb_mwh;exclude_moratorium_active;hazard_percentile_max.nri_inland_flood_score,max_queue_median_age_years
21061,Edmonson,KY,max_grid_co2_lb_mwh;exclude_moratorium_active,max_queue_median_age_years
21063,Elliott,KY,max_grid_co2_lb_mwh;hazard_percentile_max.nri_inland_flood_score,max_queue_median_age_years
21065,Estill,KY,max_grid_co2_lb_mwh;hazard_percentile_max.nri_inland_flood_score,max_queue_median_age_years
21067,Fayette,KY,max_grid_co2_lb_mwh,max_queue_median_age_years
21069,Fleming,KY,max_grid_co2_lb_mwh,
21071,Floyd,KY,max_grid_co2_lb_mwh;min_fiber_share_locations;hazard_percentile_max.nri_inland_flood_score,max_queue_median_age_years
21073,Franklin,KY,max_grid_co2_lb_mwh,max_queue_median_age_years
21075,Fulton,KY,max_grid_co2_lb_mwh,max_queue_median_age_years
21077,Gallatin,KY,max_grid_co2_lb_mwh;hazard_percentile_max.nri_inland_flood_score,max_queue_median_age_years
21079,Garrard,KY,max_grid_co2_lb_mwh,max_queue_median_age_years
21081,Grant,KY,max_grid_co2_lb_mwh,max_queue_median_age_years
21083,Graves,KY,max_grid_co2_lb_mwh,
21085,Grayson,KY,max_grid_co2_lb_mwh,max_queue_median_age_years
21087,Green,KY,max_grid_co2_lb_mwh,
21089,Greenup,KY,max_grid_co2_lb_mwh;hazard_percentile_max.nri_inland_flood_score,max_queue_median_age_years
21091,Hancock,KY,max_grid_co2_lb_mwh;hazard_percentile_max.nri_inland_flood_score,max_queue_median_age_years
21093,Hardin,KY,max_grid_co2_lb_mwh,max_queue_median_age_years
21095,Harlan,KY,max_grid_co2_lb_mwh;hazard_percentile_max.nri_inland_flood_score,max_queue_median_age_years
21097,Harrison,KY,max_grid_co2_lb_mwh,max_queue_median_age_years
21099,Hart,KY,max_grid_co2_lb_mwh,max_queue_median_age_years
21101,Henderson,KY,max_grid_co2_lb_mwh;hazard_percentile_max.nri_inland_flood_score,
21103,Henry,KY,max_grid_co2_lb_mwh;min_fiber_share_locations,max_queue_median_age_years
21105,Hickman,KY,max_grid_co2_lb_mwh;min_population,max_queue_median_age_years
21107,Hopkins,KY,max_grid_co2_lb_mwh;min_fiber_share_locations,max_queue_median_age_years
21109,Jackson,KY,max_grid_co2_lb_mwh;hazard_percentile_max.nri_inland_flood_score,max_queue_median_age_years
21111,Jefferson,KY,max_grid_co2_lb_mwh;hazard_percentile_max.nri_inland_flood_score,
21113,Jessamine,KY,max_grid_co2_lb_mwh,max_queue_median_age_years
21115,Johnson,KY,max_grid_co2_lb_mwh,max_queue_median_age_years
21117,Kenton,KY,max_grid_co2_lb_mwh,max_queue_median_age_years
21119,Knott,KY,max_grid_co2_lb_mwh;hazard_percentile_max.nri_inland_flood_score,max_queue_median_age_years
21121,Knox,KY,max_grid_co2_lb_mwh,max_queue_median_age_years
21123,Larue,KY,max_grid_co2_lb_mwh,max_queue_median_age_years
21125,Laurel,KY,max_grid_co2_lb_mwh,max_queue_median_age_years
21127,Lawrence,KY,max_grid_co2_lb_mwh;hazard_percentile_max.nri_inland_flood_score,max_queue_median_age_years
21129,Lee,KY,max_grid_co2_lb_mwh;hazard_percentile_max.nri_inland_flood_score,max_queue_median_age_years
21131,Leslie,KY,max_grid_co2_lb_mwh;hazard_percentile_max.nri_inland_flood_score,max_queue_median_age_years
21133,Letcher,KY,max_grid_co2_lb_mwh;min_fiber_share_locations;hazard_percentile_max.nri_inland_flood_score,max_queue_median_age_years
21135,Lewis,KY,max_grid_co2_lb_mwh;min_fiber_share_locations;hazard_percentile_max.nri_inland_flood_score,max_queue_median_age_years
21137,Lincoln,KY,max_grid_co2_lb_mwh,max_queue_median_age_years
21139,Livingston,KY,max_grid_co2_lb_mwh,max_queue_median_age_years
21141,Logan,KY,max_grid_co2_lb_mwh,max_queue_median_age_years
21143,Lyon,KY,max_grid_co2_lb_mwh,max_queue_median_age_years
21145,McCracken,KY,max_grid_co2_lb_mwh,
21147,McCreary,KY,max_grid_co2_lb_mwh,max_queue_median_age_years
21149,McLean,KY,max_grid_co2_lb_mwh;hazard_percentile_max.nri_inland_flood_score,max_queue_median_age_years
21151,Madison,KY,max_grid_co2_lb_mwh,max_queue_median_age_years
21153,Magoffin,KY,max_grid_co2_lb_mwh;hazard_percentile_max.nri_inland_flood_score,max_queue_median_age_years
21155,Marion,KY,max_grid_co2_lb_mwh,
21157,Marshall,KY,max_grid_co2_lb_mwh,max_queue_median_age_years
21159,Martin,KY,max_grid_co2_lb_mwh;min_fiber_share_locations;hazard_percentile_max.nri_inland_flood_score,
21161,Mason,KY,max_grid_co2_lb_mwh;exclude_moratorium_active,max_queue_median_age_years
21163,Meade,KY,max_grid_co2_lb_mwh;exclude_moratorium_active,max_queue_median_age_years
21165,Menifee,KY,max_grid_co2_lb_mwh;hazard_percentile_max.nri_inland_flood_score,max_queue_median_age_years
21167,Mercer,KY,max_grid_co2_lb_mwh;exclude_moratorium_active;hazard_percentile_max.nri_inland_flood_score,
21169,Metcalfe,KY,max_grid_co2_lb_mwh;min_nearby_capacity_multiple,max_queue_median_age_years
21171,Monroe,KY,max_grid_co2_lb_mwh,max_queue_median_age_years
21173,Montgomery,KY,max_grid_co2_lb_mwh,max_queue_median_age_years
21175,Morgan,KY,max_grid_co2_lb_mwh;hazard_percentile_max.nri_inland_flood_score,max_queue_median_age_years
21177,Muhlenberg,KY,max_grid_co2_lb_mwh,
21179,Nelson,KY,max_grid_co2_lb_mwh,max_queue_median_age_years
21181,Nicholas,KY,max_grid_co2_lb_mwh;min_fiber_share_locations,max_queue_median_age_years
21183,Ohio,KY,max_grid_co2_lb_mwh,max_queue_median_age_years
21185,Oldham,KY,max_grid_co2_lb_mwh,max_queue_median_age_years
21187,Owen,KY,max_grid_co2_lb_mwh,max_queue_median_age_years
21189,Owsley,KY,max_grid_co2_lb_mwh;min_population;hazard_percentile_max.nri_inland_flood_score,max_queue_median_age_years
21191,Pendleton,KY,max_grid_co2_lb_mwh,max_queue_median_age_years
21193,Perry,KY,max_grid_co2_lb_mwh,max_queue_median_age_years
21195,Pike,KY,max_grid_co2_lb_mwh;min_fiber_share_locations;hazard_percentile_max.nri_inland_flood_score,
21197,Powell,KY,max_grid_co2_lb_mwh;hazard_percentile_max.nri_inland_flood_score,max_queue_median_age_years
21199,Pulaski,KY,max_grid_co2_lb_mwh,max_queue_median_age_years
21201,Robertson,KY,max_grid_co2_lb_mwh;min_fiber_share_locations;min_population,max_queue_median_age_years
21203,Rockcastle,KY,max_grid_co2_lb_mwh;hazard_percentile_max.nri_inland_flood_score,max_queue_median_age_years
21205,Rowan,KY,max_grid_co2_lb_mwh,max_queue_median_age_years
21207,Russell,KY,max_grid_co2_lb_mwh,max_queue_median_age_years
21209,Scott,KY,max_grid_co2_lb_mwh,max_queue_median_age_years
21211,Shelby,KY,max_grid_co2_lb_mwh,max_queue_median_age_years
21213,Simpson,KY,max_grid_co2_lb_mwh,max_queue_median_age_years
21215,Spencer,KY,max_grid_co2_lb_mwh,max_queue_median_age_years
21217,Taylor,KY,max_grid_co2_lb_mwh,max_queue_median_age_years
21219,Todd,KY,max_grid_co2_lb_mwh,max_queue_median_age_years
21221,Trigg,KY,max_grid_co2_lb_mwh,max_queue_median_age_years
21223,Trimble,KY,max_grid_co2_lb_mwh;hazard_percentile_max.nri_inland_flood_score,
21225,Union,KY,max_grid_co2_lb_mwh,max_queue_median_age_years
21227,Warren,KY,max_grid_co2_lb_mwh,max_queue_median_age_years
21229,Washington,KY,max_grid_co2_lb_mwh,max_queue_median_age_years
21231,Wayne,KY,max_grid_co2_lb_mwh;min_nearby_capacity_multiple,max_queue_median_age_years
21233,Webster,KY,max_grid_co2_lb_mwh;min_fiber_share_locations,
21235,Whitley,KY,max_grid_co2_lb_mwh,max_queue_median_age_years
21237,Wolfe,KY,max_grid_co2_lb_mwh;hazard_percentile_max.nri_inland_flood_score,max_queue_median_age_years
21239,Woodford,KY,max_grid_co2_lb_mwh,max_queue_median_age_years
22001,Acadia,LA,max_grid_co2_lb_mwh;hazard_percentile_max.nri_inland_flood_score;hazard_percentile_max.nri_coastal_flood_score;hazard_percentile_max.nri_hurricane_score,
22003,Allen,LA,max_grid_co2_lb_mwh;hazard_percentile_max.nri_coastal_flood_score;hazard_percentile_max.nri_hurricane_score,max_queue_median_age_years
22005,Ascension,LA,max_grid_co2_lb_mwh;hazard_percentile_max.nri_coastal_flood_score;hazard_percentile_max.nri_hurricane_score,max_queue_median_age_years
22007,Assumption,LA,max_grid_co2_lb_mwh;min_fiber_share_locations;hazard_percentile_max.nri_coastal_flood_score;hazard_percentile_max.nri_hurricane_score,max_queue_median_age_years
22009,Avoyelles,LA,max_grid_co2_lb_mwh;hazard_percentile_max.nri_hurricane_score,max_queue_median_age_years
22011,Beauregard,LA,max_grid_co2_lb_mwh;hazard_percentile_max.nri_coastal_flood_score,
22013,Bienville,LA,max_grid_co2_lb_mwh;min_fiber_share_locations,max_queue_median_age_years
22015,Bossier,LA,max_grid_co2_lb_mwh,
22017,Caddo,LA,max_grid_co2_lb_mwh;max_queue_median_age_years,
22019,Calcasieu,LA,max_grid_co2_lb_mwh;hazard_percentile_max.nri_coastal_flood_score;hazard_percentile_max.nri_hurricane_score,
22021,Caldwell,LA,max_grid_co2_lb_mwh,max_queue_median_age_years
22023,Cameron,LA,max_grid_co2_lb_mwh;min_fiber_share_locations;hazard_percentile_max.nri_coastal_flood_score;hazard_percentile_max.nri_wildfire_score;hazard_percentile_max.nri_hurricane_score,max_queue_median_age_years
22025,Catahoula,LA,max_grid_co2_lb_mwh,max_queue_median_age_years
22027,Claiborne,LA,max_grid_co2_lb_mwh;min_fiber_share_locations,max_queue_median_age_years
22029,Concordia,LA,max_grid_co2_lb_mwh,max_queue_median_age_years
22031,De Soto,LA,max_grid_co2_lb_mwh;min_fiber_share_locations,
22033,East Baton Rouge,LA,max_grid_co2_lb_mwh;hazard_percentile_max.nri_coastal_flood_score;hazard_percentile_max.nri_hurricane_score,max_queue_median_age_years
22035,East Carroll,LA,max_grid_co2_lb_mwh,max_queue_median_age_years
22037,East Feliciana,LA,max_grid_co2_lb_mwh;hazard_percentile_max.nri_hurricane_score,
22039,Evangeline,LA,max_grid_co2_lb_mwh;hazard_percentile_max.nri_hurricane_score,
22041,Franklin,LA,max_grid_co2_lb_mwh,
22043,Grant,LA,max_grid_co2_lb_mwh,max_queue_median_age_years
22045,Iberia,LA,max_grid_co2_lb_mwh;hazard_percentile_max.nri_inland_flood_score;hazard_percentile_max.nri_coastal_flood_score;hazard_percentile_max.nri_hurricane_score,max_queue_median_age_years
22047,Iberville,LA,max_grid_co2_lb_mwh;hazard_percentile_max.nri_coastal_flood_score;hazard_percentile_max.nri_hurricane_score,
22049,Jackson,LA,max_grid_co2_lb_mwh,max_queue_median_age_years
22051,Jefferson,LA,max_grid_co2_lb_mwh;hazard_percentile_max.nri_coastal_flood_score;hazard_percentile_max.nri_hurricane_score,max_queue_median_age_years
22053,Jefferson Davis,LA,max_grid_co2_lb_mwh;hazard_percentile_max.nri_inland_flood_score;hazard_percentile_max.nri_coastal_flood_score;hazard_percentile_max.nri_hurricane_score,
22055,Lafayette,LA,max_grid_co2_lb_mwh;hazard_percentile_max.nri_coastal_flood_score;hazard_percentile_max.nri_hurricane_score,
22057,Lafourche,LA,max_grid_co2_lb_mwh;hazard_percentile_max.nri_coastal_flood_score;hazard_percentile_max.nri_hurricane_score,max_queue_median_age_years
22059,LaSalle,LA,max_grid_co2_lb_mwh,max_queue_median_age_years
22061,Lincoln,LA,max_grid_co2_lb_mwh,max_queue_median_age_years
22063,Livingston,LA,max_grid_co2_lb_mwh;hazard_percentile_max.nri_inland_flood_score;hazard_percentile_max.nri_coastal_flood_score;hazard_percentile_max.nri_hurricane_score,
22065,Madison,LA,max_grid_co2_lb_mwh,max_queue_median_age_years
22067,Morehouse,LA,max_grid_co2_lb_mwh,
22069,Natchitoches,LA,max_grid_co2_lb_mwh,max_queue_median_age_years
22071,Orleans,LA,max_grid_co2_lb_mwh;hazard_percentile_max.nri_coastal_flood_score;hazard_percentile_max.nri_hurricane_score,max_queue_median_age_years
22073,Ouachita,LA,max_grid_co2_lb_mwh,
22075,Plaquemines,LA,max_grid_co2_lb_mwh;hazard_percentile_max.nri_coastal_flood_score;hazard_percentile_max.nri_hurricane_score,max_queue_median_age_years
22077,Pointe Coupee,LA,max_grid_co2_lb_mwh;hazard_percentile_max.nri_hurricane_score,max_queue_median_age_years
22079,Rapides,LA,max_grid_co2_lb_mwh,
22081,Red River,LA,max_grid_co2_lb_mwh,max_queue_median_age_years
22083,Richland,LA,max_grid_co2_lb_mwh,
22085,Sabine,LA,max_grid_co2_lb_mwh,
22087,St. Bernard,LA,max_grid_co2_lb_mwh;hazard_percentile_max.nri_coastal_flood_score;hazard_percentile_max.nri_hurricane_score,max_queue_median_age_years
22089,St. Charles,LA,max_grid_co2_lb_mwh;hazard_percentile_max.nri_coastal_flood_score;hazard_percentile_max.nri_hurricane_score,max_queue_median_age_years
22091,St. Helena,LA,max_grid_co2_lb_mwh;hazard_percentile_max.nri_hurricane_score,max_queue_median_age_years
22093,St. James,LA,max_grid_co2_lb_mwh;max_queue_median_age_years;min_fiber_share_locations;hazard_percentile_max.nri_coastal_flood_score;hazard_percentile_max.nri_hurricane_score,
22095,St. John the Baptist,LA,max_grid_co2_lb_mwh;hazard_percentile_max.nri_coastal_flood_score;hazard_percentile_max.nri_hurricane_score,max_queue_median_age_years
22097,St. Landry,LA,max_grid_co2_lb_mwh;hazard_percentile_max.nri_coastal_flood_score;hazard_percentile_max.nri_hurricane_score,
22099,St. Martin,LA,max_grid_co2_lb_mwh;hazard_percentile_max.nri_coastal_flood_score;hazard_percentile_max.nri_hurricane_score,max_queue_median_age_years
22101,St. Mary,LA,max_grid_co2_lb_mwh;hazard_percentile_max.nri_coastal_flood_score;hazard_percentile_max.nri_hurricane_score,max_queue_median_age_years
22103,St. Tammany,LA,max_grid_co2_lb_mwh;hazard_percentile_max.nri_inland_flood_score;hazard_percentile_max.nri_coastal_flood_score;hazard_percentile_max.nri_hurricane_score,max_queue_median_age_years
22105,Tangipahoa,LA,max_grid_co2_lb_mwh;hazard_percentile_max.nri_inland_flood_score;hazard_percentile_max.nri_coastal_flood_score;hazard_percentile_max.nri_hurricane_score,
22107,Tensas,LA,max_grid_co2_lb_mwh;min_population,max_queue_median_age_years
22109,Terrebonne,LA,max_grid_co2_lb_mwh;hazard_percentile_max.nri_coastal_flood_score;hazard_percentile_max.nri_hurricane_score,max_queue_median_age_years
22111,Union,LA,max_grid_co2_lb_mwh;min_fiber_share_locations,max_queue_median_age_years
22113,Vermilion,LA,max_grid_co2_lb_mwh;hazard_percentile_max.nri_inland_flood_score;hazard_percentile_max.nri_coastal_flood_score;hazard_percentile_max.nri_hurricane_score,max_queue_median_age_years
22115,Vernon,LA,max_grid_co2_lb_mwh;hazard_percentile_max.nri_hurricane_score,max_queue_median_age_years
22117,Washington,LA,max_grid_co2_lb_mwh;hazard_percentile_max.nri_inland_flood_score;hazard_percentile_max.nri_hurricane_score,
22119,Webster,LA,max_grid_co2_lb_mwh,max_queue_median_age_years
22121,West Baton Rouge,LA,max_grid_co2_lb_mwh;hazard_percentile_max.nri_coastal_flood_score;hazard_percentile_max.nri_hurricane_score,max_queue_median_age_years
22123,West Carroll,LA,max_grid_co2_lb_mwh,max_queue_median_age_years
22125,West Feliciana,LA,max_grid_co2_lb_mwh,max_queue_median_age_years
22127,Winn,LA,max_grid_co2_lb_mwh;min_fiber_share_locations,max_queue_median_age_years
23003,Aroostook,ME,min_nearby_capacity_multiple,max_queue_median_age_years
23005,Cumberland,ME,hazard_percentile_max.nri_coastal_flood_score,max_queue_median_age_years
23009,Hancock,ME,min_nearby_capacity_multiple;hazard_percentile_max.nri_coastal_flood_score;hazard_percentile_max.nri_hurricane_score,max_queue_median_age_years
23011,Kennebec,ME,hazard_percentile_max.nri_coastal_flood_score,max_queue_median_age_years
23013,Knox,ME,hazard_percentile_max.nri_coastal_flood_score;hazard_percentile_max.nri_hurricane_score,
23015,Lincoln,ME,hazard_percentile_max.nri_coastal_flood_score;hazard_percentile_max.nri_hurricane_score,max_queue_median_age_years
23019,Penobscot,ME,hazard_percentile_max.nri_coastal_flood_score,max_queue_median_age_years
23021,Piscataquis,ME,min_nearby_capacity_multiple,max_queue_median_age_years
23023,Sagadahoc,ME,hazard_percentile_max.nri_coastal_flood_score,max_queue_median_age_years
23025,Somerset,ME,min_nearby_capacity_multiple;hazard_percentile_max.nri_hurricane_score,max_queue_median_age_years
23027,Waldo,ME,hazard_percentile_max.nri_coastal_flood_score;hazard_percentile_max.nri_hurricane_score,max_queue_median_age_years
23029,Washington,ME,min_nearby_capacity_multiple;hazard_percentile_max.nri_coastal_flood_score;hazard_percentile_max.nri_hurricane_score,max_queue_median_age_years
23031,York,ME,hazard_percentile_max.nri_coastal_flood_score,
24001,Allegany,MD,max_grid_co2_lb_mwh;min_fiber_share_locations,max_queue_median_age_years
24003,Anne Arundel,MD,hazard_percentile_max.nri_coastal_flood_score,max_queue_median_age_years
24005,Baltimore,MD,hazard_percentile_max.nri_coastal_flood_score,
24009,Calvert,MD,min_fiber_share_locations;hazard_percentile_max.nri_coastal_flood_score,max_queue_median_age_years
24011,Caroline,MD,exclude_moratorium_active;hazard_percentile_max.nri_coastal_flood_score;hazard_percentile_max.nri_hurricane_score,max_queue_median_age_years
24015,Cecil,MD,hazard_percentile_max.nri_coastal_flood_score,max_queue_median_age_years
24017,Charles,MD,hazard_percentile_max.nri_coastal_flood_score,
24019,Dorchester,MD,min_fiber_share_locations;exclude_moratorium_active;hazard_percentile_max.nri_coastal_flood_score;hazard_percentile_max.nri_hurricane_score,
24021,Frederick,MD,max_grid_co2_lb_mwh,max_queue_median_age_years
24023,Garrett,MD,max_grid_co2_lb_mwh,
24025,Harford,MD,exclude_moratorium_active;hazard_percentile_max.nri_coastal_flood_score,max_queue_median_age_years
24027,Howard,MD,hazard_percentile_max.nri_coastal_flood_score,max_queue_median_age_years
24029,Kent,MD,hazard_percentile_max.nri_coastal_flood_score;hazard_percentile_max.nri_hurricane_score,max_queue_median_age_years
24031,Montgomery,MD,exclude_moratorium_active;hazard_percentile_max.nri_coastal_flood_score,max_queue_median_age_years
24033,Prince George's,MD,exclude_moratorium_active;hazard_percentile_max.nri_coastal_flood_score,
24035,Queen Anne's,MD,hazard_percentile_max.nri_coastal_flood_score,
24037,St. Mary's,MD,hazard_percentile_max.nri_coastal_flood_score,max_queue_median_age_years
24039,Somerset,MD,hazard_percentile_max.nri_coastal_flood_score;hazard_percentile_max.nri_hurricane_score,max_queue_median_age_years
24041,Talbot,MD,hazard_percentile_max.nri_coastal_flood_score,max_queue_median_age_years
24043,Washington,MD,max_grid_co2_lb_mwh;exclude_moratorium_active,max_queue_median_age_years
24045,Wicomico,MD,hazard_percentile_max.nri_coastal_flood_score;hazard_percentile_max.nri_hurricane_score,
24047,Worcester,MD,min_fiber_share_locations;exclude_moratorium_active;min_nearby_capacity_multiple;hazard_percentile_max.nri_coastal_flood_score;hazard_percentile_max.nri_hurricane_score,
24510,Baltimore,MD,hazard_percentile_max.nri_coastal_flood_score,max_queue_median_age_years
25001,Barnstable,MA,min_fiber_share_locations;hazard_percentile_max.nri_coastal_flood_score;hazard_percentile_max.nri_hurricane_score,max_queue_median_age_years
25003,Berkshire,MA,hazard_percentile_max.nri_inland_flood_score,
25005,Bristol,MA,hazard_percentile_max.nri_coastal_flood_score,max_queue_median_age_years
25007,Dukes,MA,min_fiber_share_locations;hazard_percentile_max.nri_coastal_flood_score;hazard_percentile_max.nri_hurricane_score,max_queue_median_age_years
25009,Essex,MA,hazard_percentile_max.nri_coastal_flood_score,max_queue_median_age_years
25017,Middlesex,MA,hazard_percentile_max.nri_coastal_flood_score,
25019,Nantucket,MA,min_fiber_share_locations;hazard_percentile_max.nri_coastal_flood_score;hazard_percentile_max.nri_hurricane_score,max_queue_median_age_years
25021,Norfolk,MA,max_queue_median_age_years;hazard_percentile_max.nri_coastal_flood_score,
25023,Plymouth,MA,hazard_percentile_max.nri_coastal_flood_score,max_queue_median_age_years
25025,Suffolk,MA,hazard_percentile_max.nri_coastal_flood_score,max_queue_median_age_years
26001,Alcona,MI,max_grid_co2_lb_mwh;min_fiber_share_locations;min_nearby_capacity_multiple;hazard_percentile_max.nri_coastal_flood_score,
26003,Alger,MI,max_grid_co2_lb_mwh;min_nearby_capacity_multiple;hazard_percentile_max.nri_coastal_flood_score,max_queue_median_age_years
26005,Allegan,MI,max_grid_co2_lb_mwh;hazard_percentile_max.nri_coastal_flood_score,
26007,Alpena,MI,max_grid_co2_lb_mwh;min_nearby_capacity_multiple;hazard_percentile_max.nri_coastal_flood_score,max_queue_median_age_years
26009,Antrim,MI,max_grid_co2_lb_mwh;min_nearby_capacity_multiple;hazard_percentile_max.nri_coastal_flood_score,max_queue_median_age_years
26011,Arenac,MI,max_grid_co2_lb_mwh;min_fiber_share_locations;hazard_percentile_max.nri_coastal_flood_score,max_queue_median_age_years
26013,Baraga,MI,max_grid_co2_lb_mwh;min_nearby_capacity_multiple;hazard_percentile_max.nri_coastal_flood_score,max_queue_median_age_years
26015,Barry,MI,max_grid_co2_lb_mwh,max_queue_median_age_years
26017,Bay,MI,max_grid_co2_lb_mwh;min_fiber_share_locations;hazard_percentile_max.nri_coastal_flood_score,
26019,Benzie,MI,max_grid_co2_lb_mwh;hazard_percentile_max.nri_coastal_flood_score,max_queue_median_age_years
26021,Berrien,MI,max_grid_co2_lb_mwh;hazard_percentile_max.nri_coastal_flood_score,max_queue_median_age_years
26023,Branch,MI,max_grid_co2_lb_mwh,
26025,Calhoun,MI,max_grid_co2_lb_mwh,
26027,Cass,MI,max_grid_co2_lb_mwh,
26029,Charlevoix,MI,max_grid_co2_lb_mwh;min_nearby_capacity_multiple;hazard_percentile_max.nri_coastal_flood_score,max_queue_median_age_years
26031,Cheboygan,MI,max_grid_co2_lb_mwh;min_nearby_capacity_multiple;hazard_percentile_max.nri_inland_flood_score;hazard_percentile_max.nri_coastal_flood_score,max_queue_median_age_years
26033,Chippewa,MI,max_grid_co2_lb_mwh;min_nearby_capacity_multiple;hazard_percentile_max.nri_coastal_flood_score,max_queue_median_age_years
26035,Clare,MI,max_grid_co2_lb_mwh;min_fiber_share_locations,max_queue_median_age_years
26037,Clinton,MI,max_grid_co2_lb_mwh,max_queue_median_age_years
26039,Crawford,MI,max_grid_co2_lb_mwh;min_nearby_capacity_multiple,max_queue_median_age_years
26041,Delta,MI,max_grid_co2_lb_mwh;exclude_moratorium_active;min_nearby_capacity_multiple;hazard_percentile_max.nri_coastal_flood_score,max_queue_median_age_years
26043,Dickinson,MI,max_grid_co2_lb_mwh;min_nearby_capacity_multiple,
26045,Eaton,MI,max_grid_co2_lb_mwh,
26047,Emmet,MI,max_grid_co2_lb_mwh;min_nearby_capacity_multiple;hazard_percentile_max.nri_coastal_flood_score,max_queue_median_age_years
26049,Genesee,MI,max_grid_co2_lb_mwh;min_fiber_share_locations,
26051,Gladwin,MI,max_grid_co2_lb_mwh;min_fiber_share_locations,
26053,Gogebic,MI,max_grid_co2_lb_mwh;min_fiber_share_locations;min_nearby_capacity_multiple;hazard_percentile_max.nri_coastal_flood_score,max_queue_median_age_years
26055,Grand Traverse,MI,max_grid_co2_lb_mwh;min_fiber_share_locations;min_nearby_capacity_multiple;hazard_percentile_max.nri_coastal_flood_score,max_queue_median_age_years
26057,Gratiot,MI,max_grid_co2_lb_mwh,
26059,Hillsdale,MI,max_grid_co2_lb_mwh,
26061,Houghton,MI,max_grid_co2_lb_mwh;min_fiber_share_locations;min_nearby_capacity_multiple;hazard_percentile_max.nri_coastal_flood_score,max_queue_median_age_years
26063,Huron,MI,max_grid_co2_lb_mwh;exclude_moratorium_active;hazard_percentile_max.nri_coastal_flood_score,
26065,Ingham,MI,max_grid_co2_lb_mwh,
26067,Ionia,MI,max_grid_co2_lb_mwh,
26069,Iosco,MI,max_grid_co2_lb_mwh;min_fiber_share_locations;hazard_percentile_max.nri_coastal_flood_score,max_queue_median_age_years
26071,Iron,MI,max_grid_co2_lb_mwh;min_nearby_capacity_multiple,max_queue_median_age_years
26073,Isabella,MI,max_grid_co2_lb_mwh,
26075,Jackson,MI,max_grid_co2_lb_mwh,
26077,Kalamazoo,MI,max_grid_co2_lb_mwh,
26079,Kalkaska,MI,max_grid_co2_lb_mwh;min_nearby_capacity_multiple,max_queue_median_age_years
26081,Kent,MI,max_grid_co2_lb_mwh,max_queue_median_age_years
26083,Keweenaw,MI,max_grid_co2_lb_mwh;min_fiber_share_locations;min_population;min_nearby_capacity_multiple;hazard_percentile_max.nri_coastal_flood_score,max_queue_median_age_years
26085,Lake,MI,max_grid_co2_lb_mwh,max_queue_median_age_years
26087,Lapeer,MI,max_grid_co2_lb_mwh;min_fiber_share_locations,
26089,Leelanau,MI,max_grid_co2_lb_mwh;min_nearby_capacity_multiple;hazard_percentile_max.nri_coastal_flood_score,max_queue_median_age_years
26091,Lenawee,MI,max_grid_co2_lb_mwh,
26093,Livingston,MI,max_grid_co2_lb_mwh,
26095,Luce,MI,max_grid_co2_lb_mwh;min_nearby_capacity_multiple;hazard_percentile_max.nri_coastal_flood_score,max_queue_median_age_years
26097,Mackinac,MI,max_grid_co2_lb_mwh;min_nearby_capacity_multiple;hazard_percentile_max.nri_coastal_flood_score,max_queue_median_age_years
26099,Macomb,MI,max_grid_co2_lb_mwh;hazard_percentile_max.nri_coastal_flood_score,
26101,Manistee,MI,max_grid_co2_lb_mwh;hazard_percentile_max.nri_coastal_flood_score,max_queue_median_age_years
26103,Marquette,MI,max_grid_co2_lb_mwh;min_fiber_share_locations;min_nearby_capacity_multiple;hazard_percentile_max.nri_coastal_flood_score,
26105,Mason,MI,max_grid_co2_lb_mwh;hazard_percentile_max.nri_coastal_flood_score,
26107,Mecosta,MI,max_grid_co2_lb_mwh,max_queue_median_age_years
26109,Menominee,MI,max_grid_co2_lb_mwh;min_nearby_capacity_multiple;hazard_percentile_max.nri_coastal_flood_score,max_queue_median_age_years
26111,Midland,MI,max_grid_co2_lb_mwh,
26113,Missaukee,MI,max_grid_co2_lb_mwh,max_queue_median_age_years
26115,Monroe,MI,max_grid_co2_lb_mwh;hazard_percentile_max.nri_coastal_flood_score,
26117,Montcalm,MI,max_grid_co2_lb_mwh,
26119,Montmorency,MI,max_grid_co2_lb_mwh;min_nearby_capacity_multiple,max_queue_median_age_years
26121,Muskegon,MI,max_grid_co2_lb_mwh;hazard_percentile_max.nri_coastal_flood_score,
26123,Newaygo,MI,max_grid_co2_lb_mwh,max_queue_median_age_years
26125,Oakland,MI,max_grid_co2_lb_mwh,max_queue_median_age_years
26127,Oceana,MI,max_grid_co2_lb_mwh;hazard_percentile_max.nri_coastal_flood_score,
26129,Ogemaw,MI,max_grid_co2_lb_mwh;min_fiber_share_locations,max_queue_median_age_years
26131,Ontonagon,MI,max_grid_co2_lb_mwh;min_nearby_capacity_multiple;hazard_percentile_max.nri_coastal_flood_score,max_queue_median_age_years
26133,Osceola,MI,max_grid_co2_lb_mwh,max_queue_median_age_years
26135,Oscoda,MI,max_grid_co2_lb_mwh;min_nearby_capacity_multiple,max_queue_median_age_years
26137,Otsego,MI,max_grid_co2_lb_mwh;min_nearby_capacity_multiple,
26139,Ottawa,MI,max_grid_co2_lb_mwh;hazard_percentile_max.nri_coastal_flood_score,
26141,Presque Isle,MI,max_grid_co2_lb_mwh;min_nearby_capacity_multiple;hazard_percentile_max.nri_coastal_flood_score,
26143,Roscommon,MI,max_grid_co2_lb_mwh;min_fiber_share_locations,max_queue_median_age_years
26145,Saginaw,MI,max_grid_co2_lb_mwh;min_fiber_share_locations,
26147,St. Clair,MI,max_grid_co2_lb_mwh;hazard_percentile_max.nri_coastal_flood_score,
26149,St. Joseph,MI,max_grid_co2_lb_mwh,
26151,Sanilac,MI,max_grid_co2_lb_mwh;hazard_percentile_max.nri_coastal_flood_score,
26153,Schoolcraft,MI,max_grid_co2_lb_mwh;min_nearby_capacity_multiple;hazard_percentile_max.nri_coastal_flood_score,max_queue_median_age_years
26155,Shiawassee,MI,max_grid_co2_lb_mwh,
26157,Tuscola,MI,max_grid_co2_lb_mwh;hazard_percentile_max.nri_inland_flood_score;hazard_percentile_max.nri_coastal_flood_score,
26159,Van Buren,MI,max_grid_co2_lb_mwh;hazard_percentile_max.nri_coastal_flood_score,
26161,Washtenaw,MI,max_grid_co2_lb_mwh,
26163,Wayne,MI,max_grid_co2_lb_mwh;hazard_percentile_max.nri_coastal_flood_score,
26165,Wexford,MI,max_grid_co2_lb_mwh,max_queue_median_age_years
27001,Aitkin,MN,max_grid_co2_lb_mwh;min_nearby_capacity_multiple;hazard_percentile_max.nri_inland_flood_score,max_queue_median_age_years
27003,Anoka,MN,max_grid_co2_lb_mwh,max_queue_median_age_years
27005,Becker,MN,max_grid_co2_lb_mwh;min_nearby_capacity_multiple,max_queue_median_age_years
27007,Beltrami,MN,max_grid_co2_lb_mwh;min_nearby_capacity_multiple,max_queue_median_age_years
27009,Benton,MN,max_grid_co2_lb_mwh,
27011,Big Stone,MN,max_grid_co2_lb_mwh,
27013,Blue Earth,MN,max_grid_co2_lb_mwh,max_queue_median_age_years
27015,Brown,MN,max_grid_co2_lb_mwh,max_queue_median_age_years
27017,Carlton,MN,max_grid_co2_lb_mwh;min_nearby_capacity_multiple,max_queue_median_age_years
27019,Carver,MN,max_grid_co2_lb_mwh,max_queue_median_age_years
27021,Cass,MN,max_grid_co2_lb_mwh;min_nearby_capacity_multiple,max_queue_median_age_years
27023,Chippewa,MN,max_grid_co2_lb_mwh,max_queue_median_age_years
27025,Chisago,MN,max_grid_co2_lb_mwh,
27027,Clay,MN,max_grid_co2_lb_mwh;min_nearby_capacity_multiple;hazard_percentile_max.nri_inland_flood_score,
27029,Clearwater,MN,max_grid_co2_lb_mwh;min_nearby_capacity_multiple,max_queue_median_age_years
27031,Cook,MN,max_grid_co2_lb_mwh;min_nearby_capacity_multiple;hazard_percentile_max.nri_coastal_flood_score,max_queue_median_age_years
27033,Cottonwood,MN,max_grid_co2_lb_mwh,
27035,Crow Wing,MN,max_grid_co2_lb_mwh;min_nearby_capacity_multiple,max_queue_median_age_years
27037,Dakota,MN,max_grid_co2_lb_mwh,
27039,Dodge,MN,max_grid_co2_lb_mwh,max_queue_median_age_years
27041,Douglas,MN,max_grid_co2_lb_mwh;min_nearby_capacity_multiple,max_queue_median_age_years
27043,Faribault,MN,max_grid_co2_lb_mwh,
27045,Fillmore,MN,max_grid_co2_lb_mwh;hazard_percentile_max.nri_inland_flood_score,max_queue_median_age_years
27047,Freeborn,MN,max_grid_co2_lb_mwh,
27049,Goodhue,MN,max_grid_co2_lb_mwh,
27051,Grant,MN,max_grid_co2_lb_mwh;min_nearby_capacity_multiple,max_queue_median_age_years
27053,Hennepin,MN,max_grid_co2_lb_mwh,max_queue_median_age_years
27055,Houston,MN,max_grid_co2_lb_mwh;hazard_percentile_max.nri_inland_flood_score,max_queue_median_age_years
27057,Hubbard,MN,max_grid_co2_lb_mwh;min_nearby_capacity_multiple,max_queue_median_age_years
27059,Isanti,MN,max_grid_co2_lb_mwh,max_queue_median_age_years
27061,Itasca,MN,max_grid_co2_lb_mwh;min_nearby_capacity_multiple,max_queue_median_age_years
27063,Jackson,MN,max_grid_co2_lb_mwh,
27065,Kanabec,MN,max_grid_co2_lb_mwh,max_queue_median_age_years
27067,Kandiyohi,MN,max_grid_co2_lb_mwh,max_queue_median_age_years
27069,Kittson,MN,max_grid_co2_lb_mwh;min_population;min_nearby_capacity_multiple;hazard_percentile_max.nri_inland_flood_score,max_queue_median_age_years
27071,Koochiching,MN,max_grid_co2_lb_mwh;min_nearby_capacity_multiple;hazard_percentile_max.nri_inland_flood_score,max_queue_median_age_years
27073,Lac qui Parle,MN,max_grid_co2_lb_mwh,max_queue_median_age_years
27075,Lake,MN,max_grid_co2_lb_mwh;min_nearby_capacity_multiple;hazard_percentile_max.nri_coastal_flood_score,max_queue_median_age_years
27077,Lake of the Woods,MN,max_grid_co2_lb_mwh;min_population;min_nearby_capacity_multiple;hazard_percentile_max.nri_inland_flood_score,max_queue_median_age_years
27079,Le Sueur,MN,max_grid_co2_lb_mwh;exclude_moratorium_active,max_queue_median_age_years
27081,Lincoln,MN,max_grid_co2_lb_mwh,max_queue_median_age_years
27083,Lyon,MN,max_grid_co2_lb_mwh;hazard_percentile_max.nri_inland_flood_score,
27085,McLeod,MN,max_grid_co2_lb_mwh,max_queue_median_age_years
27087,Mahnomen,MN,max_grid_co2_lb_mwh;min_nearby_capacity_multiple,max_queue_median_age_years
27089,Marshall,MN,max_grid_co2_lb_mwh;min_nearby_capacity_multiple;hazard_percentile_max.nri_inland_flood_score,max_queue_median_age_years
27091,Martin,MN,max_grid_co2_lb_mwh,max_queue_median_age_years
27093,Meeker,MN,max_grid_co2_lb_mwh,max_queue_median_age_years
27095,Mille Lacs,MN,max_grid_co2_lb_mwh,max_queue_median_age_years
27097,Morrison,MN,max_grid_co2_lb_mwh;hazard_percentile_max.nri_inland_flood_score,max_queue_median_age_years
27099,Mower,MN,max_grid_co2_lb_mwh;hazard_percentile_max.nri_inland_flood_score,
27101,Murray,MN,max_grid_co2_lb_mwh,
27103,Nicollet,MN,max_grid_co2_lb_mwh,max_queue_median_age_years
27105,Nobles,MN,max_grid_co2_lb_mwh,
27107,Norman,MN,max_grid_co2_lb_mwh;min_nearby_capacity_multiple,max_queue_median_age_years
27109,Olmsted,MN,max_grid_co2_lb_mwh;hazard_percentile_max.nri_inland_flood_score,
27111,Otter Tail,MN,max_grid_co2_lb_mwh;min_nearby_capacity_multiple,
27113,Pennington,MN,max_grid_co2_lb_mwh;min_nearby_capacity_multiple;hazard_percentile_max.nri_inland_flood_score,max_queue_median_age_years
27115,Pine,MN,max_grid_co2_lb_mwh;min_nearby_capacity_multiple,max_queue_median_age_years
27117,Pipestone,MN,max_grid_co2_lb_mwh;max_queue_median_age_years,
27119,Polk,MN,max_grid_co2_lb_mwh;min_nearby_capacity_multiple;hazard_percentile_max.nri_inland_flood_score,max_queue_median_age_years
27121,Pope,MN,max_grid_co2_lb_mwh;min_nearby_capacity_multiple;hazard_percentile_max.nri_inland_flood_score,max_queue_median_age_years
27123,Ramsey,MN,max_grid_co2_lb_mwh,max_queue_median_age_years
27125,Red Lake,MN,max_grid_co2_lb_mwh;min_population;min_nearby_capacity_multiple;hazard_percentile_max.nri_inland_flood_score,max_queue_median_age_years
27127,Redwood,MN,max_grid_co2_lb_mwh,
27129,Renville,MN,max_grid_co2_lb_mwh,max_queue_median_age_years
27131,Rice,MN,max_grid_co2_lb_mwh,max_queue_median_age_years
27133,Rock,MN,max_grid_co2_lb_mwh;max_queue_median_age_years,
27135,Roseau,MN,max_grid_co2_lb_mwh;min_nearby_capacity_multiple;hazard_percentile_max.nri_inland_flood_score;hazard_percentile_max.nri_wildfire_score,max_queue_median_age_years
27137,St. Louis,MN,max_grid_co2_lb_mwh;min_nearby_capacity_multiple;hazard_percentile_max.nri_coastal_flood_score,max_queue_median_age_years
27139,Scott,MN,max_grid_co2_lb_mwh,
27141,Sherburne,MN,max_grid_co2_lb_mwh,
27143,Sibley,MN,max_grid_co2_lb_mwh,max_queue_median_age_years
27145,Stearns,MN,max_grid_co2_lb_mwh,max_queue_median_age_years
27147,Steele,MN,max_grid_co2_lb_mwh,max_queue_median_age_years
27149,Stevens,MN,max_grid_co2_lb_mwh,max_queue_median_age_years
27151,Swift,MN,max_grid_co2_lb_mwh,max_queue_median_age_years
27153,Todd,MN,max_grid_co2_lb_mwh;min_nearby_capacity_multiple,max_queue_median_age_years
27155,Traverse,MN,max_grid_co2_lb_mwh;min_population;min_nearby_capacity_multiple,max_queue_median_age_years
27157,Wabasha,MN,max_grid_co2_lb_mwh,
27159,Wadena,MN,max_grid_co2_lb_mwh;min_nearby_capacity_multiple,max_queue_median_age_years
27161,Waseca,MN,max_grid_co2_lb_mwh,max_queue_median_age_years
27163,Washington,MN,max_grid_co2_lb_mwh,max_queue_median_age_years
27165,Watonwan,MN,max_grid_co2_lb_mwh,max_queue_median_age_years
27167,Wilkin,MN,max_grid_co2_lb_mwh;min_nearby_capacity_multiple,max_queue_median_age_years
27169,Winona,MN,max_grid_co2_lb_mwh,max_queue_median_age_years
27171,Wright,MN,max_grid_co2_lb_mwh;exclude_moratorium_active,max_queue_median_age_years
27173,Yellow Medicine,MN,max_grid_co2_lb_mwh,
28001,Adams,MS,max_grid_co2_lb_mwh,max_queue_median_age_years
28003,Alcorn,MS,max_grid_co2_lb_mwh,max_queue_median_age_years
28005,Amite,MS,max_grid_co2_lb_mwh;hazard_percentile_max.nri_hurricane_score,
28007,Attala,MS,max_grid_co2_lb_mwh,max_queue_median_age_years
28009,Benton,MS,max_grid_co2_lb_mwh,max_queue_median_age_years
28011,Bolivar,MS,max_grid_co2_lb_mwh,
28013,Calhoun,MS,max_grid_co2_lb_mwh,max_queue_median_age_years
28015,Carroll,MS,max_grid_co2_lb_mwh,max_queue_median_age_years
28017,Chickasaw,MS,max_grid_co2_lb_mwh,max_queue_median_age_years
28019,Choctaw,MS,max_grid_co2_lb_mwh,max_queue_median_age_years
28021,Claiborne,MS,max_grid_co2_lb_mwh;min_fiber_share_locations,max_queue_median_age_years
28023,Clarke,MS,max_grid_co2_lb_mwh,max_queue_median_age_years
28025,Clay,MS,max_grid_co2_lb_mwh,
28027,Coahoma,MS,max_grid_co2_lb_mwh,max_queue_median_age_years
28029,Copiah,MS,max_grid_co2_lb_mwh,max_queue_median_age_years
28031,Covington,MS,max_grid_co2_lb_mwh;hazard_percentile_max.nri_hurricane_score,max_queue_median_age_years
28033,DeSoto,MS,max_grid_co2_lb_mwh,
28035,Forrest,MS,max_grid_co2_lb_mwh;hazard_percentile_max.nri_hurricane_score,max_queue_median_age_years
28037,Franklin,MS,max_grid_co2_lb_mwh,max_queue_median_age_years
28039,George,MS,max_grid_co2_lb_mwh;hazard_percentile_max.nri_coastal_flood_score;hazard_percentile_max.nri_hurricane_score,max_queue_median_age_years
28041,Greene,MS,max_grid_co2_lb_mwh;hazard_percentile_max.nri_inland_flood_score;hazard_percentile_max.nri_hurricane_score,max_queue_median_age_years
28043,Grenada,MS,max_grid_co2_lb_mwh;hazard_percentile_max.nri_inland_flood_score,max_queue_median_age_years
28045,Hancock,MS,max_grid_co2_lb_mwh;hazard_percentile_max.nri_coastal_flood_score;hazard_percentile_max.nri_hurricane_score,max_queue_median_age_years
28047,Harrison,MS,max_grid_co2_lb_mwh;hazard_percentile_max.nri_coastal_flood_score;hazard_percentile_max.nri_hurricane_score,max_queue_median_age_years
28049,Hinds,MS,max_grid_co2_lb_mwh;hazard_percentile_max.nri_inland_flood_score,
28051,Holmes,MS,max_grid_co2_lb_mwh,max_queue_median_age_years
28053,Humphreys,MS,max_grid_co2_lb_mwh;min_fiber_share_locations,max_queue_median_age_years
28055,Issaquena,MS,max_grid_co2_lb_mwh;min_population,max_queue_median_age_years
28057,Itawamba,MS,max_grid_co2_lb_mwh,max_queue_median_age_years
28059,Jackson,MS,max_grid_co2_lb_mwh;hazard_percentile_max.nri_coastal_flood_score;hazard_percentile_max.nri_hurricane_score,max_queue_median_age_years
28061,Jasper,MS,max_grid_co2_lb_mwh,
28063,Jefferson,MS,max_grid_co2_lb_mwh;min_fiber_share_locations,max_queue_median_age_years
28065,Jefferson Davis,MS,max_grid_co2_lb_mwh;hazard_percentile_max.nri_hurricane_score,max_queue_median_age_years
28067,Jones,MS,max_grid_co2_lb_mwh,max_queue_median_age_years
28069,Kemper,MS,max_grid_co2_lb_mwh,max_queue_median_age_years
28071,Lafayette,MS,max_grid_co2_lb_mwh,max_queue_median_age_years
28073,Lamar,MS,max_grid_co2_lb_mwh,max_queue_median_age_years
28075,Lauderdale,MS,max_grid_co2_lb_mwh,max_queue_median_age_years
28077,Lawrence,MS,max_grid_co2_lb_mwh,max_queue_median_age_years
28079,Leake,MS,max_grid_co2_lb_mwh,max_queue_median_age_years
28081,Lee,MS,max_grid_co2_lb_mwh,max_queue_median_age_years
28083,Leflore,MS,max_grid_co2_lb_mwh,max_queue_median_age_years
28085,Lincoln,MS,max_grid_co2_lb_mwh,max_queue_median_age_years
28087,Lowndes,MS,max_grid_co2_lb_mwh,max_queue_median_age_years
28089,Madison,MS,max_grid_co2_lb_mwh,
28091,Marion,MS,max_grid_co2_lb_mwh;hazard_percentile_max.nri_hurricane_score,max_queue_median_age_years
28093,Marshall,MS,max_grid_co2_lb_mwh,max_queue_median_age_years
28095,Monroe,MS,max_grid_co2_lb_mwh;max_queue_median_age_years,
28097,Montgomery,MS,max_grid_co2_lb_mwh,max_queue_median_age_years
28099,Neshoba,MS,max_grid_co2_lb_mwh,max_queue_median_age_years
28101,Newton,MS,max_grid_co2_lb_mwh,max_queue_median_age_years
28103,Noxubee,MS,max_grid_co2_lb_mwh,max_queue_median_age_years
28105,Oktibbeha,MS,max_grid_co2_lb_mwh,max_queue_median_age_years
28107,Panola,MS,max_grid_co2_lb_mwh,max_queue_median_age_years
28109,Pearl River,MS,max_grid_co2_lb_mwh;hazard_percentile_max.nri_coastal_flood_score;hazard_percentile_max.nri_hurricane_score,max_queue_median_age_years
28111,Perry,MS,max_grid_co2_lb_mwh;hazard_percentile_max.nri_hurricane_score,
28113,Pike,MS,max_grid_co2_lb_mwh,max_queue_median_age_years
28115,Pontotoc,MS,max_grid_co2_lb_mwh,max_queue_median_age_years
28117,Prentiss,MS,max_grid_co2_lb_mwh,max_queue_median_age_years
28119,Quitman,MS,max_grid_co2_lb_mwh;min_fiber_share_locations,max_queue_median_age_years
28121,Rankin,MS,max_grid_co2_lb_mwh,max_queue_median_age_years
28123,Scott,MS,max_grid_co2_lb_mwh,max_queue_median_age_years
28125,Sharkey,MS,max_grid_co2_lb_mwh;min_fiber_share_locations;min_population,max_queue_median_age_years
28127,Simpson,MS,max_grid_co2_lb_mwh,max_queue_median_age_years
28129,Smith,MS,max_grid_co2_lb_mwh,max_queue_median_age_years
28131,Stone,MS,max_grid_co2_lb_mwh;hazard_percentile_max.nri_hurricane_score,max_queue_median_age_years
28133,Sunflower,MS,max_grid_co2_lb_mwh,
28135,Tallahatchie,MS,max_grid_co2_lb_mwh;min_nearby_capacity_multiple,max_queue_median_age_years
28137,Tate,MS,max_grid_co2_lb_mwh,max_queue_median_age_years
28139,Tippah,MS,max_grid_co2_lb_mwh,max_queue_median_age_years
28141,Tishomingo,MS,max_grid_co2_lb_mwh,max_queue_median_age_years
28143,Tunica,MS,max_grid_co2_lb_mwh,
28145,Union,MS,max_grid_co2_lb_mwh,max_queue_median_age_years
28147,Walthall,MS,max_grid_co2_lb_mwh,max_queue_median_age_years
28149,Warren,MS,max_grid_co2_lb_mwh,max_queue_median_age_years
28151,Washington,MS,max_grid_co2_lb_mwh;min_nearby_capacity_multiple,
28153,Wayne,MS,max_grid_co2_lb_mwh;hazard_percentile_max.nri_hurricane_score,max_queue_median_age_years
28155,Webster,MS,max_grid_co2_lb_mwh,max_queue_median_age_years
28157,Wilkinson,MS,max_grid_co2_lb_mwh;min_fiber_share_locations;hazard_percentile_max.nri_hurricane_score,max_queue_median_age_years
28159,Winston,MS,max_grid_co2_lb_mwh,max_queue_median_age_years
28161,Yalobusha,MS,max_grid_co2_lb_mwh,max_queue_median_age_years
28163,Yazoo,MS,max_grid_co2_lb_mwh;min_fiber_share_locations,max_queue_median_age_years
29001,Adair,MO,max_grid_co2_lb_mwh,max_queue_median_age_years
29003,Andrew,MO,max_grid_co2_lb_mwh,max_queue_median_age_years
29005,Atchison,MO,max_grid_co2_lb_mwh;hazard_percentile_max.nri_inland_flood_score,max_queue_median_age_years
29007,Audrain,MO,max_grid_co2_lb_mwh,max_queue_median_age_years
29009,Barry,MO,max_grid_co2_lb_mwh;hazard_percentile_max.nri_inland_flood_score,max_queue_median_age_years
29011,Barton,MO,max_grid_co2_lb_mwh,max_queue_median_age_years
29013,Bates,MO,max_grid_co2_lb_mwh,max_queue_median_age_years
29015,Benton,MO,max_grid_co2_lb_mwh;min_nearby_capacity_multiple,max_queue_median_age_years
29017,Bollinger,MO,max_grid_co2_lb_mwh;hazard_percentile_max.nri_inland_flood_score,
29019,Boone,MO,max_grid_co2_lb_mwh,max_queue_median_age_years
29021,Buchanan,MO,max_grid_co2_lb_mwh,max_queue_median_age_years
29023,Butler,MO,max_grid_co2_lb_mwh,max_queue_median_age_years
29025,Caldwell,MO,max_grid_co2_lb_mwh,max_queue_median_age_years
29027,Callaway,MO,max_grid_co2_lb_mwh,
29029,Camden,MO,max_grid_co2_lb_mwh;min_nearby_capacity_multiple;hazard_percentile_max.nri_inland_flood_score,max_queue_median_age_years
29031,Cape Girardeau,MO,max_grid_co2_lb_mwh,max_queue_median_age_years
29033,Carroll,MO,max_grid_co2_lb_mwh,max_queue_median_age_years
29035,Carter,MO,max_grid_co2_lb_mwh;min_fiber_share_locations;min_nearby_capacity_multiple;hazard_percentile_max.nri_inland_flood_score,max_queue_median_age_years
29037,Cass,MO,max_grid_co2_lb_mwh,max_queue_median_age_years
29039,Cedar,MO,max_grid_co2_lb_mwh,max_queue_median_age_years
29041,Chariton,MO,max_grid_co2_lb_mwh;hazard_percentile_max.nri_inland_flood_score,max_queue_median_age_years
29043,Christian,MO,max_grid_co2_lb_mwh,max_queue_median_age_years
29045,Clark,MO,max_grid_co2_lb_mwh;min_nearby_capacity_multiple,max_queue_median_age_years
29047,Clay,MO,max_grid_co2_lb_mwh,
29049,Clinton,MO,max_grid_co2_lb_mwh,
29051,Cole,MO,max_grid_co2_lb_mwh,max_queue_median_age_years
29053,Cooper,MO,max_grid_co2_lb_mwh,max_queue_median_age_years
29055,Crawford,MO,max_grid_co2_lb_mwh,max_queue_median_age_years
29057,Dade,MO,max_grid_co2_lb_mwh;min_fiber_share_locations,max_queue_median_age_years
29059,Dallas,MO,max_grid_co2_lb_mwh;min_nearby_capacity_multiple,max_queue_median_age_years
29061,Daviess,MO,max_grid_co2_lb_mwh,max_queue_median_age_years
29063,DeKalb,MO,max_grid_co2_lb_mwh,max_queue_median_age_years
29065,Dent,MO,max_grid_co2_lb_mwh;min_nearby_capacity_multiple,max_queue_median_age_years
29067,Douglas,MO,max_grid_co2_lb_mwh,max_queue_median_age_years
29069,Dunklin,MO,max_grid_co2_lb_mwh,max_queue_median_age_years
29071,Franklin,MO,max_grid_co2_lb_mwh,max_queue_median_age_years
29073,Gasconade,MO,max_grid_co2_lb_mwh;hazard_percentile_max.nri_inland_flood_score,max_queue_median_age_years
29075,Gentry,MO,max_grid_co2_lb_mwh,max_queue_median_age_years
29077,Greene,MO,max_grid_co2_lb_mwh,
29079,Grundy,MO,max_grid_co2_lb_mwh;min_nearby_capacity_multiple,max_queue_median_age_years
29081,Harrison,MO,max_grid_co2_lb_mwh,max_queue_median_age_years
29083,Henry,MO,max_grid_co2_lb_mwh,
29085,Hickory,MO,max_grid_co2_lb_mwh;min_fiber_share_locations,max_queue_median_age_years
29087,Holt,MO,max_grid_co2_lb_mwh;min_population,max_queue_median_age_years
29089,Howard,MO,max_grid_co2_lb_mwh,max_queue_median_age_years
29091,Howell,MO,max_grid_co2_lb_mwh;min_nearby_capacity_multiple,max_queue_median_age_years
29093,Iron,MO,max_grid_co2_lb_mwh;min_fiber_share_locations;hazard_percentile_max.nri_inland_flood_score,max_queue_median_age_years
29095,Jackson,MO,max_grid_co2_lb_mwh;exclude_moratorium_active,
29097,Jasper,MO,max_grid_co2_lb_mwh,
29099,Jefferson,MO,max_grid_co2_lb_mwh,max_queue_median_age_years
29101,Johnson,MO,max_grid_co2_lb_mwh,max_queue_median_age_years
29103,Knox,MO,max_grid_co2_lb_mwh;min_population;hazard_percentile_max.nri_inland_flood_score,max_queue_median_age_years
29105,Laclede,MO,max_grid_co2_lb_mwh;min_nearby_capacity_multiple,max_queue_median_age_years
29107,Lafayette,MO,max_grid_co2_lb_mwh,max_queue_median_age_years
29109,Lawrence,MO,max_grid_co2_lb_mwh,max_queue_median_age_years
29111,Lewis,MO,max_grid_co2_lb_mwh,max_queue_median_age_years
29113,Lincoln,MO,max_grid_co2_lb_mwh;hazard_percentile_max.nri_inland_flood_score,
29115,Linn,MO,max_grid_co2_lb_mwh,max_queue_median_age_years
29117,Livingston,MO,max_grid_co2_lb_mwh,max_queue_median_age_years
29119,McDonald,MO,max_grid_co2_lb_mwh,max_queue_median_age_years
29121,Macon,MO,max_grid_co2_lb_mwh,
29123,Madison,MO,max_grid_co2_lb_mwh;min_fiber_share_locations;hazard_percentile_max.nri_inland_flood_score,max_queue_median_age_years
29125,Maries,MO,max_grid_co2_lb_mwh;min_fiber_share_locations;hazard_percentile_max.nri_inland_flood_score,max_queue_median_age_years
29127,Marion,MO,max_grid_co2_lb_mwh;hazard_percentile_max.nri_inland_flood_score,max_queue_median_age_years
29129,Mercer,MO,max_grid_co2_lb_mwh;min_population;min_nearby_capacity_multiple,max_queue_median_age_years
29131,Miller,MO,max_grid_co2_lb_mwh,max_queue_median_age_years
29133,Mississippi,MO,max_grid_co2_lb_mwh,max_queue_median_age_years
29135,Moniteau,MO,max_grid_co2_lb_mwh,max_queue_median_age_years
29137,Monroe,MO,max_grid_co2_lb_mwh,max_queue_median_age_years
29139,Montgomery,MO,max_grid_co2_lb_mwh,max_queue_median_age_years
29141,Morgan,MO,max_grid_co2_lb_mwh;min_nearby_capacity_multiple;hazard_percentile_max.nri_inland_flood_score,max_queue_median_age_years
29143,New Madrid,MO,max_grid_co2_lb_mwh,
29145,Newton,MO,max_grid_co2_lb_mwh,max_queue_median_age_years
29147,Nodaway,MO,max_grid_co2_lb_mwh,
29149,Oregon,MO,max_grid_co2_lb_mwh;min_nearby_capacity_multiple;hazard_percentile_max.nri_inland_flood_score,max_queue_median_age_years
29151,Osage,MO,max_grid_co2_lb_mwh;min_fiber_share_locations;hazard_percentile_max.nri_inland_flood_score,max_queue_median_age_years
29153,Ozark,MO,max_grid_co2_lb_mwh,max_queue_median_age_years
29155,Pemiscot,MO,max_grid_co2_lb_mwh,max_queue_median_age_years
29157,Perry,MO,max_grid_co2_lb_mwh,max_queue_median_age_years
29159,Pettis,MO,max_grid_co2_lb_mwh,max_queue_median_age_years
29161,Phelps,MO,max_grid_co2_lb_mwh,max_queue_median_age_years
29163,Pike,MO,max_grid_co2_lb_mwh,max_queue_median_age_years
29165,Platte,MO,max_grid_co2_lb_mwh,max_queue_median_age_years
29167,Polk,MO,max_grid_co2_lb_mwh;min_fiber_share_locations,max_queue_median_age_years
29169,Pulaski,MO,max_grid_co2_lb_mwh;min_nearby_capacity_multiple,max_queue_median_age_years
29171,Putnam,MO,max_grid_co2_lb_mwh;min_population;min_nearby_capacity_multiple,max_queue_median_age_years
29173,Ralls,MO,max_grid_co2_lb_mwh;hazard_percentile_max.nri_inland_flood_score,
29175,Randolph,MO,max_grid_co2_lb_mwh;max_queue_median_age_years,
29177,Ray,MO,max_grid_co2_lb_mwh,max_queue_median_age_years
29179,Reynolds,MO,max_grid_co2_lb_mwh;min_nearby_capacity_multiple;hazard_percentile_max.nri_inland_flood_score,max_queue_median_age_years
29181,Ripley,MO,max_grid_co2_lb_mwh;min_fiber_share_locations;min_nearby_capacity_multiple;hazard_percentile_max.nri_inland_flood_score,max_queue_median_age_years
29183,St. Charles,MO,max_grid_co2_lb_mwh;exclude_moratorium_active;hazard_percentile_max.nri_inland_flood_score,max_queue_median_age_years
29185,St. Clair,MO,max_grid_co2_lb_mwh,max_queue_median_age_years
29186,Ste. Genevieve,MO,max_grid_co2_lb_mwh;hazard_percentile_max.nri_inland_flood_score,max_queue_median_age_years
29187,St. Francois,MO,max_grid_co2_lb_mwh,max_queue_median_age_years
29189,St. Louis,MO,max_grid_co2_lb_mwh,max_queue_median_age_years
29195,Saline,MO,max_grid_co2_lb_mwh,max_queue_median_age_years
29197,Schuyler,MO,max_grid_co2_lb_mwh;min_population,max_queue_median_age_years
29199,Scotland,MO,max_grid_co2_lb_mwh;min_population,max_queue_median_age_years
29201,Scott,MO,max_grid_co2_lb_mwh;max_queue_median_age_years,
29203,Shannon,MO,max_grid_co2_lb_mwh;min_nearby_capacity_multiple,max_queue_median_age_years
29205,Shelby,MO,max_grid_co2_lb_mwh,max_queue_median_age_years
29207,Stoddard,MO,max_grid_co2_lb_mwh,max_queue_median_age_years
29209,Stone,MO,max_grid_co2_lb_mwh;hazard_percentile_max.nri_inland_flood_score,max_queue_median_age_years
29211,Sullivan,MO,max_grid_co2_lb_mwh,max_queue_median_age_years
29213,Taney,MO,max_grid_co2_lb_mwh,max_queue_median_age_years
29215,Texas,MO,max_grid_co2_lb_mwh;min_nearby_capacity_multiple,max_queue_median_age_years
29217,Vernon,MO,max_grid_co2_lb_mwh,max_queue_median_age_years
29219,Warren,MO,max_grid_co2_lb_mwh,max_queue_median_age_years
29221,Washington,MO,max_grid_co2_lb_mwh;hazard_percentile_max.nri_inland_flood_score,max_queue_median_age_years
29223,Wayne,MO,max_grid_co2_lb_mwh;min_nearby_capacity_multiple;hazard_percentile_max.nri_inland_flood_score,max_queue_median_age_years
29225,Webster,MO,max_grid_co2_lb_mwh;min_nearby_capacity_multiple,max_queue_median_age_years
29227,Worth,MO,max_grid_co2_lb_mwh;min_population,max_queue_median_age_years
29229,Wright,MO,max_grid_co2_lb_mwh;min_nearby_capacity_multiple,max_queue_median_age_years
29510,St. Louis,MO,max_grid_co2_lb_mwh,max_queue_median_age_years
30001,Beaverhead,MT,min_nearby_capacity_multiple;hazard_percentile_max.nri_wildfire_score,max_queue_median_age_years
30003,Big Horn,MT,hazard_percentile_max.nri_inland_flood_score;hazard_percentile_max.nri_wildfire_score,max_queue_median_age_years
30005,Blaine,MT,min_nearby_capacity_multiple;hazard_percentile_max.nri_inland_flood_score,max_queue_median_age_years
30007,Broadwater,MT,min_fiber_share_locations;min_nearby_capacity_multiple,max_queue_median_age_years
30009,Carbon,MT,min_fiber_share_locations;min_nearby_capacity_multiple;hazard_percentile_max.nri_inland_flood_score;hazard_percentile_max.nri_wildfire_score,max_queue_median_age_years
30011,Carter,MT,max_grid_co2_lb_mwh;min_population;min_nearby_capacity_multiple;hazard_percentile_max.nri_wildfire_score,max_queue_median_age_years
30013,Cascade,MT,min_nearby_capacity_multiple,max_queue_median_age_years
30015,Chouteau,MT,min_nearby_capacity_multiple;hazard_percentile_max.nri_inland_flood_score,max_queue_median_age_years
30017,Custer,MT,min_fiber_share_locations,max_queue_median_age_years
30019,Daniels,MT,min_population;min_nearby_capacity_multiple,max_queue_median_age_years
30021,Dawson,MT,min_nearby_capacity_multiple,max_queue_median_age_years
30023,Deer Lodge,MT,min_fiber_share_locations;min_nearby_capacity_multiple,max_queue_median_age_years
30025,Fallon,MT,max_grid_co2_lb_mwh;min_population;min_nearby_capacity_multiple,max_queue_median_age_years
30027,Fergus,MT,min_nearby_capacity_multiple,max_queue_median_age_years
30029,Flathead,MT,min_nearby_capacity_multiple,max_queue_median_age_years
30031,Gallatin,MT,min_nearby_capacity_multiple,max_queue_median_age_years
30033,Garfield,MT,min_population;min_nearby_capacity_multiple;hazard_percentile_max.nri_wildfire_score,max_queue_median_age_years
30035,Glacier,MT,min_fiber_share_locations;min_nearby_capacity_multiple,max_queue_median_age_years
30037,Golden Valley,MT,min_population;min_nearby_capacity_multiple,max_queue_median_age_years
30039,Granite,MT,min_population;min_nearby_capacity_multiple;hazard_percentile_max.nri_wildfire_score,max_queue_median_age_years
30041,Hill,MT,min_nearby_capacity_multiple,max_queue_median_age_years
30043,Jefferson,MT,min_fiber_share_locations;min_nearby_capacity_multiple;hazard_percentile_max.nri_wildfire_score,max_queue_median_age_years
30045,Judith Basin,MT,min_population;min_nearby_capacity_multiple,max_queue_median_age_years
30047,Lake,MT,min_nearby_capacity_multiple,max_queue_median_age_years
30049,Lewis and Clark,MT,min_nearby_capacity_multiple,
30051,Liberty,MT,min_population;min_nearby_capacity_multiple,max_queue_median_age_years
30053,Lincoln,MT,min_nearby_capacity_multiple;hazard_percentile_max.nri_inland_flood_score;hazard_percentile_max.nri_wildfire_score,max_queue_median_age_years
30055,McCone,MT,max_grid_co2_lb_mwh;min_population;min_nearby_capacity_multiple,max_queue_median_age_years
30057,Madison,MT,min_nearby_capacity_multiple;hazard_percentile_max.nri_wildfire_score,max_queue_median_age_years
30059,Meagher,MT,max_queue_median_age_years;min_population;min_nearby_capacity_multiple;hazard_percentile_max.nri_wildfire_score,
30061,Mineral,MT,min_fiber_share_locations;min_population;min_nearby_capacity_multiple;hazard_percentile_max.nri_inland_flood_score;hazard_percentile_max.nri_wildfire_score,max_queue_median_age_years
30063,Missoula,MT,min_nearby_capacity_multiple;hazard_percentile_max.nri_wildfire_score,max_queue_median_age_years
30065,Musselshell,MT,min_nearby_capacity_multiple;hazard_percentile_max.nri_wildfire_score,max_queue_median_age_years
30067,Park,MT,min_fiber_share_locations;min_nearby_capacity_multiple;hazard_percentile_max.nri_inland_flood_score;hazard_percentile_max.nri_wildfire_score,max_queue_median_age_years
30069,Petroleum,MT,min_population;min_nearby_capacity_multiple;hazard_percentile_max.nri_wildfire_score,max_queue_median_age_years
30071,Phillips,MT,min_population;min_nearby_capacity_multiple,max_queue_median_age_years
30073,Pondera,MT,min_nearby_capacity_multiple,max_queue_median_age_years
30075,Powder River,MT,max_grid_co2_lb_mwh;min_population;hazard_percentile_max.nri_wildfire_score,max_queue_median_age_years
30077,Powell,MT,min_fiber_share_locations;min_nearby_capacity_multiple;hazard_percentile_max.nri_wildfire_score,max_queue_median_age_years
30079,Prairie,MT,max_grid_co2_lb_mwh;min_population;min_nearby_capacity_multiple,max_queue_median_age_years
30081,Ravalli,MT,min_nearby_capacity_multiple;hazard_percentile_max.nri_wildfire_score,max_queue_median_age_years
30083,Richland,MT,min_nearby_capacity_multiple,max_queue_median_age_years
30085,Roosevelt,MT,max_grid_co2_lb_mwh;min_nearby_capacity_multiple,max_queue_median_age_years
30087,Rosebud,MT,max_grid_co2_lb_mwh;hazard_percentile_max.nri_inland_flood_score;hazard_percentile_max.nri_wildfire_score,
30089,Sanders,MT,hazard_percentile_max.nri_inland_flood_score;hazard_percentile_max.nri_wildfire_score,max_queue_median_age_years
30091,Sheridan,MT,max_grid_co2_lb_mwh;min_population;min_nearby_capacity_multiple,max_queue_median_age_years
30093,Silver Bow,MT,min_nearby_capacity_multiple,max_queue_median_age_years
30095,Stillwater,MT,min_nearby_capacity_multiple;hazard_percentile_max.nri_inland_flood_score;hazard_percentile_max.nri_wildfire_score,
30097,Sweet Grass,MT,min_population;min_nearby_capacity_multiple;hazard_percentile_max.nri_inland_flood_score;hazard_percentile_max.nri_wildfire_score,max_queue_median_age_years
30099,Teton,MT,min_nearby_capacity_multiple,max_queue_median_age_years
30101,Toole,MT,min_fiber_share_locations;min_nearby_capacity_multiple,max_queue_median_age_years
30103,Treasure,MT,max_grid_co2_lb_mwh;min_fiber_share_locations;min_population;hazard_percentile_max.nri_inland_flood_score;hazard_percentile_max.nri_wildfire_score,max_queue_median_age_years
30105,Valley,MT,min_nearby_capacity_multiple,max_queue_median_age_years
30107,Wheatland,MT,min_population;min_nearby_capacity_multiple,
30109,Wibaux,MT,max_queue_median_age_years;min_population;min_nearby_capacity_multiple,
30111,Yellowstone,MT,max_queue_median_age_years;min_nearby_capacity_multiple,
31001,Adams,NE,max_grid_co2_lb_mwh;min_nearby_capacity_multiple,max_queue_median_age_years
31003,Antelope,NE,max_grid_co2_lb_mwh,max_queue_median_age_years
31005,Arthur,NE,max_grid_co2_lb_mwh;min_population;min_nearby_capacity_multiple;hazard_percentile_max.nri_wildfire_score,max_queue_median_age_years
31007,Banner,NE,max_grid_co2_lb_mwh;min_fiber_share_locations;min_population,max_queue_median_age_years
31009,Blaine,NE,max_grid_co2_lb_mwh;min_population;min_nearby_capacity_multiple;hazard_percentile_max.nri_inland_flood_score;hazard_percentile_max.nri_wildfire_score,max_queue_median_age_years
31011,Boone,NE,max_grid_co2_lb_mwh,max_queue_median_age_years
31013,Box Butte,NE,max_grid_co2_lb_mwh;min_nearby_capacity_multiple,max_queue_median_age_years
31015,Boyd,NE,max_grid_co2_lb_mwh;min_population;min_nearby_capacity_multiple,max_queue_median_age_years
31017,Brown,NE,max_grid_co2_lb_mwh;min_population;min_nearby_capacity_multiple,max_queue_median_age_years
31019,Buffalo,NE,max_grid_co2_lb_mwh;min_nearby_capacity_multiple,max_queue_median_age_years
31021,Burt,NE,max_grid_co2_lb_mwh;max_queue_median_age_years;hazard_percentile_max.nri_wildfire_score,
31023,Butler,NE,max_grid_co2_lb_mwh,max_queue_median_age_years
31025,Cass,NE,max_grid_co2_lb_mwh,
31027,Cedar,NE,max_grid_co2_lb_mwh,max_queue_median_age_years
31029,Chase,NE,max_grid_co2_lb_mwh;min_population,max_queue_median_age_years
31031,Cherry,NE,max_grid_co2_lb_mwh;min_nearby_capacity_multiple;hazard_percentile_max.nri_wildfire_score,max_queue_median_age_years
31033,Cheyenne,NE,max_grid_co2_lb_mwh;hazard_percentile_max.nri_inland_flood_score,max_queue_median_age_years
31035,Clay,NE,max_grid_co2_lb_mwh,max_queue_median_age_years
31037,Colfax,NE,max_grid_co2_lb_mwh;hazard_percentile_max.nri_inland_flood_score,max_queue_median_age_years
31039,Cuming,NE,max_grid_co2_lb_mwh;hazard_percentile_max.nri_inland_flood_score;hazard_percentile_max.nri_wildfire_score,max_queue_median_age_years
31041,Custer,NE,max_grid_co2_lb_mwh;min_nearby_capacity_multiple,max_queue_median_age_years
31043,Dakota,NE,max_grid_co2_lb_mwh,max_queue_median_age_years
31045,Dawes,NE,max_grid_co2_lb_mwh;min_nearby_capacity_multiple;hazard_percentile_max.nri_wildfire_score,max_queue_median_age_years
31047,Dawson,NE,max_grid_co2_lb_mwh;min_nearby_capacity_multiple,max_queue_median_age_years
31049,Deuel,NE,max_grid_co2_lb_mwh;min_population,max_queue_median_age_years
31051,Dixon,NE,max_grid_co2_lb_mwh,max_queue_median_age_years
31053,Dodge,NE,max_grid_co2_lb_mwh;hazard_percentile_max.nri_inland_flood_score,max_queue_median_age_years
31055,Douglas,NE,max_grid_co2_lb_mwh,
31057,Dundy,NE,max_grid_co2_lb_mwh;min_population;min_nearby_capacity_multiple,max_queue_median_age_years
31059,Fillmore,NE,max_grid_co2_lb_mwh,max_queue_median_age_years
31061,Franklin,NE,max_grid_co2_lb_mwh;min_population;min_nearby_capacity_multiple,max_queue_median_age_years
31063,Frontier,NE,max_grid_co2_lb_mwh;min_population,max_queue_median_age_years
31065,Furnas,NE,max_grid_co2_lb_mwh;min_population;min_nearby_capacity_multiple,max_queue_median_age_years
31067,Gage,NE,max_grid_co2_lb_mwh,
31069,Garden,NE,max_grid_co2_lb_mwh;min_population;min_nearby_capacity_multiple;hazard_percentile_max.nri_wildfire_score,max_queue_median_age_years
31071,Garfield,NE,max_grid_co2_lb_mwh;min_population,max_queue_median_age_years
31073,Gosper,NE,max_grid_co2_lb_mwh;min_population;min_nearby_capacity_multiple,max_queue_median_age_years
31075,Grant,NE,max_grid_co2_lb_mwh;min_population;min_nearby_capacity_multiple;hazard_percentile_max.nri_wildfire_score,max_queue_median_age_years
31077,Greeley,NE,max_grid_co2_lb_mwh;min_population;min_nearby_capacity_multiple,max_queue_median_age_years
31079,Hall,NE,max_grid_co2_lb_mwh;min_nearby_capacity_multiple,max_queue_median_age_years
31081,Hamilton,NE,max_grid_co2_lb_mwh,max_queue_median_age_years
31083,Harlan,NE,max_grid_co2_lb_mwh;min_population;min_nearby_capacity_multiple,max_queue_median_age_years
31085,Hayes,NE,max_grid_co2_lb_mwh;min_population,max_queue_median_age_years
31087,Hitchcock,NE,max_grid_co2_lb_mwh;min_fiber_share_locations;min_population;min_nearby_capacity_multiple,max_queue_median_age_years
31089,Holt,NE,max_grid_co2_lb_mwh,max_queue_median_age_years
31091,Hooker,NE,max_grid_co2_lb_mwh;min_population;min_nearby_capacity_multiple,max_queue_median_age_years
31093,Howard,NE,max_grid_co2_lb_mwh,max_queue_median_age_years
31095,Jefferson,NE,max_grid_co2_lb_mwh,max_queue_median_age_years
31097,Johnson,NE,max_grid_co2_lb_mwh;hazard_percentile_max.nri_wildfire_score,max_queue_median_age_years
31099,Kearney,NE,max_grid_co2_lb_mwh;min_nearby_capacity_multiple,max_queue_median_age_years
31101,Keith,NE,max_grid_co2_lb_mwh;min_nearby_capacity_multiple,max_queue_median_age_years
31103,Keya Paha,NE,max_grid_co2_lb_mwh;min_population;min_nearby_capacity_multiple;hazard_percentile_max.nri_wildfire_score,max_queue_median_age_years
31105,Kimball,NE,max_grid_co2_lb_mwh;min_population,max_queue_median_age_years
31107,Knox,NE,max_grid_co2_lb_mwh,max_queue_median_age_years
31109,Lancaster,NE,max_grid_co2_lb_mwh,
31111,Lincoln,NE,max_grid_co2_lb_mwh,max_queue_median_age_years
31113,Logan,NE,max_grid_co2_lb_mwh;min_population;hazard_percentile_max.nri_wildfire_score,max_queue_median_age_years
31115,Loup,NE,max_grid_co2_lb_mwh;min_population;min_nearby_capacity_multiple,max_queue_median_age_years
31117,McPherson,NE,max_grid_co2_lb_mwh;min_population;min_nearby_capacity_multiple;hazard_percentile_max.nri_wildfire_score,max_queue_median_age_years
31119,Madison,NE,max_grid_co2_lb_mwh,max_queue_median_age_years
31121,Merrick,NE,max_grid_co2_lb_mwh;min_nearby_capacity_multiple;hazard_percentile_max.nri_inland_flood_score,max_queue_median_age_years
31123,Morrill,NE,max_grid_co2_lb_mwh;min_population;min_nearby_capacity_multiple;hazard_percentile_max.nri_inland_flood_score,max_queue_median_age_years
31125,Nance,NE,max_grid_co2_lb_mwh;min_fiber_share_locations;min_population;hazard_percentile_max.nri_inland_flood_score,max_queue_median_age_years
31127,Nemaha,NE,max_grid_co2_lb_mwh,
31129,Nuckolls,NE,max_grid_co2_lb_mwh;min_population,max_queue_median_age_years
31131,Otoe,NE,max_grid_co2_lb_mwh,max_queue_median_age_years
31133,Pawnee,NE,max_grid_co2_lb_mwh;min_population;hazard_percentile_max.nri_wildfire_score,max_queue_median_age_years
31135,Perkins,NE,max_grid_co2_lb_mwh;min_population,max_queue_median_age_years
31137,Phelps,NE,max_grid_co2_lb_mwh;min_nearby_capacity_multiple,max_queue_median_age_years
31139,Pierce,NE,max_grid_co2_lb_mwh;hazard_percentile_max.nri_inland_flood_score,max_queue_median_age_years
31141,Platte,NE,max_grid_co2_lb_mwh,max_queue_median_age_years
31143,Polk,NE,max_grid_co2_lb_mwh,max_queue_median_age_years
31145,Red Willow,NE,max_grid_co2_lb_mwh;min_nearby_capacity_multiple,max_queue_median_age_years
31147,Richardson,NE,max_grid_co2_lb_mwh,max_queue_median_age_years
31149,Rock,NE,max_grid_co2_lb_mwh;min_fiber_share_locations;min_population;min_nearby_capacity_multiple;hazard_percentile_max.nri_wildfire_score,max_queue_median_age_years
31151,Saline,NE,max_grid_co2_lb_mwh,max_queue_median_age_years
31153,Sarpy,NE,max_grid_co2_lb_mwh,max_queue_median_age_years
31155,Saunders,NE,max_grid_co2_lb_mwh,max_queue_median_age_years
31157,Scotts Bluff,NE,max_grid_co2_lb_mwh;min_nearby_capacity_multiple,max_queue_median_age_years
31159,Seward,NE,max_grid_co2_lb_mwh,max_queue_median_age_years
31161,Sheridan,NE,max_grid_co2_lb_mwh;min_nearby_capacity_multiple;hazard_percentile_max.nri_wildfire_score,max_queue_median_age_years
31163,Sherman,NE,max_grid_co2_lb_mwh;min_population;min_nearby_capacity_multiple,max_queue_median_age_years
31165,Sioux,NE,max_grid_co2_lb_mwh;min_fiber_share_locations;min_population;min_nearby_capacity_multiple;hazard_percentile_max.nri_wildfire_score,max_queue_median_age_years
31167,Stanton,NE,max_grid_co2_lb_mwh;hazard_percentile_max.nri_inland_flood_score,max_queue_median_age_years
31169,Thayer,NE,max_grid_co2_lb_mwh;min_population,max_queue_median_age_years
31171,Thomas,NE,max_grid_co2_lb_mwh;min_population;min_nearby_capacity_multiple,max_queue_median_age_years
31173,Thurston,NE,max_grid_co2_lb_mwh;min_fiber_share_locations;hazard_percentile_max.nri_wildfire_score,max_queue_median_age_years
31175,Valley,NE,max_grid_co2_lb_mwh;min_population;min_nearby_capacity_multiple,max_queue_median_age_years
31177,Washington,NE,max_grid_co2_lb_mwh,max_queue_median_age_years
31179,Wayne,NE,max_grid_co2_lb_mwh,max_queue_median_age_years
31181,Webster,NE,max_grid_co2_lb_mwh;min_population,max_queue_median_age_years
31183,Wheeler,NE,max_grid_co2_lb_mwh;min_population;min_nearby_capacity_multiple,max_queue_median_age_years
31185,York,NE,max_grid_co2_lb_mwh,max_queue_median_age_years
32001,Churchill,NV,min_nearby_capacity_multiple;hazard_percentile_max.nri_inland_flood_score,
32003,Clark,NV,max_grid_co2_lb_mwh,
32005,Douglas,NV,min_fiber_share_locations;hazard_percentile_max.nri_wildfire_score,max_queue_median_age_years
32007,Elko,NV,min_nearby_capacity_multiple;hazard_percentile_max.nri_wildfire_score,max_queue_median_age_years
32009,Esmeralda,NV,min_fiber_share_locations;min_population;min_nearby_capacity_multiple,
32011,Eureka,NV,min_fiber_share_locations;min_population;min_nearby_capacity_multiple;hazard_percentile_max.nri_wildfire_score,max_queue_median_age_years
32013,Humboldt,NV,min_nearby_capacity_multiple;hazard_percentile_max.nri_wildfire_score,
32015,Lander,NV,min_nearby_capacity_multiple;hazard_percentile_max.nri_wildfire_score,
32017,Lincoln,NV,min_population;min_nearby_capacity_multiple;hazard_percentile_max.nri_inland_flood_score;hazard_percentile_max.nri_wildfire_score,max_queue_median_age_years
32019,Lyon,NV,hazard_percentile_max.nri_wildfire_score,
32021,Mineral,NV,min_fiber_share_locations;min_population;min_nearby_capacity_multiple,max_queue_median_age_years
32023,Nye,NV,exclude_moratorium_active;min_nearby_capacity_multiple,
32027,Pershing,NV,min_nearby_capacity_multiple,
32029,Storey,NV,min_fiber_share_locations;min_population;hazard_percentile_max.nri_wildfire_score,
32031,Washoe,NV,max_queue_median_age_years;min_nearby_capacity_multiple;hazard_percentile_max.nri_wildfire_score,
32033,White Pine,NV,min_fiber_share_locations;min_nearby_capacity_multiple;hazard_percentile_max.nri_wildfire_score,
32510,Carson City,NV,hazard_percentile_max.nri_wildfire_score,max_queue_median_age_years
33003,Carroll,NH,hazard_percentile_max.nri_inland_flood_score;hazard_percentile_max.nri_hurricane_score,max_queue_median_age_years
33005,Cheshire,NH,hazard_percentile_max.nri_inland_flood_score,max_queue_median_age_years
33007,Coos,NH,hazard_percentile_max.nri_inland_flood_score,max_queue_median_age_years
33009,Grafton,NH,hazard_percentile_max.nri_inland_flood_score,max_queue_median_age_years
33015,Rockingham,NH,hazard_percentile_max.nri_coastal_flood_score,max_queue_median_age_years
33017,Strafford,NH,hazard_percentile_max.nri_coastal_flood_score,max_queue_median_age_years
33019,Sullivan,NH,hazard_percentile_max.nri_inland_flood_score,max_queue_median_age_years
34001,Atlantic,NJ,min_fiber_share_locations;hazard_percentile_max.nri_coastal_flood_score;hazard_percentile_max.nri_hurricane_score,
34003,Bergen,NJ,hazard_percentile_max.nri_coastal_flood_score,max_queue_median_age_years
34005,Burlington,NJ,hazard_percentile_max.nri_coastal_flood_score,max_queue_median_age_years
34007,Camden,NJ,hazard_percentile_max.nri_coastal_flood_score,max_queue_median_age_years
34009,Cape May,NJ,hazard_percentile_max.nri_coastal_flood_score;hazard_percentile_max.nri_hurricane_score,max_queue_median_age_years
34011,Cumberland,NJ,hazard_percentile_max.nri_coastal_flood_score,
34013,Essex,NJ,hazard_percentile_max.nri_coastal_flood_score,max_queue_median_age_years
34015,Gloucester,NJ,hazard_percentile_max.nri_coastal_flood_score,
34017,Hudson,NJ,hazard_percentile_max.nri_inland_flood_score;hazard_percentile_max.nri_coastal_flood_score,max_queue_median_age_years
34021,Mercer,NJ,hazard_percentile_max.nri_coastal_flood_score,max_queue_median_age_years
34023,Middlesex,NJ,hazard_percentile_max.nri_coastal_flood_score,max_queue_median_age_years
34025,Monmouth,NJ,hazard_percentile_max.nri_coastal_flood_score,
34029,Ocean,NJ,hazard_percentile_max.nri_coastal_flood_score,
34031,Passaic,NJ,hazard_percentile_max.nri_coastal_flood_score,max_queue_median_age_years
34033,Salem,NJ,hazard_percentile_max.nri_coastal_flood_score,
34035,Somerset,NJ,hazard_percentile_max.nri_coastal_flood_score,max_queue_median_age_years
34039,Union,NJ,hazard_percentile_max.nri_coastal_flood_score,max_queue_median_age_years
34041,Warren,NJ,hazard_percentile_max.nri_inland_flood_score,
35001,Bernalillo,NM,max_grid_co2_lb_mwh;min_fiber_share_locations;min_nearby_capacity_multiple,
35003,Catron,NM,max_grid_co2_lb_mwh;min_fiber_share_locations;min_population;hazard_percentile_max.nri_inland_flood_score;hazard_percentile_max.nri_wildfire_score,max_queue_median_age_years
35005,Chaves,NM,max_grid_co2_lb_mwh;min_nearby_capacity_multiple;hazard_percentile_max.nri_inland_flood_score,
35006,Cibola,NM,max_grid_co2_lb_mwh;min_nearby_capacity_multiple;hazard_percentile_max.nri_inland_flood_score,
35007,Colfax,NM,max_grid_co2_lb_mwh;min_nearby_capacity_multiple;hazard_percentile_max.nri_wildfire_score,max_queue_median_age_years
35009,Curry,NM,max_grid_co2_lb_mwh;hazard_percentile_max.nri_wildfire_score,
35011,De Baca,NM,max_grid_co2_lb_mwh;min_population;hazard_percentile_max.nri_inland_flood_score;hazard_percentile_max.nri_wildfire_score,max_queue_median_age_years
35013,Doña Ana,NM,max_grid_co2_lb_mwh;max_queue_median_age_years;hazard_percentile_max.nri_inland_flood_score,
35015,Eddy,NM,max_grid_co2_lb_mwh;hazard_percentile_max.nri_inland_flood_score,
35017,Grant,NM,max_grid_co2_lb_mwh;min_fiber_share_locations;min_nearby_capacity_multiple;hazard_percentile_max.nri_inland_flood_score;hazard_percentile_max.nri_wildfire_score,max_queue_median_age_years
35019,Guadalupe,NM,max_grid_co2_lb_mwh;min_population;hazard_percentile_max.nri_inland_flood_score,
35021,Harding,NM,max_grid_co2_lb_mwh;min_population;min_nearby_capacity_multiple;hazard_percentile_max.nri_inland_flood_score;hazard_percentile_max.nri_wildfire_score,max_queue_median_age_years
35023,Hidalgo,NM,max_grid_co2_lb_mwh;min_fiber_share_locations;min_population;min_nearby_capacity_multiple;hazard_percentile_max.nri_inland_flood_score;hazard_percentile_max.nri_wildfire_score,max_queue_median_age_years
35025,Lea,NM,max_grid_co2_lb_mwh;hazard_percentile_max.nri_inland_flood_score;hazard_percentile_max.nri_wildfire_score,
35027,Lincoln,NM,max_grid_co2_lb_mwh;min_nearby_capacity_multiple;hazard_percentile_max.nri_inland_flood_score;hazard_percentile_max.nri_wildfire_score,max_queue_median_age_years
35028,Los Alamos,NM,max_grid_co2_lb_mwh;min_fiber_share_locations;min_nearby_capacity_multiple;hazard_percentile_max.nri_wildfire_score,max_queue_median_age_years
35029,Luna,NM,max_grid_co2_lb_mwh;min_nearby_capacity_multiple,
35031,McKinley,NM,max_grid_co2_lb_mwh;min_fiber_share_locations;min_nearby_capacity_multiple,
35033,Mora,NM,max_grid_co2_lb_mwh;min_population;min_nearby_capacity_multiple;hazard_percentile_max.nri_inland_flood_score;hazard_percentile_max.nri_wildfire_score,max_queue_median_age_years
35035,Otero,NM,max_grid_co2_lb_mwh;hazard_percentile_max.nri_inland_flood_score;hazard_percentile_max.nri_wildfire_score,
35037,Quay,NM,max_grid_co2_lb_mwh;min_nearby_capacity_multiple;hazard_percentile_max.nri_inland_flood_score;hazard_percentile_max.nri_wildfire_score,max_queue_median_age_years
35039,Rio Arriba,NM,max_grid_co2_lb_mwh;min_fiber_share_locations;min_nearby_capacity_multiple;hazard_percentile_max.nri_inland_flood_score;hazard_percentile_max.nri_wildfire_score,max_queue_median_age_years
35041,Roosevelt,NM,max_grid_co2_lb_mwh;hazard_percentile_max.nri_inland_flood_score;hazard_percentile_max.nri_wildfire_score,
35043,Sandoval,NM,max_grid_co2_lb_mwh;max_queue_median_age_years;min_nearby_capacity_multiple,
35045,San Juan,NM,max_grid_co2_lb_mwh;max_queue_median_age_years;min_fiber_share_locations,
35047,San Miguel,NM,max_grid_co2_lb_mwh;min_nearby_capacity_multiple;hazard_percentile_max.nri_wildfire_score,max_queue_median_age_years
35049,Santa Fe,NM,max_grid_co2_lb_mwh;min_fiber_share_locations;exclude_moratorium_active;min_nearby_capacity_multiple;hazard_percentile_max.nri_wildfire_score,
35051,Sierra,NM,max_grid_co2_lb_mwh;min_nearby_capacity_multiple,max_queue_median_age_years
35053,Socorro,NM,max_grid_co2_lb_mwh;exclude_moratorium_active;min_nearby_capacity_multiple;hazard_percentile_max.nri_inland_flood_score,max_queue_median_age_years
35055,Taos,NM,max_grid_co2_lb_mwh;min_nearby_capacity_multiple;hazard_percentile_max.nri_inland_flood_score;hazard_percentile_max.nri_wildfire_score,max_queue_median_age_years
35057,Torrance,NM,max_grid_co2_lb_mwh;max_queue_median_age_years;min_fiber_share_locations;hazard_percentile_max.nri_inland_flood_score;hazard_percentile_max.nri_wildfire_score,
35059,Union,NM,max_grid_co2_lb_mwh;min_population;min_nearby_capacity_multiple;hazard_percentile_max.nri_wildfire_score,max_queue_median_age_years
35061,Valencia,NM,max_grid_co2_lb_mwh;min_nearby_capacity_multiple;hazard_percentile_max.nri_inland_flood_score,
36003,Allegany,NY,hazard_percentile_max.nri_inland_flood_score,max_queue_median_age_years
36005,Bronx,NY,max_grid_co2_lb_mwh;hazard_percentile_max.nri_coastal_flood_score,
36009,Cattaraugus,NY,hazard_percentile_max.nri_inland_flood_score,max_queue_median_age_years
36011,Cayuga,NY,max_queue_median_age_years;hazard_percentile_max.nri_coastal_flood_score,
36013,Chautauqua,NY,hazard_percentile_max.nri_coastal_flood_score,
36017,Chenango,NY,hazard_percentile_max.nri_inland_flood_score,max_queue_median_age_years
36023,Cortland,NY,hazard_percentile_max.nri_inland_flood_score,max_queue_median_age_years
36025,Delaware,NY,hazard_percentile_max.nri_inland_flood_score,max_queue_median_age_years
36027,Dutchess,NY,hazard_percentile_max.nri_coastal_flood_score,
36029,Erie,NY,hazard_percentile_max.nri_coastal_flood_score,max_queue_median_age_years
36037,Genesee,NY,max_queue_median_age_years,
36039,Greene,NY,max_queue_median_age_years;hazard_percentile_max.nri_coastal_flood_score,
36041,Hamilton,NY,hazard_percentile_max.nri_inland_flood_score,max_queue_median_age_years
36043,Herkimer,NY,max_queue_median_age_years,
36045,Jefferson,NY,max_queue_median_age_years;min_fiber_share_locations;hazard_percentile_max.nri_coastal_flood_score,
36047,Kings,NY,max_grid_co2_lb_mwh;hazard_percentile_max.nri_coastal_flood_score,
36051,Livingston,NY,max_queue_median_age_years,
36055,Monroe,NY,hazard_percentile_max.nri_coastal_flood_score,max_queue_median_age_years
36057,Montgomery,NY,hazard_percentile_max.nri_inland_flood_score,
36059,Nassau,NY,max_grid_co2_lb_mwh;hazard_percentile_max.nri_coastal_flood_score,max_queue_median_age_years
36061,New York,NY,max_grid_co2_lb_mwh;hazard_percentile_max.nri_coastal_flood_score,max_queue_median_age_years
36063,Niagara,NY,hazard_percentile_max.nri_coastal_flood_score,
36071,Orange,NY,hazard_percentile_max.nri_coastal_flood_score,
36073,Orleans,NY,min_fiber_share_locations;hazard_percentile_max.nri_coastal_flood_score,max_queue_median_age_years
36075,Oswego,NY,hazard_percentile_max.nri_coastal_flood_score,max_queue_median_age_years
36077,Otsego,NY,hazard_percentile_max.nri_inland_flood_score,max_queue_median_age_years
36079,Putnam,NY,hazard_percentile_max.nri_coastal_flood_score,max_queue_median_age_years
36081,Queens,NY,max_grid_co2_lb_mwh;max_queue_median_age_years;hazard_percentile_max.nri_coastal_flood_score,
36083,Rensselaer,NY,min_fiber_share_locations,
36085,Richmond,NY,max_grid_co2_lb_mwh;hazard_percentile_max.nri_coastal_flood_score,
36087,Rockland,NY,hazard_percentile_max.nri_coastal_flood_score,max_queue_median_age_years
36103,Suffolk,NY,max_grid_co2_lb_mwh;hazard_percentile_max.nri_coastal_flood_score,
36105,Sullivan,NY,min_fiber_share_locations,max_queue_median_age_years
36107,Tioga,NY,hazard_percentile_max.nri_inland_flood_score,max_queue_median_age_years
36109,Tompkins,NY,hazard_percentile_max.nri_inland_flood_score,
36111,Ulster,NY,hazard_percentile_max.nri_coastal_flood_score,
36113,Warren,NY,min_nearby_capacity_multiple,max_queue_median_age_years
36115,Washington,NY,max_queue_median_age_years,
36117,Wayne,NY,hazard_percentile_max.nri_coastal_flood_score,max_queue_median_age_years
36119,Westchester,NY,max_grid_co2_lb_mwh;hazard_percentile_max.nri_coastal_flood_score,max_queue_median_age_years
36121,Wyoming,NY,max_queue_median_age_years,
36123,Yates,NY,hazard_percentile_max.nri_inland_flood_score,max_queue_median_age_years
37001,Alamance,NC,exclude_moratorium_active,max_queue_median_age_years
37009,Ashe,NC,hazard_percentile_max.nri_inland_flood_score,max_queue_median_age_years
37013,Beaufort,NC,hazard_percentile_max.nri_coastal_flood_score;hazard_percentile_max.nri_hurricane_score,max_queue_median_age_years
37015,Bertie,NC,hazard_percentile_max.nri_coastal_flood_score;hazard_percentile_max.nri_hurricane_score,
37017,Bladen,NC,hazard_percentile_max.nri_coastal_flood_score;hazard_percentile_max.nri_hurricane_score,max_queue_median_age_years
37019,Brunswick,NC,hazard_percentile_max.nri_coastal_flood_score;hazard_percentile_max.nri_hurricane_score,max_queue_median_age_years
37029,Camden,NC,hazard_percentile_max.nri_coastal_flood_score;hazard_percentile_max.nri_hurricane_score,max_queue_median_age_years
37031,Carteret,NC,min_nearby_capacity_multiple;hazard_percentile_max.nri_coastal_flood_score;hazard_percentile_max.nri_hurricane_score,max_queue_median_age_years
37037,Chatham,NC,exclude_moratorium_active,max_queue_median_age_years
37039,Cherokee,NC,max_grid_co2_lb_mwh,max_queue_median_age_years
37041,Chowan,NC,hazard_percentile_max.nri_coastal_flood_score;hazard_percentile_max.nri_hurricane_score,max_queue_median_age_years
37043,Clay,NC,max_grid_co2_lb_mwh;exclude_moratorium_active,max_queue_median_age_years
37047,Columbus,NC,hazard_percentile_max.nri_coastal_flood_score;hazard_percentile_max.nri_hurricane_score,max_queue_median_age_years
37049,Craven,NC,hazard_percentile_max.nri_coastal_flood_score;hazard_percentile_max.nri_hurricane_score,max_queue_median_age_years
37051,Cumberland,NC,exclude_moratorium_active,
37053,Currituck,NC,hazard_percentile_max.nri_coastal_flood_score;hazard_percentile_max.nri_hurricane_score,
37055,Dare,NC,min_nearby_capacity_multiple;hazard_percentile_max.nri_coastal_flood_score;hazard_percentile_max.nri_hurricane_score,max_queue_median_age_years
37059,Davie,NC,exclude_moratorium_active,max_queue_median_age_years
37061,Duplin,NC,hazard_percentile_max.nri_hurricane_score,
37065,Edgecombe,NC,hazard_percentile_max.nri_hurricane_score,max_queue_median_age_years
37073,Gates,NC,exclude_moratorium_active;hazard_percentile_max.nri_coastal_flood_score;hazard_percentile_max.nri_hurricane_score,max_queue_median_age_years
37075,Graham,NC,hazard_percentile_max.nri_inland_flood_score,max_queue_median_age_years
37079,Greene,NC,hazard_percentile_max.nri_coastal_flood_score;hazard_percentile_max.nri_hurricane_score,max_queue_median_age_years
37085,Harnett,NC,exclude_moratorium_active,max_queue_median_age_years
37091,Hertford,NC,hazard_percentile_max.nri_coastal_flood_score;hazard_percentile_max.nri_hurricane_score,max_queue_median_age_years
37095,Hyde,NC,min_population;min_nearby_capacity_multiple;hazard_percentile_max.nri_coastal_flood_score;hazard_percentile_max.nri_hurricane_score,max_queue_median_age_years
37099,Jackson,NC,hazard_percentile_max.nri_inland_flood_score,
37103,Jones,NC,hazard_percentile_max.nri_coastal_flood_score;hazard_percentile_max.nri_hurricane_score,max_queue_median_age_years
37107,Lenoir,NC,hazard_percentile_max.nri_coastal_flood_score;hazard_percentile_max.nri_hurricane_score,max_queue_median_age_years
37111,McDowell,NC,hazard_percentile_max.nri_inland_flood_score,max_queue_median_age_years
37115,Madison,NC,exclude_moratorium_active,max_queue_median_age_years
37117,Martin,NC,hazard_percentile_max.nri_coastal_flood_score;hazard_percentile_max.nri_hurricane_score,max_queue_median_age_years
37121,Mitchell,NC,hazard_percentile_max.nri_inland_flood_score,max_queue_median_age_years
37129,New Hanover,NC,hazard_percentile_max.nri_coastal_flood_score;hazard_percentile_max.nri_hurricane_score,
37131,Northampton,NC,exclude_moratorium_active;hazard_percentile_max.nri_coastal_flood_score;hazard_percentile_max.nri_hurricane_score,max_queue_median_age_years
37133,Onslow,NC,hazard_percentile_max.nri_coastal_flood_score;hazard_percentile_max.nri_hurricane_score,
37135,Orange,NC,exclude_moratorium_active,max_queue_median_age_years
37137,Pamlico,NC,min_nearby_capacity_multiple;hazard_percentile_max.nri_coastal_flood_score;hazard_percentile_max.nri_hurricane_score,max_queue_median_age_years
37139,Pasquotank,NC,exclude_moratorium_active;hazard_percentile_max.nri_coastal_flood_score;hazard_percentile_max.nri_hurricane_score,max_queue_median_age_years
37141,Pender,NC,hazard_percentile_max.nri_coastal_flood_score;hazard_percentile_max.nri_hurricane_score,max_queue_median_age_years
37143,Perquimans,NC,hazard_percentile_max.nri_coastal_flood_score;hazard_percentile_max.nri_hurricane_score,max_queue_median_age_years
37147,Pitt,NC,hazard_percentile_max.nri_coastal_flood_score;hazard_percentile_max.nri_hurricane_score,max_queue_median_age_years
37155,Robeson,NC,hazard_percentile_max.nri_hurricane_score,
37159,Rowan,NC,exclude_moratorium_active,
37163,Sampson,NC,hazard_percentile_max.nri_hurricane_score,max_queue_median_age_years
37165,Scotland,NC,min_fiber_share_locations;hazard_percentile_max.nri_hurricane_score,
37171,Surry,NC,exclude_moratorium_active,max_queue_median_age_years
37173,Swain,NC,exclude_moratorium_active;hazard_percentile_max.nri_inland_flood_score,max_queue_median_age_years
37177,Tyrrell,NC,min_population;hazard_percentile_max.nri_coastal_flood_score;hazard_percentile_max.nri_hurricane_score,max_queue_median_age_years
37185,Warren,NC,hazard_percentile_max.nri_hurricane_score,max_queue_median_age_years
37187,Washington,NC,max_queue_median_age_years;hazard_percentile_max.nri_coastal_flood_score;hazard_percentile_max.nri_hurricane_score,
37189,Watauga,NC,exclude_moratorium_active,max_queue_median_age_years
37191,Wayne,NC,hazard_percentile_max.nri_hurricane_score,
37193,Wilkes,NC,hazard_percentile_max.nri_inland_flood_score,max_queue_median_age_years
37195,Wilson,NC,hazard_percentile_max.nri_hurricane_score,max_queue_median_age_years
37197,Yadkin,NC,exclude_moratorium_active,max_queue_median_age_years
38001,Adams,ND,max_grid_co2_lb_mwh;min_population;min_nearby_capacity_multiple,max_queue_median_age_years
38003,Barnes,ND,max_grid_co2_lb_mwh;min_nearby_capacity_multiple,max_queue_median_age_years
38005,Benson,ND,max_grid_co2_lb_mwh;min_nearby_capacity_multiple,max_queue_median_age_years
38007,Billings,ND,max_grid_co2_lb_mwh;min_population;min_nearby_capacity_multiple;hazard_percentile_max.nri_wildfire_score,max_queue_median_age_years
38009,Bottineau,ND,max_grid_co2_lb_mwh;min_nearby_capacity_multiple,max_queue_median_age_years
38011,Bowman,ND,max_grid_co2_lb_mwh;min_population;min_nearby_capacity_multiple,max_queue_median_age_years
38013,Burke,ND,max_grid_co2_lb_mwh;min_population;min_nearby_capacity_multiple,max_queue_median_age_years
38015,Burleigh,ND,max_grid_co2_lb_mwh,max_queue_median_age_years
38017,Cass,ND,max_grid_co2_lb_mwh;min_nearby_capacity_multiple,
38019,Cavalier,ND,max_grid_co2_lb_mwh;min_population;min_nearby_capacity_multiple,max_queue_median_age_years
38021,Dickey,ND,max_grid_co2_lb_mwh;min_population;min_nearby_capacity_multiple,max_queue_median_age_years
38023,Divide,ND,max_grid_co2_lb_mwh;min_population;min_nearby_capacity_multiple,max_queue_median_age_years
38025,Dunn,ND,max_grid_co2_lb_mwh;min_population;exclude_moratorium_active;hazard_percentile_max.nri_wildfire_score,max_queue_median_age_years
38027,Eddy,ND,max_grid_co2_lb_mwh;max_queue_median_age_years;min_population;min_nearby_capacity_multiple,
38029,Emmons,ND,max_grid_co2_lb_mwh;min_population;min_nearby_capacity_multiple;hazard_percentile_max.nri_wildfire_score,max_queue_median_age_years
38031,Foster,ND,max_grid_co2_lb_mwh;min_population;min_nearby_capacity_multiple,max_queue_median_age_years
38033,Golden Valley,ND,max_grid_co2_lb_mwh;min_population;min_nearby_capacity_multiple,max_queue_median_age_years
38035,Grand Forks,ND,max_grid_co2_lb_mwh;min_nearby_capacity_multiple,max_queue_median_age_years
38037,Grant,ND,max_grid_co2_lb_mwh;min_population,max_queue_median_age_years
38039,Griggs,ND,max_grid_co2_lb_mwh;min_population;min_nearby_capacity_multiple,max_queue_median_age_years
38041,Hettinger,ND,max_grid_co2_lb_mwh;min_population,max_queue_median_age_years
38043,Kidder,ND,max_grid_co2_lb_mwh;min_population;min_nearby_capacity_multiple,max_queue_median_age_years
38045,LaMoure,ND,max_grid_co2_lb_mwh;min_population;min_nearby_capacity_multiple,max_queue_median_age_years
38047,Logan,ND,max_grid_co2_lb_mwh;min_population;min_nearby_capacity_multiple,max_queue_median_age_years
38049,McHenry,ND,max_grid_co2_lb_mwh;min_nearby_capacity_multiple;hazard_percentile_max.nri_wildfire_score,max_queue_median_age_years
38051,McIntosh,ND,max_grid_co2_lb_mwh;min_population;min_nearby_capacity_multiple,max_queue_median_age_years
38053,McKenzie,ND,max_grid_co2_lb_mwh;min_nearby_capacity_multiple,max_queue_median_age_years
38055,McLean,ND,max_grid_co2_lb_mwh,max_queue_median_age_years
38057,Mercer,ND,max_grid_co2_lb_mwh;exclude_moratorium_active,
38059,Morton,ND,max_grid_co2_lb_mwh;exclude_moratorium_active,
38061,Mountrail,ND,max_grid_co2_lb_mwh;min_nearby_capacity_multiple,max_queue_median_age_years
38063,Nelson,ND,max_grid_co2_lb_mwh;min_population;min_nearby_capacity_multiple,max_queue_median_age_years
38065,Oliver,ND,max_grid_co2_lb_mwh;max_queue_median_age_years;min_population;hazard_percentile_max.nri_inland_flood_score,
38067,Pembina,ND,max_grid_co2_lb_mwh;min_nearby_capacity_multiple,max_queue_median_age_years
38069,Pierce,ND,max_grid_co2_lb_mwh;min_population;min_nearby_capacity_multiple,max_queue_median_age_years
38071,Ramsey,ND,max_grid_co2_lb_mwh;min_nearby_capacity_multiple,max_queue_median_age_years
38073,Ransom,ND,max_grid_co2_lb_mwh;min_nearby_capacity_multiple,max_queue_median_age_years
38075,Renville,ND,max_grid_co2_lb_mwh;min_population;min_nearby_capacity_multiple,max_queue_median_age_years
38077,Richland,ND,max_grid_co2_lb_mwh;max_queue_median_age_years;min_nearby_capacity_multiple,
38079,Rolette,ND,max_grid_co2_lb_mwh;min_nearby_capacity_multiple;hazard_percentile_max.nri_wildfire_score,max_queue_median_age_years
38081,Sargent,ND,max_grid_co2_lb_mwh;min_population;min_nearby_capacity_multiple,max_queue_median_age_years
38083,Sheridan,ND,max_grid_co2_lb_mwh;min_population,max_queue_median_age_years
38085,Sioux,ND,max_grid_co2_lb_mwh;min_population;min_nearby_capacity_multiple;hazard_percentile_max.nri_wildfire_score,max_queue_median_age_years
38087,Slope,ND,max_grid_co2_lb_mwh;min_population;min_nearby_capacity_multiple,max_queue_median_age_years
38089,Stark,ND,max_grid_co2_lb_mwh,
38091,Steele,ND,max_grid_co2_lb_mwh;min_population;min_nearby_capacity_multiple,max_queue_median_age_years
38093,Stutsman,ND,max_grid_co2_lb_mwh;min_nearby_capacity_multiple,max_queue_median_age_years
38095,Towner,ND,max_grid_co2_lb_mwh;min_population;min_nearby_capacity_multiple,max_queue_median_age_years
38097,Traill,ND,max_grid_co2_lb_mwh;min_nearby_capacity_multiple,max_queue_median_age_years
38099,Walsh,ND,max_grid_co2_lb_mwh;min_nearby_capacity_multiple,max_queue_median_age_years
38101,Ward,ND,max_grid_co2_lb_mwh,
38103,Wells,ND,max_grid_co2_lb_mwh;min_population;min_nearby_capacity_multiple,max_queue_median_age_years
38105,Williams,ND,min_nearby_capacity_multiple,
39001,Adams,OH,max_grid_co2_lb_mwh,
39003,Allen,OH,max_grid_co2_lb_mwh,max_queue_median_age_years
39005,Ashland,OH,max_grid_co2_lb_mwh,max_queue_median_age_years
39007,Ashtabula,OH,max_grid_co2_lb_mwh;hazard_percentile_max.nri_coastal_flood_score,max_queue_median_age_years
39009,Athens,OH,max_grid_co2_lb_mwh;hazard_percentile_max.nri_inland_flood_score,max_queue_median_age_years
39011,Auglaize,OH,max_grid_co2_lb_mwh,max_queue_median_age_years
39013,Belmont,OH,max_grid_co2_lb_mwh;hazard_percentile_max.nri_inland_flood_score,max_queue_median_age_years
39015,Brown,OH,max_grid_co2_lb_mwh,max_queue_median_age_years
39017,Butler,OH,max_grid_co2_lb_mwh;exclude_moratorium_active,
39019,Carroll,OH,max_grid_co2_lb_mwh,max_queue_median_age_years
39021,Champaign,OH,max_grid_co2_lb_mwh;max_queue_median_age_years;min_fiber_share_locations,
39023,Clark,OH,max_grid_co2_lb_mwh,max_queue_median_age_years
39025,Clermont,OH,max_grid_co2_lb_mwh,
39027,Clinton,OH,max_grid_co2_lb_mwh,max_queue_median_age_years
39029,Columbiana,OH,max_grid_co2_lb_mwh;min_fiber_share_locations,max_queue_median_age_years
39031,Coshocton,OH,max_grid_co2_lb_mwh,max_queue_median_age_years
39033,Crawford,OH,max_grid_co2_lb_mwh,max_queue_median_age_years
39035,Cuyahoga,OH,max_grid_co2_lb_mwh;hazard_percentile_max.nri_coastal_flood_score,max_queue_median_age_years
39037,Darke,OH,max_grid_co2_lb_mwh,max_queue_median_age_years
39039,Defiance,OH,max_grid_co2_lb_mwh,max_queue_median_age_years
39041,Delaware,OH,max_grid_co2_lb_mwh,max_queue_median_age_years
39043,Erie,OH,max_grid_co2_lb_mwh;hazard_percentile_max.nri_coastal_flood_score,max_queue_median_age_years
39045,Fairfield,OH,max_grid_co2_lb_mwh;max_queue_median_age_years,
39047,Fayette,OH,max_grid_co2_lb_mwh,
39049,Franklin,OH,max_grid_co2_lb_mwh,max_queue_median_age_years
39051,Fulton,OH,max_grid_co2_lb_mwh,
39053,Gallia,OH,max_grid_co2_lb_mwh;min_fiber_share_locations,max_queue_median_age_years
39055,Geauga,OH,max_grid_co2_lb_mwh,max_queue_median_age_years
39057,Greene,OH,max_grid_co2_lb_mwh,max_queue_median_age_years
39059,Guernsey,OH,max_grid_co2_lb_mwh,max_queue_median_age_years
39061,Hamilton,OH,max_grid_co2_lb_mwh,max_queue_median_age_years
39063,Hancock,OH,max_grid_co2_lb_mwh,
39065,Hardin,OH,max_grid_co2_lb_mwh;max_queue_median_age_years,
39067,Harrison,OH,max_grid_co2_lb_mwh,
39069,Henry,OH,max_grid_co2_lb_mwh;hazard_percentile_max.nri_inland_flood_score,max_queue_median_age_years
39071,Highland,OH,max_grid_co2_lb_mwh,
39073,Hocking,OH,max_grid_co2_lb_mwh;hazard_percentile_max.nri_inland_flood_score,max_queue_median_age_years
39075,Holmes,OH,max_grid_co2_lb_mwh,max_queue_median_age_years
39077,Huron,OH,max_grid_co2_lb_mwh,max_queue_median_age_years
39079,Jackson,OH,max_grid_co2_lb_mwh,
39081,Jefferson,OH,max_grid_co2_lb_mwh;min_fiber_share_locations,max_queue_median_age_years
39083,Knox,OH,max_grid_co2_lb_mwh,max_queue_median_age_years
39085,Lake,OH,max_grid_co2_lb_mwh;hazard_percentile_max.nri_coastal_flood_score,max_queue_median_age_years
39087,Lawrence,OH,max_grid_co2_lb_mwh;min_fiber_share_locations;hazard_percentile_max.nri_inland_flood_score,max_queue_median_age_years
39089,Licking,OH,max_grid_co2_lb_mwh,
39091,Logan,OH,max_grid_co2_lb_mwh,max_queue_median_age_years
39093,Lorain,OH,max_grid_co2_lb_mwh;hazard_percentile_max.nri_coastal_flood_score,
39095,Lucas,OH,max_grid_co2_lb_mwh;hazard_percentile_max.nri_coastal_flood_score,max_queue_median_age_years
39097,Madison,OH,max_grid_co2_lb_mwh,
39099,Mahoning,OH,max_grid_co2_lb_mwh,max_queue_median_age_years
39101,Marion,OH,max_grid_co2_lb_mwh,
39103,Medina,OH,max_grid_co2_lb_mwh,max_queue_median_age_years
39105,Meigs,OH,max_grid_co2_lb_mwh,max_queue_median_age_years
39107,Mercer,OH,max_grid_co2_lb_mwh,max_queue_median_age_years
39109,Miami,OH,max_grid_co2_lb_mwh,max_queue_median_age_years
39111,Monroe,OH,max_grid_co2_lb_mwh,max_queue_median_age_years
39113,Montgomery,OH,max_grid_co2_lb_mwh,
39115,Morgan,OH,max_grid_co2_lb_mwh;hazard_percentile_max.nri_inland_flood_score,max_queue_median_age_years
39117,Morrow,OH,max_grid_co2_lb_mwh,
39119,Muskingum,OH,max_grid_co2_lb_mwh,max_queue_median_age_years
39121,Noble,OH,max_grid_co2_lb_mwh,max_queue_median_age_years
39123,Ottawa,OH,max_grid_co2_lb_mwh;hazard_percentile_max.nri_coastal_flood_score,max_queue_median_age_years
39125,Paulding,OH,max_grid_co2_lb_mwh,
39127,Perry,OH,max_grid_co2_lb_mwh;min_fiber_share_locations,max_queue_median_age_years
39129,Pickaway,OH,max_grid_co2_lb_mwh,
39131,Pike,OH,max_grid_co2_lb_mwh,max_queue_median_age_years
39133,Portage,OH,max_grid_co2_lb_mwh,max_queue_median_age_years
39135,Preble,OH,max_grid_co2_lb_mwh;max_queue_median_age_years,
39137,Putnam,OH,max_grid_co2_lb_mwh,max_queue_median_age_years
39139,Richland,OH,max_grid_co2_lb_mwh,max_queue_median_age_years
39141,Ross,OH,max_grid_co2_lb_mwh,max_queue_median_age_years
39143,Sandusky,OH,max_grid_co2_lb_mwh;hazard_percentile_max.nri_coastal_flood_score,max_queue_median_age_years
39145,Scioto,OH,max_grid_co2_lb_mwh,max_queue_median_age_years
39147,Seneca,OH,max_grid_co2_lb_mwh,
39149,Shelby,OH,max_grid_co2_lb_mwh,max_queue_median_age_years
39151,Stark,OH,max_grid_co2_lb_mwh,max_queue_median_age_years
39153,Summit,OH,max_grid_co2_lb_mwh,max_queue_median_age_years
39155,Trumbull,OH,max_grid_co2_lb_mwh,
39157,Tuscarawas,OH,max_grid_co2_lb_mwh,max_queue_median_age_years
39159,Union,OH,max_grid_co2_lb_mwh,
39161,Van Wert,OH,max_grid_co2_lb_mwh,
39163,Vinton,OH,max_grid_co2_lb_mwh,max_queue_median_age_years
39165,Warren,OH,max_grid_co2_lb_mwh,max_queue_median_age_years
39167,Washington,OH,max_grid_co2_lb_mwh;min_fiber_share_locations;hazard_percentile_max.nri_inland_flood_score,max_queue_median_age_years
39169,Wayne,OH,max_grid_co2_lb_mwh,max_queue_median_age_years
39171,Williams,OH,max_grid_co2_lb_mwh,max_queue_median_age_years
39173,Wood,OH,max_grid_co2_lb_mwh;hazard_percentile_max.nri_coastal_flood_score,
39175,Wyandot,OH,max_grid_co2_lb_mwh,max_queue_median_age_years
40001,Adair,OK,max_grid_co2_lb_mwh,max_queue_median_age_years
40003,Alfalfa,OK,max_grid_co2_lb_mwh;hazard_percentile_max.nri_inland_flood_score,max_queue_median_age_years
40005,Atoka,OK,max_grid_co2_lb_mwh,
40007,Beaver,OK,max_grid_co2_lb_mwh;hazard_percentile_max.nri_wildfire_score,
40009,Beckham,OK,max_grid_co2_lb_mwh,max_queue_median_age_years
40011,Blaine,OK,max_grid_co2_lb_mwh,max_queue_median_age_years
40013,Bryan,OK,max_grid_co2_lb_mwh,
40015,Caddo,OK,max_grid_co2_lb_mwh,
40017,Canadian,OK,max_grid_co2_lb_mwh,
40019,Carter,OK,max_grid_co2_lb_mwh,max_queue_median_age_years
40021,Cherokee,OK,max_grid_co2_lb_mwh,max_queue_median_age_years
40023,Choctaw,OK,max_grid_co2_lb_mwh,
40025,Cimarron,OK,max_grid_co2_lb_mwh;min_population;min_nearby_capacity_multiple,max_queue_median_age_years
40027,Cleveland,OK,max_grid_co2_lb_mwh,
40029,Coal,OK,max_grid_co2_lb_mwh;min_fiber_share_locations,max_queue_median_age_years
40031,Comanche,OK,max_grid_co2_lb_mwh;max_queue_median_age_years,
40033,Cotton,OK,max_grid_co2_lb_mwh,max_queue_median_age_years
40035,Craig,OK,max_grid_co2_lb_mwh,max_queue_median_age_years
40037,Creek,OK,max_grid_co2_lb_mwh,
40039,Custer,OK,max_grid_co2_lb_mwh,max_queue_median_age_years
40041,Delaware,OK,max_grid_co2_lb_mwh;hazard_percentile_max.nri_inland_flood_score,max_queue_median_age_years
40043,Dewey,OK,max_grid_co2_lb_mwh;min_population,
40045,Ellis,OK,max_grid_co2_lb_mwh;min_population,max_queue_median_age_years
40047,Garfield,OK,max_grid_co2_lb_mwh,
40049,Garvin,OK,max_grid_co2_lb_mwh;min_fiber_share_locations,max_queue_median_age_years
40051,Grady,OK,max_grid_co2_lb_mwh,
40053,Grant,OK,max_grid_co2_lb_mwh;min_population;hazard_percentile_max.nri_inland_flood_score,max_queue_median_age_years
40055,Greer,OK,max_grid_co2_lb_mwh,max_queue_median_age_years
40057,Harmon,OK,max_grid_co2_lb_mwh;min_fiber_share_locations;min_population,max_queue_median_age_years
40059,Harper,OK,max_grid_co2_lb_mwh;min_population,max_queue_median_age_years
40061,Haskell,OK,max_grid_co2_lb_mwh,max_queue_median_age_years
40063,Hughes,OK,max_grid_co2_lb_mwh,max_queue_median_age_years
40065,Jackson,OK,max_grid_co2_lb_mwh,
40067,Jefferson,OK,max_grid_co2_lb_mwh,max_queue_median_age_years
40069,Johnston,OK,max_grid_co2_lb_mwh;min_fiber_share_locations,
40071,Kay,OK,max_grid_co2_lb_mwh,
40073,Kingfisher,OK,max_grid_co2_lb_mwh;max_queue_median_age_years,
40075,Kiowa,OK,max_grid_co2_lb_mwh,max_queue_median_age_years
40077,Latimer,OK,max_grid_co2_lb_mwh,max_queue_median_age_years
40079,Le Flore,OK,max_grid_co2_lb_mwh;min_nearby_capacity_multiple,max_queue_median_age_years
40081,Lincoln,OK,max_grid_co2_lb_mwh,
40083,Logan,OK,max_grid_co2_lb_mwh,max_queue_median_age_years
40085,Love,OK,max_grid_co2_lb_mwh;min_fiber_share_locations,max_queue_median_age_years
40087,McClain,OK,max_grid_co2_lb_mwh,
40089,McCurtain,OK,max_grid_co2_lb_mwh,max_queue_median_age_years
40091,McIntosh,OK,max_grid_co2_lb_mwh,
40093,Major,OK,max_grid_co2_lb_mwh,max_queue_median_age_years
40095,Marshall,OK,max_grid_co2_lb_mwh,max_queue_median_age_years
40097,Mayes,OK,max_grid_co2_lb_mwh,
40099,Murray,OK,max_grid_co2_lb_mwh,max_queue_median_age_years
40101,Muskogee,OK,max_grid_co2_lb_mwh,
40103,Noble,OK,max_grid_co2_lb_mwh,
40105,Nowata,OK,max_grid_co2_lb_mwh;min_fiber_share_locations,
40107,Okfuskee,OK,max_grid_co2_lb_mwh,max_queue_median_age_years
40109,Oklahoma,OK,max_grid_co2_lb_mwh,
40111,Okmulgee,OK,max_grid_co2_lb_mwh,max_queue_median_age_years
40113,Osage,OK,max_grid_co2_lb_mwh;hazard_percentile_max.nri_inland_flood_score,max_queue_median_age_years
40115,Ottawa,OK,max_grid_co2_lb_mwh;hazard_percentile_max.nri_inland_flood_score,max_queue_median_age_years
40117,Pawnee,OK,max_grid_co2_lb_mwh,max_queue_median_age_years
40119,Payne,OK,max_grid_co2_lb_mwh,
40121,Pittsburg,OK,max_grid_co2_lb_mwh,
40123,Pontotoc,OK,max_grid_co2_lb_mwh;min_fiber_share_locations,max_queue_median_age_years
40125,Pottawatomie,OK,max_grid_co2_lb_mwh,max_queue_median_age_years
40127,Pushmataha,OK,max_grid_co2_lb_mwh,max_queue_median_age_years
40129,Roger Mills,OK,max_grid_co2_lb_mwh;min_fiber_share_locations;min_population;hazard_percentile_max.nri_wildfire_score,max_queue_median_age_years
40131,Rogers,OK,max_grid_co2_lb_mwh,
40133,Seminole,OK,max_grid_co2_lb_mwh,
40135,Sequoyah,OK,max_grid_co2_lb_mwh,max_queue_median_age_years
40137,Stephens,OK,max_grid_co2_lb_mwh,max_queue_median_age_years
40139,Texas,OK,max_grid_co2_lb_mwh;max_queue_median_age_years,
40141,Tillman,OK,max_grid_co2_lb_mwh,max_queue_median_age_years
40143,Tulsa,OK,max_grid_co2_lb_mwh,
40145,Wagoner,OK,max_grid_co2_lb_mwh;max_queue_median_age_years,
40147,Washington,OK,max_grid_co2_lb_mwh;hazard_percentile_max.nri_inland_flood_score,max_queue_median_age_years
40149,Washita,OK,max_grid_co2_lb_mwh,max_queue_median_age_years
40151,Woods,OK,max_grid_co2_lb_mwh;min_fiber_share_locations,
40153,Woodward,OK,max_grid_co2_lb_mwh,
41001,Baker,OR,hazard_percentile_max.nri_wildfire_score,max_queue_median_age_years
41003,Benton,OR,max_queue_median_age_years;min_nearby_capacity_multiple,
41005,Clackamas,OR,hazard_percentile_max.nri_coastal_flood_score,max_queue_median_age_years
41007,Clatsop,OR,min_fiber_share_locations;hazard_percentile_max.nri_coastal_flood_score,max_queue_median_age_years
41009,Columbia,OR,hazard_percentile_max.nri_coastal_flood_score,max_queue_median_age_years
41011,Coos,OR,min_nearby_capacity_multiple;hazard_percentile_max.nri_coastal_flood_score,max_queue_median_age_years
41013,Crook,OR,min_nearby_capacity_multiple;hazard_percentile_max.nri_wildfire_score,
41015,Curry,OR,min_nearby_capacity_multiple;hazard_percentile_max.nri_coastal_flood_score;hazard_percentile_max.nri_wildfire_score,max_queue_median_age_years
41017,Deschutes,OR,min_nearby_capacity_multiple;hazard_percentile_max.nri_wildfire_score,
41019,Douglas,OR,min_nearby_capacity_multiple;hazard_percentile_max.nri_inland_flood_score;hazard_percentile_max.nri_coastal_flood_score;hazard_percentile_max.nri_wildfire_score,
41021,Gilliam,OR,min_population;hazard_percentile_max.nri_inland_flood_score;hazard_percentile_max.nri_wildfire_score,
41023,Grant,OR,min_nearby_capacity_multiple;hazard_percentile_max.nri_inland_flood_score;hazard_percentile_max.nri_wildfire_score,max_queue_median_age_years
41025,Harney,OR,min_nearby_capacity_multiple;hazard_percentile_max.nri_wildfire_score,
41027,Hood River,OR,hazard_percentile_max.nri_wildfire_score,max_queue_median_age_years
41029,Jackson,OR,min_nearby_capacity_multiple;hazard_percentile_max.nri_wildfire_score,max_queue_median_age_years
41031,Jefferson,OR,min_nearby_capacity_multiple;hazard_percentile_max.nri_wildfire_score,
41033,Josephine,OR,min_nearby_capacity_multiple;hazard_percentile_max.nri_inland_flood_score;hazard_percentile_max.nri_wildfire_score,max_queue_median_age_years
41035,Klamath,OR,min_nearby_capacity_multiple,
41037,Lake,OR,min_fiber_share_locations;min_nearby_capacity_multiple;hazard_percentile_max.nri_wildfire_score,
41039,Lane,OR,min_nearby_capacity_multiple;hazard_percentile_max.nri_inland_flood_score;hazard_percentile_max.nri_coastal_flood_score,
41041,Lincoln,OR,min_fiber_share_locations;min_nearby_capacity_multiple;hazard_percentile_max.nri_inland_flood_score;hazard_percentile_max.nri_coastal_flood_score,max_queue_median_age_years
41043,Linn,OR,min_nearby_capacity_multiple,
41045,Malheur,OR,min_nearby_capacity_multiple,max_queue_median_age_years
41049,Morrow,OR,hazard_percentile_max.nri_wildfire_score,
41051,Multnomah,OR,hazard_percentile_max.nri_coastal_flood_score,
41053,Polk,OR,min_nearby_capacity_multiple,max_queue_median_age_years
41055,Sherman,OR,min_population;hazard_percentile_max.nri_wildfire_score,
41057,Tillamook,OR,min_fiber_share_locations;hazard_percentile_max.nri_inland_flood_score;hazard_percentile_max.nri_coastal_flood_score,max_queue_median_age_years
41059,Umatilla,OR,hazard_percentile_max.nri_wildfire_score,
41061,Union,OR,min_nearby_capacity_multiple;hazard_percentile_max.nri_wildfire_score,max_queue_median_age_years
41063,Wallowa,OR,hazard_percentile_max.nri_inland_flood_score;hazard_percentile_max.nri_wildfire_score,max_queue_median_age_years
41065,Wasco,OR,hazard_percentile_max.nri_wildfire_score,
41069,Wheeler,OR,min_population;hazard_percentile_max.nri_inland_flood_score;hazard_percentile_max.nri_wildfire_score,max_queue_median_age_years
41071,Yamhill,OR,min_nearby_capacity_multiple,max_queue_median_age_years
42003,Allegheny,PA,max_grid_co2_lb_mwh,
42005,Armstrong,PA,hazard_percentile_max.nri_inland_flood_score,
42007,Beaver,PA,max_grid_co2_lb_mwh,
42009,Bedford,PA,min_fiber_share_locations;hazard_percentile_max.nri_inland_flood_score,
42015,Bradford,PA,hazard_percentile_max.nri_inland_flood_score,
42017,Bucks,PA,hazard_percentile_max.nri_coastal_flood_score,max_queue_median_age_years
42021,Cambria,PA,min_fiber_share_locations,
42023,Cameron,PA,min_population;hazard_percentile_max.nri_inland_flood_score,max_queue_median_age_years
42027,Centre,PA,max_grid_co2_lb_mwh;min_fiber_share_locations,
42035,Clinton,PA,min_fiber_share_locations;hazard_percentile_max.nri_inland_flood_score,max_queue_median_age_years
42037,Columbia,PA,hazard_percentile_max.nri_inland_flood_score,max_queue_median_age_years
42045,Delaware,PA,hazard_percentile_max.nri_coastal_flood_score,max_queue_median_age_years
42047,Elk,PA,hazard_percentile_max.nri_inland_flood_score,max_queue_median_age_years
42049,Erie,PA,hazard_percentile_max.nri_coastal_flood_score,
42051,Fayette,PA,max_grid_co2_lb_mwh,
42053,Forest,PA,min_fiber_share_locations;hazard_percentile_max.nri_inland_flood_score,max_queue_median_age_years
42057,Fulton,PA,min_fiber_share_locations,max_queue_median_age_years
42059,Greene,PA,max_grid_co2_lb_mwh;hazard_percentile_max.nri_inland_flood_score,max_queue_median_age_years
42061,Huntingdon,PA,min_fiber_share_locations,max_queue_median_age_years
42063,Indiana,PA,min_fiber_share_locations,
42073,Lawrence,PA,min_fiber_share_locations;hazard_percentile_max.nri_inland_flood_score,
42083,McKean,PA,hazard_percentile_max.nri_inland_flood_score,
42085,Mercer,PA,max_grid_co2_lb_mwh;min_fiber_share_locations,
42087,Mifflin,PA,hazard_percentile_max.nri_inland_flood_score,max_queue_median_age_years
42095,Northampton,PA,min_fiber_share_locations,max_queue_median_age_years
42097,Northumberland,PA,min_fiber_share_locations;hazard_percentile_max.nri_inland_flood_score,
42101,Philadelphia,PA,hazard_percentile_max.nri_coastal_flood_score,max_queue_median_age_years
42103,Pike,PA,min_fiber_share_locations,max_queue_median_age_years
42105,Potter,PA,hazard_percentile_max.nri_inland_flood_score,max_queue_median_age_years
42109,Snyder,PA,min_fiber_share_locations,max_queue_median_age_years
42111,Somerset,PA,min_fiber_share_locations,
42113,Sullivan,PA,hazard_percentile_max.nri_inland_flood_score,max_queue_median_age_years
42117,Tioga,PA,hazard_percentile_max.nri_inland_flood_score,max_queue_median_age_years
42119,Union,PA,max_queue_median_age_years;hazard_percentile_max.nri_inland_flood_score,
42121,Venango,PA,min_fiber_share_locations,
42123,Warren,PA,hazard_percentile_max.nri_inland_flood_score,max_queue_median_age_years
42125,Washington,PA,max_grid_co2_lb_mwh,max_queue_median_age_years
42129,Westmoreland,PA,max_grid_co2_lb_mwh,
42131,Wyoming,PA,hazard_percentile_max.nri_inland_flood_score,max_queue_median_age_years
44001,Bristol,RI,min_fiber_share_locations;hazard_percentile_max.nri_coastal_flood_score,max_queue_median_age_years
44003,Kent,RI,hazard_percentile_max.nri_coastal_flood_score,max_queue_median_age_years
44005,Newport,RI,hazard_percentile_max.nri_coastal_flood_score,max_queue_median_age_years
44007,Providence,RI,hazard_percentile_max.nri_coastal_flood_score,max_queue_median_age_years
44009,Washington,RI,hazard_percentile_max.nri_coastal_flood_score,max_queue_median_age_years
45005,Allendale,SC,hazard_percentile_max.nri_hurricane_score,max_queue_median_age_years
45009,Bamberg,SC,hazard_percentile_max.nri_hurricane_score,max_queue_median_age_years
45011,Barnwell,SC,hazard_percentile_max.nri_hurricane_score,max_queue_median_age_years
45013,Beaufort,SC,hazard_percentile_max.nri_coastal_flood_score;hazard_percentile_max.nri_hurricane_score,max_queue_median_age_years
45015,Berkeley,SC,hazard_percentile_max.nri_coastal_flood_score;hazard_percentile_max.nri_hurricane_score,
45017,Calhoun,SC,hazard_percentile_max.nri_hurricane_score,max_queue_median_age_years
45019,Charleston,SC,hazard_percentile_max.nri_coastal_flood_score;hazard_percentile_max.nri_hurricane_score,max_queue_median_age_years
45023,Chester,SC,exclude_moratorium_active,
45025,Chesterfield,SC,hazard_percentile_max.nri_hurricane_score,
45027,Clarendon,SC,hazard_percentile_max.nri_hurricane_score,max_queue_median_age_years
45029,Colleton,SC,hazard_percentile_max.nri_coastal_flood_score;hazard_percentile_max.nri_hurricane_score,
45031,Darlington,SC,min_fiber_share_locations,
45033,Dillon,SC,hazard_percentile_max.nri_hurricane_score,
45035,Dorchester,SC,hazard_percentile_max.nri_coastal_flood_score;hazard_percentile_max.nri_hurricane_score,max_queue_median_age_years
45041,Florence,SC,hazard_percentile_max.nri_hurricane_score,
45043,Georgetown,SC,hazard_percentile_max.nri_coastal_flood_score;hazard_percentile_max.nri_hurricane_score,
45047,Greenwood,SC,exclude_moratorium_active,
45049,Hampton,SC,hazard_percentile_max.nri_coastal_flood_score;hazard_percentile_max.nri_hurricane_score,
45051,Horry,SC,hazard_percentile_max.nri_coastal_flood_score;hazard_percentile_max.nri_hurricane_score,max_queue_median_age_years
45053,Jasper,SC,hazard_percentile_max.nri_coastal_flood_score;hazard_percentile_max.nri_hurricane_score,max_queue_median_age_years
45061,Lee,SC,hazard_percentile_max.nri_hurricane_score,
45067,Marion,SC,hazard_percentile_max.nri_coastal_flood_score;hazard_percentile_max.nri_hurricane_score,
45069,Marlboro,SC,hazard_percentile_max.nri_hurricane_score,
45071,Newberry,SC,exclude_moratorium_active,max_queue_median_age_years
45075,Orangeburg,SC,hazard_percentile_max.nri_hurricane_score,
45085,Sumter,SC,hazard_percentile_max.nri_hurricane_score,max_queue_median_age_years
45089,Williamsburg,SC,hazard_percentile_max.nri_coastal_flood_score;hazard_percentile_max.nri_hurricane_score,
45091,York,SC,exclude_moratorium_active,max_queue_median_age_years
46003,Aurora,SD,max_grid_co2_lb_mwh;min_population;min_nearby_capacity_multiple,max_queue_median_age_years
46005,Beadle,SD,max_grid_co2_lb_mwh;min_nearby_capacity_multiple,max_queue_median_age_years
46007,Bennett,SD,max_grid_co2_lb_mwh;min_population;min_nearby_capacity_multiple;hazard_percentile_max.nri_wildfire_score,max_queue_median_age_years
46009,Bon Homme,SD,max_grid_co2_lb_mwh,max_queue_median_age_years
46011,Brookings,SD,max_grid_co2_lb_mwh,
46013,Brown,SD,max_grid_co2_lb_mwh;min_nearby_capacity_multiple,
46015,Brule,SD,max_grid_co2_lb_mwh,max_queue_median_age_years
46017,Buffalo,SD,max_grid_co2_lb_mwh;min_population;hazard_percentile_max.nri_inland_flood_score;hazard_percentile_max.nri_wildfire_score,max_queue_median_age_years
46019,Butte,SD,max_grid_co2_lb_mwh;min_nearby_capacity_multiple;hazard_percentile_max.nri_wildfire_score,max_queue_median_age_years
46021,Campbell,SD,max_grid_co2_lb_mwh;max_queue_median_age_years;min_population;min_nearby_capacity_multiple;hazard_percentile_max.nri_wildfire_score,
46023,Charles Mix,SD,max_grid_co2_lb_mwh;min_nearby_capacity_multiple,max_queue_median_age_years
46025,Clark,SD,max_grid_co2_lb_mwh;min_population,max_queue_median_age_years
46027,Clay,SD,max_grid_co2_lb_mwh,max_queue_median_age_years
46029,Codington,SD,max_grid_co2_lb_mwh,
46031,Corson,SD,max_grid_co2_lb_mwh;min_population;min_nearby_capacity_multiple,max_queue_median_age_years
46033,Custer,SD,max_grid_co2_lb_mwh;min_nearby_capacity_multiple;hazard_percentile_max.nri_wildfire_score,max_queue_median_age_years
46035,Davison,SD,max_grid_co2_lb_mwh;min_nearby_capacity_multiple,max_queue_median_age_years
46037,Day,SD,max_grid_co2_lb_mwh,max_queue_median_age_years
46039,Deuel,SD,max_grid_co2_lb_mwh;min_population,
46041,Dewey,SD,max_grid_co2_lb_mwh;min_nearby_capacity_multiple;hazard_percentile_max.nri_wildfire_score,max_queue_median_age_years
46043,Douglas,SD,max_grid_co2_lb_mwh;min_population,max_queue_median_age_years
46045,Edmunds,SD,max_grid_co2_lb_mwh;min_population;min_nearby_capacity_multiple,max_queue_median_age_years
46047,Fall River,SD,max_grid_co2_lb_mwh;min_nearby_capacity_multiple;hazard_percentile_max.nri_inland_flood_score;hazard_percentile_max.nri_wildfire_score,max_queue_median_age_years
46049,Faulk,SD,max_grid_co2_lb_mwh;min_population;min_nearby_capacity_multiple,max_queue_median_age_years
46051,Grant,SD,max_grid_co2_lb_mwh,max_queue_median_age_years
46053,Gregory,SD,max_grid_co2_lb_mwh;min_population,max_queue_median_age_years
46055,Haakon,SD,max_grid_co2_lb_mwh;min_population;min_nearby_capacity_multiple;hazard_percentile_max.nri_inland_flood_score;hazard_percentile_max.nri_wildfire_score,max_queue_median_age_years
46057,Hamlin,SD,max_grid_co2_lb_mwh,max_queue_median_age_years
46059,Hand,SD,max_grid_co2_lb_mwh;min_population;hazard_percentile_max.nri_wildfire_score,max_queue_median_age_years
46061,Hanson,SD,max_grid_co2_lb_mwh;min_population,max_queue_median_age_years
46063,Harding,SD,max_grid_co2_lb_mwh;min_population;min_nearby_capacity_multiple;hazard_percentile_max.nri_wildfire_score,max_queue_median_age_years
46065,Hughes,SD,max_grid_co2_lb_mwh;hazard_percentile_max.nri_inland_flood_score,max_queue_median_age_years
46067,Hutchinson,SD,max_grid_co2_lb_mwh,max_queue_median_age_years
46069,Hyde,SD,max_grid_co2_lb_mwh;min_population;hazard_percentile_max.nri_inland_flood_score;hazard_percentile_max.nri_wildfire_score,max_queue_median_age_years
46071,Jackson,SD,max_grid_co2_lb_mwh;min_population;min_nearby_capacity_multiple;hazard_percentile_max.nri_wildfire_score,max_queue_median_age_years
46073,Jerauld,SD,max_grid_co2_lb_mwh;min_population;hazard_percentile_max.nri_wildfire_score,max_queue_median_age_years
46075,Jones,SD,max_grid_co2_lb_mwh;min_population;hazard_percentile_max.nri_wildfire_score,max_queue_median_age_years
46077,Kingsbury,SD,max_grid_co2_lb_mwh,max_queue_median_age_years
46079,Lake,SD,max_grid_co2_lb_mwh,max_queue_median_age_years
46081,Lawrence,SD,max_grid_co2_lb_mwh;min_nearby_capacity_multiple;hazard_percentile_max.nri_wildfire_score,max_queue_median_age_years
46083,Lincoln,SD,max_grid_co2_lb_mwh,max_queue_median_age_years
46085,Lyman,SD,max_grid_co2_lb_mwh;min_population;hazard_percentile_max.nri_inland_flood_score,max_queue_median_age_years
46087,McCook,SD,max_grid_co2_lb_mwh;min_nearby_capacity_multiple,max_queue_median_age_years
46089,McPherson,SD,max_grid_co2_lb_mwh;min_population;min_nearby_capacity_multiple,max_queue_median_age_years
46091,Marshall,SD,max_grid_co2_lb_mwh;min_population,max_queue_median_age_years
46093,Meade,SD,max_grid_co2_lb_mwh;min_nearby_capacity_multiple;hazard_percentile_max.nri_wildfire_score,
46095,Mellette,SD,max_grid_co2_lb_mwh;min_population;min_nearby_capacity_multiple;hazard_percentile_max.nri_wildfire_score,max_queue_median_age_years
46097,Miner,SD,max_grid_co2_lb_mwh;min_population;min_nearby_capacity_multiple,max_queue_median_age_years
46099,Minnehaha,SD,max_grid_co2_lb_mwh,max_queue_median_age_years
46101,Moody,SD,max_grid_co2_lb_mwh,max_queue_median_age_years
46102,Oglala Lakota,SD,max_grid_co2_lb_mwh;min_nearby_capacity_multiple;hazard_percentile_max.nri_wildfire_score,max_queue_median_age_years
46103,Pennington,SD,max_grid_co2_lb_mwh;min_nearby_capacity_multiple;hazard_percentile_max.nri_wildfire_score,max_queue_median_age_years
46105,Perkins,SD,max_grid_co2_lb_mwh;min_population;min_nearby_capacity_multiple;hazard_percentile_max.nri_wildfire_score,max_queue_median_age_years
46107,Potter,SD,max_grid_co2_lb_mwh;min_population;min_nearby_capacity_multiple,max_queue_median_age_years
46109,Roberts,SD,max_grid_co2_lb_mwh,max_queue_median_age_years
46111,Sanborn,SD,max_grid_co2_lb_mwh;min_population;min_nearby_capacity_multiple,max_queue_median_age_years
46115,Spink,SD,max_grid_co2_lb_mwh;min_nearby_capacity_multiple,max_queue_median_age_years
46117,Stanley,SD,max_grid_co2_lb_mwh;min_population;min_nearby_capacity_multiple;hazard_percentile_max.nri_inland_flood_score,max_queue_median_age_years
46119,Sully,SD,max_grid_co2_lb_mwh;min_population;hazard_percentile_max.nri_inland_flood_score;hazard_percentile_max.nri_wildfire_score,max_queue_median_age_years
46121,Todd,SD,max_grid_co2_lb_mwh;min_fiber_share_locations;min_nearby_capacity_multiple;hazard_percentile_max.nri_wildfire_score,max_queue_median_age_years
46123,Tripp,SD,max_grid_co2_lb_mwh;min_nearby_capacity_multiple,max_queue_median_age_years
46125,Turner,SD,max_grid_co2_lb_mwh;min_nearby_capacity_multiple,max_queue_median_age_years
46127,Union,SD,max_grid_co2_lb_mwh;hazard_percentile_max.nri_inland_flood_score,max_queue_median_age_years
46129,Walworth,SD,max_grid_co2_lb_mwh;min_nearby_capacity_multiple;hazard_percentile_max.nri_inland_flood_score;hazard_percentile_max.nri_wildfire_score,max_queue_median_age_years
46135,Yankton,SD,max_grid_co2_lb_mwh;exclude_moratorium_active,max_queue_median_age_years
46137,Ziebach,SD,max_grid_co2_lb_mwh;min_population;min_nearby_capacity_multiple;hazard_percentile_max.nri_wildfire_score,max_queue_median_age_years
47001,Anderson,TN,max_grid_co2_lb_mwh;min_fiber_share_locations;exclude_moratorium_active,max_queue_median_age_years
47003,Bedford,TN,max_grid_co2_lb_mwh,max_queue_median_age_years
47005,Benton,TN,max_grid_co2_lb_mwh,max_queue_median_age_years
47007,Bledsoe,TN,max_grid_co2_lb_mwh,max_queue_median_age_years
47009,Blount,TN,max_grid_co2_lb_mwh,max_queue_median_age_years
47011,Bradley,TN,max_grid_co2_lb_mwh,max_queue_median_age_years
47013,Campbell,TN,max_grid_co2_lb_mwh,max_queue_median_age_years
47015,Cannon,TN,max_grid_co2_lb_mwh,max_queue_median_age_years
47017,Carroll,TN,max_grid_co2_lb_mwh,max_queue_median_age_years
47019,Carter,TN,max_grid_co2_lb_mwh,max_queue_median_age_years
47021,Cheatham,TN,max_grid_co2_lb_mwh,max_queue_median_age_years
47023,Chester,TN,max_grid_co2_lb_mwh,max_queue_median_age_years
47025,Claiborne,TN,max_grid_co2_lb_mwh,max_queue_median_age_years
47027,Clay,TN,max_grid_co2_lb_mwh;hazard_percentile_max.nri_inland_flood_score,max_queue_median_age_years
47029,Cocke,TN,max_grid_co2_lb_mwh;hazard_percentile_max.nri_inland_flood_score,max_queue_median_age_years
47031,Coffee,TN,max_grid_co2_lb_mwh;exclude_moratorium_active,max_queue_median_age_years
47033,Crockett,TN,max_grid_co2_lb_mwh,max_queue_median_age_years
47035,Cumberland,TN,max_grid_co2_lb_mwh;exclude_moratorium_active,max_queue_median_age_years
47037,Davidson,TN,max_grid_co2_lb_mwh,max_queue_median_age_years
47039,Decatur,TN,max_grid_co2_lb_mwh,max_queue_median_age_years
47041,DeKalb,TN,max_grid_co2_lb_mwh,max_queue_median_age_years
47043,Dickson,TN,max_grid_co2_lb_mwh,max_queue_median_age_years
47045,Dyer,TN,max_grid_co2_lb_mwh,max_queue_median_age_years
47047,Fayette,TN,max_grid_co2_lb_mwh,max_queue_median_age_years
47049,Fentress,TN,max_grid_co2_lb_mwh,max_queue_median_age_years
47051,Franklin,TN,max_grid_co2_lb_mwh,max_queue_median_age_years
47053,Gibson,TN,max_grid_co2_lb_mwh,max_queue_median_age_years
47055,Giles,TN,max_grid_co2_lb_mwh,max_queue_median_age_years
47057,Grainger,TN,max_grid_co2_lb_mwh,max_queue_median_age_years
47059,Greene,TN,max_grid_co2_lb_mwh,max_queue_median_age_years
47061,Grundy,TN,max_grid_co2_lb_mwh,max_queue_median_age_years
47063,Hamblen,TN,max_grid_co2_lb_mwh;exclude_moratorium_active,max_queue_median_age_years
47065,Hamilton,TN,max_grid_co2_lb_mwh;exclude_moratorium_active,
47067,Hancock,TN,max_grid_co2_lb_mwh;hazard_percentile_max.nri_inland_flood_score,max_queue_median_age_years
47069,Hardeman,TN,max_grid_co2_lb_mwh,max_queue_median_age_years
47071,Hardin,TN,max_grid_co2_lb_mwh,max_queue_median_age_years
47073,Hawkins,TN,max_grid_co2_lb_mwh;exclude_moratorium_active,max_queue_median_age_years
47075,Haywood,TN,max_grid_co2_lb_mwh,
47077,Henderson,TN,max_grid_co2_lb_mwh,max_queue_median_age_years
47079,Henry,TN,max_grid_co2_lb_mwh,max_queue_median_age_years
47081,Hickman,TN,max_grid_co2_lb_mwh,max_queue_median_age_years
47083,Houston,TN,max_grid_co2_lb_mwh,max_queue_median_age_years
47085,Humphreys,TN,max_grid_co2_lb_mwh,
47087,Jackson,TN,max_grid_co2_lb_mwh;hazard_percentile_max.nri_inland_flood_score,max_queue_median_age_years
47089,Jefferson,TN,max_grid_co2_lb_mwh,max_queue_median_age_years
47091,Johnson,TN,max_grid_co2_lb_mwh;hazard_percentile_max.nri_inland_flood_score,max_queue_median_age_years
47093,Knox,TN,max_grid_co2_lb_mwh;exclude_moratorium_active,max_queue_median_age_years
47095,Lake,TN,max_grid_co2_lb_mwh;max_queue_median_age_years,
47097,Lauderdale,TN,max_grid_co2_lb_mwh,max_queue_median_age_years
47099,Lawrence,TN,max_grid_co2_lb_mwh;exclude_moratorium_active,max_queue_median_age_years
47101,Lewis,TN,max_grid_co2_lb_mwh,max_queue_median_age_years
47103,Lincoln,TN,max_grid_co2_lb_mwh,max_queue_median_age_years
47105,Loudon,TN,max_grid_co2_lb_mwh;exclude_moratorium_active,
47107,McMinn,TN,max_grid_co2_lb_mwh,max_queue_median_age_years
47109,McNairy,TN,max_grid_co2_lb_mwh,max_queue_median_age_years
47111,Macon,TN,max_grid_co2_lb_mwh,max_queue_median_age_years
47113,Madison,TN,max_grid_co2_lb_mwh,max_queue_median_age_years
47115,Marion,TN,max_grid_co2_lb_mwh;max_queue_median_age_years,
47117,Marshall,TN,max_grid_co2_lb_mwh,max_queue_median_age_years
47119,Maury,TN,max_grid_co2_lb_mwh;exclude_moratorium_active,max_queue_median_age_years
47121,Meigs,TN,max_grid_co2_lb_mwh,max_queue_median_age_years
47123,Monroe,TN,max_grid_co2_lb_mwh,max_queue_median_age_years
47125,Montgomery,TN,max_grid_co2_lb_mwh,max_queue_median_age_years
47127,Moore,TN,max_grid_co2_lb_mwh,max_queue_median_age_years
47129,Morgan,TN,max_grid_co2_lb_mwh;exclude_moratorium_active,max_queue_median_age_years
47131,Obion,TN,max_grid_co2_lb_mwh,max_queue_median_age_years
47133,Overton,TN,max_grid_co2_lb_mwh,max_queue_median_age_years
47135,Perry,TN,max_grid_co2_lb_mwh;hazard_percentile_max.nri_inland_flood_score,max_queue_median_age_years
47137,Pickett,TN,max_grid_co2_lb_mwh,max_queue_median_age_years
47139,Polk,TN,max_grid_co2_lb_mwh,max_queue_median_age_years
47141,Putnam,TN,max_grid_co2_lb_mwh,max_queue_median_age_years
47143,Rhea,TN,max_grid_co2_lb_mwh,max_queue_median_age_years
47145,Roane,TN,max_grid_co2_lb_mwh,
47147,Robertson,TN,max_grid_co2_lb_mwh,max_queue_median_age_years
47149,Rutherford,TN,max_grid_co2_lb_mwh,max_queue_median_age_years
47151,Scott,TN,max_grid_co2_lb_mwh,max_queue_median_age_years
47153,Sequatchie,TN,max_grid_co2_lb_mwh,max_queue_median_age_years
47155,Sevier,TN,max_grid_co2_lb_mwh,max_queue_median_age_years
47157,Shelby,TN,max_grid_co2_lb_mwh;max_queue_median_age_years,
47159,Smith,TN,max_grid_co2_lb_mwh;hazard_percentile_max.nri_inland_flood_score,max_queue_median_age_years
47161,Stewart,TN,max_grid_co2_lb_mwh,max_queue_median_age_years
47163,Sullivan,TN,max_grid_co2_lb_mwh,max_queue_median_age_years
47165,Sumner,TN,max_grid_co2_lb_mwh,max_queue_median_age_years
47167,Tipton,TN,max_grid_co2_lb_mwh,max_queue_median_age_years
47169,Trousdale,TN,max_grid_co2_lb_mwh;hazard_percentile_max.nri_inland_flood_score,max_queue_median_age_years
47171,Unicoi,TN,max_grid_co2_lb_mwh,max_queue_median_age_years
47173,Union,TN,max_grid_co2_lb_mwh,max_queue_median_age_years
47175,Van Buren,TN,max_grid_co2_lb_mwh,max_queue_median_age_years
47177,Warren,TN,max_grid_co2_lb_mwh;exclude_moratorium_active,max_queue_median_age_years
47179,Washington,TN,max_grid_co2_lb_mwh;exclude_moratorium_active,max_queue_median_age_years
47181,Wayne,TN,max_grid_co2_lb_mwh,max_queue_median_age_years
47183,Weakley,TN,max_grid_co2_lb_mwh,max_queue_median_age_years
47185,White,TN,max_grid_co2_lb_mwh,max_queue_median_age_years
47187,Williamson,TN,max_grid_co2_lb_mwh,max_queue_median_age_years
47189,Wilson,TN,max_grid_co2_lb_mwh;exclude_moratorium_active,max_queue_median_age_years
48001,Anderson,TX,max_grid_co2_lb_mwh,
48003,Andrews,TX,max_grid_co2_lb_mwh,
48005,Angelina,TX,max_grid_co2_lb_mwh,
48007,Aransas,TX,max_grid_co2_lb_mwh;hazard_percentile_max.nri_coastal_flood_score;hazard_percentile_max.nri_hurricane_score,max_queue_median_age_years
48009,Archer,TX,max_grid_co2_lb_mwh,
48011,Armstrong,TX,max_grid_co2_lb_mwh;min_population;hazard_percentile_max.nri_wildfire_score,
48013,Atascosa,TX,max_grid_co2_lb_mwh,
48015,Austin,TX,max_grid_co2_lb_mwh,
48017,Bailey,TX,max_grid_co2_lb_mwh;hazard_percentile_max.nri_wildfire_score,max_queue_median_age_years
48019,Bandera,TX,max_grid_co2_lb_mwh;min_nearby_capacity_multiple,
48021,Bastrop,TX,max_grid_co2_lb_mwh,
48023,Baylor,TX,max_grid_co2_lb_mwh;min_population,
48025,Bee,TX,max_grid_co2_lb_mwh;hazard_percentile_max.nri_hurricane_score,
48027,Bell,TX,max_grid_co2_lb_mwh,
48029,Bexar,TX,max_grid_co2_lb_mwh,
48031,Blanco,TX,max_grid_co2_lb_mwh,max_queue_median_age_years
48033,Borden,TX,max_grid_co2_lb_mwh;min_population;hazard_percentile_max.nri_wildfire_score,
48035,Bosque,TX,max_grid_co2_lb_mwh,
48037,Bowie,TX,max_grid_co2_lb_mwh,
48039,Brazoria,TX,max_grid_co2_lb_mwh;hazard_percentile_max.nri_coastal_flood_score;hazard_percentile_max.nri_hurricane_score,
48041,Brazos,TX,max_grid_co2_lb_mwh,max_queue_median_age_years
48043,Brewster,TX,max_grid_co2_lb_mwh;min_nearby_capacity_multiple;hazard_percentile_max.nri_wildfire_score,max_queue_median_age_years
48045,Briscoe,TX,max_grid_co2_lb_mwh;min_population,
48047,Brooks,TX,max_grid_co2_lb_mwh;hazard_percentile_max.nri_hurricane_score,
48049,Brown,TX,max_grid_co2_lb_mwh,
48051,Burleson,TX,max_grid_co2_lb_mwh,max_queue_median_age_years
48053,Burnet,TX,max_grid_co2_lb_mwh;min_fiber_share_locations,
48055,Caldwell,TX,max_grid_co2_lb_mwh,
48057,Calhoun,TX,max_grid_co2_lb_mwh;hazard_percentile_max.nri_coastal_flood_score;hazard_percentile_max.nri_hurricane_score,
48059,Callahan,TX,max_grid_co2_lb_mwh,
48061,Cameron,TX,max_grid_co2_lb_mwh;hazard_percentile_max.nri_coastal_flood_score;hazard_percentile_max.nri_hurricane_score,
48063,Camp,TX,max_grid_co2_lb_mwh,max_queue_median_age_years
48065,Carson,TX,max_grid_co2_lb_mwh;hazard_percentile_max.nri_wildfire_score,
48067,Cass,TX,max_grid_co2_lb_mwh,max_queue_median_age_years
48069,Castro,TX,max_grid_co2_lb_mwh,
48071,Chambers,TX,max_grid_co2_lb_mwh;hazard_percentile_max.nri_coastal_flood_score;hazard_percentile_max.nri_hurricane_score,
48073,Cherokee,TX,max_grid_co2_lb_mwh,
48075,Childress,TX,max_grid_co2_lb_mwh,
48077,Clay,TX,max_grid_co2_lb_mwh;hazard_percentile_max.nri_wildfire_score,
48079,Cochran,TX,max_grid_co2_lb_mwh;min_population,max_queue_median_age_years
48081,Coke,TX,max_grid_co2_lb_mwh;min_population;hazard_percentile_max.nri_wildfire_score,
48083,Coleman,TX,max_grid_co2_lb_mwh,
48085,Collin,TX,max_grid_co2_lb_mwh,
48087,Collingsworth,TX,max_grid_co2_lb_mwh;min_population;min_nearby_capacity_multiple;hazard_percentile_max.nri_wildfire_score,max_queue_median_age_years
48089,Colorado,TX,max_grid_co2_lb_mwh;hazard_percentile_max.nri_hurricane_score,
48091,Comal,TX,max_grid_co2_lb_mwh,max_queue_median_age_years
48093,Comanche,TX,max_grid_co2_lb_mwh;hazard_percentile_max.nri_wildfire_score,
48095,Concho,TX,max_grid_co2_lb_mwh;min_population,
48097,Cooke,TX,max_grid_co2_lb_mwh,
48099,Coryell,TX,max_grid_co2_lb_mwh,max_queue_median_age_years
48101,Cottle,TX,max_grid_co2_lb_mwh;min_population,
48103,Crane,TX,max_grid_co2_lb_mwh;min_fiber_share_locations;min_population,
48105,Crockett,TX,max_grid_co2_lb_mwh;min_population;hazard_percentile_max.nri_inland_flood_score;hazard_percentile_max.nri_wildfire_score,
48107,Crosby,TX,max_grid_co2_lb_mwh,
48109,Culberson,TX,max_grid_co2_lb_mwh;min_population;min_nearby_capacity_multiple,
48111,Dallam,TX,max_grid_co2_lb_mwh;min_nearby_capacity_multiple,max_queue_median_age_years
48113,Dallas,TX,max_grid_co2_lb_mwh,
48115,Dawson,TX,max_grid_co2_lb_mwh,
48117,Deaf Smith,TX,max_grid_co2_lb_mwh,
48119,Delta,TX,max_grid_co2_lb_mwh,
48121,Denton,TX,max_grid_co2_lb_mwh,max_queue_median_age_years
48123,DeWitt,TX,max_grid_co2_lb_mwh;max_queue_median_age_years;hazard_percentile_max.nri_hurricane_score,
48125,Dickens,TX,max_grid_co2_lb_mwh;min_population;hazard_percentile_max.nri_wildfire_score,
48127,Dimmit,TX,max_grid_co2_lb_mwh;min_fiber_share_locations;min_nearby_capacity_multiple,
48129,Donley,TX,max_grid_co2_lb_mwh;min_population;hazard_percentile_max.nri_wildfire_score,max_queue_median_age_years
48131,Duval,TX,max_grid_co2_lb_mwh,
48133,Eastland,TX,max_grid_co2_lb_mwh;min_fiber_share_locations,
48135,Ector,TX,max_grid_co2_lb_mwh,
48137,Edwards,TX,max_grid_co2_lb_mwh;min_population;min_nearby_capacity_multiple,max_queue_median_age_years
48139,Ellis,TX,max_grid_co2_lb_mwh,
48141,El Paso,TX,max_grid_co2_lb_mwh,
48143,Erath,TX,max_grid_co2_lb_mwh;hazard_percentile_max.nri_wildfire_score,
48145,Falls,TX,max_grid_co2_lb_mwh,
48147,Fannin,TX,max_grid_co2_lb_mwh,max_queue_median_age_years
48149,Fayette,TX,max_grid_co2_lb_mwh,
48151,Fisher,TX,max_grid_co2_lb_mwh;min_fiber_share_locations;min_population,
48153,Floyd,TX,max_grid_co2_lb_mwh,max_queue_median_age_years
48155,Foard,TX,max_grid_co2_lb_mwh;min_population,max_queue_median_age_years
48157,Fort Bend,TX,max_grid_co2_lb_mwh;hazard_percentile_max.nri_coastal_flood_score,
48159,Franklin,TX,max_grid_co2_lb_mwh,
48161,Freestone,TX,max_grid_co2_lb_mwh,
48163,Frio,TX,max_grid_co2_lb_mwh,
48165,Gaines,TX,max_grid_co2_lb_mwh,max_queue_median_age_years
48167,Galveston,TX,max_grid_co2_lb_mwh;hazard_percentile_max.nri_coastal_flood_score;hazard_percentile_max.nri_hurricane_score,
48169,Garza,TX,max_grid_co2_lb_mwh;hazard_percentile_max.nri_wildfire_score,max_queue_median_age_years
48171,Gillespie,TX,max_grid_co2_lb_mwh;min_nearby_capacity_multiple,
48173,Glasscock,TX,max_grid_co2_lb_mwh;min_population,
48175,Goliad,TX,max_grid_co2_lb_mwh;min_fiber_share_locations;hazard_percentile_max.nri_hurricane_score,
48177,Gonzales,TX,max_grid_co2_lb_mwh,
48179,Gray,TX,max_grid_co2_lb_mwh;hazard_percentile_max.nri_wildfire_score,
48181,Grayson,TX,max_grid_co2_lb_mwh,
48183,Gregg,TX,max_grid_co2_lb_mwh,max_queue_median_age_years
48185,Grimes,TX,max_grid_co2_lb_mwh;hazard_percentile_max.nri_hurricane_score,
48187,Guadalupe,TX,max_grid_co2_lb_mwh,
48189,Hale,TX,max_grid_co2_lb_mwh,
48191,Hall,TX,max_grid_co2_lb_mwh;min_population,max_queue_median_age_years
48193,Hamilton,TX,max_grid_co2_lb_mwh,max_queue_median_age_years
48195,Hansford,TX,max_grid_co2_lb_mwh,
48197,Hardeman,TX,max_grid_co2_lb_mwh;min_population,
48199,Hardin,TX,max_grid_co2_lb_mwh;hazard_percentile_max.nri_coastal_flood_score;hazard_percentile_max.nri_hurricane_score,
48201,Harris,TX,max_grid_co2_lb_mwh;hazard_percentile_max.nri_inland_flood_score;hazard_percentile_max.nri_coastal_flood_score,
48203,Harrison,TX,max_grid_co2_lb_mwh,
48205,Hartley,TX,max_grid_co2_lb_mwh,max_queue_median_age_years
48207,Haskell,TX,max_grid_co2_lb_mwh;hazard_percentile_max.nri_wildfire_score,
48209,Hays,TX,max_grid_co2_lb_mwh,
48211,Hemphill,TX,max_grid_co2_lb_mwh;min_population;hazard_percentile_max.nri_wildfire_score,max_queue_median_age_years
48213,Henderson,TX,max_grid_co2_lb_mwh,
48215,Hidalgo,TX,max_grid_co2_lb_mwh,
48217,Hill,TX,max_grid_co2_lb_mwh,
48219,Hockley,TX,max_grid_co2_lb_mwh,max_queue_median_age_years
48221,Hood,TX,max_grid_co2_lb_mwh,
48223,Hopkins,TX,max_grid_co2_lb_mwh,
48225,Houston,TX,max_grid_co2_lb_mwh,
48227,Howard,TX,max_grid_co2_lb_mwh,
48229,Hudspeth,TX,max_grid_co2_lb_mwh;min_fiber_share_locations;min_population;min_nearby_capacity_multiple,max_queue_median_age_years
48231,Hunt,TX,max_grid_co2_lb_mwh,
48233,Hutchinson,TX,max_grid_co2_lb_mwh;hazard_percentile_max.nri_wildfire_score,
48235,Irion,TX,max_grid_co2_lb_mwh;min_population;hazard_percentile_max.nri_wildfire_score,max_queue_median_age_years
48237,Jack,TX,max_grid_co2_lb_mwh;hazard_percentile_max.nri_wildfire_score,
48239,Jackson,TX,max_grid_co2_lb_mwh;hazard_percentile_max.nri_coastal_flood_score;hazard_percentile_max.nri_hurricane_score,
48241,Jasper,TX,max_grid_co2_lb_mwh;hazard_percentile_max.nri_hurricane_score,max_queue_median_age_years
48243,Jeff Davis,TX,max_grid_co2_lb_mwh;min_fiber_share_locations;min_population;min_nearby_capacity_multiple;hazard_percentile_max.nri_wildfire_score,max_queue_median_age_years
48245,Jefferson,TX,max_grid_co2_lb_mwh;hazard_percentile_max.nri_coastal_flood_score;hazard_percentile_max.nri_hurricane_score,max_queue_median_age_years
48247,Jim Hogg,TX,max_grid_co2_lb_mwh;min_population;hazard_percentile_max.nri_inland_flood_score,
48249,Jim Wells,TX,max_grid_co2_lb_mwh;hazard_percentile_max.nri_hurricane_score,
48251,Johnson,TX,max_grid_co2_lb_mwh,max_queue_median_age_years
48253,Jones,TX,max_grid_co2_lb_mwh,
48255,Karnes,TX,max_grid_co2_lb_mwh;hazard_percentile_max.nri_hurricane_score,
48257,Kaufman,TX,max_grid_co2_lb_mwh,
48259,Kendall,TX,max_grid_co2_lb_mwh,max_queue_median_age_years
48261,Kenedy,TX,max_grid_co2_lb_mwh;min_population;hazard_percentile_max.nri_hurricane_score,
48263,Kent,TX,max_grid_co2_lb_mwh;min_population;hazard_percentile_max.nri_wildfire_score,
48265,Kerr,TX,max_grid_co2_lb_mwh;min_nearby_capacity_multiple,max_queue_median_age_years
48267,Kimble,TX,max_grid_co2_lb_mwh;min_population;min_nearby_capacity_multiple,max_queue_median_age_years
48269,King,TX,max_grid_co2_lb_mwh;min_population;hazard_percentile_max.nri_wildfire_score,
48271,Kinney,TX,max_grid_co2_lb_mwh;min_population;min_nearby_capacity_multiple,
48273,Kleberg,TX,max_grid_co2_lb_mwh;hazard_percentile_max.nri_coastal_flood_score;hazard_percentile_max.nri_hurricane_score,max_queue_median_age_years
48275,Knox,TX,max_grid_co2_lb_mwh;min_population,
48277,Lamar,TX,max_grid_co2_lb_mwh,
48279,Lamb,TX,max_grid_co2_lb_mwh,
48281,Lampasas,TX,max_grid_co2_lb_mwh,
48283,La Salle,TX,max_grid_co2_lb_mwh;min_fiber_share_locations,
48285,Lavaca,TX,max_grid_co2_lb_mwh;hazard_percentile_max.nri_hurricane_score,max_queue_median_age_years
48287,Lee,TX,max_grid_co2_lb_mwh,
48289,Leon,TX,max_grid_co2_lb_mwh,
48291,Liberty,TX,max_grid_co2_lb_mwh;hazard_percentile_max.nri_coastal_flood_score,
48293,Limestone,TX,max_grid_co2_lb_mwh;min_fiber_share_locations,
48295,Lipscomb,TX,max_grid_co2_lb_mwh;min_population;hazard_percentile_max.nri_wildfire_score,max_queue_median_age_years
48297,Live Oak,TX,max_grid_co2_lb_mwh;hazard_percentile_max.nri_hurricane_score,
48299,Llano,TX,max_grid_co2_lb_mwh;min_fiber_share_locations,max_queue_median_age_years
48301,Loving,TX,max_grid_co2_lb_mwh;min_fiber_share_locations;min_population,max_queue_median_age_years
48303,Lubbock,TX,max_grid_co2_lb_mwh,
48305,Lynn,TX,max_grid_co2_lb_mwh,max_queue_median_age_years
48307,McCulloch,TX,max_grid_co2_lb_mwh,
48309,McLennan,TX,max_grid_co2_lb_mwh,
48311,McMullen,TX,max_grid_co2_lb_mwh;min_population,max_queue_median_age_years
48313,Madison,TX,max_grid_co2_lb_mwh,
48315,Marion,TX,max_grid_co2_lb_mwh,
48317,Martin,TX,max_grid_co2_lb_mwh;hazard_percentile_max.nri_inland_flood_score,
48319,Mason,TX,max_grid_co2_lb_mwh;min_population,max_queue_median_age_years
48321,Matagorda,TX,max_grid_co2_lb_mwh;hazard_percentile_max.nri_coastal_flood_score;hazard_percentile_max.nri_hurricane_score,
48323,Maverick,TX,max_grid_co2_lb_mwh;min_fiber_share_locations;min_nearby_capacity_multiple,
48325,Medina,TX,max_grid_co2_lb_mwh,
48327,Menard,TX,max_grid_co2_lb_mwh;min_population,
48329,Midland,TX,max_grid_co2_lb_mwh,
48331,Milam,TX,max_grid_co2_lb_mwh,
48333,Mills,TX,max_grid_co2_lb_mwh;min_population,
48335,Mitchell,TX,max_grid_co2_lb_mwh,
48337,Montague,TX,max_grid_co2_lb_mwh,
48339,Montgomery,TX,max_grid_co2_lb_mwh,max_queue_median_age_years
48341,Moore,TX,max_grid_co2_lb_mwh,max_queue_median_age_years
48343,Morris,TX,max_grid_co2_lb_mwh,
48345,Motley,TX,max_grid_co2_lb_mwh;min_population;hazard_percentile_max.nri_wildfire_score,max_queue_median_age_years
48347,Nacogdoches,TX,max_grid_co2_lb_mwh,
48349,Navarro,TX,max_grid_co2_lb_mwh;min_fiber_share_locations,
48351,Newton,TX,max_grid_co2_lb_mwh;hazard_percentile_max.nri_coastal_flood_score;hazard_percentile_max.nri_hurricane_score,max_queue_median_age_years
48353,Nolan,TX,max_grid_co2_lb_mwh,
48355,Nueces,TX,max_grid_co2_lb_mwh;hazard_percentile_max.nri_coastal_flood_score;hazard_percentile_max.nri_hurricane_score,
48357,Ochiltree,TX,max_grid_co2_lb_mwh,max_queue_median_age_years
48359,Oldham,TX,max_grid_co2_lb_mwh;min_population,max_queue_median_age_years
48361,Orange,TX,max_grid_co2_lb_mwh;hazard_percentile_max.nri_coastal_flood_score;hazard_percentile_max.nri_hurricane_score,
48363,Palo Pinto,TX,max_grid_co2_lb_mwh,
48365,Panola,TX,max_grid_co2_lb_mwh,max_queue_median_age_years
48367,Parker,TX,max_grid_co2_lb_mwh,
48369,Parmer,TX,max_grid_co2_lb_mwh,max_queue_median_age_years
48371,Pecos,TX,max_grid_co2_lb_mwh;min_fiber_share_locations,
48373,Polk,TX,max_grid_co2_lb_mwh;hazard_percentile_max.nri_hurricane_score,
48375,Potter,TX,max_grid_co2_lb_mwh,max_queue_median_age_years
48377,Presidio,TX,max_grid_co2_lb_mwh;min_nearby_capacity_multiple,max_queue_median_age_years
48379,Rains,TX,max_grid_co2_lb_mwh,max_queue_median_age_years
48381,Randall,TX,max_grid_co2_lb_mwh,max_queue_median_age_years
48383,Reagan,TX,max_grid_co2_lb_mwh;min_population,
48385,Real,TX,max_grid_co2_lb_mwh;min_population;min_nearby_capacity_multiple,max_queue_median_age_years
48387,Red River,TX,max_grid_co2_lb_mwh,
48389,Reeves,TX,max_grid_co2_lb_mwh,
48391,Refugio,TX,max_grid_co2_lb_mwh;min_fiber_share_locations;hazard_percentile_max.nri_coastal_flood_score;hazard_percentile_max.nri_hurricane_score,
48393,Roberts,TX,max_grid_co2_lb_mwh;min_population;hazard_percentile_max.nri_wildfire_score,max_queue_median_age_years
48395,Robertson,TX,max_grid_co2_lb_mwh,
48397,Rockwall,TX,max_grid_co2_lb_mwh,max_queue_median_age_years
48399,Runnels,TX,max_grid_co2_lb_mwh,
48401,Rusk,TX,max_grid_co2_lb_mwh,
48403,Sabine,TX,max_grid_co2_lb_mwh;min_nearby_capacity_multiple,max_queue_median_age_years
48405,San Augustine,TX,max_grid_co2_lb_mwh;min_fiber_share_locations,max_queue_median_age_years
48407,San Jacinto,TX,max_grid_co2_lb_mwh,max_queue_median_age_years
48409,San Patricio,TX,max_grid_co2_lb_mwh;hazard_percentile_max.nri_coastal_flood_score;hazard_percentile_max.nri_hurricane_score,
48411,San Saba,TX,max_grid_co2_lb_mwh,max_queue_median_age_years
48413,Schleicher,TX,max_grid_co2_lb_mwh;min_population;hazard_percentile_max.nri_wildfire_score,
48415,Scurry,TX,max_grid_co2_lb_mwh,
48417,Shackelford,TX,max_grid_co2_lb_mwh;min_fiber_share_locations;min_population;hazard_percentile_max.nri_wildfire_score,max_queue_median_age_years
48419,Shelby,TX,max_grid_co2_lb_mwh,max_queue_median_age_years
48421,Sherman,TX,max_grid_co2_lb_mwh;min_population,max_queue_median_age_years
48423,Smith,TX,max_grid_co2_lb_mwh,max_queue_median_age_years
48425,Somervell,TX,max_grid_co2_lb_mwh,max_queue_median_age_years
48427,Starr,TX,max_grid_co2_lb_mwh,
48429,Stephens,TX,max_grid_co2_lb_mwh;min_fiber_share_locations,
48431,Sterling,TX,max_grid_co2_lb_mwh;min_population;hazard_percentile_max.nri_wildfire_score,
48433,Stonewall,TX,max_grid_co2_lb_mwh;min_population,
48435,Sutton,TX,max_grid_co2_lb_mwh;min_population;hazard_percentile_max.nri_wildfire_score,
48437,Swisher,TX,max_grid_co2_lb_mwh;hazard_percentile_max.nri_wildfire_score,
48439,Tarrant,TX,max_grid_co2_lb_mwh,
48441,Taylor,TX,max_grid_co2_lb_mwh,
48443,Terrell,TX,max_grid_co2_lb_mwh;min_population;hazard_percentile_max.nri_inland_flood_score,max_queue_median_age_years
48445,Terry,TX,max_grid_co2_lb_mwh,max_queue_median_age_years
48447,Throckmorton,TX,max_grid_co2_lb_mwh;min_population;hazard_percentile_max.nri_wildfire_score,
48449,Titus,TX,max_grid_co2_lb_mwh,max_queue_median_age_years
48451,Tom Green,TX,max_grid_co2_lb_mwh,
48453,Travis,TX,max_grid_co2_lb_mwh,
48455,Trinity,TX,max_grid_co2_lb_mwh;hazard_percentile_max.nri_hurricane_score,max_queue_median_age_years
48457,Tyler,TX,max_grid_co2_lb_mwh;hazard_percentile_max.nri_hurricane_score,max_queue_median_age_years
48459,Upshur,TX,max_grid_co2_lb_mwh,max_queue_median_age_years
48461,Upton,TX,max_grid_co2_lb_mwh;min_population,
48463,Uvalde,TX,max_grid_co2_lb_mwh;min_nearby_capacity_multiple,
48465,Val Verde,TX,max_grid_co2_lb_mwh;min_nearby_capacity_multiple,
48467,Van Zandt,TX,max_grid_co2_lb_mwh,
48469,Victoria,TX,max_grid_co2_lb_mwh;hazard_percentile_max.nri_coastal_flood_score;hazard_percentile_max.nri_hurricane_score,
48471,Walker,TX,max_grid_co2_lb_mwh,max_queue_median_age_years
48473,Waller,TX,max_grid_co2_lb_mwh,
48475,Ward,TX,max_grid_co2_lb_mwh;min_fiber_share_locations,
48477,Washington,TX,max_grid_co2_lb_mwh,max_queue_median_age_years
48479,Webb,TX,max_grid_co2_lb_mwh,
48481,Wharton,TX,max_grid_co2_lb_mwh;hazard_percentile_max.nri_hurricane_score,
48483,Wheeler,TX,max_grid_co2_lb_mwh;min_fiber_share_locations;min_population;hazard_percentile_max.nri_wildfire_score,max_queue_median_age_years
48485,Wichita,TX,max_grid_co2_lb_mwh,
48487,Wilbarger,TX,max_grid_co2_lb_mwh,
48489,Willacy,TX,max_grid_co2_lb_mwh;hazard_percentile_max.nri_coastal_flood_score;hazard_percentile_max.nri_hurricane_score,
48491,Williamson,TX,max_grid_co2_lb_mwh,max_queue_median_age_years
48493,Wilson,TX,max_grid_co2_lb_mwh,
48495,Winkler,TX,max_grid_co2_lb_mwh;min_fiber_share_locations,max_queue_median_age_years
48497,Wise,TX,max_grid_co2_lb_mwh,
48499,Wood,TX,max_grid_co2_lb_mwh,max_queue_median_age_years
48501,Yoakum,TX,max_grid_co2_lb_mwh,
48503,Young,TX,max_grid_co2_lb_mwh;hazard_percentile_max.nri_wildfire_score,
48505,Zapata,TX,max_grid_co2_lb_mwh;min_fiber_share_locations,
48507,Zavala,TX,max_grid_co2_lb_mwh;min_nearby_capacity_multiple,
49001,Beaver,UT,min_nearby_capacity_multiple;hazard_percentile_max.nri_wildfire_score,
49003,Box Elder,UT,exclude_moratorium_active;min_nearby_capacity_multiple;hazard_percentile_max.nri_wildfire_score,
49005,Cache,UT,exclude_moratorium_active;min_nearby_capacity_multiple,max_queue_median_age_years
49009,Daggett,UT,min_population;min_nearby_capacity_multiple;hazard_percentile_max.nri_wildfire_score,max_queue_median_age_years
49013,Duchesne,UT,min_nearby_capacity_multiple,max_queue_median_age_years
49017,Garfield,UT,min_nearby_capacity_multiple,max_queue_median_age_years
49019,Grand,UT,exclude_moratorium_active;min_nearby_capacity_multiple,max_queue_median_age_years
49021,Iron,UT,exclude_moratorium_active;hazard_percentile_max.nri_wildfire_score,
49023,Juab,UT,hazard_percentile_max.nri_wildfire_score,
49025,Kane,UT,max_queue_median_age_years;min_nearby_capacity_multiple;hazard_percentile_max.nri_wildfire_score,
49027,Millard,UT,hazard_percentile_max.nri_wildfire_score,
49029,Morgan,UT,hazard_percentile_max.nri_inland_flood_score;hazard_percentile_max.nri_wildfire_score,max_queue_median_age_years
49031,Piute,UT,min_population;min_nearby_capacity_multiple;hazard_percentile_max.nri_wildfire_score,max_queue_median_age_years
49033,Rich,UT,min_population;min_nearby_capacity_multiple;hazard_percentile_max.nri_wildfire_score,max_queue_median_age_years
49037,San Juan,UT,min_nearby_capacity_multiple,max_queue_median_age_years
49039,Sanpete,UT,hazard_percentile_max.nri_wildfire_score,max_queue_median_age_years
49043,Summit,UT,hazard_percentile_max.nri_wildfire_score,max_queue_median_age_years
49045,Tooele,UT,min_nearby_capacity_multiple;hazard_percentile_max.nri_wildfire_score,
49047,Uintah,UT,min_nearby_capacity_multiple,max_queue_median_age_years
49049,Utah,UT,hazard_percentile_max.nri_wildfire_score,
49051,Wasatch,UT,hazard_percentile_max.nri_wildfire_score,max_queue_median_age_years
49053,Washington,UT,min_nearby_capacity_multiple;hazard_percentile_max.nri_wildfire_score,
49055,Wayne,UT,min_population;exclude_moratorium_active;min_nearby_capacity_multiple,max_queue_median_age_years
49057,Weber,UT,min_nearby_capacity_multiple,max_queue_median_age_years
50005,Caledonia,VT,min_nearby_capacity_multiple,max_queue_median_age_years
50009,Essex,VT,min_nearby_capacity_multiple;hazard_percentile_max.nri_inland_flood_score,max_queue_median_age_years
50013,Grand Isle,VT,min_fiber_share_locations,max_queue_median_age_years
50015,Lamoille,VT,min_nearby_capacity_multiple,max_queue_median_age_years
50017,Orange,VT,min_nearby_capacity_multiple,max_queue_median_age_years
50021,Rutland,VT,min_nearby_capacity_multiple,max_queue_median_age_years
50027,Windsor,VT,min_nearby_capacity_multiple,max_queue_median_age_years
51001,Accomack,VA,hazard_percentile_max.nri_coastal_flood_score;hazard_percentile_max.nri_hurricane_score,max_queue_median_age_years
51003,Albemarle,VA,max_grid_co2_lb_mwh,max_queue_median_age_years
51005,Alleghany,VA,hazard_percentile_max.nri_inland_flood_score,max_queue_median_age_years
51007,Amelia,VA,min_fiber_share_locations,
51009,Amherst,VA,max_grid_co2_lb_mwh,
51011,Appomattox,VA,max_grid_co2_lb_mwh,max_queue_median_age_years
51013,Arlington,VA,hazard_percentile_max.nri_coastal_flood_score,max_queue_median_age_years
51015,Augusta,VA,max_grid_co2_lb_mwh,
51017,Bath,VA,min_population;hazard_percentile_max.nri_inland_flood_score,max_queue_median_age_years
51019,Bedford,VA,max_grid_co2_lb_mwh,max_queue_median_age_years
51021,Bland,VA,max_grid_co2_lb_mwh;min_fiber_share_locations;min_nearby_capacity_multiple;hazard_percentile_max.nri_inland_flood_score,max_queue_median_age_years
51023,Botetourt,VA,max_grid_co2_lb_mwh,max_queue_median_age_years
51025,Brunswick,VA,hazard_percentile_max.nri_hurricane_score,
51027,Buchanan,VA,max_grid_co2_lb_mwh,max_queue_median_age_years
51031,Campbell,VA,max_grid_co2_lb_mwh;max_queue_median_age_years,
51033,Caroline,VA,hazard_percentile_max.nri_coastal_flood_score;hazard_percentile_max.nri_hurricane_score,
51035,Carroll,VA,max_grid_co2_lb_mwh,max_queue_median_age_years
51036,Charles City,VA,min_fiber_share_locations;hazard_percentile_max.nri_coastal_flood_score,
51041,Chesterfield,VA,max_queue_median_age_years;hazard_percentile_max.nri_coastal_flood_score,
51043,Clarke,VA,min_fiber_share_locations,max_queue_median_age_years
51045,Craig,VA,max_grid_co2_lb_mwh;min_fiber_share_locations;min_population;hazard_percentile_max.nri_inland_flood_score,max_queue_median_age_years
51047,Culpeper,VA,max_queue_median_age_years,
51051,Dickenson,VA,max_grid_co2_lb_mwh;hazard_percentile_max.nri_inland_flood_score,max_queue_median_age_years
51053,Dinwiddie,VA,min_fiber_share_locations,max_queue_median_age_years
51057,Essex,VA,min_fiber_share_locations;hazard_percentile_max.nri_coastal_flood_score;hazard_percentile_max.nri_hurricane_score,max_queue_median_age_years
51059,Fairfax,VA,hazard_percentile_max.nri_coastal_flood_score,max_queue_median_age_years
51061,Fauquier,VA,min_fiber_share_locations,
51063,Floyd,VA,max_grid_co2_lb_mwh,max_queue_median_age_years
51067,Franklin,VA,max_grid_co2_lb_mwh,max_queue_median_age_years
51071,Giles,VA,max_grid_co2_lb_mwh;min_nearby_capacity_multiple;hazard_percentile_max.nri_inland_flood_score,max_queue_median_age_years
51073,Gloucester,VA,min_fiber_share_locations;hazard_percentile_max.nri_coastal_flood_score,max_queue_median_age_years
51077,Grayson,VA,max_grid_co2_lb_mwh;min_nearby_capacity_multiple,max_queue_median_age_years
51081,Greensville,VA,hazard_percentile_max.nri_hurricane_score,
51083,Halifax,VA,max_grid_co2_lb_mwh,
51085,Hanover,VA,hazard_percentile_max.nri_coastal_flood_score,
51087,Henrico,VA,hazard_percentile_max.nri_coastal_flood_score,max_queue_median_age_years
51089,Henry,VA,max_grid_co2_lb_mwh,max_queue_median_age_years
51091,Highland,VA,max_grid_co2_lb_mwh;min_population;hazard_percentile_max.nri_inland_flood_score,max_queue_median_age_years
51093,Isle of Wight,VA,max_queue_median_age_years;min_fiber_share_locations;hazard_percentile_max.nri_coastal_flood_score;hazard_percentile_max.nri_hurricane_score,
51095,James City,VA,hazard_percentile_max.nri_coastal_flood_score,max_queue_median_age_years
51097,King and Queen,VA,max_queue_median_age_years;hazard_percentile_max.nri_coastal_flood_score,
51099,King George,VA,hazard_percentile_max.nri_coastal_flood_score;hazard_percentile_max.nri_hurricane_score,
51101,King William,VA,hazard_percentile_max.nri_coastal_flood_score,max_queue_median_age_years
51103,Lancaster,VA,max_queue_median_age_years;hazard_percentile_max.nri_coastal_flood_score;hazard_percentile_max.nri_hurricane_score,
51105,Lee,VA,max_grid_co2_lb_mwh;hazard_percentile_max.nri_inland_flood_score,max_queue_median_age_years
51115,Mathews,VA,min_fiber_share_locations;hazard_percentile_max.nri_coastal_flood_score,max_queue_median_age_years
51119,Middlesex,VA,min_fiber_share_locations;hazard_percentile_max.nri_coastal_flood_score;hazard_percentile_max.nri_hurricane_score,max_queue_median_age_years
51121,Montgomery,VA,max_grid_co2_lb_mwh;min_fiber_share_locations,max_queue_median_age_years
51125,Nelson,VA,max_grid_co2_lb_mwh;hazard_percentile_max.nri_inland_flood_score,max_queue_median_age_years
51127,New Kent,VA,hazard_percentile_max.nri_coastal_flood_score,max_queue_median_age_years
51131,Northampton,VA,hazard_percentile_max.nri_coastal_flood_score;hazard_percentile_max.nri_hurricane_score,max_queue_median_age_years
51133,Northumberland,VA,hazard_percentile_max.nri_coastal_flood_score;hazard_percentile_max.nri_hurricane_score,max_queue_median_age_years
51139,Page,VA,min_fiber_share_locations;hazard_percentile_max.nri_inland_flood_score,max_queue_median_age_years
51141,Patrick,VA,max_grid_co2_lb_mwh;min_fiber_share_locations,max_queue_median_age_years
51143,Pittsylvania,VA,max_grid_co2_lb_mwh,
51149,Prince George,VA,hazard_percentile_max.nri_coastal_flood_score,
51153,Prince William,VA,hazard_percentile_max.nri_coastal_flood_score,
51155,Pulaski,VA,max_grid_co2_lb_mwh;min_fiber_share_locations;min_nearby_capacity_multiple,
51157,Rappahannock,VA,min_fiber_share_locations,max_queue_median_age_years
51159,Richmond,VA,hazard_percentile_max.nri_coastal_flood_score;hazard_percentile_max.nri_hurricane_score,
51161,Roanoke,VA,max_grid_co2_lb_mwh,max_queue_median_age_years
51163,Rockbridge,VA,hazard_percentile_max.nri_inland_flood_score,max_queue_median_age_years
51165,Rockingham,VA,hazard_percentile_max.nri_inland_flood_score,
51167,Russell,VA,max_grid_co2_lb_mwh,max_queue_median_age_years
51169,Scott,VA,max_grid_co2_lb_mwh,max_queue_median_age_years
51171,Shenandoah,VA,max_grid_co2_lb_mwh;hazard_percentile_max.nri_inland_flood_score,max_queue_median_age_years
51173,Smyth,VA,max_grid_co2_lb_mwh,max_queue_median_age_years
51175,Southampton,VA,hazard_percentile_max.nri_coastal_flood_score;hazard_percentile_max.nri_hurricane_score,max_queue_median_age_years
51177,Spotsylvania,VA,hazard_percentile_max.nri_coastal_flood_score,
51179,Stafford,VA,hazard_percentile_max.nri_coastal_flood_score,max_queue_median_age_years
51181,Surry,VA,hazard_percentile_max.nri_coastal_flood_score;hazard_percentile_max.nri_hurricane_score,
51183,Sussex,VA,max_queue_median_age_years;hazard_percentile_max.nri_hurricane_score,
51185,Tazewell,VA,max_grid_co2_lb_mwh;hazard_percentile_max.nri_inland_flood_score,max_queue_median_age_years
51191,Washington,VA,max_grid_co2_lb_mwh,max_queue_median_age_years
51193,Westmoreland,VA,hazard_percentile_max.nri_coastal_flood_score;hazard_percentile_max.nri_hurricane_score,max_queue_median_age_years
51195,Wise,VA,max_grid_co2_lb_mwh;hazard_percentile_max.nri_inland_flood_score,max_queue_median_age_years
51197,Wythe,VA,max_grid_co2_lb_mwh;min_nearby_capacity_multiple,
51199,York,VA,hazard_percentile_max.nri_coastal_flood_score,max_queue_median_age_years
51510,Alexandria,VA,hazard_percentile_max.nri_coastal_flood_score,max_queue_median_age_years
51520,Bristol,VA,max_grid_co2_lb_mwh,max_queue_median_age_years
51530,Buena Vista,VA,hazard_percentile_max.nri_inland_flood_score,max_queue_median_age_years
51540,Charlottesville,VA,max_grid_co2_lb_mwh,max_queue_median_age_years
51550,Chesapeake,VA,max_queue_median_age_years;hazard_percentile_max.nri_coastal_flood_score,
51570,Colonial Heights,VA,min_fiber_share_locations;hazard_percentile_max.nri_coastal_flood_score,max_queue_median_age_years
51580,Covington,VA,hazard_percentile_max.nri_inland_flood_score,max_queue_median_age_years
51590,Danville,VA,max_grid_co2_lb_mwh,max_queue_median_age_years
51595,Emporia,VA,hazard_percentile_max.nri_hurricane_score,max_queue_median_age_years
51620,Franklin,VA,min_fiber_share_locations;hazard_percentile_max.nri_coastal_flood_score;hazard_percentile_max.nri_hurricane_score,max_queue_median_age_years
51630,Fredericksburg,VA,hazard_percentile_max.nri_coastal_flood_score,max_queue_median_age_years
51640,Galax,VA,max_grid_co2_lb_mwh,max_queue_median_age_years
51650,Hampton,VA,hazard_percentile_max.nri_coastal_flood_score,max_queue_median_age_years
51670,Hopewell,VA,hazard_percentile_max.nri_coastal_flood_score,max_queue_median_age_years
51680,Lynchburg,VA,max_grid_co2_lb_mwh,max_queue_median_age_years
51690,Martinsville,VA,max_grid_co2_lb_mwh,max_queue_median_age_years
51700,Newport News,VA,hazard_percentile_max.nri_coastal_flood_score,max_queue_median_age_years
51710,Norfolk,VA,hazard_percentile_max.nri_coastal_flood_score,max_queue_median_age_years
51720,Norton,VA,max_grid_co2_lb_mwh;min_population,max_queue_median_age_years
51730,Petersburg,VA,min_fiber_share_locations;hazard_percentile_max.nri_coastal_flood_score,max_queue_median_age_years
51735,Poquoson,VA,hazard_percentile_max.nri_coastal_flood_score,max_queue_median_age_years
51740,Portsmouth,VA,hazard_percentile_max.nri_coastal_flood_score,max_queue_median_age_years
51750,Radford,VA,max_grid_co2_lb_mwh;min_fiber_share_locations;min_nearby_capacity_multiple,max_queue_median_age_years
51760,Richmond,VA,hazard_percentile_max.nri_coastal_flood_score,max_queue_median_age_years
51770,Roanoke,VA,max_grid_co2_lb_mwh,max_queue_median_age_years
51775,Salem,VA,max_grid_co2_lb_mwh,max_queue_median_age_years
51790,Staunton,VA,max_grid_co2_lb_mwh,max_queue_median_age_years
51800,Suffolk,VA,hazard_percentile_max.nri_coastal_flood_score;hazard_percentile_max.nri_hurricane_score,
51810,Virginia Beach,VA,hazard_percentile_max.nri_coastal_flood_score,max_queue_median_age_years
51820,Waynesboro,VA,max_grid_co2_lb_mwh,max_queue_median_age_years
51830,Williamsburg,VA,hazard_percentile_max.nri_coastal_flood_score,max_queue_median_age_years
53007,Chelan,WA,hazard_percentile_max.nri_inland_flood_score;hazard_percentile_max.nri_wildfire_score,max_queue_median_age_years
53009,Clallam,WA,min_fiber_share_locations;min_nearby_capacity_multiple;hazard_percentile_max.nri_coastal_flood_score,max_queue_median_age_years
53011,Clark,WA,hazard_percentile_max.nri_coastal_flood_score,
53013,Columbia,WA,min_population;hazard_percentile_max.nri_inland_flood_score;hazard_percentile_max.nri_wildfire_score,
53015,Cowlitz,WA,hazard_percentile_max.nri_inland_flood_score;hazard_percentile_max.nri_coastal_flood_score,max_queue_median_age_years
53017,Douglas,WA,hazard_percentile_max.nri_inland_flood_score;hazard_percentile_max.nri_wildfire_score,
53019,Ferry,WA,min_fiber_share_locations;hazard_percentile_max.nri_inland_flood_score;hazard_percentile_max.nri_wildfire_score,max_queue_median_age_years
53021,Franklin,WA,min_fiber_share_locations;hazard_percentile_max.nri_inland_flood_score,
53023,Garfield,WA,min_population;hazard_percentile_max.nri_inland_flood_score;hazard_percentile_max.nri_wildfire_score,
53027,Grays Harbor,WA,hazard_percentile_max.nri_coastal_flood_score,max_queue_median_age_years
53029,Island,WA,hazard_percentile_max.nri_coastal_flood_score,max_queue_median_age_years
53031,Jefferson,WA,min_fiber_share_locations;min_nearby_capacity_multiple;hazard_percentile_max.nri_coastal_flood_score,max_queue_median_age_years
53033,King,WA,min_nearby_capacity_multiple;hazard_percentile_max.nri_coastal_flood_score,
53035,Kitsap,WA,min_fiber_share_locations;hazard_percentile_max.nri_coastal_flood_score,max_queue_median_age_years
53037,Kittitas,WA,max_queue_median_age_years;hazard_percentile_max.nri_wildfire_score,
53039,Klickitat,WA,min_fiber_share_locations;hazard_percentile_max.nri_inland_flood_score;hazard_percentile_max.nri_wildfire_score,
53041,Lewis,WA,min_fiber_share_locations;hazard_percentile_max.nri_inland_flood_score,max_queue_median_age_years
53043,Lincoln,WA,hazard_percentile_max.nri_wildfire_score,
53045,Mason,WA,hazard_percentile_max.nri_coastal_flood_score,max_queue_median_age_years
53047,Okanogan,WA,min_fiber_share_locations;hazard_percentile_max.nri_inland_flood_score;hazard_percentile_max.nri_wildfire_score,max_queue_median_age_years
53049,Pacific,WA,min_fiber_share_locations;hazard_percentile_max.nri_inland_flood_score;hazard_percentile_max.nri_coastal_flood_score,max_queue_median_age_years
53051,Pend Oreille,WA,hazard_percentile_max.nri_inland_flood_score,max_queue_median_age_years
53053,Pierce,WA,hazard_percentile_max.nri_coastal_flood_score,max_queue_median_age_years
53055,San Juan,WA,min_nearby_capacity_multiple;hazard_percentile_max.nri_coastal_flood_score,max_queue_median_age_years
53057,Skagit,WA,exclude_moratorium_active;hazard_percentile_max.nri_coastal_flood_score,
53059,Skamania,WA,min_fiber_share_locations;hazard_percentile_max.nri_inland_flood_score;hazard_percentile_max.nri_coastal_flood_score;hazard_percentile_max.nri_wildfire_score,max_queue_median_age_years
53061,Snohomish,WA,exclude_moratorium_active;hazard_percentile_max.nri_coastal_flood_score,max_queue_median_age_years
53063,Spokane,WA,min_nearby_capacity_multiple,
53065,Stevens,WA,min_fiber_share_locations;hazard_percentile_max.nri_wildfire_score,max_queue_median_age_years
53067,Thurston,WA,min_fiber_share_locations;hazard_percentile_max.nri_coastal_flood_score,
53069,Wahkiakum,WA,min_population;hazard_percentile_max.nri_inland_flood_score;hazard_percentile_max.nri_coastal_flood_score,max_queue_median_age_years
53073,Whatcom,WA,hazard_percentile_max.nri_coastal_flood_score,
53077,Yakima,WA,exclude_moratorium_active;hazard_percentile_max.nri_wildfire_score,
54001,Barbour,WV,max_grid_co2_lb_mwh;hazard_percentile_max.nri_inland_flood_score,max_queue_median_age_years
54003,Berkeley,WV,max_grid_co2_lb_mwh,max_queue_median_age_years
54005,Boone,WV,max_grid_co2_lb_mwh;hazard_percentile_max.nri_inland_flood_score,max_queue_median_age_years
54007,Braxton,WV,max_grid_co2_lb_mwh;min_fiber_share_locations;hazard_percentile_max.nri_inland_flood_score,max_queue_median_age_years
54009,Brooke,WV,max_grid_co2_lb_mwh;hazard_percentile_max.nri_inland_flood_score,max_queue_median_age_years
54011,Cabell,WV,max_grid_co2_lb_mwh;hazard_percentile_max.nri_inland_flood_score,max_queue_median_age_years
54013,Calhoun,WV,max_grid_co2_lb_mwh;hazard_percentile_max.nri_inland_flood_score,max_queue_median_age_years
54015,Clay,WV,max_grid_co2_lb_mwh;hazard_percentile_max.nri_inland_flood_score,max_queue_median_age_years
54017,Doddridge,WV,max_grid_co2_lb_mwh;hazard_percentile_max.nri_inland_flood_score,max_queue_median_age_years
54019,Fayette,WV,max_grid_co2_lb_mwh;min_fiber_share_locations;hazard_percentile_max.nri_inland_flood_score,max_queue_median_age_years
54021,Gilmer,WV,max_grid_co2_lb_mwh;hazard_percentile_max.nri_inland_flood_score,max_queue_median_age_years
54023,Grant,WV,max_grid_co2_lb_mwh;hazard_percentile_max.nri_inland_flood_score,max_queue_median_age_years
54025,Greenbrier,WV,max_grid_co2_lb_mwh;hazard_percentile_max.nri_inland_flood_score,max_queue_median_age_years
54027,Hampshire,WV,max_grid_co2_lb_mwh;hazard_percentile_max.nri_inland_flood_score,max_queue_median_age_years
54029,Hancock,WV,max_grid_co2_lb_mwh;hazard_percentile_max.nri_inland_flood_score,max_queue_median_age_years
54031,Hardy,WV,max_grid_co2_lb_mwh;hazard_percentile_max.nri_inland_flood_score,max_queue_median_age_years
54033,Harrison,WV,max_grid_co2_lb_mwh;max_queue_median_age_years;hazard_percentile_max.nri_inland_flood_score,
54035,Jackson,WV,max_grid_co2_lb_mwh;hazard_percentile_max.nri_inland_flood_score,max_queue_median_age_years
54037,Jefferson,WV,max_grid_co2_lb_mwh,
54039,Kanawha,WV,max_grid_co2_lb_mwh;hazard_percentile_max.nri_inland_flood_score,max_queue_median_age_years
54041,Lewis,WV,max_grid_co2_lb_mwh;hazard_percentile_max.nri_inland_flood_score,max_queue_median_age_years
54043,Lincoln,WV,max_grid_co2_lb_mwh;min_fiber_share_locations;hazard_percentile_max.nri_inland_flood_score,max_queue_median_age_years
54045,Logan,WV,max_grid_co2_lb_mwh;hazard_percentile_max.nri_inland_flood_score,max_queue_median_age_years
54047,McDowell,WV,max_grid_co2_lb_mwh;hazard_percentile_max.nri_inland_flood_score,max_queue_median_age_years
54049,Marion,WV,max_grid_co2_lb_mwh;hazard_percentile_max.nri_inland_flood_score,max_queue_median_age_years
54051,Marshall,WV,max_grid_co2_lb_mwh;hazard_percentile_max.nri_inland_flood_score,max_queue_median_age_years
54053,Mason,WV,max_grid_co2_lb_mwh;hazard_percentile_max.nri_inland_flood_score,max_queue_median_age_years
54055,Mercer,WV,max_grid_co2_lb_mwh;min_nearby_capacity_multiple,max_queue_median_age_years
54057,Mineral,WV,max_grid_co2_lb_mwh;min_fiber_share_locations;hazard_percentile_max.nri_inland_flood_score,max_queue_median_age_years
54059,Mingo,WV,max_grid_co2_lb_mwh;min_fiber_share_locations;hazard_percentile_max.nri_inland_flood_score,max_queue_median_age_years
54061,Monongalia,WV,max_grid_co2_lb_mwh;hazard_percentile_max.nri_inland_flood_score,max_queue_median_age_years
54063,Monroe,WV,max_grid_co2_lb_mwh;min_fiber_share_locations,max_queue_median_age_years
54065,Morgan,WV,max_grid_co2_lb_mwh,max_queue_median_age_years
54067,Nicholas,WV,max_grid_co2_lb_mwh;hazard_percentile_max.nri_inland_flood_score,
54069,Ohio,WV,max_grid_co2_lb_mwh;hazard_percentile_max.nri_inland_flood_score,max_queue_median_age_years
54071,Pendleton,WV,max_grid_co2_lb_mwh;hazard_percentile_max.nri_inland_flood_score,max_queue_median_age_years
54073,Pleasants,WV,max_grid_co2_lb_mwh;min_fiber_share_locations;hazard_percentile_max.nri_inland_flood_score,max_queue_median_age_years
54075,Pocahontas,WV,max_grid_co2_lb_mwh;hazard_percentile_max.nri_inland_flood_score,max_queue_median_age_years
54077,Preston,WV,max_grid_co2_lb_mwh,max_queue_median_age_years
54079,Putnam,WV,max_grid_co2_lb_mwh;hazard_percentile_max.nri_inland_flood_score,max_queue_median_age_years
54081,Raleigh,WV,max_grid_co2_lb_mwh,max_queue_median_age_years
54083,Randolph,WV,max_grid_co2_lb_mwh;hazard_percentile_max.nri_inland_flood_score,max_queue_median_age_years
54085,Ritchie,WV,max_grid_co2_lb_mwh;hazard_percentile_max.nri_inland_flood_score,max_queue_median_age_years
54087,Roane,WV,max_grid_co2_lb_mwh;min_fiber_share_locations;hazard_percentile_max.nri_inland_flood_score,max_queue_median_age_years
54089,Summers,WV,max_grid_co2_lb_mwh;min_fiber_share_locations;min_nearby_capacity_multiple;hazard_percentile_max.nri_inland_flood_score,max_queue_median_age_years
54091,Taylor,WV,max_grid_co2_lb_mwh;hazard_percentile_max.nri_inland_flood_score,max_queue_median_age_years
54093,Tucker,WV,max_grid_co2_lb_mwh;hazard_percentile_max.nri_inland_flood_score,max_queue_median_age_years
54095,Tyler,WV,max_grid_co2_lb_mwh;hazard_percentile_max.nri_inland_flood_score,max_queue_median_age_years
54097,Upshur,WV,max_grid_co2_lb_mwh;hazard_percentile_max.nri_inland_flood_score,max_queue_median_age_years
54099,Wayne,WV,max_grid_co2_lb_mwh;hazard_percentile_max.nri_inland_flood_score,max_queue_median_age_years
54101,Webster,WV,max_grid_co2_lb_mwh;hazard_percentile_max.nri_inland_flood_score,max_queue_median_age_years
54103,Wetzel,WV,max_grid_co2_lb_mwh;hazard_percentile_max.nri_inland_flood_score,max_queue_median_age_years
54105,Wirt,WV,max_grid_co2_lb_mwh;hazard_percentile_max.nri_inland_flood_score,max_queue_median_age_years
54107,Wood,WV,max_grid_co2_lb_mwh;hazard_percentile_max.nri_inland_flood_score,max_queue_median_age_years
54109,Wyoming,WV,max_grid_co2_lb_mwh;min_fiber_share_locations;hazard_percentile_max.nri_inland_flood_score,max_queue_median_age_years
55001,Adams,WI,max_grid_co2_lb_mwh,max_queue_median_age_years
55003,Ashland,WI,max_grid_co2_lb_mwh;min_nearby_capacity_multiple;hazard_percentile_max.nri_coastal_flood_score,max_queue_median_age_years
55005,Barron,WI,max_grid_co2_lb_mwh,
55007,Bayfield,WI,max_grid_co2_lb_mwh;min_nearby_capacity_multiple;hazard_percentile_max.nri_coastal_flood_score,max_queue_median_age_years
55009,Brown,WI,max_grid_co2_lb_mwh;hazard_percentile_max.nri_coastal_flood_score,max_queue_median_age_years
55011,Buffalo,WI,max_grid_co2_lb_mwh,max_queue_median_age_years
55013,Burnett,WI,max_grid_co2_lb_mwh;min_nearby_capacity_multiple,max_queue_median_age_years
55015,Calumet,WI,max_grid_co2_lb_mwh,max_queue_median_age_years
55017,Chippewa,WI,max_grid_co2_lb_mwh;min_nearby_capacity_multiple,max_queue_median_age_years
55019,Clark,WI,max_grid_co2_lb_mwh;min_fiber_share_locations,max_queue_median_age_years
55021,Columbia,WI,max_grid_co2_lb_mwh,
55023,Crawford,WI,max_grid_co2_lb_mwh;min_nearby_capacity_multiple,max_queue_median_age_years
55025,Dane,WI,max_grid_co2_lb_mwh;max_queue_median_age_years;exclude_moratorium_active,
55027,Dodge,WI,max_grid_co2_lb_mwh;exclude_moratorium_active,max_queue_median_age_years
55029,Door,WI,max_grid_co2_lb_mwh;min_fiber_share_locations;exclude_moratorium_active;hazard_percentile_max.nri_coastal_flood_score,max_queue_median_age_years
55031,Douglas,WI,max_grid_co2_lb_mwh;min_fiber_share_locations;min_nearby_capacity_multiple;hazard_percentile_max.nri_coastal_flood_score,max_queue_median_age_years
55033,Dunn,WI,max_grid_co2_lb_mwh,max_queue_median_age_years
55035,Eau Claire,WI,max_grid_co2_lb_mwh;min_nearby_capacity_multiple,max_queue_median_age_years
55037,Florence,WI,max_grid_co2_lb_mwh;min_fiber_share_locations;min_population;min_nearby_capacity_multiple,max_queue_median_age_years
55039,Fond du Lac,WI,max_grid_co2_lb_mwh,max_queue_median_age_years
55041,Forest,WI,max_grid_co2_lb_mwh;min_fiber_share_locations;min_nearby_capacity_multiple,max_queue_median_age_years
55043,Grant,WI,max_grid_co2_lb_mwh;max_queue_median_age_years;exclude_moratorium_active;min_nearby_capacity_multiple,
55045,Green,WI,max_grid_co2_lb_mwh;exclude_moratorium_active,
55047,Green Lake,WI,max_grid_co2_lb_mwh,max_queue_median_age_years
55049,Iowa,WI,max_grid_co2_lb_mwh,
55051,Iron,WI,max_grid_co2_lb_mwh;min_fiber_share_locations;min_nearby_capacity_multiple;hazard_percentile_max.nri_coastal_flood_score,max_queue_median_age_years
55053,Jackson,WI,max_grid_co2_lb_mwh,max_queue_median_age_years
55055,Jefferson,WI,max_grid_co2_lb_mwh;max_queue_median_age_years;exclude_moratorium_active,
55057,Juneau,WI,max_grid_co2_lb_mwh;hazard_percentile_max.nri_inland_flood_score,max_queue_median_age_years
55059,Kenosha,WI,max_grid_co2_lb_mwh;hazard_percentile_max.nri_coastal_flood_score,
55061,Kewaunee,WI,max_grid_co2_lb_mwh;hazard_percentile_max.nri_coastal_flood_score,max_queue_median_age_years
55063,La Crosse,WI,max_grid_co2_lb_mwh;exclude_moratorium_active;min_nearby_capacity_multiple,max_queue_median_age_years
55065,Lafayette,WI,max_grid_co2_lb_mwh,max_queue_median_age_years
55067,Langlade,WI,max_grid_co2_lb_mwh;min_nearby_capacity_multiple,max_queue_median_age_years
55069,Lincoln,WI,max_grid_co2_lb_mwh;min_nearby_capacity_multiple,max_queue_median_age_years
55071,Manitowoc,WI,max_grid_co2_lb_mwh;exclude_moratorium_active;hazard_percentile_max.nri_coastal_flood_score,max_queue_median_age_years
55073,Marathon,WI,max_grid_co2_lb_mwh,
55075,Marinette,WI,max_grid_co2_lb_mwh;min_nearby_capacity_multiple;hazard_percentile_max.nri_coastal_flood_score,max_queue_median_age_years
55077,Marquette,WI,max_grid_co2_lb_mwh,max_queue_median_age_years
55078,Menominee,WI,max_grid_co2_lb_mwh;min_fiber_share_locations;min_population,max_queue_median_age_years
55079,Milwaukee,WI,max_grid_co2_lb_mwh;hazard_percentile_max.nri_coastal_flood_score,max_queue_median_age_years
55081,Monroe,WI,max_grid_co2_lb_mwh;min_nearby_capacity_multiple,max_queue_median_age_years
55083,Oconto,WI,max_grid_co2_lb_mwh;hazard_percentile_max.nri_coastal_flood_score,max_queue_median_age_years
55085,Oneida,WI,max_grid_co2_lb_mwh;min_nearby_capacity_multiple,max_queue_median_age_years
55087,Outagamie,WI,max_grid_co2_lb_mwh,max_queue_median_age_years
55089,Ozaukee,WI,max_grid_co2_lb_mwh;hazard_percentile_max.nri_coastal_flood_score,max_queue_median_age_years
55091,Pepin,WI,max_grid_co2_lb_mwh,max_queue_median_age_years
55093,Pierce,WI,max_grid_co2_lb_mwh,max_queue_median_age_years
55095,Polk,WI,max_grid_co2_lb_mwh,max_queue_median_age_years
55097,Portage,WI,max_grid_co2_lb_mwh,
55099,Price,WI,max_grid_co2_lb_mwh;min_nearby_capacity_multiple,max_queue_median_age_years
55101,Racine,WI,max_grid_co2_lb_mwh;hazard_percentile_max.nri_coastal_flood_score,max_queue_median_age_years
55103,Richland,WI,max_grid_co2_lb_mwh;hazard_percentile_max.nri_inland_flood_score,max_queue_median_age_years
55105,Rock,WI,max_grid_co2_lb_mwh,
55107,Rusk,WI,max_grid_co2_lb_mwh;min_nearby_capacity_multiple,max_queue_median_age_years
55109,St. Croix,WI,max_grid_co2_lb_mwh;max_queue_median_age_years,
55111,Sauk,WI,max_grid_co2_lb_mwh,max_queue_median_age_years
55113,Sawyer,WI,max_grid_co2_lb_mwh;min_nearby_capacity_multiple,max_queue_median_age_years
55115,Shawano,WI,max_grid_co2_lb_mwh;exclude_moratorium_active,max_queue_median_age_years
55117,Sheboygan,WI,max_grid_co2_lb_mwh;hazard_percentile_max.nri_coastal_flood_score,
55119,Taylor,WI,max_grid_co2_lb_mwh,max_queue_median_age_years
55121,Trempealeau,WI,max_grid_co2_lb_mwh;min_nearby_capacity_multiple;hazard_percentile_max.nri_inland_flood_score,max_queue_median_age_years
55123,Vernon,WI,max_grid_co2_lb_mwh;min_nearby_capacity_multiple,max_queue_median_age_years
55125,Vilas,WI,max_grid_co2_lb_mwh;min_nearby_capacity_multiple,max_queue_median_age_years
55127,Walworth,WI,max_grid_co2_lb_mwh,
55129,Washburn,WI,max_grid_co2_lb_mwh;min_fiber_share_locations;min_nearby_capacity_multiple,max_queue_median_age_years
55131,Washington,WI,max_grid_co2_lb_mwh,max_queue_median_age_years
55133,Waukesha,WI,max_grid_co2_lb_mwh,max_queue_median_age_years
55135,Waupaca,WI,max_grid_co2_lb_mwh,max_queue_median_age_years
55137,Waushara,WI,max_grid_co2_lb_mwh,
55139,Winnebago,WI,max_grid_co2_lb_mwh,
55141,Wood,WI,max_grid_co2_lb_mwh,
56001,Albany,WY,max_grid_co2_lb_mwh,max_queue_median_age_years
56003,Big Horn,WY,min_nearby_capacity_multiple;hazard_percentile_max.nri_inland_flood_score,max_queue_median_age_years
56005,Campbell,WY,min_nearby_capacity_multiple;hazard_percentile_max.nri_wildfire_score,
56007,Carbon,WY,max_grid_co2_lb_mwh;min_fiber_share_locations;min_nearby_capacity_multiple,
56009,Converse,WY,hazard_percentile_max.nri_wildfire_score,
56011,Crook,WY,max_grid_co2_lb_mwh;min_nearby_capacity_multiple;hazard_percentile_max.nri_wildfire_score,max_queue_median_age_years
56013,Fremont,WY,max_grid_co2_lb_mwh;min_fiber_share_locations;min_nearby_capacity_multiple,max_queue_median_age_years
56015,Goshen,WY,max_grid_co2_lb_mwh,max_queue_median_age_years
56017,Hot Springs,WY,max_grid_co2_lb_mwh;min_population;min_nearby_capacity_multiple;hazard_percentile_max.nri_inland_flood_score,max_queue_median_age_years
56019,Johnson,WY,max_grid_co2_lb_mwh;min_fiber_share_locations;min_nearby_capacity_multiple;hazard_percentile_max.nri_inland_flood_score;hazard_percentile_max.nri_wildfire_score,max_queue_median_age_years
56021,Laramie,WY,max_grid_co2_lb_mwh,
56023,Lincoln,WY,min_nearby_capacity_multiple,
56025,Natrona,WY,max_grid_co2_lb_mwh,
56027,Niobrara,WY,max_grid_co2_lb_mwh;min_population;min_nearby_capacity_multiple;hazard_percentile_max.nri_wildfire_score,max_queue_median_age_years
56029,Park,WY,max_grid_co2_lb_mwh;min_nearby_capacity_multiple,max_queue_median_age_years
56031,Platte,WY,hazard_percentile_max.nri_wildfire_score,
56033,Sheridan,WY,max_grid_co2_lb_mwh;min_nearby_capacity_multiple;hazard_percentile_max.nri_inland_flood_score;hazard_percentile_max.nri_wildfire_score,max_queue_median_age_years
56035,Sublette,WY,min_nearby_capacity_multiple;hazard_percentile_max.nri_wildfire_score,max_queue_median_age_years
56037,Sweetwater,WY,min_fiber_share_locations,max_queue_median_age_years
56039,Teton,WY,max_grid_co2_lb_mwh;min_nearby_capacity_multiple;hazard_percentile_max.nri_wildfire_score,max_queue_median_age_years
56041,Uinta,WY,min_fiber_share_locations;min_nearby_capacity_multiple,
56043,Washakie,WY,max_grid_co2_lb_mwh;min_nearby_capacity_multiple;hazard_percentile_max.nri_inland_flood_score,max_queue_median_age_years
56045,Weston,WY,max_grid_co2_lb_mwh;min_nearby_capacity_multiple;hazard_percentile_max.nri_wildfire_score,max_queue_median_age_years
