fips,county,cooling,pue,sales_tax_rate,sales_tax_exempt,sales_tax_refresh_exempt,co2_t,water_mgal,price_usd_mwh,hazard_alr,queue_age_used,queue_imputed,delay_months_moratorium,energy,water,hazard,time_to_power,moratorium,sales_tax,private,carbon_0,carbon_51,carbon_190,carbon_300,total_0,total_51,total_190,total_300
45025,"Chesterfield, SC",evaporative,1.18,0.07,True,True,667294.84,485.25,68.4,0.0,1.26,False,0.0,1976085099.86,88073772.78,140626316.47,0.0,0.0,0.0,2204785189.11,0.0,396595171.39,1477511422.83,2332912772.88,2204785189.11,2601380360.5,3682296611.93,4537697961.99
16055,"Kootenai, ID",dry,1.13,0.06,True,True,681886.26,27.77,76.9,0.0,0.71,False,0.0,2132536959.78,6877572.48,101090007.81,0.0,0.0,0.0,2240504540.06,0.0,405267333.51,1509819477.77,2383925491.22,2240504540.06,2645771873.57,3750324017.84,4624430031.28
45069,"Marlboro, SC",evaporative,1.18,0.07,True,True,669157.42,509.15,68.4,0.0,0.98,False,0.0,1981600827.59,107737801.36,181846834.39,0.0,0.0,0.0,2271185463.34,0.0,397702163.69,1481635511.78,2339424492.28,2271185463.34,2668887627.03,3752820975.12,4610609955.62
45041,"Florence, SC",evaporative,1.19,0.07,True,True,671851.97,543.74,68.4,0.0,1.51,False,0.0,1989580299.47,83781780.29,192799049.9,0.0,0.0,0.0,2266161129.67,0.0,399303623.07,1487601732.99,2348844841.57,2266161129.67,2665464752.73,3753762862.66,4615005971.23
45003,"Aiken, SC",dry,1.25,0.07,True,True,709091.1,27.77,68.4,0.0,0.59,False,0.0,2099857927.05,8814288.04,101678192.95,0.0,0.0,0.0,2210350408.05,0.0,421436057.85,1570055901.81,2479035634.44,2210350408.05,2631786465.9,3780406309.86,4689386042.49
49015,"Emery, UT",evaporative,1.14,0.07,True,True,687626.8,210.93,78.6,0.0,1.59,False,0.0,2198030038.62,17206955.92,84407908.11,0.0,0.0,0.0,2299644902.65,0.0,408679119.61,1522530053.44,2403994821.23,2299644902.65,2708324022.26,3822174956.09,4703639723.87
48141,"El Paso, TX",dry,1.25,0.08,True,True,840192.95,27.77,61.2,0.0,1.76,False,0.0,1877302576.76,12830619.15,89848021.72,0.0,0.0,0.0,1979981217.63,0.0,499354180.15,1860339102.53,2937377530.3,1979981217.63,2479335397.79,3840320320.16,4917358747.94
48181,"Grayson, TX",evaporative,1.2,0.08,True,True,836411.28,601.37,61.2,0.0,1.3,False,0.0,1792050018.09,107749858.58,96725698.63,0.0,0.0,0.0,1996525575.3,0.0,497106610.35,1851965803.27,2924156531.47,1996525575.3,2493632185.65,3848491378.57,4920682106.77
22015,"Bossier, LA",dry,1.27,0.1,True,True,895533.53,27.77,56.1,0.0,0.84,False,0.0,1744900120.18,9704054.99,128011413.35,0.0,0.0,0.0,1882615588.51,0.0,532244896.01,1982873141.99,3130852329.46,1882615588.51,2414860484.52,3865488730.51,5013467917.97
48225,"Houston, TX",evaporative,1.2,0.08,True,True,848678.17,658.93,61.2,0.0,1.88,False,0.0,1803932634.22,90926180.51,95054416.25,0.0,0.0,0.0,1989913230.99,0.0,504397223.48,1879126910.99,2967042491.04,1989913230.99,2494310454.46,3869040141.98,4956955722.02
48395,"Robertson, TX",evaporative,1.21,0.08,True,True,853390.98,707.45,61.2,0.0,1.78,False,0.0,1813950096.77,72802247.34,100235209.6,0.0,0.0,0.0,1986987553.71,0.0,507198204.07,1889561936.72,2983518847.46,1986987553.71,2494185757.78,3876549490.43,4970506401.16
45083,"Spartanburg, SC",dry,1.22,0.07,True,True,690544.97,27.77,68.4,0.0,0.99,False,7.8,2044936590.39,10756368.83,112608202.84,0.0,195000000.0,0.0,2363301162.06,0.0,410413487.56,1528991424.24,2414196985.64,2363301162.06,2773714649.62,3892292586.3,4777498147.7
48009,"Archer, TX",evaporative,1.2,0.08,True,True,840860.88,647.55,61.2,0.0,1.67,False,0.0,1801583484.44,106616538.29,126849289.74,0.0,0.0,0.0,2035049312.46,0.0,499751151.01,1861818013.58,2939712653.02,2035049312.46,2534800463.48,3896867326.04,4974761965.48
22083,"Richland, LA",dry,1.28,0.1,True,True,900863.65,27.77,56.1,0.0,0.34,False,1.8,1755285588.26,8604225.85,97570542.75,0.0,45000000.0,0.0,1906460356.86,0.0,535412763.51,1994675001.29,3149486844.15,1906460356.86,2441873120.36,3901135358.15,5055947201.01
48139,"Ellis, TX",evaporative,1.2,0.08,True,True,842907.11,668.79,61.2,0.0,1.78,False,1.8,1805967636.5,93744298.27,96217448.27,0.0,45000000.0,0.0,2040929383.04,0.0,500967295.07,1866348746.33,2946866441.57,2040929383.04,2541896678.11,3907278129.37,4987795824.61
48337,"Montague, TX",evaporative,1.2,0.08,True,True,838445.67,622.49,61.2,0.0,0.31,False,0.0,1796408785.92,134914047.4,131696785.11,0.0,0.0,0.0,2063019618.44,0.0,498315712.93,1856470303.08,2931268899.6,2063019618.44,2561335331.37,3919489921.52,4994288518.04
37021,"Buncombe, NC",evaporative,1.14,0.07,True,True,645601.69,206.84,77.7,0.0,2.51,False,0.0,2171788109.31,45636407.81,120506379.13,154004106.78,0.0,0.0,2491935003.02,0.0,383702220.71,1429478861.48,2257071886.56,2491935003.02,2875637223.74,3921413864.51,4749006889.58
45007,"Anderson, SC",dry,1.23,0.07,True,True,697679.08,27.77,68.4,0.0,2.58,False,0.0,2066063080.61,9217184.92,126746814.48,175359342.92,0.0,0.0,2377386422.92,0.0,414653519.53,1544787621.79,2439138350.2,2377386422.92,2792039942.45,3922174044.71,4816524773.12
48281,"Lampasas, TX",evaporative,1.2,0.08,True,True,837605.41,613.77,61.2,0.0,1.67,False,0.0,1794608493.94,140300413.05,135109251.32,0.0,0.0,0.0,2070018158.31,0.0,497816320.04,1854609819.75,2928331294.35,2070018158.31,2567834478.35,3924627978.07,4998349452.66
48485,"Wichita, TX",evaporative,1.2,0.08,True,True,840386.01,642.62,61.2,0.0,2.02,False,0.0,1800566058.83,141070032.18,120248217.2,4517453.8,0.0,0.0,2066401762.01,0.0,499468921.73,1860766571.14,2938052480.76,2066401762.01,2565870683.74,3927168333.16,5004454242.77
05047,"Franklin, AR",evaporative,1.18,0.09,True,True,829234.46,458.74,66.1,0.0,1.9,False,0.0,1903726966.18,40628380.01,151538591.47,0.0,0.0,0.0,2095893937.66,0.0,492841188.66,1836075016.57,2899065815.63,2095893937.66,2588735126.32,3931968954.23,4994959753.3
48503,"Young, TX",evaporative,1.2,0.08,True,True,839714.58,635.65,61.2,0.0,1.11,False,0.0,1799127490.89,145406644.06,130098646.11,0.0,0.0,0.0,2074632781.05,0.0,499069869.46,1859279905.81,2935705114.44,2074632781.05,2573702650.51,3933912686.87,5010337895.5
48347,"Nacogdoches, TX",evaporative,1.2,0.08,True,True,840557.15,644.4,61.2,0.0,2.07,False,0.0,1800932733.99,132436882.03,119466768.05,20944558.52,0.0,0.0,2073780942.59,0.0,499570635.77,1861145505.8,2938650798.63,2073780942.59,2573351578.35,3934926448.38,5012431741.21
37157,"Rockingham, NC",dry,1.21,0.07,True,True,682961.98,27.77,77.7,0.0,1.53,False,0.0,2297467217.37,8880709.34,122970104.08,0.0,0.0,0.0,2429318030.78,0.0,405906667.2,1512201309.19,2387686277.67,2429318030.78,2835224697.98,3941519339.97,4817004308.45
45073,"Oconee, SC",dry,1.21,0.07,True,True,685542.13,27.77,68.4,0.0,2.89,True,0.0,2030121490.31,8907079.43,123260007.4,265503080.08,0.0,0.0,2427791657.22,0.0,407440135.27,1517914229.43,2396706678.05,2427791657.22,2835231792.49,3945705886.65,4824498335.27
22049,"Jackson, LA",evaporative,1.19,0.1,True,True,841652.21,586.59,56.1,0.0,2.89,True,0.0,1639915208.14,53413641.79,123674523.47,265503080.08,0.0,0.0,2082506453.48,0.0,500221467.88,1863570174.45,2942479222.81,2082506453.48,2582727921.36,3946076627.93,5024985676.29
48473,"Waller, TX",evaporative,1.22,0.08,True,True,857125.16,745.9,61.2,0.0,1.81,False,0.0,1821887378.08,123554240.68,105770485.2,0.0,0.0,0.0,2051212103.95,0.0,509417545.62,1897830071.92,2996573797.77,2051212103.95,2560629649.57,3949042175.87,5047785901.72
37145,"Person, NC",dry,1.21,0.07,True,True,684400.98,27.77,77.7,0.0,2.02,False,0.0,2302307965.54,9405822.43,115855843.71,6570841.89,0.0,0.0,2434140473.57,0.0,406761909.86,1515387507.31,2392717116.8,2434140473.57,2840902383.42,3949527980.88,4826857590.37
37045,"Cleveland, NC",dry,1.21,0.07,True,True,685545.25,27.77,77.7,0.0,0.52,False,0.0,2306157273.79,10730377.32,115005915.58,0.0,0.0,0.0,2431893566.68,0.0,407441989.15,1517921136.05,2396717583.23,2431893566.68,2839335555.83,3949814702.73,4828611149.92
45055,"Kershaw, SC",evaporative,1.18,0.07,True,True,666604.47,476.39,68.4,0.0,2.89,True,0.0,1974040694.98,105978490.01,128661592.25,265503080.08,0.0,0.0,2474183857.32,0.0,396184864.61,1475982828.96,2330499203.62,2474183857.32,2870368721.94,3950166686.28,4804683060.94
48179,"Gray, TX",dry,1.22,0.08,True,True,853589.32,27.77,61.2,0.0,1.65,False,1.8,1828854771.34,11686649.08,176586462.97,0.0,45000000.0,0.0,2062127883.39,0.0,507316083.27,1890001094.54,2984212254.54,2062127883.39,2569443966.66,3952128977.93,5046340137.93
48221,"Hood, TX",evaporative,1.2,0.08,True,True,840818.69,647.11,61.2,0.0,0.85,False,1.8,1801493087.54,109299734.68,134714047.23,0.0,45000000.0,0.0,2090506869.45,0.0,499726075.32,1861724594.33,2939565148.95,2090506869.45,2590232944.77,3952231463.78,5030072018.39
37169,"Stokes, NC",dry,1.2,0.07,True,True,676576.78,27.77,77.7,0.0,1.53,False,1.8,2275987545.03,8794211.55,125789840.84,0.0,45000000.0,0.0,2455571597.42,0.0,402111730.7,1498063310.45,2365363121.76,2455571597.42,2857683328.12,3953634907.87,4820934719.18
22035,"East Carroll, LA",evaporative,1.2,0.1,True,True,844416.0,615.05,56.1,0.0,2.89,True,0.0,1645300306.86,50172526.63,124635362.91,265503080.08,0.0,0.0,2085611276.49,0.0,501864078.41,1869689703.86,2952141637.68,2085611276.49,2587475354.89,3955300980.35,5037752914.17
45021,"Cherokee, SC",dry,1.21,0.07,True,True,686717.52,27.77,68.4,0.0,2.89,True,0.0,2033602224.64,10756368.83,125527943.7,265503080.08,0.0,0.0,2435389617.24,0.0,408138709.65,1520516761.44,2400815939.12,2435389617.24,2843528326.89,3955906378.69,4836205556.37
37153,"Richmond, NC",evaporative,1.18,0.07,True,True,667041.19,481.99,77.7,0.0,0.75,False,0.0,2243910077.37,103621476.02,133588977.37,0.0,0.0,0.0,2481120530.76,0.0,396444421.11,1476949804.14,2332026006.53,2481120530.76,2877564951.87,3958070334.9,4813146537.3
22065,"Madison, LA",evaporative,1.2,0.1,True,True,843542.36,606.05,56.1,0.0,2.89,True,0.0,1643598051.65,49438769.24,134251939.09,265503080.08,0.0,0.0,2092791840.06,0.0,501344841.44,1867755291.64,2949087302.59,2092791840.06,2594136681.5,3960547131.7,5041879142.65
48399,"Runnels, TX",evaporative,1.2,0.08,True,True,838782.15,625.98,61.2,0.0,1.17,False,0.0,1797129719.45,147885463.5,161780415.67,0.0,0.0,0.0,2106795598.62,0.0,498515696.65,1857215340.46,2932445274.41,2106795598.62,2605311295.27,3964010939.08,5039240873.03
22077,"Pointe Coupee, LA",evaporative,1.2,0.1,True,True,848863.53,660.84,56.1,0.0,2.89,True,0.0,1653966075.89,53907907.87,112070517.02,265503080.08,0.0,0.0,2085447580.86,0.0,504507388.06,1879537328.07,2967690518.01,2085447580.86,2589954968.92,3964984908.93,5053138098.87
45057,"Lancaster, SC",evaporative,1.18,0.07,True,True,665798.31,466.04,68.4,0.0,2.89,True,0.0,1971653381.0,100165206.08,153774169.42,265503080.08,0.0,0.0,2491095836.58,0.0,395705736.87,1474197843.24,2327680805.12,2491095836.58,2886801573.45,3965293679.82,4818776641.69
48015,"Austin, TX",evaporative,1.22,0.08,True,True,858476.81,759.81,61.2,0.0,1.5,False,1.8,1824760420.52,87844274.81,107202023.89,0.0,45000000.0,0.0,2064806719.22,0.0,510220876.41,1900822872.91,3001299273.01,2064806719.22,2575027595.63,3965629592.12,5066105992.23
45085,"Sumter, SC",evaporative,1.19,0.07,True,True,671456.32,538.66,68.4,0.0,2.89,True,0.0,1988408651.62,88577689.9,137472923.31,265503080.08,0.0,0.0,2479962344.92,0.0,399068476.37,1486725696.29,2347461625.72,2479962344.92,2879030821.29,3966688041.21,4827423970.64
45077,"Pickens, SC",dry,1.22,0.07,True,True,690682.32,27.77,68.4,0.0,2.89,True,0.0,2045343310.22,9461415.13,118113895.67,265503080.08,0.0,0.0,2438421701.1,0.0,410495115.18,1529295527.13,2414677148.09,2438421701.1,2848916816.28,3967717228.23,4853098849.19
22011,"Beauregard, LA",dry,1.29,0.1,True,True,906486.02,27.77,56.1,0.0,0.25,False,0.0,1766240480.44,7340812.66,191269657.77,0.0,0.0,0.0,1964850950.88,0.0,538754321.79,2007123943.92,3169143069.35,1964850950.88,2503605272.67,3971974894.8,5133994020.23
37077,"Granville, NC",dry,1.21,0.07,True,True,687302.98,27.77,77.7,0.0,0.5,False,0.0,2312070226.82,9174506.17,131535714.64,0.0,0.0,0.0,2452780447.63,0.0,408486664.36,1521813063.32,2402862731.56,2452780447.63,2861267112.0,3974593510.95,4855643179.19
22121,"West Baton Rouge, LA",evaporative,1.2,0.1,True,True,849816.77,670.65,56.1,0.0,2.89,True,0.0,1655823413.75,54708513.67,121784367.6,265503080.08,0.0,0.0,2097819375.11,0.0,505073929.72,1881647973.45,2971023115.97,2097819375.11,2602893304.83,3979467348.56,5068842491.08
37063,"Durham, NC",dry,1.22,0.07,True,True,689029.57,27.77,77.7,0.0,0.51,False,0.0,2317878434.16,11086991.96,127846829.68,0.0,0.0,0.0,2456812255.8,0.0,409512833.56,1525636046.59,2408899020.94,2456812255.8,2866325089.36,3982448302.39,4865711276.74
48227,"Howard, TX",dry,1.27,0.08,True,True,890524.12,27.77,61.2,0.0,1.37,False,0.0,1907989287.49,13464964.4,91136733.84,0.0,0.0,0.0,2012590985.73,0.0,529267641.93,1971781411.1,3113339070.16,2012590985.73,2541858627.66,3984372396.83,5125930055.89
22061,"Lincoln, LA",evaporative,1.19,0.1,True,True,841938.82,589.54,56.1,0.0,2.89,True,0.0,1640473647.77,99905039.29,118571286.63,265503080.08,0.0,0.0,2124453053.76,0.0,500391808.08,1864204775.2,2943481224.01,2124453053.76,2624844861.85,3988657828.97,5067934277.77
41059,"Umatilla, OR",dry,1.14,0.0,True,True,688769.96,27.77,80.5,0.0,2.22,False,0.0,2254905597.71,11344225.63,134070377.47,64887063.66,0.0,0.0,2465207264.48,0.0,409358541.17,1525061231.81,2407991418.65,2465207264.48,2874565805.65,3990268496.29,4873198683.13
37071,"Gaston, NC",dry,1.22,0.07,True,True,692534.38,27.77,77.7,0.0,1.53,False,0.0,2329668529.95,8894441.54,120925238.21,0.0,0.0,0.0,2459488209.69,0.0,411595857.18,1533396330.68,2421152101.07,2459488209.69,2871084066.87,3992884540.37,4880640310.76
42019,"Butler, PA",evaporative,1.14,0.06,True,True,647749.76,185.87,78.7,0.0,2.83,False,0.0,2194172291.97,20542957.91,100252381.75,250102669.4,0.0,0.0,2565070301.04,0.0,384978890.44,1434235082.05,2264581708.49,2565070301.04,2950049191.49,3999305383.09,4829652009.54
48005,"Angelina, TX",evaporative,1.2,0.08,True,True,849855.48,671.05,61.2,0.0,2.22,False,0.0,1806435107.86,137914428.85,108424487.64,65297741.27,0.0,0.0,2118071765.61,0.0,505096939.6,1881733696.56,2971158468.25,2118071765.61,2623168705.21,3999805462.17,5089230233.86
48135,"Ector, TX",dry,1.26,0.08,True,True,885214.65,27.77,61.2,0.0,1.21,False,0.0,1896613508.0,13591932.15,130350879.65,0.0,0.0,0.0,2040556319.8,0.0,526112051.89,1960025291.35,3094776775.82,2040556319.8,2566668371.69,4000581611.15,5135333095.62
42115,"Susquehanna, PA",evaporative,1.13,0.06,True,True,643604.53,132.98,78.7,0.0,2.89,True,0.0,2180130825.46,15773614.55,114575179.2,265503080.08,0.0,0.0,2575982699.3,0.0,382515242.44,1425056785.54,2250089661.38,2575982699.3,2958497941.73,4001039484.84,4826072360.68
37011,"Avery, NC",evaporative,1.13,0.07,True,True,639672.91,130.75,77.7,0.0,2.89,True,0.0,2151843844.22,31688682.12,137514254.03,265503080.08,0.0,0.0,2586549860.46,0.0,380178553.39,1416351473.4,2236344431.69,2586549860.46,2966728413.85,4002901333.86,4822894292.15
48415,"Scurry, TX",dry,1.26,0.08,True,True,883954.43,27.77,61.2,0.0,2.12,False,0.0,1893913413.58,13100199.91,104699551.96,34907597.54,0.0,0.0,2046620762.99,0.0,525363057.85,1957234921.4,3090370928.53,2046620762.99,2571983820.84,4003855684.39,5136991691.52
45001,"Abbeville, SC",dry,1.23,0.07,True,True,698107.26,27.77,68.4,0.0,2.89,True,0.0,2067331070.88,9040918.96,118838536.83,265503080.08,0.0,0.0,2460713606.75,0.0,414908001.9,1545735693.36,2440635305.31,2460713606.75,2875621608.66,4006449300.12,4901348912.07
16057,"Latah, ID",evaporative,1.13,0.06,True,True,678378.92,99.44,76.9,0.0,2.89,True,0.0,2121568062.62,8566720.44,111297150.7,265503080.08,0.0,0.0,2506935013.84,0.0,403182804.24,1502053584.43,2371663554.36,2506935013.84,2910117818.08,4008988598.27,4878598568.2
49035,"Salt Lake, UT",dry,1.17,0.07,True,True,704596.76,27.77,78.6,0.0,1.32,False,0.0,2252275290.25,9582304.02,189401284.26,0.0,0.0,0.0,2451258878.53,0.0,418764924.3,1560104619.95,2463323084.13,2451258878.53,2870023802.83,4011363498.48,4914581962.66
37005,"Alleghany, NC",dry,1.15,0.07,True,True,648576.6,27.77,77.7,0.0,2.89,True,0.0,2181795658.64,7023978.3,122893304.39,265503080.08,0.0,0.0,2577216021.41,0.0,385470311.66,1436065866.99,2267472421.56,2577216021.41,2962686333.07,4013281888.39,4844688442.96
37127,"Nash, NC",dry,1.22,0.07,True,True,691938.79,27.77,77.7,0.0,1.53,False,0.0,2327664973.18,8977302.49,144922678.67,0.0,0.0,0.0,2481564954.34,0.0,411241877.35,1532077582.3,2419069866.79,2481564954.34,2892806831.69,4013642536.64,4900634821.13
48367,"Parker, TX",dry,1.28,0.08,True,True,894017.85,27.77,61.2,0.0,1.65,False,0.0,1915474764.61,8358442.06,113924245.24,0.0,0.0,0.0,2037757451.91,0.0,531344079.6,1979517159.28,3125553409.38,2037757451.91,2569101531.51,4017274611.19,5163310861.3
45045,"Greenville, SC",dry,1.22,0.07,True,True,689840.67,27.77,68.4,0.0,2.89,True,1.8,2042850901.35,10749615.84,126480887.86,265503080.08,45000000.0,0.0,2490584485.14,0.0,409994895.16,1527431962.36,2411734677.41,2490584485.14,2900579380.3,4018016447.49,4902319162.54
48185,"Grimes, TX",evaporative,1.21,0.08,True,True,854575.79,719.65,61.2,0.0,2.22,False,0.0,1816468486.11,100391063.74,144488958.54,65297741.27,0.0,0.0,2126646249.66,0.0,507902370.38,1892185301.42,2987661002.23,2126646249.66,2634548620.04,4018831551.07,5114307251.89
37113,"Macon, NC",evaporative,1.13,0.07,True,True,641927.93,159.69,77.7,0.0,2.89,True,0.0,2159429678.13,15503816.53,158448668.52,265503080.08,0.0,0.0,2598885243.26,0.0,381518786.03,1421344496.97,2244228153.11,2598885243.26,2980404029.29,4020229740.23,4843113396.37
48309,"McLennan, TX",evaporative,1.21,0.08,True,True,846068.63,701.6,61.2,0.0,2.31,False,1.8,1812741327.0,119411129.0,76338824.56,94045174.54,45000000.0,0.0,2147536455.09,0.0,502846286.33,1873348909.85,2957919331.33,2147536455.09,2650382741.42,4020885364.94,5105455786.43
48389,"Reeves, TX",dry,1.27,0.08,True,True,891351.4,27.77,61.2,0.0,1.64,False,0.0,1909761778.16,13591932.15,124234519.37,0.0,0.0,0.0,2047588229.67,0.0,529759322.86,1973613163.6,3116231310.95,2047588229.67,2577347552.53,4021201393.27,5163819540.62
45087,"Union, SC",dry,1.23,0.07,True,True,694299.07,27.77,68.4,0.0,2.89,True,1.8,2056053740.45,10756368.83,107576757.3,265503080.08,45000000.0,0.0,2484889946.66,0.0,412644670.84,1537303675.67,2427321593.16,2484889946.66,2897534617.49,4022193622.32,4912211539.82
37175,"Transylvania, NC",evaporative,1.14,0.07,True,True,643771.33,183.35,77.7,0.0,2.89,True,0.0,2165630829.68,42275565.83,124323885.72,265503080.08,0.0,0.0,2597733361.32,0.0,382614378.92,1425426117.56,2250672817.2,2597733361.32,2980347740.24,4023159478.87,4848406178.51
42083,"McKean, PA",evaporative,1.13,0.06,True,True,641369.89,104.47,78.7,0.0,2.85,False,0.0,2172561270.64,18055417.12,157222720.12,255852156.06,0.0,0.0,2603691563.94,0.0,381187124.85,1420108896.48,2242277204.97,2603691563.94,2984878688.78,4023800460.42,4845968768.91
22021,"Caldwell, LA",evaporative,1.2,0.1,True,True,844309.52,613.95,56.1,0.0,2.89,True,0.0,1645092834.61,97160071.6,146675420.45,265503080.08,0.0,0.0,2154431406.74,0.0,501800793.38,1869453936.13,2951769372.83,2154431406.74,2656232200.12,4023885342.87,5106200779.57
37199,"Yancey, NC",evaporative,1.13,0.07,True,True,639769.45,131.99,77.7,0.0,2.89,True,0.0,2152168600.41,27702304.09,162970617.73,265503080.08,0.0,0.0,2608344602.31,0.0,380235929.92,1416565229.11,2236681940.7,2608344602.31,2988580532.23,4024909831.42,4845026543.02
48497,"Wise, TX",dry,1.28,0.08,True,True,893841.24,27.77,61.2,0.0,1.99,False,0.0,1915096374.41,11179497.34,121960814.94,0.0,0.0,0.0,2048236686.68,0.0,531239115.86,1979126117.89,3124935975.62,2048236686.68,2579475802.54,4027362804.57,5173172662.3
48307,"McCulloch, TX",dry,1.28,0.08,True,True,894280.86,27.77,61.2,0.0,1.44,False,0.0,1916038285.71,11342378.1,121771321.23,0.0,0.0,0.0,2049151985.04,0.0,531500397.81,1980099521.26,3126472928.31,2049151985.04,2580652382.85,4029251506.3,5175624913.35
05069,"Jefferson, AR",evaporative,1.19,0.09,True,True,839341.27,562.8,66.1,0.0,1.18,False,0.0,1926929837.21,77248299.45,167173506.3,0.0,0.0,0.0,2171351642.96,0.0,498848000.95,1858453336.87,2934400005.58,2171351642.96,2670199643.91,4029804979.83,5105751648.54
42127,"Wayne, PA",dry,1.14,0.06,True,True,648658.04,27.77,78.7,0.0,2.89,True,0.0,2197248979.95,8306837.67,122828353.11,265503080.08,0.0,0.0,2593887250.81,0.0,385518711.28,1436246179.28,2267757125.18,2593887250.81,2979405962.09,4030133430.1,4861644376.0
45037,"Edgefield, SC",dry,1.24,0.07,True,True,703167.32,27.77,68.4,0.0,2.89,True,0.0,2082315621.22,8884820.08,118277101.52,265503080.08,0.0,0.0,2474980622.9,0.0,417915362.42,1556939585.49,2458325661.3,2474980622.9,2892895985.32,4031920208.39,4933306284.2
37007,"Anson, NC",dry,1.24,0.07,True,True,701381.72,27.77,77.7,0.0,0.52,False,0.0,2359430771.36,6852658.09,116376494.96,0.0,0.0,0.0,2482659924.42,0.0,416854122.52,1552985946.62,2452083073.62,2482659924.42,2899514046.93,4035645871.04,4934742998.04
22125,"West Feliciana, LA",evaporative,1.2,0.1,True,True,846632.11,637.86,56.1,0.0,2.89,True,0.0,1649618266.95,52033784.08,193909477.61,265503080.08,0.0,0.0,2161064608.72,0.0,503181180.85,1874596556.12,2959889299.14,2161064608.72,2664245789.57,4035661164.84,5120953907.86
48161,"Freestone, TX",evaporative,1.21,0.08,True,True,843748.17,677.52,61.2,0.0,2.63,False,0.0,1807769643.83,79733030.71,94581943.32,189322381.93,0.0,0.0,2171406999.79,0.0,501467163.79,1868211002.36,2949806845.82,2171406999.79,2672874163.58,4039618002.15,5121213845.62
37087,"Haywood, NC",evaporative,1.13,0.07,True,True,638810.12,119.67,77.7,0.0,2.89,True,0.0,2148941437.64,24975138.11,189013630.53,265503080.08,0.0,0.0,2628433286.37,0.0,379665768.62,1414441098.8,2233328050.73,2628433286.37,3008099054.99,4042874385.16,4861761337.1
37121,"Mitchell, NC",evaporative,1.13,0.07,True,True,640656.21,143.37,77.7,0.0,2.89,True,0.0,2155151663.65,30234918.44,173660595.74,265503080.08,0.0,0.0,2624550257.91,0.0,380762964.75,1418528692.22,2239782145.62,2624550257.91,3005313222.67,4043078950.14,4864332403.53
48441,"Taylor, TX",dry,1.27,0.08,True,True,888954.14,27.77,61.2,0.0,1.19,False,0.0,1904625528.78,8539741.03,164868559.47,0.0,0.0,0.0,2078033829.28,0.0,528334550.4,1968305187.76,3107850296.46,2078033829.28,2606368379.68,4046339017.04,5185884125.74
45065,"McCormick, SC",dry,1.24,0.07,True,True,701386.01,27.77,68.4,0.0,2.89,True,0.0,2077040561.65,8907079.43,142752957.27,265503080.08,0.0,0.0,2494203678.43,0.0,416856671.6,1552995443.22,2452098068.25,2494203678.43,2911060350.03,4047199121.65,4946301746.68
48335,"Mitchell, TX",dry,1.28,0.08,True,True,893424.35,27.77,61.2,0.0,1.62,False,0.0,1914203175.09,12290237.27,143699147.37,0.0,0.0,0.0,2070192559.72,0.0,530991346.38,1978203055.16,3123478508.14,2070192559.72,2601183906.11,4048395614.88,5193671067.87
48231,"Hunt, TX",dry,1.27,0.08,True,True,887890.35,27.77,61.2,0.0,1.99,False,1.8,1902346308.67,7025841.7,128378572.68,0.0,45000000.0,0.0,2082750723.06,0.0,527702305.0,1965949763.72,3104131205.87,2082750723.06,2610453028.06,4048700486.78,5186881928.93
45039,"Fairfield, SC",dry,1.24,0.07,True,True,702128.67,27.77,68.4,0.0,2.89,True,0.0,2079239831.17,9345558.28,139993970.18,265503080.08,0.0,0.0,2494082439.71,0.0,417298059.31,1554639828.8,2454694466.52,2494082439.71,2911380499.02,4048722268.5,4948776906.23
48437,"Swisher, TX",dry,1.22,0.08,True,True,850839.53,27.77,61.2,0.0,2.62,False,0.0,1822963203.49,13591932.15,142689592.6,186036960.99,0.0,0.0,2165281689.23,0.0,505681788.87,1883912546.75,2974598758.03,2165281689.23,2670963478.1,4049194235.98,5139880447.26
22081,"Red River, LA",evaporative,1.2,0.1,True,True,843810.04,608.81,56.1,0.0,2.89,True,0.0,1644119620.23,119984853.34,155444410.14,265503080.08,0.0,0.0,2185051963.79,0.0,501503934.91,1868347992.79,2950023146.52,2185051963.79,2686555898.69,4053399956.58,5135075110.3
42093,"Montour, PA",evaporative,1.14,0.06,True,True,649371.37,206.56,78.7,0.0,2.81,False,0.0,2199665298.45,32053731.84,144869513.93,243531827.52,0.0,0.0,2620120371.74,0.0,385942666.87,1437825621.69,2270250981.61,2620120371.74,3006063038.61,4057945993.43,4890371353.35
37089,"Henderson, NC",dry,1.17,0.07,True,True,659660.57,27.77,77.7,0.0,2.89,True,0.0,2219081840.58,7275608.86,106023443.24,265503080.08,0.0,0.0,2597883972.76,0.0,392057874.58,1460607768.05,2306222791.66,2597883972.76,2989941847.34,4058491740.81,4904106764.42
49007,"Carbon, UT",evaporative,1.13,0.07,True,True,679157.06,108.83,78.6,0.0,2.89,True,0.0,2170956128.89,8899118.66,109859537.86,265503080.08,0.0,0.0,2555217865.49,0.0,403645275.03,1503776514.82,2374383970.77,2555217865.49,2958863140.52,4058994380.31,4929601836.26
42081,"Lycoming, PA",evaporative,1.13,0.06,True,True,645581.2,158.2,78.7,0.0,2.84,False,0.0,2186826568.68,30563044.61,161861233.62,250513347.02,0.0,0.0,2629764193.94,0.0,383690045.26,1429433501.93,2257000266.21,2629764193.94,3013454239.19,4059197695.87,4886764460.15
42013,"Blair, PA",dry,1.15,0.06,True,True,656488.65,27.77,78.7,0.0,2.89,True,0.0,2223774189.48,9012699.06,108200087.44,265503080.08,0.0,0.0,2606490056.06,0.0,390172696.65,1453584556.13,2295133509.68,2606490056.06,2996662752.71,4060074612.19,4901623565.74
48213,"Henderson, TX",evaporative,1.2,0.08,True,True,841309.35,652.21,61.2,0.0,2.39,False,1.8,1802544357.16,133476211.68,102028240.2,116221765.91,45000000.0,0.0,2199270574.96,0.0,500017692.78,1862811012.33,2941280545.79,2199270574.96,2699288267.74,4062081587.29,5140551120.74
48083,"Coleman, TX",dry,1.28,0.08,True,True,893317.01,27.77,61.2,0.0,0.08,False,0.0,1913973191.74,8048067.9,163969082.26,0.0,0.0,0.0,2085990341.9,0.0,530927550.04,1977965382.49,3123103235.51,2085990341.9,2616917891.94,4063955724.4,5209093577.42
42107,"Schuylkill, PA",evaporative,1.14,0.06,True,True,647238.37,179.34,78.7,0.0,2.89,True,0.0,2192440024.49,37179342.16,136419840.57,265503080.08,0.0,0.0,2631542287.3,0.0,384674955.14,1433102774.07,2262793853.79,2631542287.3,3016217242.44,4064645061.37,4894336141.09
48297,"Live Oak, TX",evaporative,1.23,0.08,True,True,861930.0,866.21,61.2,0.0,1.73,False,0.0,1846725048.92,138045130.55,172345154.25,0.0,0.0,0.0,2157115333.72,0.0,512273217.85,1908468850.82,3013371869.72,2157115333.72,2669388551.57,4065584184.54,5170487203.44
48363,"Palo Pinto, TX",evaporative,1.2,0.08,True,True,841110.77,650.14,61.2,0.0,2.51,False,0.0,1802118897.22,108923004.0,139034352.4,153182751.54,0.0,0.0,2203259005.16,0.0,499899672.11,1862371327.47,2940586306.53,2203259005.16,2703158677.27,4065630332.63,5143845311.69
16069,"Nez Perce, ID",evaporative,1.13,0.06,True,True,682740.78,152.03,76.9,0.0,2.89,True,0.0,2135209393.15,12402568.38,147232078.17,265503080.08,0.0,0.0,2560347119.78,0.0,405775202.76,1511711539.69,2386912957.4,2560347119.78,2966122322.54,4072058659.47,4947260077.18
45081,"Saluda, SC",dry,1.24,0.07,True,True,703745.7,27.77,68.4,0.0,2.89,True,0.0,2084028380.28,10553333.95,155273610.77,265503080.08,0.0,0.0,2515358405.08,0.0,418259108.74,1558220209.02,2460347698.46,2515358405.08,2933617513.82,4073578614.1,4975706103.54
37119,"Mecklenburg, NC",dry,1.23,0.07,True,True,695122.34,27.77,77.7,0.0,1.51,False,1.8,2338374350.81,10896467.43,140564424.63,0.0,45000000.0,0.0,2534835242.86,0.0,413133964.32,1539126533.75,2430199790.13,2534835242.86,2947969207.19,4073961776.62,4965035033.0
42041,"Cumberland, PA",evaporative,1.15,0.06,True,True,653952.2,265.01,78.7,0.0,2.89,True,0.0,2215182304.95,39367303.12,108721634.26,265503080.08,0.0,0.0,2628774322.41,0.0,388665206.01,1447968414.56,2286265917.73,2628774322.41,3017439528.43,4076742736.97,4915040240.14
48467,"Van Zandt, TX",dry,1.28,0.08,True,True,892763.48,27.77,61.2,0.0,2.28,False,0.0,1912787223.43,7283939.42,97716412.98,82546201.23,0.0,0.0,2100333777.06,0.0,530598567.77,1976739762.26,3121168045.68,2100333777.06,2630932344.83,4077073539.33,5221501822.74
42011,"Berks, PA",dry,1.17,0.06,True,True,664460.71,27.77,78.7,0.0,2.81,False,0.0,2250778569.36,8227043.13,103206751.94,244353182.75,0.0,0.0,2606565547.19,0.0,394910754.93,1471236145.81,2323004440.76,2606565547.19,3001476302.11,4077801693.0,4929569987.95
42133,"York, PA",evaporative,1.15,0.06,True,True,654668.34,274.14,78.7,0.0,2.89,True,0.0,2217608117.37,40624361.21,104514997.64,265503080.08,0.0,0.0,2628250556.29,0.0,389090827.36,1449554062.73,2288769572.73,2628250556.29,3017341383.66,4077804619.02,4917020129.02
48113,"Dallas, TX",dry,1.29,0.08,True,True,901138.06,27.77,61.2,0.0,0.96,False,0.0,1930730145.03,8239598.9,144176172.14,0.0,0.0,0.0,2083145916.07,0.0,535575853.47,1995282591.36,3150446196.89,2083145916.07,2618721769.54,4078428507.43,5233592112.96
42069,"Lackawanna, PA",evaporative,1.13,0.06,True,True,645098.71,152.04,78.7,0.0,2.89,True,1.8,2185192175.68,19670583.2,138253587.27,265503080.08,45000000.0,0.0,2653619426.24,0.0,383403282.54,1428365170.25,2255313426.71,2653619426.24,3037022708.78,4081984596.49,4908932852.95
48035,"Bosque, TX",evaporative,1.2,0.08,True,True,841906.21,658.4,61.2,0.0,2.59,False,0.0,1803823154.07,110306018.37,128120241.51,177823408.62,0.0,0.0,2220072822.57,0.0,500372425.29,1864132564.81,2943367207.59,2220072822.57,2720445247.86,4084205387.38,5163440030.16
45017,"Calhoun, SC",dry,1.26,0.07,True,True,712001.15,27.77,68.4,0.0,2.89,True,0.0,2108475576.94,7502666.91,129073291.33,265503080.08,0.0,0.0,2510554615.26,0.0,423165597.91,1576499286.34,2489209399.49,2510554615.26,2933720213.17,4087053901.6,4999764014.74
45063,"Lexington, SC",dry,1.25,0.07,True,True,710194.08,27.77,68.4,0.0,2.89,True,0.0,2103124223.37,9998867.53,135960214.04,265503080.08,0.0,0.0,2514586385.02,0.0,422091595.08,1572498099.33,2482891735.78,2514586385.02,2936677980.1,4087084484.35,4997478120.8
42089,"Monroe, PA",dry,1.15,0.06,True,True,654393.71,27.77,78.7,0.0,2.89,True,1.8,2216677851.1,8677072.16,102870487.38,265503080.08,45000000.0,0.0,2638728490.72,0.0,388927607.33,1448945988.09,2287809454.89,2638728490.72,3027656098.05,4087674478.81,4926537945.6
42037,"Columbia, PA",evaporative,1.14,0.06,True,True,648015.72,189.26,78.7,0.0,2.89,True,0.0,2195073203.54,19058176.87,173218848.8,265503080.08,0.0,0.0,2652853309.29,0.0,385136960.04,1434823968.79,2265511529.67,2652853309.29,3037990269.33,4087677278.08,4918364838.95
40119,"Payne, OK",evaporative,1.18,0.09,True,True,984716.17,521.16,58.4,0.0,0.84,False,0.0,1694258760.06,42513846.53,172328350.78,0.0,0.0,0.0,1909100957.38,0.0,585249064.45,2180339651.86,3442641555.57,1909100957.38,2494350021.82,4089440609.24,5351742512.95
45079,"Richland, SC",dry,1.26,0.07,True,True,712328.04,27.77,68.4,0.0,2.89,True,0.0,2109443587.11,9890480.26,129012505.25,265503080.08,0.0,0.0,2513849652.7,0.0,423359875.05,1577223063.91,2490352206.18,2513849652.7,2937209527.75,4091072716.62,5004201858.88
49039,"Sanpete, UT",dry,1.13,0.07,True,True,682196.53,27.77,78.6,0.0,2.89,True,0.0,2180671942.93,11055123.26,125259241.53,265503080.08,0.0,0.0,2582489387.79,0.0,405451733.66,1510506458.73,2385010197.99,2582489387.79,2987941121.45,4092995846.52,4967499585.78
37191,"Wayne, NC",dry,1.24,0.07,True,True,700562.81,27.77,77.7,0.0,1.51,False,0.0,2356675965.88,11278680.19,177045879.18,0.0,0.0,0.0,2545000525.25,0.0,416367415.28,1551172723.6,2449220089.89,2545000525.25,2961367940.53,4096173248.85,4994220615.14
40023,"Choctaw, OK",evaporative,1.19,0.09,True,True,990598.94,572.54,58.4,0.0,1.17,False,0.0,1704380385.45,46704947.24,159890909.45,0.0,0.0,0.0,1910976242.14,0.0,588745385.04,2193365159.95,3463208147.29,1910976242.14,2499721627.18,4104341402.09,5374184389.43
45011,"Barnwell, SC",dry,1.26,0.07,True,True,711372.21,27.77,68.4,0.0,2.89,True,0.0,2106613062.03,8798886.37,149294279.09,265503080.08,0.0,0.0,2530209307.57,0.0,422791795.98,1575106690.92,2487010564.61,2530209307.57,2953001103.55,4105315998.49,5017219872.18
37155,"Robeson, NC",dry,1.24,0.07,True,True,701415.54,27.77,77.7,0.0,0.52,False,0.0,2359544525.31,7993908.31,191510588.65,0.0,0.0,0.0,2559049022.27,0.0,416874220.07,1553060819.89,2452201294.56,2559049022.27,2975923242.35,4112109842.16,5011250316.83
49041,"Sevier, UT",dry,1.13,0.07,True,True,680560.17,27.77,78.6,0.0,2.89,True,0.0,2175441252.82,10282733.23,156067549.36,265503080.08,0.0,0.0,2607294615.5,0.0,404479192.89,1506883267.62,2379289369.92,2607294615.5,3011773808.38,4114177883.12,4986583985.42
48439,"Tarrant, TX",dry,1.29,0.08,True,True,900967.13,27.77,61.2,0.0,1.4,False,1.8,1930363927.95,11633404.44,134410016.11,0.0,45000000.0,0.0,2121407348.5,0.0,535474266.5,1994904130.1,3149848626.47,2121407348.5,2656881615.0,4116311478.6,5271255974.97
22115,"Vernon, LA",evaporative,1.2,0.1,True,True,843480.1,605.41,56.1,0.0,2.89,True,0.0,1643476757.78,142046601.01,200426552.32,265503080.08,0.0,0.0,2251452991.19,0.0,501307843.31,1867617455.46,2948869666.51,2251452991.19,2752760834.49,4119070446.65,5200322657.7
49049,"Utah, UT",dry,1.15,0.07,True,True,689948.51,27.77,78.6,0.0,2.57,False,0.0,2205451500.67,9240516.41,204790932.41,172073921.97,0.0,0.0,2591556871.47,0.0,410058990.0,1527670747.07,2412111705.9,2591556871.47,3001615861.47,4119227618.54,5003668577.37
42075,"Lebanon, PA",evaporative,1.15,0.06,True,True,651949.49,239.45,78.7,0.0,2.89,True,1.8,2208398359.76,41304087.65,116133035.59,265503080.08,45000000.0,0.0,2676338563.09,0.0,387474927.7,1443534044.38,2279264280.6,2676338563.09,3063813490.79,4119872607.47,4955602843.69
48147,"Fannin, TX",evaporative,1.19,0.08,True,True,835108.67,587.85,61.2,0.0,2.89,True,0.0,1789259107.68,74182372.97,142596821.04,265503080.08,0.0,0.0,2271541381.77,0.0,496332424.36,1849081580.97,2919602496.26,2271541381.77,2767873806.14,4120622962.74,5191143878.03
48055,"Caldwell, TX",dry,1.31,0.08,True,True,913814.29,27.77,61.2,0.0,1.08,False,0.0,1957889563.94,11017228.2,130357621.87,0.0,0.0,0.0,2099264414.01,0.0,543109754.05,2023350064.12,3194763259.13,2099264414.01,2642374168.06,4122614478.13,5294027673.14
48021,"Bastrop, TX",dry,1.31,0.08,True,True,914314.74,27.77,61.2,0.0,1.5,False,0.0,1958961802.72,8264661.89,132766462.02,0.0,0.0,0.0,2099992926.63,0.0,543407188.26,2024458152.36,3196512872.14,2099992926.63,2643400114.9,4124451078.99,5296505798.77
22123,"West Carroll, LA",dry,1.27,0.1,True,True,898701.36,27.77,56.1,0.0,2.89,True,0.0,1751072469.89,7168148.17,111406680.89,265503080.08,0.0,0.0,2135150379.02,0.0,534127640.81,1989887289.28,3141927298.87,2135150379.02,2669278019.83,4125037668.3,5277077677.89
48051,"Burleson, TX",evaporative,1.21,0.08,True,True,849568.74,737.92,61.2,0.0,2.89,True,0.0,1820240478.18,60195936.64,100233101.35,265503080.08,0.0,0.0,2246172596.26,0.0,504926517.12,1881098789.26,2970155983.04,2246172596.26,2751099113.37,4127271385.52,5216328579.3
30003,"Big Horn, MT",evaporative,1.13,0.0,True,True,682750.05,152.14,75.9,0.0,2.89,True,0.0,2107471941.03,25014378.45,219549881.24,265503080.08,0.0,0.0,2617539280.8,0.0,405780709.47,1511732054.9,2386945349.85,2617539280.8,3023319990.28,4129271335.7,5004484630.65
42099,"Perry, PA",evaporative,1.14,0.06,True,True,651024.87,227.66,78.7,0.0,2.89,True,0.0,2205266318.79,47023012.59,172870062.43,265503080.08,0.0,0.0,2690662473.89,0.0,386925394.9,1441486765.3,2276031734.68,2690662473.89,3077587868.79,4132149239.19,4966694208.57
48149,"Fayette, TX",dry,1.31,0.08,True,True,918150.58,27.77,61.2,0.0,2.03,False,0.0,1967180269.55,8311319.5,114776140.93,9445585.22,0.0,0.0,2099713315.2,0.0,545686953.98,2032951397.17,3209923258.69,2099713315.2,2645400269.18,4132664712.37,5309636573.89
22073,"Ouachita, LA",evaporative,1.2,0.1,True,True,844622.59,617.17,56.1,0.0,3.3,False,0.0,1645702832.95,130708998.58,98331772.65,388911704.31,0.0,0.0,2263655308.49,0.0,501986860.48,1870147127.29,2952863885.19,2263655308.49,2765642168.97,4133802435.77,5216519193.68
40103,"Noble, OK",evaporative,1.19,0.09,True,True,986121.71,533.44,58.4,0.0,0.88,False,0.0,1696677060.7,51900610.03,202216030.45,0.0,0.0,0.0,1950793701.18,0.0,586084419.84,2183451760.18,3447555410.81,1950793701.18,2536878121.02,4134245461.36,5398349111.99
56031,"Platte, WY",dry,1.15,0.05,True,True,691101.25,27.77,79.6,0.0,2.61,False,0.0,2237242360.02,9771732.44,176507964.35,183572895.28,0.0,0.0,2607094952.09,0.0,410744103.77,1530223131.69,2416141786.88,2607094952.09,3017839055.86,4137318083.78,5023236738.97
40143,"Tulsa, OK",evaporative,1.18,0.09,True,True,983409.18,509.75,58.4,0.0,0.84,False,0.0,1692010010.13,121213988.94,147641512.63,0.0,0.0,0.0,1960865511.71,0.0,584472277.08,2177445738.15,3438072218.14,1960865511.71,2545337788.79,4138311249.86,5398937729.85
48325,"Medina, TX",dry,1.31,0.08,True,True,914906.4,27.77,61.2,0.0,1.55,False,0.0,1960229464.49,11934731.18,141269948.36,0.0,0.0,0.0,2113434144.02,0.0,543758831.93,2025768197.4,3198581364.31,2113434144.02,2657192975.95,4139202341.42,5312015508.33
45059,"Laurens, SC",dry,1.23,0.07,True,True,695207.13,27.77,68.4,0.0,2.89,True,6.0,2058742799.19,10756368.83,117161476.92,265503080.08,150000000.0,0.0,2602163725.02,0.0,413184357.98,1539314274.81,2430496223.38,2602163725.02,3015348082.99,4141477999.83,5032659948.4
22119,"Webster, LA",dry,1.27,0.1,True,True,892750.7,27.77,56.1,0.0,2.89,True,0.0,1739477931.53,11064254.06,149087967.19,265503080.08,0.0,0.0,2165133232.86,0.0,530590971.98,1976711464.24,3121123364.58,2165133232.86,2695724204.84,4141844697.1,5286256597.44
42071,"Lancaster, PA",evaporative,1.15,0.06,True,True,653881.61,264.11,78.7,0.0,2.89,True,1.8,2214943196.04,39153833.53,129909443.57,265503080.08,45000000.0,0.0,2694509553.21,0.0,388623253.12,1447812119.46,2286019135.98,2694509553.21,3083132806.33,4142321672.67,4980528689.2
40121,"Pittsburg, OK",evaporative,1.19,0.09,True,True,987450.57,545.04,58.4,0.0,0.84,False,0.0,1698963435.35,80193168.08,183079578.65,0.0,0.0,0.0,1962236182.08,0.0,586874203.93,2186394093.09,3452201199.61,1962236182.08,2549110386.01,4148630275.16,5414437381.69
42087,"Mifflin, PA",dry,1.16,0.06,True,True,659818.83,27.77,78.7,0.0,2.89,True,0.0,2235054795.94,8778912.29,178633446.91,265503080.08,0.0,0.0,2687970235.23,0.0,392151937.46,1460958198.39,2306776102.72,2687970235.23,3080122172.69,4148928433.62,4994746337.95
42077,"Lehigh, PA",dry,1.17,0.06,True,True,664733.32,27.77,78.7,0.0,2.89,True,1.8,2251701998.75,8677072.16,109093191.53,265503080.08,45000000.0,0.0,2679975342.52,0.0,395072775.4,1471839751.48,2323957502.34,2679975342.52,3075048117.92,4151815094.0,5003932844.86
48329,"Midland, TX",dry,1.27,0.08,True,True,889147.83,27.77,61.2,0.0,2.51,False,0.0,1905040516.32,13251072.32,111913076.06,153182751.54,0.0,0.0,2183387416.24,0.0,528449666.08,1968734050.09,3108527447.51,2183387416.24,2711837082.32,4152121466.33,5291914863.75
48041,"Brazos, TX",evaporative,1.21,0.08,True,True,849284.78,734.97,61.2,0.0,2.89,True,1.8,1819632094.88,59976091.96,83441613.81,265503080.08,45000000.0,0.0,2273552880.73,0.0,504757754.33,1880470065.14,2969163260.74,2273552880.73,2778310635.06,4154022945.87,5242716141.47
42067,"Juniata, PA",dry,1.16,0.06,True,True,662369.27,27.77,78.7,0.0,2.89,True,0.0,2243694082.4,8519365.59,172584634.79,265503080.08,0.0,0.0,2690301162.85,0.0,393667745.01,1466605324.53,2315692617.69,2690301162.85,3083968907.86,4156906487.39,5005993780.54
48331,"Milam, TX",evaporative,1.21,0.08,True,True,848303.71,724.79,61.2,0.0,2.57,False,1.8,1817530096.55,156229814.32,91134584.45,170431211.5,45000000.0,0.0,2280325706.82,0.0,504174669.45,1878297788.15,2965733349.71,2280325706.82,2784500376.27,4158623494.97,5246059056.53
42029,"Chester, PA",dry,1.18,0.06,True,True,669882.71,27.77,78.7,0.0,2.89,True,1.8,2269144939.92,8076038.82,88650613.33,265503080.08,45000000.0,0.0,2676374672.15,0.0,398133229.75,1483241444.16,2341960174.99,2676374672.15,3074507901.9,4159616116.31,5018334847.14
41005,"Clackamas, OR",evaporative,1.12,0.0,True,True,677064.18,83.59,80.5,0.0,2.89,True,0.0,2216583041.02,6836715.1,171927361.54,265503080.08,0.0,0.0,2660850197.75,0.0,402401413.6,1499142521.26,2367067138.83,2660850197.75,3063251611.35,4159992719.0,5027917336.57
48163,"Frio, TX",dry,1.33,0.08,True,True,932904.8,27.77,61.2,0.0,0.9,False,0.0,1998791864.8,12046005.09,86317003.74,0.0,0.0,0.0,2097154873.63,0.0,554455868.24,2065619901.28,3261505107.29,2097154873.63,2651610741.87,4162774774.91,5358659980.92
48305,"Lynn, TX",dry,1.24,0.08,True,True,867937.44,27.77,61.2,0.0,2.89,True,0.0,1859596275.74,13591932.15,103461353.94,265503080.08,0.0,0.0,2242152641.91,0.0,515843638.25,1921770417.0,3034374342.64,2242152641.91,2757996280.15,4163923058.91,5276526984.54
49027,"Millard, UT",dry,1.16,0.07,True,True,701757.77,27.77,78.6,0.0,2.63,False,1.8,2243200337.67,7667531.85,126182070.73,189322381.93,45000000.0,0.0,2611372322.18,0.0,417077620.87,1553818587.55,2453397769.81,2611372322.18,3028449943.04,4165190909.72,5064770091.99
37183,"Wake, NC",dry,1.23,0.07,True,True,693723.62,27.77,77.7,0.0,2.39,False,1.8,2333669097.65,11202940.48,125635099.72,116221765.91,45000000.0,0.0,2631728903.77,0.0,412302660.35,1536029518.95,2425309766.76,2631728903.77,3044031564.12,4167758422.72,5057038670.53
16001,"Ada, ID",dry,1.17,0.06,True,True,704572.08,27.77,76.9,0.0,2.77,False,1.8,2203484782.78,12246807.24,117747901.45,229568788.5,45000000.0,0.0,2608048279.97,0.0,418750258.11,1560049981.21,2463236812.43,2608048279.97,3026798538.09,4168098261.18,5071285092.4
22097,"St. Landry, LA",evaporative,1.21,0.1,True,True,1003347.55,683.88,56.1,0.0,1.71,False,0.0,1658326633.8,85782701.35,206239304.82,0.0,0.0,0.0,1950348639.96,0.0,596322299.36,2221592879.99,3507778231.56,1950348639.96,2546670939.32,4171941519.95,5458126871.52
48423,"Smith, TX",evaporative,1.2,0.08,True,True,837221.83,609.78,61.2,0.0,2.89,True,1.8,1793786661.88,146849059.61,67092556.86,265503080.08,45000000.0,0.0,2318231358.43,0.0,497588347.52,1853760510.38,2926990279.55,2318231358.43,2815819705.95,4171991868.81,5245221637.98
37101,"Johnston, NC",dry,1.23,0.07,True,True,696610.47,27.77,77.7,0.0,2.51,False,0.0,2343380390.53,11341938.0,121854858.81,154004106.78,0.0,0.0,2630581294.12,0.0,414018409.98,1542421527.37,2435402411.64,2630581294.12,3044599704.09,4173002821.49,5065983705.75
37193,"Wilkes, NC",dry,1.18,0.07,True,True,668606.91,27.77,77.7,0.0,2.89,True,0.0,2249177099.05,10249661.36,168516682.82,265503080.08,0.0,0.0,2693446523.31,0.0,397374975.94,1480416577.04,2337499858.48,2693446523.31,3090821499.25,4173863100.35,5030946381.79
48157,"Fort Bend, TX",evaporative,1.21,0.08,True,True,849988.41,742.28,61.2,0.0,2.63,False,0.0,1821139642.23,101464023.67,180145983.65,189322381.93,0.0,0.0,2292072031.48,0.0,505175941.18,1882028016.15,2971623183.4,2292072031.48,2797247972.66,4174100047.63,5263695214.88
42091,"Montgomery, PA",dry,1.18,0.06,True,True,670523.75,27.77,78.7,0.0,2.89,True,1.8,2271316367.93,8677072.16,99841772.24,265503080.08,45000000.0,0.0,2690338292.41,0.0,398514218.04,1484660812.29,2344201282.57,2690338292.41,3088852510.45,4174999104.71,5034539574.98
37023,"Burke, NC",dry,1.19,0.07,True,True,675510.16,27.77,77.7,0.0,2.89,True,0.0,2272399488.5,9308984.42,134713620.84,265503080.08,0.0,0.0,2681925173.84,0.0,401477808.24,1495701638.54,2361634166.12,2681925173.84,3083402982.08,4177626812.38,5043559339.96
40131,"Rogers, OK",evaporative,1.18,0.09,True,True,981001.63,488.72,58.4,0.0,1.08,False,1.8,1687867682.75,89270543.8,183630273.88,0.0,45000000.0,0.0,2005768500.43,0.0,583041389.85,2172114981.81,3429655234.44,2005768500.43,2588809890.29,4177883482.25,5435423734.87
05123,"St. Francis, AR",dry,1.25,0.09,True,True,881056.62,27.77,66.1,0.0,0.54,False,0.0,2022698448.38,11479624.68,196636569.88,0.0,0.0,0.0,2230814642.94,0.0,523640797.92,1950818658.93,3080239987.78,2230814642.94,2754455440.86,4181633301.87,5311054630.72
37027,"Caldwell, NC",dry,1.19,0.07,True,True,675046.34,27.77,77.7,0.0,2.89,True,0.0,2270839204.6,9250928.67,143146582.21,265503080.08,0.0,0.0,2688739795.57,0.0,401202143.96,1494674653.99,2360012611.56,2688739795.57,3089941939.53,4183414449.55,5048752407.12
37111,"McDowell, NC",dry,1.18,0.07,True,True,668982.72,27.77,77.7,0.0,2.89,True,0.0,2250441314.58,9163960.79,180493174.29,265503080.08,0.0,0.0,2705601529.74,0.0,397598332.13,1481248688.31,2338813718.39,2705601529.74,3103199861.86,4186850218.05,5044415248.12
37003,"Alexander, NC",dry,1.2,0.07,True,True,677670.42,27.77,77.7,0.0,2.89,True,0.0,2279666550.27,9357931.32,132091997.47,265503080.08,0.0,0.0,2686619559.14,0.0,402761721.59,1500484845.13,2369186597.57,2686619559.14,3089381280.73,4187104404.27,5055806156.71
37123,"Montgomery, NC",dry,1.23,0.07,True,True,695774.72,27.77,77.7,0.0,2.51,False,0.0,2340568961.74,7514116.76,146110366.9,153182751.54,0.0,0.0,2647376196.94,0.0,413521698.78,1540571034.68,2432480581.07,2647376196.94,3060897895.72,4187947231.61,5079856778.01
48107,"Crosby, TX",dry,1.24,0.08,True,True,866692.72,27.77,61.2,0.0,2.88,False,0.0,1856929416.2,13591932.15,135068580.85,264065708.42,0.0,0.0,2269655637.61,0.0,515103863.41,1919014393.11,3030022725.96,2269655637.61,2784759501.02,4188670030.72,5299678363.57
48013,"Atascosa, TX",dry,1.34,0.08,True,True,936997.58,27.77,61.2,0.0,1.2,False,0.0,2007560831.68,12036386.31,94435956.46,0.0,0.0,0.0,2114033174.44,0.0,556888340.19,2074682051.68,3275813765.82,2114033174.44,2670921514.63,4188715226.13,5389846940.26
48287,"Lee, TX",evaporative,1.21,0.08,True,True,848686.27,728.76,61.2,0.0,3.07,False,0.0,1818349755.19,85719255.01,86647239.9,319917864.48,0.0,0.0,2310634114.58,0.0,504402039.07,1879144851.43,2967070818.05,2310634114.58,2815036153.65,4189778966.01,5277704932.63
48379,"Rains, TX",evaporative,1.2,0.08,True,True,836392.43,601.18,61.2,0.0,2.89,True,0.0,1792009624.56,142387607.27,138353009.5,265503080.08,0.0,0.0,2338253321.41,0.0,497095405.37,1851924059.21,2924090619.81,2338253321.41,2835348726.78,4190177380.63,5262343941.23
48153,"Floyd, TX",dry,1.23,0.08,True,True,859956.85,27.77,61.2,0.0,2.89,True,0.0,1842497500.34,13591932.15,167912833.73,265503080.08,0.0,0.0,2289505346.3,0.0,511100514.9,1904099957.48,3006473617.07,2289505346.3,2800605861.2,4193605303.78,5295978963.38
48255,"Karnes, TX",dry,1.33,0.08,True,True,930129.95,27.77,61.2,0.0,1.9,False,0.0,1992846624.1,10892709.42,134935721.44,0.0,0.0,0.0,2138675054.96,0.0,552806685.23,2059475886.13,3251804030.74,2138675054.96,2691481740.19,4198150941.09,5390479085.7
48455,"Trinity, TX",evaporative,1.2,0.08,True,True,849937.55,671.9,61.2,0.0,2.89,True,0.0,1806609556.81,101600458.64,144884946.15,265503080.08,0.0,0.0,2318598041.68,0.0,505145717.24,1881915417.16,2971445395.52,2318598041.68,2823743758.92,4200513458.85,5290043437.2
22079,"Rapides, LA",evaporative,1.2,0.1,True,True,999368.68,649.13,56.1,0.0,2.51,False,0.0,1651750382.14,78897166.19,106090342.11,151950718.69,0.0,0.0,1988688609.14,0.0,593957526.69,2212782942.58,3493867804.07,1988688609.14,2582646135.83,4201471551.71,5482556413.21
48477,"Washington, TX",evaporative,1.22,0.08,True,True,850420.21,746.76,61.2,0.0,2.89,True,1.8,1822064789.91,66468262.88,120169063.66,265503080.08,45000000.0,0.0,2319205196.53,0.0,505432572.98,1882984095.42,2973132782.23,2319205196.53,2824637769.51,4202189291.95,5292337978.77
37035,"Catawba, NC",dry,1.21,0.07,True,True,685623.32,27.77,77.7,0.0,2.89,True,0.0,2306419899.01,9664380.14,102555395.87,265503080.08,0.0,0.0,2684142755.11,0.0,407488388.65,1518093996.93,2396990521.47,2684142755.11,3091631143.76,4202236752.04,5081133276.58
40081,"Lincoln, OK",evaporative,1.19,0.09,True,True,985796.25,530.6,58.4,0.0,1.91,False,0.0,1696117089.04,119392279.61,204152775.04,0.0,0.0,0.0,2019662143.69,0.0,585890988.41,2182731133.28,3446417578.87,2019662143.69,2605553132.09,4202393276.97,5466079722.56
48089,"Colorado, TX",dry,1.31,0.08,True,True,917637.07,27.77,61.2,0.0,2.18,False,0.0,1966080049.15,7281982.65,143068648.8,55441478.44,0.0,0.0,2171872159.04,0.0,545381757.79,2031814391.77,3208127987.0,2171872159.04,2717253916.83,4203686550.81,5380000146.05
48279,"Lamb, TX",dry,1.21,0.08,True,True,1008703.44,27.77,61.2,0.0,1.17,False,0.0,1818740523.19,13591932.15,139357572.15,0.0,0.0,0.0,1971690027.49,0.0,599505479.15,2233451785.06,3526502818.51,1971690027.49,2571195506.64,4205141812.55,5498192846.0
48195,"Hansford, TX",dry,1.22,0.08,True,True,1016065.35,27.77,61.2,0.0,1.17,False,0.0,1832014413.36,7039646.25,118493368.95,0.0,0.0,0.0,1957547428.57,0.0,603880908.07,2249752402.61,3552240635.71,1957547428.57,2561428336.64,4207299831.18,5509788064.27
40087,"McClain, OK",evaporative,1.19,0.09,True,True,987708.15,547.29,58.4,0.0,0.84,False,0.0,1699406612.76,119098228.89,204022184.0,0.0,0.0,0.0,2022527025.65,0.0,587027291.03,2186964417.58,3453101711.97,2022527025.65,2609554316.69,4209491443.23,5475628737.62
05033,"Crawford, AR",evaporative,1.17,0.09,True,True,827682.63,442.76,66.1,0.0,2.89,True,0.0,1900164325.91,36137106.5,176974053.33,265503080.08,0.0,0.0,2378778565.82,0.0,491918884.2,1832638980.36,2893640495.3,2378778565.82,2870697450.02,4211417546.18,5272419061.13
40091,"McIntosh, OK",evaporative,1.19,0.09,True,True,986585.81,537.49,58.4,0.0,0.84,False,0.0,1697475573.35,101509708.51,229359780.57,0.0,0.0,0.0,2028345062.43,0.0,586360250.66,2184479365.19,3449177945.03,2028345062.43,2614705313.08,4212824427.61,5477523007.46
48029,"Bexar, TX",dry,1.31,0.08,True,True,919406.08,27.77,61.2,0.0,2.15,False,0.0,1969870227.82,11322581.33,151590408.07,45585215.61,0.0,0.0,2178368432.82,0.0,546433136.29,2035731292.08,3214312566.44,2178368432.82,2724801569.11,4214099724.9,5392680999.26
40005,"Atoka, OK",evaporative,1.19,0.09,True,True,987805.56,548.14,58.4,0.0,0.84,False,0.0,1699574224.33,44714841.46,283571964.98,0.0,0.0,0.0,2027861030.77,0.0,587085189.23,2187180116.73,3453442289.57,2027861030.77,2614946220.0,4215041147.5,5481303320.34
37069,"Franklin, NC",dry,1.21,0.07,True,True,686728.91,27.77,77.7,0.0,2.89,True,0.0,2310139082.55,8691359.0,110770446.05,265503080.08,0.0,0.0,2695103967.68,0.0,408145478.07,1520541977.11,2400855753.33,2695103967.68,3103249445.75,4215645944.79,5095959721.02
48425,"Somervell, TX",evaporative,1.2,0.08,True,True,840787.72,646.79,61.2,0.0,2.89,True,0.0,1801426734.76,108361310.13,179100685.81,265503080.08,0.0,0.0,2354391810.77,0.0,499707669.36,1861656023.1,2939456878.57,2354391810.77,2854099480.13,4216047833.87,5293848689.35
42043,"Dauphin, PA",evaporative,1.15,0.06,True,True,652419.17,245.45,78.7,0.0,3.31,False,0.0,2209989346.44,29561525.93,139540265.91,393018480.49,0.0,0.0,2772109618.77,0.0,387754074.55,1444574003.24,2280906320.9,2772109618.77,3159863693.33,4216683622.01,5053015939.68
48251,"Johnson, TX",evaporative,1.2,0.08,True,True,843178.95,671.61,61.2,0.0,2.89,True,0.0,1806550070.29,156889672.44,121364542.83,265503080.08,0.0,0.0,2350307365.65,0.0,501128859.58,1866950653.33,2947816821.05,2350307365.65,2851436225.23,4217258018.98,5298124186.7
48343,"Morris, TX",evaporative,1.2,0.08,True,True,996400.89,623.21,61.2,0.0,1.32,False,0.0,1796558440.3,76469456.71,139178781.87,0.0,0.0,0.0,2012206678.87,0.0,592193671.85,2206211718.65,3483492187.34,2012206678.87,2604400350.72,4218418397.52,5495698866.22
37033,"Caswell, NC",dry,1.21,0.07,True,True,686791.68,27.77,77.7,0.0,2.89,True,0.0,2310350232.04,8716773.56,114579898.6,265503080.08,0.0,0.0,2699149984.29,0.0,408182783.05,1520680956.48,2401075194.44,2699149984.29,3107332767.34,4219830940.77,5100225178.73
48233,"Hutchinson, TX",evaporative,1.17,0.08,True,True,975493.85,440.62,61.2,0.0,1.99,False,0.0,1758862047.14,81438381.41,219904943.63,0.0,0.0,0.0,2060205372.18,0.0,579767933.29,2159919751.48,3410399607.59,2060205372.18,2639973305.47,4220125123.65,5470604979.77
05131,"Sebastian, AR",evaporative,1.18,0.09,True,True,834431.56,512.25,66.1,0.0,2.89,True,0.0,1915658288.07,57030721.82,139660775.17,265503080.08,0.0,0.0,2377852865.15,0.0,495929996.54,1847582340.06,2917235273.78,2377852865.15,2873782861.69,4225435205.21,5295088138.93
48401,"Rusk, TX",evaporative,1.2,0.08,True,True,837712.88,614.88,61.2,0.0,3.07,False,0.0,1794838755.06,148127641.95,106316686.96,321971252.57,0.0,0.0,2371254336.54,0.0,497880193.44,1854847779.47,2928707020.22,2371254336.54,2869134529.97,4226102116.01,5299961356.76
40133,"Seminole, OK",evaporative,1.19,0.09,True,True,988094.12,550.66,58.4,0.0,0.71,False,0.0,1700070706.91,118938620.7,220043197.7,0.0,0.0,0.0,2039052525.31,0.0,587256689.57,2187819039.58,3454451115.13,2039052525.31,2626309214.88,4226871564.89,5493503640.44
48025,"Bee, TX",evaporative,1.23,0.08,True,True,858083.94,826.29,61.2,0.0,2.54,False,0.0,1838484706.53,112210582.98,217437513.44,161806981.52,0.0,0.0,2329939784.46,0.0,509987383.96,1899952999.06,2999925787.99,2329939784.46,2839927168.42,4229892783.52,5329865572.45
37161,"Rutherford, NC",dry,1.21,0.07,True,True,682699.81,27.77,77.7,0.0,2.89,True,0.0,2296585274.73,10752798.37,145858309.86,265503080.08,0.0,0.0,2718699463.04,0.0,405750849.36,1511620811.33,2386769702.1,2718699463.04,3124450312.4,4230320274.37,5105469165.14
37081,"Guilford, NC",dry,1.21,0.07,True,True,686976.43,27.77,77.7,0.0,2.89,True,0.0,2310971727.27,10335702.61,122587928.37,265503080.08,0.0,0.0,2709398438.33,0.0,408292586.17,1521090026.9,2401721095.11,2709398438.33,3117691024.5,4230488465.23,5111119533.44
37149,"Polk, NC",dry,1.21,0.07,True,True,683410.26,27.77,77.7,0.0,2.89,True,0.0,2298975208.84,10756368.83,143839124.04,265503080.08,0.0,0.0,2719073781.8,0.0,406173092.68,1513193874.69,2389253486.35,2719073781.8,3125246874.48,4232267656.49,5108327268.15
21069,"Fleming, KY",evaporative,1.15,0.06,True,True,987671.2,296.89,65.0,0.0,2.08,False,0.0,1836557063.44,24218871.85,159374753.76,25462012.32,0.0,0.0,2045612701.37,0.0,587005329.92,2186882601.68,3452972528.96,2045612701.37,2632618031.3,4232495303.05,5498585230.34
48453,"Travis, TX",dry,1.31,0.08,True,True,915138.58,27.77,61.2,0.0,2.22,False,1.8,1960726915.45,8571891.46,125873351.56,67351129.36,45000000.0,0.0,2207523287.82,0.0,543896822.59,2026282280.24,3199393074.06,2207523287.82,2751420110.42,4233805568.06,5406916361.89
48289,"Leon, TX",evaporative,1.2,0.08,True,True,849321.47,665.55,61.2,0.0,3.22,False,0.0,1805300029.83,65417313.86,116241345.31,366324435.32,0.0,0.0,2353283124.31,0.0,504779560.68,1880551304.48,2969291533.38,2353283124.31,2858062684.99,4233834428.79,5322574657.7
37109,"Lincoln, NC",dry,1.22,0.07,True,True,688243.43,27.77,77.7,0.0,2.89,True,0.0,2315233868.41,9876461.73,123060721.11,265503080.08,0.0,0.0,2713674131.33,0.0,409045603.01,1523895383.76,2406150605.94,2713674131.33,3122719734.34,4237569515.09,5119824737.27
51177,"Spotsylvania, VA",dry,1.2,0.06,True,True,677543.4,27.77,89.9,0.0,1.91,False,0.0,2637112053.37,7877323.15,93275311.21,0.0,0.0,0.0,2738264687.73,0.0,402686224.02,1500203579.68,2368742494.24,2738264687.73,3140950911.75,4238468267.41,5107007181.97
48471,"Walker, TX",evaporative,1.21,0.08,True,True,854656.98,720.49,61.2,0.0,2.89,True,0.0,1816641073.52,139555766.35,124553447.36,265503080.08,0.0,0.0,2346253367.32,0.0,507950627.51,1892365082.88,2987944867.71,2346253367.32,2854203994.83,4238618450.2,5334198235.03
22037,"East Feliciana, LA",evaporative,1.2,0.1,True,True,845131.3,622.41,56.1,0.0,3.29,False,0.0,1646694018.28,150832767.9,182800843.32,388090349.08,0.0,0.0,2368417978.57,0.0,502289200.61,1871273492.48,2954642356.55,2368417978.57,2870707179.19,4239691471.06,5323060335.13
22091,"St. Helena, LA",dry,1.28,0.1,True,True,900417.46,27.77,56.1,0.0,2.89,True,0.0,1754416210.51,7797400.19,220516964.33,265503080.08,0.0,0.0,2248233655.12,0.0,535147578.2,1993687056.05,3147926930.6,2248233655.12,2783381233.32,4241920711.17,5396160585.72
48419,"Shelby, TX",dry,1.27,0.08,True,True,890286.74,27.77,61.2,0.0,2.89,True,0.0,1907480696.51,7514126.16,92487600.29,265503080.08,0.0,0.0,2272985503.04,0.0,529126561.08,1971255815.78,3112509182.81,2272985503.04,2802112064.12,4244241318.83,5385494685.86
05029,"Conway, AR",evaporative,1.18,0.09,True,True,832952.13,497.02,66.1,0.0,2.89,True,0.0,1912261863.4,41191413.63,185068119.86,265503080.08,0.0,0.0,2404024476.98,0.0,495050722.36,1844306612.72,2912063072.71,2404024476.98,2899075199.34,4248331089.69,5316087549.69
48315,"Marion, TX",evaporative,1.2,0.08,True,True,996535.75,624.39,61.2,0.0,0.84,False,0.0,1796801600.64,50934548.8,194880713.48,0.0,0.0,0.0,2042616862.92,0.0,592273824.0,2206510324.69,3483963670.56,2042616862.92,2634890686.91,4249127187.61,5526580533.48
37181,"Vance, NC",dry,1.21,0.07,True,True,686941.28,27.77,77.7,0.0,2.89,True,1.8,2310853469.2,8467100.5,98351005.72,265503080.08,45000000.0,0.0,2728174655.5,0.0,408271692.84,1521012189.01,2401598193.17,2728174655.5,3136446348.34,4249186844.51,5129772848.67
22067,"Morehouse, LA",dry,1.27,0.1,True,True,897750.97,27.77,56.1,0.0,3.29,False,0.0,1749220689.03,7326106.45,117295748.26,388090349.08,0.0,0.0,2261932892.82,0.0,533562794.2,1987782958.8,3138604671.79,2261932892.82,2795495687.03,4249715851.62,5400537564.61
48169,"Garza, TX",dry,1.26,0.08,True,True,880325.68,27.77,61.2,0.0,2.89,True,0.0,1886138666.38,13591932.15,135492728.14,265503080.08,0.0,0.0,2300726406.76,0.0,523206377.97,1949200231.64,3077684576.27,2300726406.76,2823932784.72,4249926638.39,5378410983.02
49011,"Davis, UT",dry,1.18,0.07,True,True,709097.99,27.77,78.6,0.0,2.89,True,0.0,2266663682.32,9476242.16,139238530.7,265503080.08,0.0,0.0,2680881535.27,0.0,421440154.08,1570071162.25,2479059729.86,2680881535.27,3102321689.34,4250952697.51,5159941265.13
48407,"San Jacinto, TX",evaporative,1.21,0.08,True,True,850748.51,680.25,61.2,0.0,2.89,True,0.0,1808333316.0,132630487.15,161995649.69,265503080.08,0.0,0.0,2368462532.92,0.0,505627697.18,1883711028.72,2974280571.66,2368462532.92,2874090230.1,4252173561.64,5342743104.58
37097,"Iredell, NC",dry,1.21,0.07,True,True,684681.09,27.77,77.7,0.0,2.89,True,1.8,2303250268.42,10128322.01,112380592.2,265503080.08,45000000.0,0.0,2736262262.71,0.0,406928391.89,1516007734.5,2393696422.9,2736262262.71,3143190654.61,4252269997.22,5129958685.62
37185,"Warren, NC",dry,1.21,0.07,True,True,687134.13,27.77,77.7,0.0,2.89,True,0.0,2311502236.66,8446899.08,145827531.52,265503080.08,0.0,0.0,2731279747.33,0.0,408386314.3,1521439210.12,2402272437.04,2731279747.33,3139666061.63,4252718957.46,5133552184.37
37151,"Randolph, NC",dry,1.22,0.07,True,True,692322.7,27.77,77.7,0.0,2.89,True,0.0,2328956444.86,9965780.19,118848792.67,265503080.08,0.0,0.0,2723274097.8,0.0,411470049.04,1532927633.67,2420412053.17,2723274097.8,3134744146.84,4256201731.48,5143686150.97
41047,"Marion, OR",evaporative,1.13,0.0,True,True,677919.39,93.9,80.5,0.0,3.17,False,0.0,2219382817.6,7685520.49,177586535.23,351950718.69,0.0,0.0,2756605592.0,0.0,402909688.74,1501036095.3,2370056992.58,2756605592.0,3159515280.74,4257641687.3,5126662584.58
48313,"Madison, TX",evaporative,1.21,0.08,True,True,854035.16,714.08,61.2,0.0,3.16,False,0.0,1815319349.05,71773474.44,131590944.89,348254620.12,0.0,0.0,2366938388.5,0.0,507581060.41,1890988264.27,2985770943.59,2366938388.5,2874519448.91,4257926652.77,5352709332.09
21223,"Trimble, KY",evaporative,1.16,0.06,True,True,990874.62,324.06,65.0,0.0,0.04,False,0.0,1842513773.95,26845798.94,194635481.25,0.0,0.0,0.0,2063995054.14,0.0,588909229.83,2193975562.11,3464171940.17,2063995054.14,2652904283.97,4257970616.25,5528166994.31
37083,"Halifax, NC",dry,1.22,0.07,True,True,691363.96,27.77,77.7,0.0,2.89,True,0.0,2325731255.12,8447185.78,128712969.0,265503080.08,0.0,0.0,2728394489.97,0.0,410900236.33,1530804802.01,2417060213.71,2728394489.97,3139294726.3,4259199291.99,5145454703.68
37105,"Lee, NC",dry,1.22,0.07,True,True,691817.78,27.77,77.7,0.0,2.89,True,0.0,2327257894.18,10368296.22,126406448.6,265503080.08,0.0,0.0,2729535719.07,0.0,411169956.38,1531809641.42,2418646802.23,2729535719.07,3140705675.45,4261345360.49,5148182521.31
05125,"Saline, AR",evaporative,1.18,0.09,True,True,833419.34,501.83,66.1,0.0,2.89,True,0.0,1913334475.07,71184078.04,166197455.76,265503080.08,0.0,0.0,2416219088.96,0.0,495328402.52,1845341107.43,2913696485.42,2416219088.96,2911547491.48,4261560196.39,5329915574.38
28097,"Montgomery, MS",evaporative,1.18,0.07,True,True,831500.89,482.08,68.1,0.0,2.89,True,0.0,1966689022.3,39325400.69,151102635.18,265503080.08,0.0,0.0,2422620138.26,0.0,494188205.19,1841093313.44,2906989442.27,2422620138.26,2916808343.44,4263713451.7,5329609580.53
22041,"Franklin, LA",dry,1.28,0.1,True,True,902020.61,27.77,56.1,0.0,3.29,False,0.0,1757539859.47,7061584.22,114475591.09,388090349.08,0.0,0.0,2267167383.86,0.0,536100381.28,1997236714.59,3153531654.61,2267167383.86,2803267765.14,4264404098.45,5420699038.47
37067,"Forsyth, NC",dry,1.21,0.07,True,True,684132.21,27.77,77.7,0.0,2.89,True,1.8,2301403824.0,9878678.88,128259114.06,265503080.08,45000000.0,0.0,2750044697.02,0.0,406602170.0,1514792398.05,2391777470.6,2750044697.02,3156646867.02,4264837095.07,5141822167.62
28137,"Tate, MS",evaporative,1.18,0.07,True,True,833548.84,503.16,68.1,0.0,2.89,True,0.0,1971532891.71,41045430.59,141965319.95,265503080.08,0.0,0.0,2420046722.33,0.0,495405369.21,1845627846.08,2914149230.65,2420046722.33,2915452091.54,4265674568.41,5334195952.99
48117,"Deaf Smith, TX",dry,1.2,0.08,True,True,1000292.97,27.77,61.2,0.0,2.42,False,0.0,1803576056.22,13515113.32,109283098.18,125667351.13,0.0,0.0,2052041618.86,0.0,594506865.59,2214829499.26,3497099209.36,2052041618.86,2646548484.45,4266871118.11,5549140828.21
48457,"Tyler, TX",evaporative,1.2,0.08,True,True,847934.08,651.27,61.2,0.0,2.89,True,0.0,1802351015.01,133848763.68,189194805.38,265503080.08,0.0,0.0,2390897664.16,0.0,503954987.26,1877479364.32,2964441101.55,2390897664.16,2894852651.42,4268377028.47,5355338765.71
42031,"Clarion, PA",evaporative,1.13,0.06,True,True,645015.84,150.99,78.7,0.0,3.81,False,0.0,2184911474.63,26007604.61,86906571.66,544147843.94,0.0,0.0,2841973494.84,0.0,383354032.09,1428181688.17,2255023718.16,2841973494.84,3225327526.93,4270155183.01,5096997213.0
05083,"Logan, AR",evaporative,1.18,0.09,True,True,832804.59,495.5,66.1,0.0,2.89,True,0.0,1911923147.81,45351831.84,203480961.65,265503080.08,0.0,0.0,2426259021.39,0.0,494963034.89,1843979933.91,2911547264.08,2426259021.39,2921222056.28,4270238955.3,5337806285.46
40097,"Mayes, OK",evaporative,1.18,0.09,True,True,981259.72,490.98,58.4,0.0,2.53,False,0.0,1688311729.74,40983004.13,208562595.52,159753593.43,0.0,0.0,2097610922.82,0.0,583194777.34,2172686425.37,3430557513.75,2097610922.82,2680805700.15,4270297348.19,5528168436.56
48365,"Panola, TX",dry,1.28,0.08,True,True,892957.47,27.77,61.2,0.0,2.89,True,0.0,1913202844.49,7936774.07,106770632.38,265503080.08,0.0,0.0,2293413331.01,0.0,530713859.18,1977169279.28,3121846230.45,2293413331.01,2824127190.19,4270582610.29,5415259561.46
51037,"Charlotte, VA",dry,1.2,0.06,True,True,681716.43,27.77,89.9,0.0,1.88,False,0.0,2653354219.75,8624854.67,99696753.94,0.0,0.0,0.0,2761675828.36,0.0,405166397.98,1509443443.46,2383331752.84,2761675828.36,3166842226.35,4271119271.83,5145007581.2
37057,"Davidson, NC",dry,1.22,0.07,True,True,691787.98,27.77,77.7,0.0,2.89,True,0.0,2327157652.61,10254918.16,137699983.1,265503080.08,0.0,0.0,2740615633.96,0.0,411152246.13,1531743662.05,2418542624.29,2740615633.96,3151767880.09,4272359296.01,5159158258.25
22029,"Concordia, LA",evaporative,1.2,0.1,True,True,999895.36,653.73,56.1,0.0,2.89,True,0.0,1652620876.65,53328171.69,86974104.46,265503080.08,0.0,0.0,2058426232.88,0.0,594270550.24,2213949108.74,3495709119.06,2058426232.88,2652696783.12,4272375341.62,5554135351.94
48501,"Yoakum, TX",dry,1.22,0.08,True,True,1016568.92,27.77,61.2,0.0,1.24,False,0.0,1832922368.57,13591932.15,175751719.78,0.0,0.0,0.0,2022266020.51,0.0,604180194.37,2250867390.79,3554001143.36,2022266020.51,2626446214.88,4273133411.3,5576267163.86
05043,"Drew, AR",evaporative,1.19,0.09,True,True,838760.81,556.82,66.1,0.0,2.89,True,0.0,1925597238.66,97749796.6,127944987.79,265503080.08,0.0,0.0,2416795103.13,0.0,498503014.79,1857168094.31,2932370675.23,2416795103.13,2915298117.92,4273963197.44,5349165778.36
37125,"Moore, NC",dry,1.23,0.07,True,True,697028.94,27.77,77.7,0.0,2.89,True,0.0,2344788115.7,9859967.37,114413145.44,265503080.08,0.0,0.0,2734564308.59,0.0,414267120.83,1543348097.21,2436865416.65,2734564308.59,3148831429.42,4277912405.8,5171429725.24
28107,"Panola, MS",evaporative,1.18,0.07,True,True,833305.07,500.65,68.1,0.0,2.89,True,0.0,1970956309.66,40840689.65,155752263.58,265503080.08,0.0,0.0,2433052342.97,0.0,495260486.09,1845088085.43,2913296976.99,2433052342.97,2928312829.06,4278140428.4,5346349319.97
48131,"Duval, TX",dry,1.35,0.08,True,True,946170.92,27.77,61.2,0.0,0.88,False,0.0,2027215144.42,8529590.96,147681234.44,0.0,0.0,0.0,2183425969.82,0.0,562340358.09,2094993490.94,3307884459.38,2183425969.82,2745766327.91,4278419460.76,5491310429.2
48159,"Franklin, TX",evaporative,1.19,0.08,True,True,990526.9,571.91,61.2,0.0,2.28,False,0.0,1785967364.36,94511527.14,123301382.54,82546201.23,0.0,0.0,2086326475.27,0.0,588702570.19,2193205653.65,3462956295.23,2086326475.27,2675029045.46,4279532128.92,5549282770.5
48241,"Jasper, TX",evaporative,1.2,0.08,True,True,848584.03,657.96,61.2,0.0,2.89,True,0.0,1803732533.01,123791663.48,207821375.37,265503080.08,0.0,0.0,2400848651.94,0.0,504341273.22,1878918468.86,2966713371.88,2400848651.94,2905189925.16,4279767120.8,5367562023.82
51065,"Fluvanna, VA",dry,1.2,0.06,True,True,679931.76,27.77,89.9,0.0,0.74,False,0.0,2646407949.73,7580921.35,123503840.33,0.0,0.0,0.0,2777492711.41,0.0,404105704.62,1505491840.75,2377092380.12,2777492711.41,3181598416.03,4282984552.15,5154585091.53
48001,"Anderson, TX",evaporative,1.2,0.08,True,True,849162.01,663.91,61.2,0.0,3.34,False,0.0,1804961078.01,99173279.23,97131672.77,402874743.33,0.0,0.0,2404140773.34,0.0,504684786.43,1880198223.95,2968734037.82,2404140773.34,2908825559.77,4284338997.29,5372874811.16
05071,"Johnson, AR",evaporative,1.17,0.09,True,True,826799.21,433.67,66.1,0.0,2.89,True,1.8,1898136206.14,35376555.9,209942969.83,265503080.08,45000000.0,0.0,2453958811.95,0.0,491393839.92,1830682933.04,2890551999.53,2453958811.95,2945352651.87,4284641744.98,5344510811.48
48193,"Hamilton, TX",dry,1.28,0.08,True,True,894241.75,27.77,61.2,0.0,2.89,True,0.0,1915954487.06,6847750.57,116430891.15,265503080.08,0.0,0.0,2304736208.86,0.0,531477152.44,1980012920.87,3126336190.84,2304736208.86,2836213361.3,4284749129.73,5431072399.7
28161,"Yalobusha, MS",evaporative,1.18,0.07,True,True,833353.1,501.15,68.1,0.0,2.89,True,0.0,1971069917.96,40881031.3,162726826.7,265503080.08,0.0,0.0,2440180856.04,0.0,495289033.5,1845194438.53,2913464902.94,2440180856.04,2935469889.55,4285375294.58,5353645758.99
53071,"Walla Walla, WA",dry,1.16,0.08,True,False,701437.27,27.77,66.1,0.0,2.32,False,0.0,1885595701.45,9993426.33,132701398.38,96509240.25,0.0,611610564.03,2736410330.44,0.0,416887133.8,1553108929.83,2452277257.62,2736410330.44,3153297464.24,4289519260.27,5188687588.06
48259,"Kendall, TX",dry,1.27,0.08,True,True,887874.07,27.77,61.2,0.0,2.89,True,0.0,1902311426.68,11187946.5,145428078.72,265503080.08,0.0,0.0,2324430531.98,0.0,527692628.89,1965913715.47,3104074287.59,2324430531.98,2852123160.87,4290344247.46,5428504819.57
37195,"Wilson, NC",dry,1.23,0.07,True,True,696154.71,27.77,77.7,0.0,2.89,True,0.0,2341847218.01,10807128.8,131974994.55,265503080.08,0.0,0.0,2750132421.44,0.0,413747535.63,1541412387.62,2433809033.09,2750132421.44,3163879957.06,4291544809.06,5183941454.53
42079,"Luzerne, PA",evaporative,1.14,0.06,True,True,646920.84,175.29,78.7,0.0,3.59,False,1.8,2191364421.04,22501399.17,124851554.77,476386036.96,45000000.0,0.0,2860103411.94,0.0,384486234.95,1432399698.83,2261683734.99,2860103411.94,3244589646.89,4292503110.77,5121787146.94
05141,"Van Buren, AR",evaporative,1.17,0.09,True,True,824003.03,404.88,66.1,0.0,2.89,True,0.0,1891716836.62,69075274.02,243704403.45,265503080.08,0.0,0.0,2469999594.17,0.0,489731978.86,1824491685.96,2880776346.26,2469999594.17,2959731573.03,4294491280.13,5350775940.43
48099,"Coryell, TX",dry,1.29,0.08,True,True,899701.19,27.77,61.2,0.0,2.89,True,0.0,1927651582.44,7180060.0,103084285.23,265503080.08,0.0,0.0,2303419007.76,0.0,534721874.06,1992101099.45,3145422788.6,2303419007.76,2838140881.82,4295520107.21,5448841796.36
40037,"Creek, OK",evaporative,1.18,0.09,True,True,984112.64,515.89,58.4,0.0,2.37,False,0.0,1693220353.22,116317252.56,195822406.63,112114989.73,0.0,0.0,2117475002.15,0.0,584890366.8,2179003327.29,3440531569.41,2117475002.15,2702365368.95,4296478329.44,5558006571.56
42033,"Clearfield, PA",evaporative,1.13,0.06,True,True,644008.52,138.13,78.7,0.0,3.81,False,0.0,2181499295.34,26524091.59,118635386.88,544147843.94,0.0,0.0,2870806617.75,0.0,382755347.56,1425951294.84,2251502044.48,2870806617.75,3253561965.31,4296757912.59,5122308662.23
37167,"Stanly, NC",dry,1.23,0.07,True,True,694449.79,27.77,77.7,0.0,2.89,True,0.0,2336111905.75,12698038.29,146708906.92,265503080.08,0.0,0.0,2761021931.05,0.0,412734245.22,1537637384.16,2427848501.3,2761021931.05,3173756176.27,4298659315.21,5188870432.35
48077,"Clay, TX",evaporative,1.2,0.08,True,True,839188.23,630.19,61.2,0.0,3.33,False,0.0,1797999756.7,88174377.95,156216280.32,398767967.15,0.0,0.0,2441158382.11,0.0,498757041.07,1858114466.72,2933864947.45,2441158382.11,2939915423.18,4299272848.83,5375023329.56
48411,"San Saba, TX",dry,1.28,0.08,True,True,894671.17,27.77,61.2,0.0,2.89,True,0.0,1916874527.68,8940181.76,127842776.19,265503080.08,0.0,0.0,2319160565.71,0.0,531732367.57,1980963722.32,3127837456.29,2319160565.71,2850892933.28,4300124288.03,5446998022.0
28051,"Holmes, MS",evaporative,1.19,0.07,True,True,837505.5,543.9,68.1,0.0,2.89,True,0.0,1980891279.77,44368539.87,155511139.53,265503080.08,0.0,0.0,2446274039.26,0.0,497756938.24,1854388593.46,2927981989.67,2446274039.26,2944030977.5,4300662632.72,5374256028.93
48397,"Rockwall, TX",dry,1.28,0.08,True,True,893550.63,27.77,61.2,0.0,2.89,True,0.0,1914473722.53,8875361.34,133405640.95,265503080.08,0.0,0.0,2322257804.9,0.0,531066395.03,1978482648.14,3123919970.74,2322257804.9,2853324199.92,4300740453.03,5446177775.64
48203,"Harrison, TX",evaporative,1.2,0.08,True,True,995537.04,615.67,61.2,0.0,2.28,False,0.0,1795000879.83,102099289.5,116658109.31,82956878.85,0.0,0.0,2096715157.49,0.0,591680258.29,2204299001.48,3480472107.61,2096715157.49,2688395415.78,4301014158.97,5577187265.09
48037,"Bowie, TX",evaporative,1.19,0.08,True,True,993098.05,594.37,61.2,0.0,2.25,False,0.0,1790603258.38,99903079.32,137849169.29,74332648.87,0.0,0.0,2102688155.87,0.0,590230684.75,2198898629.45,3471945204.39,2102688155.87,2692918840.61,4301586785.31,5574633360.25
40109,"Oklahoma, OK",dry,1.25,0.09,True,True,1040527.11,27.77,58.4,0.0,0.84,False,1.8,1790284565.51,7257380.71,156588086.42,0.0,45000000.0,0.0,1999130032.64,0.0,618419329.89,2303915150.57,3637760764.05,1999130032.64,2617549362.53,4303045183.21,5636890796.69
05025,"Cleveland, AR",evaporative,1.19,0.09,True,True,837476.39,543.6,66.1,0.0,2.89,True,0.0,1922648496.07,88911001.09,171984622.08,265503080.08,0.0,0.0,2449047199.32,0.0,497739637.57,1854324139.96,2927880220.98,2449047199.32,2946786836.88,4303371339.27,5376927420.3
28015,"Carroll, MS",evaporative,1.19,0.07,True,True,836004.18,528.44,68.1,0.0,2.89,True,0.0,1977340335.83,43107620.28,166904198.07,265503080.08,0.0,0.0,2452855234.26,0.0,496864659.6,1851064418.12,2922733291.76,2452855234.26,2949719893.86,4303919652.38,5375588526.02
48085,"Collin, TX",dry,1.28,0.08,True,True,893351.08,27.77,61.2,0.0,2.82,False,0.0,1914046172.01,9313736.56,157802266.37,245174537.99,0.0,0.0,2326336712.92,0.0,530947794.43,1978040802.8,3123222320.2,2326336712.92,2857284507.35,4304377515.71,5449559033.12
05011,"Bradley, AR",evaporative,1.19,0.09,True,True,837551.8,544.37,66.1,0.0,2.89,True,0.0,1922821622.4,94397463.69,172184923.53,265503080.08,0.0,0.0,2454907089.7,0.0,497784456.91,1854491113.97,2928143864.17,2454907089.7,2952691546.61,4309398203.67,5383050953.87
05057,"Hempstead, AR",evaporative,1.19,0.09,True,True,837147.93,540.22,66.1,0.0,2.89,True,0.0,1921894446.75,105564182.25,166061373.75,265503080.08,0.0,0.0,2459023082.82,0.0,497544427.56,1853596886.97,2926731926.8,2459023082.82,2956567510.38,4312619969.79,5385755009.62
40017,"Canadian, OK",dry,1.25,0.09,True,True,1038686.57,27.77,58.4,0.0,1.84,False,1.8,1787117811.55,6802184.88,175662086.93,0.0,45000000.0,0.0,2014582083.36,0.0,617325435.71,2299839858.54,3631326092.43,2014582083.36,2631907519.07,4314421941.9,5645908175.79
37093,"Hoke, NC",dry,1.24,0.07,True,True,700503.58,27.77,77.7,0.0,2.89,True,0.0,2356476707.77,9353065.67,133203965.52,265503080.08,0.0,0.0,2764536819.04,0.0,416332211.21,1551041571.19,2449013007.13,2764536819.04,3180869030.25,4315578390.22,5213549826.17
37025,"Cabarrus, NC",dry,1.23,0.07,True,True,693920.94,27.77,77.7,0.0,2.89,True,0.0,2334332899.49,13583124.88,167819208.15,265503080.08,0.0,0.0,2781238312.61,0.0,412419938.01,1536466435.74,2425999635.38,2781238312.61,3193658250.62,4317704748.35,5207237947.99
22025,"Catahoula, LA",evaporative,1.2,0.1,True,True,998895.0,644.99,56.1,0.0,2.89,True,0.0,1650967491.0,64446944.87,125303663.07,265503080.08,0.0,0.0,2106221179.03,0.0,593676004.68,2211734135.09,3492211792.25,2106221179.03,2699897183.71,4317955314.12,5598432971.28
05097,"Montgomery, AR",evaporative,1.17,0.09,True,True,825812.45,423.51,66.1,0.0,2.89,True,0.0,1895870847.56,97072105.71,233389530.04,265503080.08,0.0,0.0,2491835563.39,0.0,490807378.71,1828498077.55,2887102227.71,2491835563.39,2982642942.1,4320333640.94,5378937791.11
48223,"Hopkins, TX",evaporative,1.19,0.08,True,True,834080.92,577.19,61.2,0.0,3.28,False,1.8,1787057117.23,119400071.19,139106492.4,383162217.66,45000000.0,0.0,2473725898.48,0.0,495721602.12,1846805968.69,2916009424.25,2473725898.48,2969447500.6,4320531867.17,5389735322.73
05149,"Yell, AR",evaporative,1.18,0.09,True,True,830543.95,472.22,66.1,0.0,2.89,True,0.0,1906733247.37,48856290.71,261308910.11,265503080.08,0.0,0.0,2482401528.28,0.0,493619461.6,1838974464.8,2903643891.79,2482401528.28,2976020989.88,4321375993.08,5386045420.07
05041,"Desha, AR",evaporative,1.19,0.09,True,True,839970.21,569.27,66.1,0.0,2.89,True,0.0,1928373728.63,78662087.03,189318027.13,265503080.08,0.0,0.0,2461856922.87,0.0,499221798.86,1859845917.32,2936598816.82,2461856922.87,2961078721.73,4321702840.19,5398455739.69
48451,"Tom Green, TX",dry,1.28,0.08,True,True,893666.76,27.77,61.2,0.0,2.92,False,1.8,1914722535.72,9055656.79,99016831.31,275564681.72,45000000.0,0.0,2343359705.55,0.0,531135414.69,1978739780.21,3124325968.75,2343359705.55,2874495120.23,4322099485.75,5467685674.29
48049,"Brown, TX",dry,1.28,0.08,True,True,896224.05,27.77,61.2,0.0,2.95,False,0.0,1920201659.8,8064674.71,123263390.12,286242299.79,0.0,0.0,2337772024.42,0.0,532655299.05,1984402094.5,3133266464.99,2337772024.42,2870427323.47,4322174118.92,5471038489.42
47171,"Unicoi, TN",evaporative,1.14,0.1,True,True,973806.48,179.31,62.1,0.0,2.89,True,0.0,1729987409.27,37194783.63,134112817.26,265503080.08,0.0,0.0,2166798090.25,0.0,578765075.62,2156183615.06,3404500444.83,2166798090.25,2745563165.87,4322981705.31,5571298535.08
22009,"Avoyelles, LA",evaporative,1.2,0.1,True,True,1000163.26,656.07,56.1,0.0,2.89,True,0.0,1653063668.76,53518925.12,137472120.32,265503080.08,0.0,0.0,2109557794.28,0.0,594429775.09,2214542299.35,3496645735.82,2109557794.28,2703987569.36,4324100093.62,5606203530.09
51069,"Frederick, VA",dry,1.18,0.06,True,True,666721.29,27.77,89.9,0.0,0.9,False,6.0,2594990604.73,8647558.99,94622475.92,0.0,150000000.0,0.0,2848260639.65,0.0,396254291.38,1476241477.67,2330907596.33,2848260639.65,3244514931.03,4324502117.32,5179168235.98
05045,"Faulkner, AR",evaporative,1.18,0.09,True,True,833397.22,501.6,66.1,0.0,2.89,True,1.8,1913283678.79,52998554.57,203450852.16,265503080.08,45000000.0,0.0,2480236165.6,0.0,495315252.26,1845292116.27,2913619130.96,2480236165.6,2975551417.86,4325528281.88,5393855296.56
51025,"Brunswick, VA",dry,1.21,0.06,True,True,684346.98,27.77,89.9,0.0,0.93,False,0.0,2663592752.7,10439770.08,137228083.1,0.0,0.0,0.0,2811260605.87,0.0,406729818.91,1515267952.8,2392528346.53,2811260605.87,3217990424.78,4326528558.67,5203788952.4
05051,"Garland, AR",evaporative,1.18,0.09,True,True,830401.18,470.75,66.1,0.0,2.89,True,0.0,1906405490.0,101154581.15,215104147.19,265503080.08,0.0,0.0,2488167298.41,0.0,493534611.03,1838658354.81,2903144770.75,2488167298.41,2981701909.44,4326825653.22,5391312069.16
48479,"Webb, TX",dry,1.36,0.08,True,True,954497.06,27.77,61.2,0.0,2.26,False,0.0,2045054287.46,9947684.9,79449035.87,79260780.29,0.0,0.0,2213711788.52,0.0,567288856.09,2113429071.72,3336993271.14,2213711788.52,2781000644.62,4327140860.24,5550705059.66
48277,"Lamar, TX",evaporative,1.19,0.08,True,True,835366.98,590.54,61.2,0.0,3.61,False,0.0,1789812555.99,86298941.69,118076669.34,483778234.09,0.0,0.0,2477966401.11,0.0,496485948.43,1849653533.38,2920505579.02,2477966401.11,2974452349.55,4327619934.49,5398471980.13
19113,"Linn, IA",evaporative,1.15,0.07,True,True,1007228.09,258.04,68.0,0.0,2.05,False,0.0,1912408978.67,51846975.69,118210683.98,15195071.87,0.0,0.0,2097661710.21,0.0,598628632.22,2230185100.41,3521344895.39,2097661710.21,2696290342.42,4327846810.62,5619006605.6
22069,"Natchitoches, LA",evaporative,1.2,0.1,True,True,997341.06,631.42,56.1,0.0,2.89,True,0.0,1648399145.8,84206272.62,122124412.96,265503080.08,0.0,0.0,2120232911.47,0.0,592752446.27,2208293427.28,3486779095.7,2120232911.47,2712985357.74,4328526338.75,5607012007.17
48097,"Cooke, TX",dry,1.27,0.08,True,True,888692.91,27.77,61.2,0.0,3.08,False,0.0,1904065837.97,7382821.98,125986903.05,324845995.89,0.0,0.0,2362281558.9,0.0,528179294.69,1967726784.13,3106937027.57,2362281558.9,2890460853.58,4330008343.02,5469218586.47
05059,"Hot Spring, AR",evaporative,1.18,0.09,True,True,833849.78,506.26,66.1,0.0,2.89,True,0.0,1914322663.12,109463279.45,194445862.29,265503080.08,0.0,0.0,2483734884.94,0.0,495584226.9,1846294178.65,2915201334.71,2483734884.94,2979319111.85,4330029063.6,5398936219.66
53075,"Whitman, WA",evaporative,1.13,0.08,True,False,681826.82,141.01,66.1,0.0,2.89,True,0.0,1832879115.29,11762219.78,120790782.04,265503080.08,0.0,589504158.1,2820439355.3,0.0,405232001.95,1509687850.4,2383717658.52,2820439355.3,3225671357.25,4330127205.7,5204157013.82
05091,"Miller, AR",evaporative,1.19,0.09,True,True,842355.13,593.83,66.1,0.0,2.89,True,0.0,1933848943.03,72785560.9,193282699.26,265503080.08,0.0,0.0,2465420283.27,0.0,500639234.88,1865126561.32,2944936675.77,2465420283.27,2966059518.15,4330546844.59,5410356959.04
28005,"Amite, MS",dry,1.26,0.07,True,True,891728.37,27.77,68.1,0.0,1.18,False,0.0,2109140728.49,7305909.14,240005075.86,0.0,0.0,0.0,2356451713.49,0.0,529983367.62,1974447840.15,3117549221.28,2356451713.49,2886435081.1,4330899553.63,5474000934.77
05019,"Clark, AR",evaporative,1.18,0.09,True,True,835821.72,526.56,66.1,0.0,2.89,True,0.0,1918849769.65,120895623.15,175637220.72,265503080.08,0.0,0.0,2480885693.6,0.0,496756214.59,1850660407.29,2922095379.93,2480885693.6,2977641908.19,4331546100.9,5402981073.54
48069,"Castro, TX",dry,1.2,0.08,True,True,1001362.75,27.77,61.2,0.0,2.57,False,0.0,1805504906.72,13591932.15,126625744.75,170431211.5,0.0,0.0,2116153795.13,0.0,595142666.26,2217198168.42,3500839213.3,2116153795.13,2711296461.39,4333351963.55,5616993008.42
48249,"Jim Wells, TX",dry,1.36,0.08,True,True,949079.62,27.77,61.2,0.0,1.62,False,0.0,2033447160.14,9293149.88,190332613.84,0.0,0.0,0.0,2233072923.85,0.0,564069091.21,2101433869.21,3318053477.7,2233072923.85,2797142015.06,4334506793.06,5551126401.55
47091,"Johnson, TN",evaporative,1.13,0.1,True,True,970346.85,149.97,62.1,0.0,2.89,True,0.0,1723841295.68,27760849.63,168975729.99,265503080.08,0.0,0.0,2186080955.38,0.0,576708901.18,2148523357.33,3392405301.04,2186080955.38,2762789856.56,4334604312.71,5578486256.42
05079,"Lincoln, AR",evaporative,1.19,0.09,True,True,839847.73,568.01,66.1,0.0,2.89,True,0.0,1928092530.57,109418045.84,172139820.05,265503080.08,0.0,0.0,2475153476.56,0.0,499149001.66,1859574712.08,2936170598.03,2475153476.56,2974302478.22,4334728188.64,5411324074.58
37179,"Union, NC",dry,1.23,0.07,True,True,696268.96,27.77,77.7,0.0,2.89,True,0.0,2342231566.02,11249958.54,175214496.17,265503080.08,0.0,0.0,2794199100.82,0.0,413815440.59,1541665366.89,2434208474.03,2794199100.82,3208014541.4,4335864467.7,5228407574.85
05127,"Scott, AR",evaporative,1.18,0.09,True,True,829489.49,461.37,66.1,0.0,2.89,True,0.0,1904312452.46,51554551.93,278556841.59,265503080.08,0.0,0.0,2499926926.07,0.0,492992760.69,1836639696.67,2899957415.8,2499926926.07,2992919686.75,4336566622.74,5399884341.86
48285,"Lavaca, TX",evaporative,1.22,0.08,True,True,854151.5,785.48,61.2,0.0,2.89,True,0.0,1830059252.74,177054285.69,173324414.12,265503080.08,0.0,0.0,2445941032.63,0.0,507650200.99,1891245846.83,2986177652.89,2445941032.63,2953591233.62,4337186879.46,5432118685.52
05039,"Dallas, AR",evaporative,1.18,0.09,True,True,835045.03,518.57,66.1,0.0,2.89,True,0.0,1917066667.88,116079277.74,190331360.91,265503080.08,0.0,0.0,2488980386.61,0.0,496294601.13,1848940670.87,2919380006.63,2488980386.61,2985274987.74,4337921057.48,5408360393.25
05081,"Little River, AR",evaporative,1.19,0.09,True,True,840475.64,574.48,66.1,0.0,2.89,True,0.0,1929534074.55,46863100.13,236076585.97,265503080.08,0.0,0.0,2477976840.74,0.0,499522191.87,1860965028.52,2938365834.5,2477976840.74,2977499032.61,4338941869.26,5416342675.24
47151,"Scott, TN",evaporative,1.15,0.1,True,True,983609.37,262.45,62.1,0.0,2.89,True,0.0,1747402453.84,25713691.28,123347220.04,265503080.08,0.0,0.0,2161966445.24,0.0,584591256.51,2177888994.86,3438772097.14,2161966445.24,2746557701.76,4339855440.1,5600738542.39
22059,"LaSalle, LA",evaporative,1.2,0.1,True,True,997476.51,632.6,56.1,0.0,2.89,True,0.0,1648623016.6,51726338.58,165537252.87,265503080.08,0.0,0.0,2131389688.14,0.0,592832948.59,2208593337.9,3487252638.79,2131389688.14,2724222636.73,4339983026.04,5618642326.93
28027,"Coahoma, MS",evaporative,1.19,0.07,True,True,839853.97,568.08,68.1,0.0,2.89,True,0.0,1986445961.56,46340975.12,182530242.3,265503080.08,0.0,0.0,2480820259.07,0.0,499152714.7,1859588544.94,2936192439.38,2480820259.07,2979972973.76,4340408804.01,5417012698.45
39147,"Seneca, OH",evaporative,1.15,0.07,True,True,996435.39,247.49,71.0,0.0,0.84,False,0.0,1994253014.08,20188872.78,121640808.4,0.0,0.0,0.0,2136082695.26,0.0,592214180.02,2206288121.64,3483612823.64,2136082695.26,2728296875.28,4342370816.9,5619695518.9
48031,"Blanco, TX",dry,1.28,0.08,True,True,894556.38,27.77,61.2,0.0,2.89,True,0.0,1916628589.64,9192988.97,172294178.9,265503080.08,0.0,0.0,2363618837.59,0.0,531664145.46,1980709561.53,3127436149.79,2363618837.59,2895282983.05,4344328399.12,5491054987.38
48427,"Starr, TX",dry,1.37,0.08,True,True,962070.28,27.77,61.2,0.0,1.87,False,0.0,2061280252.79,11003360.17,143001636.66,0.0,0.0,0.0,2215285249.61,0.0,571789865.85,2130197539.46,3363469799.14,2215285249.61,2787075115.47,4345482789.07,5578755048.76
40089,"McCurtain, OK",evaporative,1.18,0.09,True,True,982873.65,505.07,58.4,0.0,2.89,True,0.0,1691088602.16,41201166.95,176201973.06,265503080.08,0.0,0.0,2173994822.25,0.0,584153994.44,2176259979.3,3436199967.32,2173994822.25,2758148816.7,4350254801.56,5610194789.57
47019,"Carter, TN",evaporative,1.14,0.1,True,True,975759.2,195.87,62.1,0.0,2.89,True,0.0,1733456452.06,36251931.44,156128894.73,265503080.08,0.0,0.0,2191340358.31,0.0,579925639.45,2160507284.23,3411327290.88,2191340358.31,2771265997.76,4351847642.54,5602667649.2
47163,"Sullivan, TN",evaporative,1.15,0.1,True,True,986274.5,285.05,62.1,0.0,2.89,True,0.0,1752137106.44,52735784.86,98834942.06,265503080.08,0.0,0.0,2169210913.44,0.0,586175228.49,2183790066.91,3448089579.33,2169210913.44,2755386141.93,4353000980.35,5617300492.77
48143,"Erath, TX",evaporative,1.2,0.08,True,True,837870.22,616.51,61.2,0.0,3.56,False,0.0,1795175864.83,113485097.81,122077707.98,467761806.98,0.0,0.0,2498500477.6,0.0,497973706.17,1855196160.24,2929257095.12,2498500477.6,2996474183.77,4353696637.84,5427757572.72
22043,"Grant, LA",evaporative,1.2,0.1,True,True,998578.72,642.23,56.1,0.0,2.89,True,0.0,1650444743.12,52390036.77,174523507.42,265503080.08,0.0,0.0,2142861367.4,0.0,593488028.32,2211033830.98,3491106048.92,2142861367.4,2736349395.71,4353895198.38,5633967416.31
40013,"Bryan, OK",evaporative,1.19,0.09,True,True,990823.1,574.5,58.4,0.0,2.86,False,0.0,1704766063.21,58259747.65,139693471.64,257494866.53,0.0,0.0,2160214149.04,0.0,588878609.99,2193861488.21,3463991823.49,2160214149.04,2749092759.03,4354075637.25,5624205972.53
39067,"Harrison, OH",evaporative,1.15,0.07,True,True,995766.44,241.9,71.0,0.0,1.83,False,0.0,1992914169.55,56191854.67,100444817.1,0.0,0.0,0.0,2149550841.33,0.0,591816596.21,2204806927.05,3481274095.34,2149550841.33,2741367437.54,4354357768.38,5630824936.68
19189,"Winnebago, IA",dry,1.17,0.07,True,True,1023704.76,27.77,68.0,0.0,1.76,False,0.0,1943692991.16,8021297.69,137220353.93,0.0,0.0,0.0,2088934642.77,0.0,608421258.07,2266667432.02,3578948576.88,2088934642.77,2697355900.84,4355602074.8,5667883219.65
47059,"Greene, TN",evaporative,1.15,0.1,True,True,988699.98,305.61,62.1,0.0,2.89,True,0.0,1756446015.67,63959976.12,80756115.67,265503080.08,0.0,0.0,2166665187.54,0.0,587616768.56,2189160510.31,3456569226.81,2166665187.54,2754281956.1,4355825697.85,5623234414.35
05105,"Perry, AR",evaporative,1.18,0.09,True,True,831489.25,481.96,66.1,0.0,2.89,True,0.0,1908903445.15,41204416.1,299421982.42,265503080.08,0.0,0.0,2515032923.75,0.0,494181287.37,1841067541.17,2906948749.22,2515032923.75,3009214211.12,4356100464.93,5421981672.98
48121,"Denton, TX",dry,1.28,0.08,True,True,897037.16,27.77,61.2,0.0,2.89,True,1.8,1921943771.27,9723811.03,128628928.16,265503080.08,45000000.0,0.0,2370799590.54,0.0,533138552.93,1986202452.09,3136109134.88,2370799590.54,2903938143.47,4357002042.63,5506908725.42
45075,"Orangeburg, SC",dry,1.26,0.07,True,True,711607.61,27.77,68.4,0.0,3.61,False,0.0,2107310154.4,8155676.62,184164312.21,482956878.85,0.0,0.0,2782587022.08,0.0,422931700.62,1575627904.27,2487833533.06,2782587022.08,3205518722.7,4358214926.35,5270420555.14
28149,"Warren, MS",evaporative,1.19,0.07,True,True,841971.22,589.88,68.1,0.0,2.89,True,0.0,1991453733.62,48119205.9,190025848.42,265503080.08,0.0,0.0,2495101868.03,0.0,500411064.06,1864276513.17,2943594494.47,2495101868.03,2995512932.09,4359378381.19,5438696362.5
42025,"Carbon, PA",dry,1.15,0.06,True,True,655082.73,27.77,78.7,0.0,3.72,False,1.8,2219011808.75,8659247.34,120121413.12,516221765.91,45000000.0,0.0,2909014235.12,0.0,389337112.29,1450471594.79,2290218307.56,2909014235.12,3298351347.41,4359485829.91,5199232542.68
19127,"Marshall, IA",dry,1.17,0.07,True,True,1028334.71,27.77,68.0,0.0,1.85,False,0.0,1952483810.31,7437050.11,122658164.45,0.0,0.0,0.0,2082579024.87,0.0,611172989.58,2276918980.79,3595135232.82,2082579024.87,2693752014.45,4359498005.66,5677714257.7
40001,"Adair, OK",evaporative,1.17,0.09,True,True,975778.9,443.11,58.4,0.0,2.89,True,0.0,1678881681.14,36146599.79,219077865.13,265503080.08,0.0,0.0,2199609226.15,0.0,579937348.63,2160550906.67,3411396168.42,2199609226.15,2779546574.78,4360160132.82,5611005394.57
05137,"Stone, AR",evaporative,1.17,0.09,True,True,823465.23,399.34,66.1,0.0,2.89,True,0.0,1890482188.42,62369935.87,319881713.88,265503080.08,0.0,0.0,2538236918.26,0.0,489412350.32,1823300912.95,2878896178.34,2538236918.26,3027649268.57,4361537831.2,5417133096.59
47049,"Fentress, TN",evaporative,1.15,0.1,True,True,986466.93,286.68,62.1,0.0,2.89,True,0.0,1752478956.13,50115518.8,110901034.57,265503080.08,0.0,0.0,2178998589.59,0.0,586289593.86,2184216134.0,3448762316.85,2178998589.59,2765288183.45,4363214723.59,5627760906.43
48373,"Polk, TX",evaporative,1.2,0.08,True,True,847997.18,651.92,61.2,0.0,3.29,False,0.0,1802485133.8,99429755.49,197206470.35,388090349.08,0.0,0.0,2487211708.71,0.0,503992488.19,1877619073.64,2964661695.22,2487211708.71,2991204196.9,4364830782.35,5451873403.93
28083,"Leflore, MS",evaporative,1.19,0.07,True,True,841956.97,589.73,68.1,0.0,2.89,True,0.0,1991420021.49,48107234.92,196033047.36,265503080.08,0.0,0.0,2501063383.85,0.0,500402592.9,1864244953.95,2943544664.12,2501063383.85,3001465976.75,4365308337.8,5444608047.98
37147,"Pitt, NC",dry,1.23,0.07,True,True,698471.29,27.77,77.7,0.0,2.89,True,0.0,2349640136.56,9714650.52,196601819.2,265503080.08,0.0,0.0,2821459686.36,0.0,415124355.09,1546541715.06,2441907971.15,2821459686.36,3236584041.46,4368001401.42,5263367657.51
48189,"Hale, TX",dry,1.22,0.08,True,True,1015965.24,27.77,61.2,0.0,1.73,False,0.0,1831833902.21,13591932.15,273616546.99,0.0,0.0,0.0,2119042381.35,0.0,603821406.77,2249530731.11,3551890628.06,2119042381.35,2722863788.12,4368573112.46,5670933009.41
04015,"Mohave, AZ",evaporative,1.18,0.09,True,True,795167.93,527.02,79.0,0.0,2.03,False,0.0,2293452584.39,114398323.67,192970369.67,10266940.45,0.0,0.0,2611088218.17,0.0,472594333.62,1760645556.63,2779966668.37,2611088218.17,3083682551.79,4371733774.8,5391054886.54
28001,"Adams, MS",evaporative,1.2,0.07,True,True,845873.86,630.06,68.1,0.0,2.89,True,0.0,2000684360.47,71803411.99,161521478.28,265503080.08,0.0,0.0,2499512330.83,0.0,502730529.35,1872917658.36,2957238407.93,2499512330.83,3002242860.18,4372429989.19,5456750738.76
47009,"Blount, TN",evaporative,1.16,0.1,True,True,990280.76,319.02,62.1,0.0,2.89,True,0.0,1759254312.89,26107839.74,129201479.04,265503080.08,0.0,0.0,2180066711.75,0.0,588556280.8,2192660653.97,3462095769.42,2180066711.75,2768622992.55,4372727365.71,5642162481.17
05119,"Pulaski, AR",evaporative,1.19,0.09,True,True,837215.35,540.91,66.1,0.0,2.89,True,1.8,1922049214.63,82511235.09,205333347.73,265503080.08,45000000.0,0.0,2520396877.53,0.0,497584494.22,1853746154.93,2926967613.05,2520396877.53,3017981371.75,4374143032.46,5447364490.58
40021,"Cherokee, OK",evaporative,1.18,0.09,True,True,980521.65,484.53,58.4,0.0,2.89,True,0.0,1687041854.87,39525514.59,212073498.56,265503080.08,0.0,0.0,2204143948.1,0.0,582756123.51,2171052224.86,3427977197.14,2204143948.1,2786900071.61,4375196172.96,5632121145.24
19033,"Cerro Gordo, IA",dry,1.17,0.07,True,True,1022674.14,27.77,68.0,0.0,1.77,False,0.0,1941736164.45,7559648.15,161763727.35,0.0,0.0,0.0,2111059539.95,0.0,607808725.65,2264385448.51,3575345445.02,2111059539.95,2718868265.61,4375444988.47,5686404984.97
47155,"Sevier, TN",evaporative,1.15,0.1,True,True,981810.53,247.19,62.1,0.0,2.89,True,0.0,1744206777.57,47348537.59,144527120.31,265503080.08,0.0,0.0,2201585515.56,0.0,583522147.1,2173906038.23,3432483218.26,2201585515.56,2785107662.67,4375491553.8,5634068733.83
19115,"Louisa, IA",evaporative,1.15,0.07,True,True,1012626.81,302.72,68.0,0.0,1.7,False,0.0,1922659456.21,36212224.84,176043090.76,0.0,0.0,0.0,2134914771.82,0.0,601837270.86,2242138852.22,3540219240.35,2134914771.82,2736752042.68,4377053624.04,5675134012.17
48369,"Parmer, TX",dry,1.2,0.08,True,True,1000437.21,27.77,61.2,0.0,2.89,True,0.0,1803836126.39,13591932.15,79108283.93,265503080.08,0.0,0.0,2162039422.55,0.0,594592591.67,2215148870.92,3497603480.4,2162039422.55,2756632014.22,4377188293.47,5659642902.95
28029,"Copiah, MS",evaporative,1.19,0.07,True,True,842188.66,592.11,68.1,0.0,2.89,True,0.0,1991968021.16,103526157.78,154334828.94,265503080.08,0.0,0.0,2515332087.97,0.0,500540293.86,1864757957.54,2944354669.79,2515332087.97,3015872381.83,4380090045.5,5459686757.76
48491,"Williamson, TX",dry,1.3,0.08,True,True,907794.52,27.77,61.2,0.0,2.89,True,1.8,1944991929.54,7314522.94,108550964.41,265503080.08,45000000.0,0.0,2371360496.96,0.0,539532008.31,2010021207.43,3173717695.94,2371360496.96,2910892505.27,4381381704.39,5545078192.91
48091,"Comal, TX",dry,1.29,0.08,True,True,905301.19,27.77,61.2,0.0,2.89,True,0.0,1939649838.38,11303065.27,161583061.34,265503080.08,0.0,0.0,2378039045.08,0.0,538050136.26,2004500507.65,3165000801.56,2378039045.08,2916089181.34,4382539552.73,5543039846.64
40007,"Beaver, OK",dry,1.23,0.09,True,True,1022631.25,27.77,58.4,0.0,1.93,False,0.0,1759493745.55,8328741.27,354574588.59,0.0,0.0,0.0,2122397075.41,0.0,607783234.03,2264290479.74,3575195494.32,2122397075.41,2730180309.45,4386687555.15,5697592569.73
05145,"White, AR",evaporative,1.18,0.09,True,True,833683.32,504.55,66.1,0.0,2.89,True,0.0,1913940514.61,113503127.32,248655159.31,265503080.08,0.0,0.0,2541601881.32,0.0,495485295.42,1845925610.4,2914619384.85,2541601881.32,3037087176.75,4387527491.72,5456221266.17
48341,"Moore, TX",evaporative,1.17,0.08,True,True,970986.88,401.26,61.2,0.0,2.89,True,0.0,1750735775.4,83020234.83,139335553.34,265503080.08,0.0,0.0,2238594643.65,0.0,577089296.96,2149940518.1,3394642923.32,2238594643.65,2815683940.62,4388535161.76,5633237566.98
53003,"Asotin, WA",evaporative,1.13,0.08,True,False,682112.86,144.46,66.1,0.0,2.89,True,0.0,1833648041.9,27319257.7,142963388.35,265503080.08,0.0,611610564.03,2881044332.07,0.0,405402004.25,1510321192.31,2384717672.07,2881044332.07,3286446336.32,4391365524.38,5265762004.14
05001,"Arkansas, AR",evaporative,1.19,0.09,True,True,838614.4,555.32,66.1,0.0,2.8,False,0.0,1925261107.35,125903962.35,244473198.39,239425051.33,0.0,0.0,2535063319.43,0.0,498415996.35,1856843907.97,2931858802.05,2535063319.43,3033479315.77,4391907227.39,5466922121.48
42055,"Franklin, PA",dry,1.17,0.06,True,True,668023.74,27.77,78.7,0.0,3.81,False,0.0,2262847891.82,7896832.34,100622261.32,542505133.47,0.0,0.0,2913872118.95,0.0,397028380.05,1479125337.45,2335461059.13,2913872118.95,3310900499.0,4392997456.4,5249333178.08
21083,"Graves, KY",evaporative,1.17,0.06,True,True,1002364.16,421.49,65.0,0.0,0.19,False,0.0,1863878366.34,46035020.56,263722432.42,0.0,0.0,0.0,2173635819.31,0.0,595737838.56,2219415477.0,3504340226.84,2173635819.31,2769373657.87,4393051296.31,5677976046.15
48217,"Hill, TX",evaporative,1.21,0.08,True,True,843594.91,675.92,61.2,0.0,3.49,False,1.8,1807441266.75,107450142.78,119038364.08,447227926.08,45000000.0,0.0,2526157699.69,0.0,501376073.46,1867871646.24,2949271020.38,2526157699.69,3027533773.15,4394029345.93,5475428720.07
48339,"Montgomery, TX",dry,1.3,0.08,True,True,917984.92,27.77,61.2,0.0,2.89,True,0.0,1951249617.0,7979263.52,136756314.01,265503080.08,0.0,0.0,2361488274.61,0.0,545588493.97,2032584585.37,3209344082.16,2361488274.61,2907076768.58,4394072859.98,5570832356.77
47123,"Monroe, TN",evaporative,1.15,0.1,True,True,988741.44,305.97,62.1,0.0,2.89,True,0.0,1756519683.48,24959251.13,159521918.45,265503080.08,0.0,0.0,2206503933.14,0.0,587641414.03,2189252326.78,3456714200.17,2206503933.14,2794145347.17,4395756259.92,5663218133.31
40027,"Cleveland, OK",evaporative,1.19,0.09,True,True,986577.47,537.42,58.4,0.0,2.85,False,0.0,1697461222.85,90905497.01,167959600.33,255030800.82,0.0,0.0,2211357121.02,0.0,586355293.55,2184460897.55,3449148785.6,2211357121.02,2797712414.57,4395818018.57,5660505906.62
48093,"Comanche, TX",dry,1.28,0.08,True,True,892871.95,27.77,61.2,0.0,3.3,False,0.0,1913019623.86,7482410.33,108826181.62,389733059.55,0.0,0.0,2419061275.36,0.0,530663034.6,1976979932.82,3121547262.35,2419061275.36,2949724309.96,4396041208.18,5540608537.71
05085,"Lonoke, AR",dry,1.25,0.09,True,True,882751.13,27.77,66.1,0.0,2.5,False,0.0,2026588630.22,8309703.44,258503813.96,149486652.98,0.0,0.0,2442888800.6,0.0,524647897.09,1954570597.0,3086164100.53,2442888800.6,2967536697.69,4397459397.6,5529052901.13
48487,"Wilbarger, TX",dry,1.28,0.08,True,True,1065306.52,27.77,61.2,0.0,1.78,False,0.0,1920798581.46,9455275.58,111569650.52,0.0,0.0,0.0,2041823507.56,0.0,633146542.48,2358781236.69,3724391426.35,2041823507.56,2674970050.04,4400604744.25,5766214933.91
13301,"Warren, GA",evaporative,1.18,0.08,True,True,948464.39,496.75,72.1,0.0,1.61,False,0.0,2085776466.33,112073683.92,104675159.28,0.0,0.0,0.0,2302525309.52,0.0,563703439.15,2100071636.03,3315902583.21,2302525309.52,2866228748.66,4402596945.55,5618427892.73
47057,"Grainger, TN",evaporative,1.16,0.1,True,True,990259.09,318.84,62.1,0.0,2.89,True,0.0,1759215807.64,64278404.94,121884030.42,265503080.08,0.0,0.0,2210881323.08,0.0,588543398.92,2192612662.64,3462019993.64,2210881323.08,2799424722.0,4403493985.72,5672901316.72
53011,"Clark, WA",evaporative,1.13,0.08,False,False,678201.67,97.31,66.1,0.0,2.09,False,0.0,1823134025.88,7937882.34,137370607.77,25872689.94,0.0,909504158.1,2903819364.03,0.0,403077456.1,1501661110.96,2371043859.41,2903819364.03,3306896820.13,4405480474.99,5274863223.44
05095,"Monroe, AR",evaporative,1.19,0.09,True,True,836296.47,531.45,66.1,0.0,2.89,True,0.0,1919939692.37,105995400.99,262481238.81,265503080.08,0.0,0.0,2553919412.26,0.0,497038376.28,1851711597.89,2923755154.56,2553919412.26,3050957788.54,4405631010.15,5477674566.82
47089,"Jefferson, TN",evaporative,1.16,0.1,True,True,992505.54,337.89,62.1,0.0,2.89,True,0.0,1763206676.44,67869529.87,112601008.33,265503080.08,0.0,0.0,2209180294.72,0.0,589878538.97,2197586713.83,3469873758.67,2209180294.72,2799058833.7,4406767008.55,5679054053.39
21177,"Muhlenberg, KY",dry,1.21,0.06,True,True,1038671.97,27.77,65.0,0.0,1.3,False,0.0,1931392089.39,6980276.15,172746762.68,0.0,0.0,0.0,2111119128.21,0.0,617316757.11,2299807526.48,3631275041.81,2111119128.21,2728435885.32,4410926654.69,5742394170.02
13303,"Washington, GA",evaporative,1.19,0.08,True,True,953145.56,539.08,72.1,0.0,1.85,False,0.0,2096070885.3,114552619.7,89914867.71,0.0,0.0,0.0,2300538372.71,0.0,566485616.18,2110436609.29,3332268330.46,2300538372.71,2867023988.89,4410974982.0,5632806703.17
48205,"Hartley, TX",dry,1.21,0.08,True,True,1002107.1,27.77,61.2,0.0,2.89,True,0.0,1806847010.7,11671040.81,111994151.09,265503080.08,0.0,0.0,2196015282.69,0.0,595585059.6,2218846300.46,3503441527.04,2196015282.69,2791600342.28,4414861583.14,5699456809.72
47013,"Campbell, TN",evaporative,1.15,0.1,True,True,984393.8,269.1,62.1,0.0,2.89,True,0.0,1748795994.35,60677380.73,162274356.16,265503080.08,0.0,0.0,2237250811.32,0.0,585057463.71,2179625845.19,3441514492.4,2237250811.32,2822308275.03,4416876656.51,5678765303.72
40137,"Stephens, OK",evaporative,1.19,0.09,True,True,990976.59,575.84,58.4,0.0,2.89,True,0.0,1705030147.71,96344228.5,156487708.95,265503080.08,0.0,0.0,2223365165.24,0.0,588969832.9,2194201338.25,3464528428.81,2223365165.24,2812334998.13,4417566503.48,5687893594.05
40127,"Pushmataha, OK",evaporative,1.18,0.09,True,True,983200.69,507.93,58.4,0.0,2.89,True,0.0,1691651280.24,41434157.25,242364683.25,265503080.08,0.0,0.0,2240953200.82,0.0,584348360.75,2176984089.08,3437343298.54,2240953200.82,2825301561.57,4417937289.89,5678296499.36
47007,"Bledsoe, TN",evaporative,1.15,0.1,True,True,987309.72,293.83,62.1,0.0,2.89,True,0.0,1753976197.75,44884440.53,168596668.73,265503080.08,0.0,0.0,2232960387.09,0.0,586790494.13,2186082233.04,3451708789.02,2232960387.09,2819750881.22,4419042620.13,5684669176.11
47107,"McMinn, TN",evaporative,1.16,0.1,True,True,996864.04,374.85,62.1,0.0,2.89,True,0.0,1770949643.9,30578318.3,145179060.49,265503080.08,0.0,0.0,2212210102.78,0.0,592468938.84,2207237223.13,3485111404.94,2212210102.78,2804679041.62,4419447325.9,5697321507.71
40041,"Delaware, OK",evaporative,1.18,0.09,True,True,977566.73,458.72,58.4,0.0,2.89,True,0.0,1681957737.72,45554386.74,262438371.12,265503080.08,0.0,0.0,2255453575.66,0.0,580999913.15,2164509480.35,3417646547.92,2255453575.66,2836453488.81,4419963056.01,5673100123.58
13163,"Jefferson, GA",evaporative,1.19,0.08,True,True,954995.05,555.8,72.1,0.0,1.98,False,0.0,2100138106.14,100396873.78,106786827.27,0.0,0.0,0.0,2307321807.19,0.0,567584826.19,2114531705.42,3338734271.71,2307321807.19,2874906633.38,4421853512.6,5646056078.9
28037,"Franklin, MS",evaporative,1.19,0.07,True,True,841886.36,589.0,68.1,0.0,2.89,True,0.0,1991253011.7,96529239.87,204778527.01,265503080.08,0.0,0.0,2558063858.67,0.0,500360626.8,1864088609.66,2943297804.72,2558063858.67,3058424485.47,4422152468.33,5501361663.39
21015,"Boone, KY",evaporative,1.16,0.06,True,True,990569.09,321.47,65.0,0.0,2.89,True,0.0,1841945644.5,27964506.59,93910520.43,265503080.08,0.0,0.0,2229323751.61,0.0,588727642.76,2193299061.27,3463103780.95,2229323751.61,2818051394.37,4422622812.87,5692427532.56
41051,"Multnomah, OR",evaporative,1.13,0.0,True,True,679040.66,107.42,80.5,0.0,3.7,False,0.0,2223053671.26,8762989.09,177426371.87,511293634.5,0.0,0.0,2920536666.72,0.0,403576100.36,1503518805.27,2373977060.96,2920536666.72,3324112767.08,4424055471.99,5294513727.67
47061,"Grundy, TN",evaporative,1.15,0.1,True,True,988796.2,306.43,62.1,0.0,2.89,True,0.0,1756616952.87,64266673.9,148586252.69,265503080.08,0.0,0.0,2234972959.55,0.0,587673955.38,2189373559.27,3456905619.89,2234972959.55,2822646914.93,4424346518.81,5691878579.44
47121,"Meigs, TN",evaporative,1.17,0.1,True,True,997998.77,384.47,62.1,0.0,2.89,True,0.0,1772965505.32,31504211.35,147094347.49,265503080.08,0.0,0.0,2217067144.26,0.0,593143342.7,2209749708.1,3489078486.47,2217067144.26,2810210486.96,4426816852.35,5706145630.72
40117,"Pawnee, OK",evaporative,1.18,0.09,True,True,983832.63,513.45,58.4,0.0,2.89,True,0.0,1692738574.56,41891972.57,250011734.46,265503080.08,0.0,0.0,2250145361.67,0.0,584723945.64,2178383326.89,3439552621.41,2250145361.67,2834869307.31,4428528688.56,5689697983.08
47173,"Union, TN",evaporative,1.16,0.1,True,True,990299.04,319.18,62.1,0.0,2.89,True,0.0,1759286790.41,76487910.57,136670691.32,265503080.08,0.0,0.0,2237948472.38,0.0,588567146.12,2192701132.59,3462159683.04,2237948472.38,2826515618.49,4430649604.97,5700108155.42
13077,"Coweta, GA",evaporative,1.18,0.08,True,True,944945.05,464.93,72.1,0.0,2.07,False,1.8,2078037056.74,108094380.84,87446445.08,20123203.29,45000000.0,0.0,2338701085.95,0.0,561611780.78,2092279183.29,3303598710.46,2338701085.95,2900312866.73,4430980269.24,5642299796.41
51660,"Harrisonburg, VA",dry,1.18,0.06,True,True,666767.83,27.77,89.9,0.0,2.89,True,0.0,2595171767.46,8652861.29,86508795.92,265503080.08,0.0,0.0,2955836504.75,0.0,396281954.87,1476344537.75,2331070322.76,2955836504.75,3352118459.62,4432181042.5,5286906827.51
48303,"Lubbock, TX",dry,1.24,0.08,True,True,864906.92,27.77,61.2,0.0,3.51,False,0.0,1853103254.21,13591932.15,196896632.81,453798767.97,0.0,0.0,2517390587.13,0.0,514042503.3,1915060306.4,3023779431.15,2517390587.13,3031433090.43,4432450893.53,5541170018.28
47137,"Pickett, TN",evaporative,1.16,0.1,True,True,990814.74,323.55,62.1,0.0,2.89,True,0.0,1760202935.52,73550882.22,139649089.43,265503080.08,0.0,0.0,2238905987.26,0.0,588873641.29,2193842977.36,3463962595.83,2238905987.26,2827779628.55,4432748964.62,5702868583.09
47011,"Bradley, TN",evaporative,1.17,0.1,True,True,998698.59,390.41,62.1,0.0,2.89,True,0.0,1774208754.7,53172954.92,130252426.14,265503080.08,0.0,0.0,2223137215.84,0.0,593559270.19,2211299241.87,3491525118.75,2223137215.84,2816696486.02,4434436457.71,5714662334.58
47029,"Cocke, TN",evaporative,1.15,0.1,True,True,986066.7,283.28,62.1,0.0,2.89,True,0.0,1751767949.03,59307345.15,174559680.41,265503080.08,0.0,0.0,2251138054.66,0.0,586051727.34,2183329964.62,3447363102.03,2251138054.66,2837189782.01,4434468019.28,5698501156.69
40067,"Jefferson, OK",evaporative,1.2,0.09,True,True,996672.95,625.59,58.4,0.0,2.89,True,0.0,1714831053.89,59676634.48,191496823.01,265503080.08,0.0,0.0,2231507591.46,0.0,592355367.22,2206814113.16,3484443336.57,2231507591.46,2823862958.68,4438321704.62,5715950928.03
05121,"Randolph, AR",dry,1.23,0.09,True,True,865780.23,27.77,66.1,0.0,2.89,True,0.0,1987627452.12,11793755.03,256628218.76,265503080.08,0.0,0.0,2521552505.99,0.0,514561538.24,1916993966.01,3026832577.91,2521552505.99,3036114044.23,4438546472.0,5548385083.9
47051,"Franklin, TN",evaporative,1.16,0.1,True,True,996341.33,370.42,62.1,0.0,2.89,True,0.0,1770021032.93,39729617.57,157418276.18,265503080.08,0.0,0.0,2232672006.76,0.0,592158273.22,2206079841.42,3483283960.14,2232672006.76,2824830279.98,4438751848.17,5715955966.89
51840,"Winchester, VA",dry,1.19,0.06,True,True,671139.45,27.77,89.9,0.0,2.89,True,0.0,2612186823.97,8648507.17,66813842.88,265503080.08,0.0,0.0,2953152254.1,0.0,398880148.92,1486024084.23,2346353817.2,2953152254.1,3352032403.03,4439176338.33,5299506071.31
47103,"Lincoln, TN",evaporative,1.17,0.1,True,True,998840.16,391.61,62.1,0.0,2.89,True,0.0,1774460252.78,41945276.01,145838762.18,265503080.08,0.0,0.0,2227747371.05,0.0,593643408.55,2211612698.52,3492020050.29,2227747371.05,2821390779.6,4439360069.57,5719767421.34
42065,"Jefferson, PA",evaporative,1.13,0.06,True,True,644315.85,142.06,78.7,0.0,4.17,False,0.0,2182540360.35,24474464.39,155489557.71,650924024.64,0.0,0.0,3013428407.09,0.0,382938007.81,1426631793.8,2252576516.52,3013428407.09,3396366414.9,4440060200.89,5266004923.61
48063,"Camp, TX",evaporative,1.2,0.08,True,True,994729.59,608.61,61.2,0.0,2.89,True,0.0,1793545002.46,49647771.36,130977831.54,265503080.08,0.0,0.0,2239673685.44,0.0,591200362.21,2202511153.32,3477649189.46,2239673685.44,2830874047.65,4442184838.76,5717322874.9
47143,"Rhea, TN",evaporative,1.16,0.1,True,True,993045.68,342.47,62.1,0.0,2.89,True,0.0,1764166251.83,28753911.34,186882961.71,265503080.08,0.0,0.0,2245306204.96,0.0,590199563.69,2198782688.27,3471762139.38,2245306204.96,2835505768.66,4444088893.24,5717068344.35
48449,"Titus, TX",evaporative,1.19,0.08,True,True,991354.69,579.14,61.2,0.0,2.89,True,0.0,1787459907.29,90630033.7,105611179.04,265503080.08,0.0,0.0,2249204200.11,0.0,589194552.23,2195038527.9,3465850307.21,2249204200.11,2838398752.33,4444242728.0,5715054507.31
47025,"Claiborne, TN",dry,1.18,0.1,True,True,1011927.65,27.77,62.1,0.0,2.89,True,0.0,1797710452.49,6822116.47,133643782.28,265503080.08,0.0,0.0,2203679431.32,0.0,601421733.13,2240590770.49,3537774900.77,2203679431.32,2805101164.45,4444270201.8,5741454332.08
47139,"Polk, TN",evaporative,1.16,0.1,True,True,990589.32,321.64,62.1,0.0,2.89,True,0.0,1759802479.92,32883224.83,193429991.02,265503080.08,0.0,0.0,2251618775.85,0.0,588739669.38,2193343866.32,3463174525.77,2251618775.85,2840358445.23,4444962642.17,5714793301.62
05133,"Sevier, AR",evaporative,1.19,0.09,True,True,836537.49,533.93,66.1,0.0,2.89,True,0.0,1920493014.52,43555533.69,363464444.77,265503080.08,0.0,0.0,2593016073.05,0.0,497181621.58,1852245256.85,2924597773.98,2593016073.05,3090197694.63,4445261329.91,5517613847.03
21147,"McCreary, KY",evaporative,1.15,0.06,True,True,987596.96,296.26,65.0,0.0,2.89,True,0.0,1836419021.56,49053691.78,108616345.07,265503080.08,0.0,0.0,2259592138.49,0.0,586961208.61,2186718228.14,3452712991.81,2259592138.49,2846553347.09,4446310366.63,5712305130.29
48375,"Potter, TX",evaporative,1.17,0.08,True,True,972347.4,413.14,61.2,0.0,2.89,True,0.0,1753188854.81,81122678.61,194303189.62,265503080.08,0.0,0.0,2294117803.12,0.0,577897897.49,2152952951.44,3399399397.01,2294117803.12,2872015700.62,4447070754.57,5693517200.14
40125,"Pottawatomie, OK",evaporative,1.19,0.09,True,True,986414.2,535.99,58.4,0.0,2.89,True,0.0,1697180300.01,107383895.51,194392511.92,265503080.08,0.0,0.0,2264459787.52,0.0,586258254.16,2184099378.26,3448577965.67,2264459787.52,2850718041.68,4448559165.78,5713037753.19
47153,"Sequatchie, TN",evaporative,1.15,0.1,True,True,988782.72,306.32,62.1,0.0,2.89,True,0.0,1756593015.04,40650165.61,196611929.91,265503080.08,0.0,0.0,2259358190.64,0.0,587665947.01,2189343724.15,3456858511.82,2259358190.64,2847024137.65,4448701914.79,5716216702.46
53025,"Grant, WA",dry,1.16,0.08,True,False,700390.21,27.77,66.1,0.0,3.54,False,0.0,1882781028.21,10467427.69,103399352.74,300000000.0,0.0,604241762.06,2900889570.7,0.0,416264836.53,1550790567.45,2448616685.44,2900889570.7,3317154407.23,4451680138.15,5349506256.15
48357,"Ochiltree, TX",dry,1.22,0.08,True,True,1013751.39,27.77,61.2,0.0,2.89,True,0.0,1827842218.88,6796281.17,107497899.62,265503080.08,0.0,0.0,2207639479.74,0.0,602505641.27,2244628859.64,3544150831.01,2207639479.74,2810145121.02,4452268339.39,5751790310.76
21037,"Campbell, KY",evaporative,1.16,0.06,True,True,990551.68,321.32,65.0,0.0,2.89,True,0.0,1841913270.32,26211538.59,125602116.03,265503080.08,0.0,0.0,2259230005.02,0.0,588717295.24,2193260511.67,3463042913.16,2259230005.02,2847947300.26,4452490516.69,5722272918.18
36033,"Franklin, NY",evaporative,1.13,0.08,False,False,260367.72,112.16,91.7,0.0,1.28,False,12.0,2533813510.76,9149429.19,125162547.71,0.0,300000000.0,909504158.1,3877629645.76,0.0,154745062.78,576501214.26,910265075.15,3877629645.76,4032374708.53,4454130860.02,4787894720.91
21211,"Shelby, KY",evaporative,1.16,0.06,True,True,989289.62,310.62,65.0,0.0,2.89,True,0.0,1839566496.36,36073881.56,122571107.99,265503080.08,0.0,0.0,2263714565.99,0.0,587967213.0,2190466087.66,3458630664.73,2263714565.99,2851681779.0,4454180653.65,5722345230.72
47043,"Dickson, TN",evaporative,1.17,0.1,True,True,998803.7,391.3,62.1,0.0,2.89,True,0.0,1774395480.69,75716420.14,127136092.26,265503080.08,0.0,0.0,2242751073.17,0.0,593621739.13,2211531969.3,3491892583.11,2242751073.17,2836372812.3,4454283042.48,5734643656.28
05053,"Grant, AR",evaporative,1.18,0.09,True,True,835727.05,525.59,66.1,0.0,3.29,False,1.8,1918632426.18,80008285.85,174170957.05,388090349.08,45000000.0,0.0,2605902018.16,0.0,496699948.21,1850450787.46,2921764401.26,2605902018.16,3102601966.37,4456352805.62,5527666419.41
21117,"Kenton, KY",evaporative,1.16,0.06,True,True,991402.79,328.54,65.0,0.0,2.89,True,0.0,1843495904.79,27566114.38,125243278.93,265503080.08,0.0,0.0,2261808378.19,0.0,589223141.14,2195145035.63,3466018477.31,2261808378.19,2851031519.33,4456953413.82,5727826855.5
47111,"Macon, TN",evaporative,1.17,0.1,True,True,999462.53,396.88,62.1,0.0,2.89,True,0.0,1775565922.65,79664075.0,127061300.26,265503080.08,0.0,0.0,2247794377.99,0.0,594013308.99,2212990758.98,3494195935.23,2247794377.99,2841807686.98,4460785136.97,5741990313.22
21173,"Montgomery, KY",evaporative,1.16,0.06,True,True,991533.18,329.64,65.0,0.0,2.89,True,0.0,1843738356.65,35970230.9,120718027.62,265503080.08,0.0,0.0,2265929695.26,0.0,589300634.26,2195433735.48,3466474319.18,2265929695.26,2855230329.52,4461363430.74,5732404014.44
13141,"Hancock, GA",evaporative,1.18,0.08,True,True,949939.99,510.09,72.1,0.0,0.71,False,0.0,2089021490.15,114378749.11,154725395.35,0.0,0.0,0.0,2358125634.61,0.0,564580441.61,2103338900.1,3321061421.21,2358125634.61,2922706076.22,4461464534.71,5679187055.82
48017,"Bailey, TX",dry,1.21,0.08,True,True,1007390.26,27.77,61.2,0.0,2.89,True,0.0,1816372806.72,13591932.15,136413197.99,265503080.08,0.0,0.0,2231881016.94,0.0,598725016.52,2230544179.21,3521911861.91,2231881016.94,2830606033.47,4462425196.15,5753792878.85
48257,"Kaufman, TX",dry,1.28,0.08,True,True,898002.75,27.77,61.2,0.0,3.44,False,0.0,1924012598.08,8181551.94,111578381.05,430800821.36,0.0,0.0,2474573352.43,0.0,533712436.18,1988340448.5,3139484918.68,2474573352.43,3008285788.6,4462913800.92,5614058271.11
40019,"Carter, OK",evaporative,1.19,0.09,True,True,993205.61,595.3,58.4,0.0,2.89,True,0.0,1708865311.19,119377626.86,170577082.47,265503080.08,0.0,0.0,2264323100.61,0.0,590294616.28,2199136805.73,3472321272.21,2264323100.61,2854617716.88,4463459906.34,5736644372.82
48067,"Cass, TX",evaporative,1.2,0.08,True,True,995653.09,616.68,61.2,0.0,2.89,True,0.0,1795210127.93,71700198.41,126537081.02,265503080.08,0.0,0.0,2258950487.45,0.0,591749232.06,2204555962.58,3480877835.65,2258950487.45,2850699719.51,4463506450.03,5739828323.1
05135,"Sharp, AR",dry,1.22,0.09,True,True,862377.09,27.77,66.1,0.0,2.89,True,0.0,1979814645.35,11517842.5,297922995.24,265503080.08,0.0,0.0,2554758563.17,0.0,512538940.97,1909458799.68,3014934946.87,2554758563.17,3067297504.14,4464217362.85,5569693510.04
47161,"Stewart, TN",evaporative,1.17,0.1,True,True,999569.32,397.79,62.1,0.0,2.89,True,0.0,1775755620.47,40589780.91,169748537.19,265503080.08,0.0,0.0,2251597018.66,0.0,594076772.15,2213227190.38,3494569247.96,2251597018.66,2845673790.81,4464824209.04,5746166266.62
47187,"Williamson, TN",evaporative,1.17,0.1,True,True,998444.22,388.25,62.1,0.0,2.89,True,0.0,1773756858.21,80082511.25,134867741.21,265503080.08,0.0,0.0,2254210190.76,0.0,593408088.8,2210736017.08,3490635816.45,2254210190.76,2847618279.55,4464946207.84,5744846007.2
40033,"Cotton, OK",evaporative,1.2,0.09,True,True,995864.76,618.53,58.4,0.0,2.89,True,0.0,1713440515.8,135221704.83,145824966.5,265503080.08,0.0,0.0,2259990267.21,0.0,591875032.61,2205024631.28,3481617838.86,2259990267.21,2851865299.82,4465014898.49,5741608106.07
21097,"Harrison, KY",evaporative,1.15,0.06,True,True,988877.69,307.12,65.0,0.0,2.89,True,0.0,1838800514.31,25176818.86,148265335.9,265503080.08,0.0,0.0,2277745749.15,0.0,587722387.75,2189553993.59,3457190516.2,2277745749.15,2865468136.91,4467299742.75,5734936265.35
47055,"Giles, TN",evaporative,1.17,0.1,True,True,999675.54,398.69,62.1,0.0,2.89,True,0.0,1775944334.28,43171905.24,170243348.36,265503080.08,0.0,0.0,2254862667.96,0.0,594139906.12,2213462395.34,3494940624.22,2254862667.96,2849002574.08,4468325063.3,5749803292.18
32510,"Carson City, NV",dry,1.14,0.08,True,True,684964.23,27.77,86.4,0.0,2.89,True,0.0,2406799524.39,12932527.27,266697480.78,265503080.08,0.0,0.0,2951932612.53,0.0,407096666.73,1516634640.76,2394686274.89,2951932612.53,3359029279.26,4468567253.29,5346618887.42
48027,"Bell, TX",dry,1.29,0.08,True,True,906057.12,27.77,61.2,0.0,3.22,False,1.8,1941269468.14,7422870.0,101808054.13,367145790.55,45000000.0,0.0,2462646182.82,0.0,538499414.27,2006174288.46,3167643613.36,2462646182.82,3001145597.1,4468820471.29,5630289796.19
48459,"Upshur, TX",evaporative,1.2,0.08,True,True,994760.78,608.89,61.2,0.0,2.89,True,0.0,1793601238.59,83716675.35,124580279.58,265503080.08,0.0,0.0,2267401273.6,0.0,591218899.14,2202580212.48,3477758230.23,2267401273.6,2858620172.74,4469981486.08,5745159503.83
22039,"Evangeline, LA",dry,1.29,0.1,True,True,910250.46,27.77,56.1,0.0,3.49,False,0.0,1773575291.2,7363520.4,229989306.58,445585215.61,0.0,0.0,2456513333.8,0.0,540991650.76,2015459091.07,3182303828.0,2456513333.8,2997504984.56,4471972424.86,5638817161.8
40035,"Craig, OK",evaporative,1.18,0.09,True,True,978874.15,470.14,58.4,0.0,2.89,True,0.0,1684207236.34,50406491.3,305759928.48,265503080.08,0.0,0.0,2305876736.21,0.0,581776959.13,2167404357.53,3422217406.63,2305876736.21,2887653695.33,4473281093.73,5728094142.83
13149,"Heard, GA",dry,1.23,0.08,True,True,986619.17,27.77,72.1,0.0,1.79,False,0.0,2169683000.01,7748378.98,111415675.74,0.0,0.0,0.0,2288847054.73,0.0,586380078.93,2184553235.24,3449294581.96,2288847054.73,2875227133.66,4473400289.97,5738141636.69
47075,"Haywood, TN",dry,1.24,0.1,True,True,1063426.42,27.77,62.1,0.0,1.55,False,0.0,1889199093.16,8396221.27,222427293.67,0.0,0.0,0.0,2120022608.11,0.0,632029140.88,2354618367.99,3717818475.78,2120022608.11,2752051748.99,4474640976.1,5837841083.88
40061,"Haskell, OK",evaporative,1.19,0.09,True,True,987060.32,541.63,58.4,0.0,2.89,True,0.0,1698291998.55,46179394.81,279618877.32,265503080.08,0.0,0.0,2289593350.75,0.0,586642269.02,2185530021.83,3450836876.58,2289593350.75,2876235619.77,4475123372.59,5740430227.33
48499,"Wood, TX",evaporative,1.19,0.08,True,True,992478.43,588.95,61.2,0.0,2.89,True,0.0,1789486059.94,130074010.04,95096019.23,265503080.08,0.0,0.0,2280159169.29,0.0,589862426.28,2197526686.15,3469778978.14,2280159169.29,2870021595.57,4477685855.44,5749938147.43
13291,"Union, GA",evaporative,1.14,0.08,True,True,917265.98,214.67,72.1,0.0,2.89,True,0.0,2017167775.81,18538879.73,147625883.68,265503080.08,0.0,0.0,2448835619.3,0.0,545161205.39,2030992725.96,3206830619.94,2448835619.3,2993996824.69,4479828345.26,5655666239.24
48445,"Terry, TX",dry,1.23,0.08,True,True,1023823.08,27.77,61.2,0.0,2.89,True,0.0,1846001956.59,13591932.15,87951001.77,265503080.08,0.0,0.0,2213047970.59,0.0,608491576.11,2266929401.19,3579362212.4,2213047970.59,2821539546.7,4479977371.78,5792410182.99
28085,"Lincoln, MS",dry,1.26,0.07,True,True,890064.36,27.77,68.1,0.0,2.89,True,0.0,2105204971.74,7441753.08,131081311.9,265503080.08,0.0,0.0,2509231116.81,0.0,528994393.49,1970763426.72,3111731726.41,2509231116.81,3038225510.3,4479994543.54,5620962843.22
40095,"Marshall, OK",evaporative,1.19,0.09,True,True,993249.0,595.68,58.4,0.0,2.89,True,0.0,1708939951.45,108773886.2,198494181.31,265503080.08,0.0,0.0,2281711099.04,0.0,590320399.32,2199232860.19,3472472937.15,2281711099.04,2872031498.36,4480943959.24,5754184036.19
40113,"Osage, OK",evaporative,1.18,0.09,True,True,981313.7,491.45,58.4,0.0,2.89,True,1.8,1688404612.71,83074559.96,226260712.87,265503080.08,45000000.0,0.0,2308242965.62,0.0,583226861.97,2172805956.36,3430746246.88,2308242965.62,2891469827.58,4481048921.97,5738989212.49
05049,"Fulton, AR",dry,1.21,0.09,True,True,855287.58,27.77,66.1,0.0,2.89,True,0.0,1963538790.91,10135451.41,348573738.08,265503080.08,0.0,0.0,2587751060.49,0.0,508325410.57,1893761333.48,2990149473.92,2587751060.49,3096076471.06,4481512393.97,5577900534.41
28133,"Sunflower, MS",evaporative,1.19,0.07,True,True,842296.18,593.22,68.1,0.0,3.3,False,0.0,1992222328.92,48392129.64,187200510.94,388911704.31,0.0,0.0,2616726673.81,0.0,500604196.14,1864996024.83,2944730565.52,2616726673.81,3117330869.95,4481722698.64,5561457239.33
21017,"Bourbon, KY",evaporative,1.16,0.06,True,True,990064.67,317.19,65.0,0.0,2.89,True,0.0,1841007678.15,26019570.83,157240584.51,265503080.08,0.0,0.0,2289770913.57,0.0,588427847.42,2192182176.67,3461340278.96,2289770913.57,2878198760.99,4481953090.24,5751111192.53
39079,"Jackson, OH",dry,1.18,0.07,True,True,1024047.71,27.77,71.0,0.0,2.19,False,0.0,2049515955.52,8713639.61,100146374.84,56262833.68,0.0,0.0,2214638803.64,0.0,608625085.41,2267426788.8,3580147561.26,2214638803.64,2823263889.05,4482065592.43,5794786364.9
40077,"Latimer, OK",evaporative,1.18,0.09,True,True,983240.23,508.27,58.4,0.0,2.89,True,0.0,1691719312.57,68343807.45,279878819.32,265503080.08,0.0,0.0,2305445019.42,0.0,584371861.21,2177071639.81,3437481536.54,2305445019.42,2889816880.63,4482516659.23,5742926555.96
21021,"Boyle, KY",evaporative,1.16,0.06,True,True,991973.62,333.38,65.0,0.0,2.89,True,0.0,1844557338.16,54389662.02,124169310.59,265503080.08,0.0,0.0,2288619390.86,0.0,589562399.34,2196408938.73,3468014113.79,2288619390.86,2878181790.2,4485028329.59,5756633504.64
48047,"Brooks, TX",dry,1.37,0.08,True,True,957418.52,27.77,61.2,0.0,1.4,False,0.0,2051313641.54,12125711.64,301885583.13,0.0,0.0,0.0,2365324936.31,0.0,569025172.75,2119897702.39,3347206898.51,2365324936.31,2934350109.06,4485222638.7,5712531834.82
47005,"Benton, TN",evaporative,1.17,0.1,True,True,1000508.63,405.76,62.1,0.0,2.89,True,0.0,1777424336.31,34246509.49,194929005.93,265503080.08,0.0,0.0,2272102931.8,0.0,594635038.9,2215307007.68,3497853170.02,2272102931.8,2866737970.71,4487409939.48,5769956101.82
21081,"Grant, KY",evaporative,1.16,0.06,True,True,991722.31,331.25,65.0,0.0,2.89,True,0.0,1844090031.92,71678120.46,110845290.65,265503080.08,0.0,0.0,2292116523.12,0.0,589413037.66,2195852493.25,3467135515.66,2292116523.12,2881529560.78,4487969016.37,5759252038.78
51600,"Fairfax, VA",dry,1.2,0.06,True,True,677111.57,27.77,89.9,0.0,2.89,True,0.0,2635431325.21,10068796.31,78821892.34,265503080.08,0.0,0.0,2989825093.95,0.0,402429577.33,1499247444.96,2367232807.83,2989825093.95,3392254671.28,4489072538.91,5357057901.78
21011,"Bath, KY",evaporative,1.16,0.06,True,True,989909.34,315.87,65.0,0.0,2.89,True,0.0,1840718846.59,25767177.78,169281775.6,265503080.08,0.0,0.0,2301270880.05,0.0,588335530.3,2191838250.13,3460797237.04,2301270880.05,2889606410.35,4493109130.17,5762068117.09
21179,"Nelson, KY",evaporative,1.16,0.06,True,True,996892.36,375.09,65.0,0.0,2.89,True,0.0,1853703664.26,30597912.43,136210110.39,265503080.08,0.0,0.0,2286014767.16,0.0,592485772.8,2207299937.87,3485210428.22,2286014767.16,2878500539.96,4493314705.03,5771225195.38
47165,"Sumner, TN",evaporative,1.17,0.1,True,True,1000794.4,408.18,62.1,0.0,2.89,True,0.0,1777932005.33,66126714.07,168083670.76,265503080.08,0.0,0.0,2277645470.24,0.0,594804878.92,2215939745.01,3498852228.96,2277645470.24,2872450349.17,4493585215.25,5776497699.21
47133,"Overton, TN",dry,1.19,0.1,True,True,1021623.06,27.77,62.1,0.0,2.89,True,0.0,1814934563.03,7088097.07,144128167.93,265503080.08,0.0,0.0,2231653908.11,0.0,607184037.29,2262058178.13,3571670807.58,2231653908.11,2838837945.4,4493712086.25,5803324715.69
47141,"Putnam, TN",dry,1.2,0.1,True,True,1024950.69,27.77,62.1,0.0,2.89,True,0.0,1820846164.96,7562659.9,130677138.22,265503080.08,0.0,0.0,2224589043.16,0.0,609161756.15,2269426150.38,3583304447.96,2224589043.16,2833750799.31,4494015193.54,5807893491.12
21215,"Spencer, KY",evaporative,1.16,0.06,True,True,993724.69,348.23,65.0,0.0,2.89,True,0.0,1847813425.64,28406570.16,152723267.54,265503080.08,0.0,0.0,2294446343.41,0.0,590603118.82,2200286128.93,3474135993.05,2294446343.41,2885049462.23,4494732472.34,5768582336.46
48493,"Wilson, TX",dry,1.32,0.08,True,True,926292.0,27.77,61.2,0.0,3.1,False,0.0,1984623634.99,11391300.14,118058430.36,331416837.78,0.0,0.0,2445490203.27,0.0,550525665.05,2050977967.84,3238386265.01,2445490203.27,2996015868.33,4496468171.11,5683876468.28
47083,"Houston, TN",evaporative,1.17,0.1,True,True,998901.23,392.12,62.1,0.0,2.89,True,0.0,1774568751.85,31987609.11,212835339.22,265503080.08,0.0,0.0,2284894780.27,0.0,593679706.77,2211747927.2,3492233569.26,2284894780.27,2878574487.04,4496642707.46,5777128349.52
05055,"Greene, AR",dry,1.24,0.09,True,True,875064.45,27.77,66.1,0.0,2.89,True,0.0,2008941839.22,13558331.17,271623928.3,265503080.08,0.0,0.0,2559627178.77,0.0,520079455.5,1937550912.64,3059290914.69,2559627178.77,3079706634.27,4497178091.41,5618918093.47
47071,"Hardin, TN",evaporative,1.17,0.1,True,True,1005187.91,445.44,62.1,0.0,2.89,True,0.0,1785737163.69,47686352.82,172957986.36,265503080.08,0.0,0.0,2271884582.96,0.0,597416084.68,2225667766.44,3514212262.8,2271884582.96,2869300667.63,4497552349.4,5786096845.75
05103,"Ouachita, AR",evaporative,1.19,0.09,True,True,837652.59,545.41,66.1,0.0,3.3,False,0.0,1923053018.93,125223526.76,208046697.03,389733059.55,0.0,0.0,2646056302.27,0.0,497844361.37,1854714287.46,2928496243.36,2646056302.27,3143900663.64,4500770589.73,5574552545.63
40015,"Caddo, OK",dry,1.25,0.09,True,True,1042519.6,27.77,58.4,0.0,2.61,False,0.0,1793712753.35,7723439.23,208813213.73,183572895.28,0.0,0.0,2193822301.58,0.0,619603531.37,2308326881.56,3644726655.1,2193822301.58,2813425832.95,4502149183.14,5838548956.68
47175,"Van Buren, TN",dry,1.19,0.1,True,True,1015530.2,27.77,62.1,0.0,2.89,True,0.0,1804110458.45,7800541.41,176647063.63,265503080.08,0.0,0.0,2254061143.58,0.0,603562846.94,2248567469.0,3550369687.89,2254061143.58,2857623990.52,4502628612.57,5804430831.46
05129,"Searcy, AR",dry,1.21,0.09,True,True,851891.73,27.77,66.1,0.0,2.89,True,0.0,1955742721.49,8766507.4,386414044.65,265503080.08,0.0,0.0,2616426353.63,0.0,506307146.29,1886242309.72,2978277331.14,2616426353.63,3122733499.92,4502668663.35,5594703684.77
51678,"Lexington, VA",dry,1.19,0.06,True,True,672476.0,27.77,89.9,0.0,2.89,True,0.0,2617388899.18,7583813.95,123514994.42,265503080.08,0.0,0.0,3013990787.64,0.0,399674504.26,1488983447.23,2351026495.63,3013990787.64,3413665291.89,4502974234.87,5365017283.27
51187,"Warren, VA",dry,1.18,0.06,True,True,667240.99,27.77,89.9,0.0,2.89,True,0.0,2597013368.48,8645379.37,154817579.84,265503080.08,0.0,0.0,3025979407.77,0.0,396563166.8,1477392190.03,2332724510.57,3025979407.77,3422542574.57,4503371597.8,5358703918.34
21005,"Anderson, KY",evaporative,1.16,0.06,True,True,990990.85,325.04,65.0,0.0,2.89,True,0.0,1842729907.22,45181082.6,156154516.72,265503080.08,0.0,0.0,2309568586.63,0.0,588978310.93,2194232923.07,3464578299.59,2309568586.63,2898546897.56,4503801509.7,5774146886.22
48469,"Victoria, TX",dry,1.34,0.08,True,True,938032.9,27.77,61.2,0.0,2.59,False,0.0,2009779049.71,9157812.51,232225905.55,176180698.15,0.0,0.0,2427343465.92,0.0,557503663.89,2076974434.1,3279433317.0,2427343465.92,2984847129.81,4504317900.02,5706776782.92
05143,"Washington, AR",evaporative,1.17,0.09,True,True,968851.04,382.6,66.1,0.0,2.89,True,0.0,1886749711.4,69356858.74,137561234.27,265503080.08,0.0,0.0,2359170884.49,0.0,575819897.89,2145211384.29,3387175869.94,2359170884.49,2934990782.38,4504382268.78,5746346754.43
47021,"Cheatham, TN",evaporative,1.17,0.1,True,True,998306.01,387.08,62.1,0.0,2.89,True,0.0,1773511338.4,67259215.75,188439744.29,265503080.08,0.0,0.0,2294713378.52,0.0,593325950.46,2210430011.51,3490152649.75,2294713378.52,2888039328.98,4505143390.03,5784866028.27
21229,"Washington, KY",evaporative,1.16,0.06,True,True,994577.73,355.46,65.0,0.0,2.89,True,0.0,1849399636.54,28996687.34,159696011.76,265503080.08,0.0,0.0,2303595415.72,0.0,591110107.83,2202174911.53,3477118281.37,2303595415.72,2894705523.55,4505770327.25,5780713697.09
13015,"Bartow, GA",dry,1.22,0.08,True,True,981951.3,27.77,72.1,0.0,1.79,False,1.8,2159417837.57,10009624.3,118996192.12,0.0,45000000.0,0.0,2333423653.99,0.0,583605808.79,2174217719.03,3432975345.83,2333423653.99,2917029462.78,4507641373.02,5766398999.82
21205,"Rowan, KY",evaporative,1.15,0.06,True,True,986126.68,283.79,65.0,0.0,2.89,True,0.0,1833685066.83,25776144.48,200011269.28,265503080.08,0.0,0.0,2324975560.66,0.0,586087374.61,2183462768.15,3447572791.82,2324975560.66,2911062935.27,4508438328.81,5772548352.48
37065,"Edgecombe, NC",dry,1.23,0.07,True,True,695759.03,27.77,77.7,0.0,2.89,True,7.8,2340516186.74,8398740.85,158668926.05,265503080.08,195000000.0,0.0,2968086933.72,0.0,413512374.72,1540536297.98,2432425733.65,2968086933.72,3381599308.44,4508623231.7,5400512667.37
51137,"Orange, VA",dry,1.2,0.06,True,True,678060.14,27.77,89.9,0.0,2.89,True,0.0,2639123300.64,7345858.43,95595777.91,265503080.08,0.0,0.0,3007568017.06,0.0,402993340.88,1501347740.53,2370549063.99,3007568017.06,3410561357.93,4508915757.58,5378117081.04
51079,"Greene, VA",dry,1.19,0.06,True,True,672538.94,27.77,89.9,0.0,2.89,True,0.0,2617633860.71,7910476.27,129442568.78,265503080.08,0.0,0.0,3020489985.84,0.0,399711909.81,1489122801.25,2351246528.3,3020489985.84,3420201895.65,4509612787.09,5371736514.13
28129,"Smith, MS",dry,1.26,0.07,True,True,886295.19,27.77,68.1,0.0,2.89,True,0.0,2096290025.32,8585020.31,177136426.71,265503080.08,0.0,0.0,2547514552.42,0.0,526754252.15,1962417802.14,3098554424.43,2547514552.42,3074268804.58,4509932354.56,5646068976.86
48219,"Hockley, TX",dry,1.23,0.08,True,True,1018846.67,27.77,61.2,0.0,2.89,True,0.0,1837029262.88,13591932.15,138258659.39,265503080.08,0.0,0.0,2254382934.5,0.0,605533936.48,2255910743.76,3561964332.25,2254382934.5,2859916870.98,4510293678.26,5816347266.75
21093,"Hardin, KY",evaporative,1.16,0.06,True,True,995045.84,359.43,65.0,0.0,2.89,True,0.0,1850270075.15,68031798.27,124605935.08,265503080.08,0.0,0.0,2308410888.59,0.0,591388319.77,2203211387.39,3478754822.19,2308410888.59,2899799208.36,4511622275.98,5787165710.78
47125,"Montgomery, TN",evaporative,1.17,0.1,True,True,1000218.41,403.29,62.1,0.0,2.89,True,0.0,1776908745.7,94275302.39,160390676.2,265503080.08,0.0,0.0,2297077804.37,0.0,594462548.72,2214664397.21,3496838521.91,2297077804.37,2891540353.09,4511742201.57,5793916326.27
51683,"Manassas, VA",dry,1.2,0.06,True,True,678674.69,27.77,89.9,0.0,2.89,True,0.0,2641515233.3,10394810.82,94657476.68,265503080.08,0.0,0.0,3012070600.88,0.0,403358588.28,1502708466.15,2372697578.13,3012070600.88,3415429189.16,4514779067.03,5384768179.01
21049,"Clark, KY",evaporative,1.16,0.06,True,True,993158.51,343.42,65.0,0.0,2.89,True,0.0,1846760620.21,71179209.25,133712082.02,265503080.08,0.0,0.0,2317154991.56,0.0,590266618.3,2199032499.56,3472156578.25,2317154991.56,2907421609.86,4516187491.12,5789311569.81
05021,"Clay, AR",dry,1.24,0.09,True,True,872556.91,27.77,66.1,0.0,2.89,True,0.0,2003185105.7,12978035.09,302895347.87,265503080.08,0.0,0.0,2584561568.75,0.0,518589139.17,1931998753.75,3050524348.03,2584561568.75,3103150707.91,4516560322.5,5635085916.78
51610,"Falls Church, VA",dry,1.2,0.06,True,True,680977.67,27.77,89.9,0.0,2.89,True,0.0,2650478806.62,10230871.57,83194420.49,265503080.08,0.0,0.0,3009407178.76,0.0,404727323.25,1507807674.87,2380748960.32,3009407178.76,3414134502.02,4517214853.63,5390156139.09
48381,"Randall, TX",dry,1.22,0.08,True,True,1011020.48,27.77,61.2,0.0,2.89,True,0.0,1822918273.07,13572809.09,177325619.57,265503080.08,0.0,0.0,2279319781.8,0.0,600882577.15,2238582150.17,3534603395.0,2279319781.8,2880202358.95,4517901931.97,5813923176.8
51005,"Alleghany, VA",dry,1.16,0.06,True,True,658029.56,27.77,89.9,0.0,2.89,True,0.0,2561160950.69,7575081.11,229099211.77,265503080.08,0.0,0.0,3063338323.65,0.0,391088513.29,1456996422.07,2300520666.43,3063338323.65,3454426836.95,4520334745.73,5363858990.09
28127,"Simpson, MS",dry,1.26,0.07,True,True,885694.43,27.77,68.1,0.0,2.89,True,0.0,2094869094.64,8765788.22,190157472.85,265503080.08,0.0,0.0,2559295435.8,0.0,526397201.71,1961087614.22,3096454127.72,2559295435.8,3085692637.51,4520383050.02,5655749563.52
40039,"Custer, OK",dry,1.25,0.09,True,True,1037377.66,27.77,58.4,0.0,2.89,True,0.0,1784865769.28,7021514.79,167149262.13,265503080.08,0.0,0.0,2224539626.28,0.0,616547511.08,2296941707.93,3626750065.15,2224539626.28,2841087137.35,4521481334.21,5851289691.43
13115,"Floyd, GA",dry,1.22,0.08,True,True,980929.12,27.77,72.1,0.0,1.74,False,1.8,2157169941.41,7818283.99,139716742.4,0.0,45000000.0,0.0,2349704967.79,0.0,582998290.77,2171954416.59,3429401710.4,2349704967.79,2932703258.56,4521659384.38,5779106678.19
21191,"Pendleton, KY",evaporative,1.15,0.06,True,True,989003.76,308.19,65.0,0.0,2.89,True,0.0,1839034943.79,25140716.34,202805291.43,265503080.08,0.0,0.0,2332484031.64,0.0,587797316.74,2189833140.78,3457631274.92,2332484031.64,2920281348.38,4522317172.43,5790115306.57
51630,"Fredericksburg, VA",dry,1.2,0.06,True,True,679985.9,27.77,89.9,0.0,2.89,True,0.0,2646618708.27,8387838.57,96260065.16,265503080.08,0.0,0.0,3016769692.09,0.0,404137887.39,1505611737.33,2377281690.52,3016769692.09,3420907579.47,4522381429.41,5394051382.6
47039,"Decatur, TN",evaporative,1.17,0.1,True,True,1002698.5,424.33,62.1,0.0,2.89,True,0.0,1781314682.03,45253032.83,210163767.68,265503080.08,0.0,0.0,2302234562.62,0.0,595936549.09,2220155771.11,3505509112.28,2302234562.62,2898171111.71,4522390333.73,5807743674.9
51135,"Nottoway, VA",dry,1.2,0.06,True,True,681683.17,27.77,89.9,0.0,2.89,True,0.0,2653224766.68,9999543.46,87679407.08,265503080.08,0.0,0.0,3016406797.29,0.0,405146630.54,1509369800.04,2383215473.74,3016406797.29,3421553427.83,4525776597.33,5399622271.03
51113,"Madison, VA",dry,1.19,0.06,True,True,673025.21,27.77,89.9,0.0,2.89,True,0.0,2619526535.72,8389188.46,142779583.07,265503080.08,0.0,0.0,3036198387.33,0.0,400000920.72,1490199508.56,2352946592.46,3036198387.33,3436199308.05,4526397895.89,5389144979.79
51117,"Mecklenburg, VA",dry,1.21,0.06,True,True,686814.84,27.77,89.9,0.0,2.7,False,0.0,2673198050.79,8870133.87,114909324.0,209034907.6,0.0,0.0,3006012416.25,0.0,408196545.06,1520732226.7,2401156147.43,3006012416.25,3414208961.31,4526744642.95,5407168563.67
21045,"Casey, KY",evaporative,1.16,0.06,True,True,990442.83,320.39,65.0,0.0,2.89,True,0.0,1841710873.43,71704673.69,155610702.83,265503080.08,0.0,0.0,2334529330.03,0.0,588652604.6,2193019507.32,3462662379.97,2334529330.03,2923181934.63,4527548837.35,5797191710.0
47079,"Henry, TN",evaporative,1.17,0.1,True,True,1000610.67,406.62,62.1,0.0,2.89,True,0.0,1777605608.17,73472202.76,195490023.14,265503080.08,0.0,0.0,2312070914.16,0.0,594695683.17,2215532937.31,3498209901.02,2312070914.16,2906766597.33,4527603851.47,5810280815.18
05007,"Benton, AR",evaporative,1.17,0.09,True,True,971222.63,403.32,66.1,0.0,2.89,True,0.0,1891368168.09,86623048.96,134356741.57,265503080.08,0.0,0.0,2377851038.7,0.0,577229411.43,2150462513.16,3395467126.04,2377851038.7,2955080450.12,4528313551.85,5773318164.73
40009,"Beckham, OK",dry,1.25,0.09,True,True,1036888.37,27.77,58.4,0.0,2.89,True,0.0,1784023916.83,12780603.94,170381581.28,265503080.08,0.0,0.0,2232689182.13,0.0,616256709.36,2295858328.97,3625039466.8,2232689182.13,2848945891.49,4528547511.1,5857728648.93
48253,"Jones, TX",dry,1.28,0.08,True,True,899255.07,27.77,61.2,0.0,3.49,False,0.0,1926695753.43,9279279.34,155082238.5,447227926.08,0.0,0.0,2538285197.34,0.0,534456731.39,1991113313.04,3143863125.85,2538285197.34,3072741928.74,4529398510.38,5682148323.2
47077,"Henderson, TN",evaporative,1.17,0.1,True,True,1005273.49,446.16,62.1,0.0,2.89,True,0.0,1785889196.88,74945359.32,177375502.89,265503080.08,0.0,0.0,2303713139.17,0.0,597466947.19,2225857254.22,3514511454.03,2303713139.17,2901180086.36,4529570393.39,5818224593.2
47159,"Smith, TN",evaporative,1.17,0.1,True,True,998460.52,388.39,62.1,0.0,2.89,True,0.0,1773785829.87,76188999.24,204053202.81,265503080.08,0.0,0.0,2319531112.0,0.0,593417781.23,2210772126.13,3490692830.74,2319531112.0,2912948893.23,4530303238.14,5810223942.74
13111,"Fannin, GA",evaporative,1.15,0.08,True,True,920944.33,247.93,72.1,0.0,2.89,True,0.0,2025256868.71,29134352.86,171761431.19,265503080.08,0.0,0.0,2491655732.84,0.0,547347369.42,2039137258.63,3219690408.37,2491655732.84,3039003102.26,4530792991.47,5711346141.21
21185,"Oldham, KY",evaporative,1.16,0.06,True,True,992337.48,336.46,65.0,0.0,2.89,True,1.8,1845233935.36,27446923.8,151490234.19,265503080.08,45000000.0,0.0,2334674173.44,0.0,589778655.17,2197214597.69,3469286206.88,2334674173.44,2924452828.6,4531888771.12,5803960380.31
51145,"Powhatan, VA",dry,1.2,0.06,True,True,680433.91,27.77,89.9,0.0,2.89,True,0.0,2648362402.0,8124660.66,103891180.87,265503080.08,0.0,0.0,3025881323.61,0.0,404404148.9,1506603691.98,2378847934.7,3025881323.61,3430285472.51,4532485015.59,5404729258.31
47047,"Fayette, TN",evaporative,1.18,0.1,True,True,1008212.63,471.09,62.1,0.0,2.89,True,0.0,1791110656.34,50728010.97,193292507.76,265503080.08,0.0,0.0,2300634255.16,0.0,599213779.77,2232365061.88,3524786939.82,2300634255.16,2899848034.93,4532999317.04,5825421194.98
42039,"Crawford, PA",evaporative,1.13,0.06,True,True,644963.89,150.32,78.7,0.0,4.64,False,0.0,2184735488.06,25024552.66,103070013.94,792607802.87,0.0,0.0,3105437857.54,0.0,383323154.33,1428066653.4,2254842084.31,3105437857.54,3488761011.87,4533504510.94,5360279941.85
36097,"Schuyler, NY",evaporative,1.13,0.09,False,False,261446.74,146.1,91.7,0.0,1.21,False,12.0,2544314176.22,18247775.06,121470329.95,0.0,300000000.0,970895688.78,3954927970.01,0.0,155386359.43,578890358.68,914037408.44,3954927970.01,4110314329.44,4533818328.68,4868965378.44
39099,"Mahoning, OH",evaporative,1.14,0.07,True,True,991030.0,202.32,71.0,0.0,2.89,True,0.0,1983434733.05,17532435.22,74395129.65,265503080.08,0.0,0.0,2340865378.0,0.0,589001578.92,2194319607.74,3464715170.11,2340865378.0,2929866956.92,4535184985.74,5805580548.11
05075,"Lawrence, AR",dry,1.24,0.09,True,True,873670.51,27.77,66.1,0.0,2.89,True,0.0,2005741678.43,11344059.8,319084112.37,265503080.08,0.0,0.0,2601672930.69,0.0,519250990.56,1934464474.63,3054417591.52,2601672930.69,3120923921.25,4536137405.32,5656090522.21
47185,"White, TN",dry,1.2,0.1,True,True,1024775.33,27.77,62.1,0.0,2.89,True,0.0,1820534622.02,7822797.49,174673757.33,265503080.08,0.0,0.0,2268534256.92,0.0,609057529.86,2269037856.35,3582691352.13,2268534256.92,2877591786.78,4537572113.26,5851225609.04
01069,"Houston, AL",evaporative,1.2,0.09,True,True,961527.39,614.86,72.5,0.0,0.75,False,0.0,2126234380.03,109558525.33,173909960.81,0.0,0.0,0.0,2409702866.17,0.0,571467209.36,2128995485.84,3361571819.74,2409702866.17,2981170075.53,4538698352.01,5771274685.91
47041,"DeKalb, TN",dry,1.2,0.1,True,True,1029956.71,27.77,62.1,0.0,2.89,True,0.0,1829739449.0,7822797.49,155228320.52,265503080.08,0.0,0.0,2258293647.09,0.0,612136992.96,2280510365.92,3600805840.93,2258293647.09,2870430640.04,4538804013.0,5859099488.01
21209,"Scott, KY",dry,1.19,0.06,True,True,1019419.04,27.77,65.0,0.0,2.89,True,0.0,1895591611.89,7907569.96,113310271.19,265503080.08,0.0,0.0,2282312533.12,0.0,605874111.78,2257178063.48,3563965363.39,2282312533.12,2888186644.9,4539490596.61,5846277896.52
51760,"Richmond, VA",dry,1.21,0.06,True,True,686620.67,27.77,89.9,0.0,2.89,True,0.0,2672442306.53,7824116.69,73616213.15,265503080.08,0.0,0.0,3019385716.45,0.0,408081143.14,1520302297.97,2400477312.58,3019385716.45,3427466859.59,4539688014.42,5419863029.04
47147,"Robertson, TN",dry,1.21,0.1,True,True,1038718.31,27.77,62.1,0.0,2.89,True,0.0,1845304629.49,10274982.99,120574625.13,265503080.08,0.0,0.0,2241657317.69,0.0,617344304.19,2299910152.85,3631437083.45,2241657317.69,2859001621.87,4541567470.54,5873094401.14
47145,"Roane, TN",evaporative,1.16,0.1,True,True,995018.37,359.2,62.1,0.0,2.71,False,6.0,1767670768.7,52414175.77,156968202.59,212320328.54,150000000.0,0.0,2339373475.6,0.0,591371995.33,2203150570.84,3478658796.07,2339373475.6,2930745470.93,4542524046.44,5818032271.67
28113,"Pike, MS",dry,1.27,0.07,True,True,895481.52,27.77,68.1,0.0,2.89,True,0.0,2118017781.98,8300233.95,168933245.56,265503080.08,0.0,0.0,2560754341.58,0.0,532213987.25,1982757991.7,3130670513.21,2560754341.58,3092968328.82,4543512333.27,5691424854.78
28147,"Walthall, MS",dry,1.27,0.07,True,True,896748.01,27.77,68.1,0.0,2.89,True,0.0,2121013329.87,8821945.67,162810033.22,265503080.08,0.0,0.0,2558148388.85,0.0,532966706.37,1985562239.41,3135098272.75,2558148388.85,3091115095.21,4543710628.25,5693246661.6
47037,"Davidson, TN",evaporative,1.17,0.1,True,True,1003079.95,427.56,62.1,0.0,2.89,True,1.8,1781992343.79,82411513.53,149278364.81,265503080.08,45000000.0,0.0,2324185302.22,0.0,596163259.97,2221000380.27,3506842705.68,2324185302.22,2920348562.18,4545185682.48,5831028007.9
36019,"Clinton, NY",evaporative,1.13,0.09,False,False,261227.76,139.22,91.7,0.0,1.31,False,12.0,2542183148.94,11356559.79,145225982.31,0.0,300000000.0,970895688.78,3969661379.82,0.0,155256213.33,578405500.65,913271843.13,3969661379.82,4124917593.15,4548066880.47,4882933222.96
51087,"Henrico, VA",dry,1.21,0.06,True,True,686716.62,27.77,89.9,0.0,2.89,True,0.0,2672815761.9,9126831.49,80351942.65,265503080.08,0.0,0.0,3027797616.12,0.0,408138169.66,1520514749.73,2400812762.73,3027797616.12,3435935785.79,4548312365.85,5428610378.85
47109,"McNairy, TN",evaporative,1.17,0.1,True,True,1006096.02,453.14,62.1,0.0,2.89,True,0.0,1787350453.13,103507802.94,164541086.33,265503080.08,0.0,0.0,2320902422.48,0.0,597955808.59,2227678502.6,3517387109.37,2320902422.48,2918858231.07,4548580925.08,5838289531.85
48207,"Haskell, TX",dry,1.28,0.08,True,True,898025.69,27.77,61.2,0.0,3.64,False,0.0,1924061758.39,8239394.26,135562704.72,493223819.3,0.0,0.0,2561087676.68,0.0,533726073.03,1988391252.45,3139565135.45,2561087676.68,3094813749.71,4549478929.13,5700652812.13
19099,"Jasper, IA",evaporative,1.15,0.07,True,True,1010128.25,282.04,68.0,0.0,2.89,True,0.0,1917915462.77,23719848.21,106668033.06,265503080.08,0.0,0.0,2313806424.12,0.0,600352290.22,2236606571.41,3531484060.13,2313806424.12,2914158714.35,4550412995.54,5845290484.25
21125,"Laurel, KY",dry,1.19,0.06,True,True,1018876.84,27.77,65.0,0.0,2.89,True,0.0,1894583400.54,6950765.22,127574361.99,265503080.08,0.0,0.0,2294611607.83,0.0,605551864.54,2255977534.57,3562069791.43,2294611607.83,2900163472.37,4550589142.4,5856681399.26
51685,"Manassas Park, VA",dry,1.2,0.06,True,True,678693.44,27.77,89.9,0.0,2.89,True,0.0,2641588206.35,10394810.82,131266858.64,265503080.08,0.0,0.0,3048752955.89,0.0,403369731.24,1502749979.15,2372763124.97,3048752955.89,3452122687.14,4551502935.04,5421516080.86
28077,"Lawrence, MS",dry,1.26,0.07,True,True,890735.04,27.77,68.1,0.0,2.89,True,0.0,2106791280.02,8821945.67,198444995.87,265503080.08,0.0,0.0,2579561301.63,0.0,529392999.89,1972248430.97,3114076469.96,2579561301.63,3108954301.53,4551809732.61,5693637771.59
19141,"O'Brien, IA",evaporative,1.15,0.07,True,True,1004984.33,239.47,68.0,0.0,2.89,True,0.0,1908148783.25,22152115.1,130987630.8,265503080.08,0.0,0.0,2326791609.22,0.0,597295091.65,2225217008.1,3513500539.1,2326791609.22,2924086700.87,4552008617.32,5840292148.33
47181,"Wayne, TN",evaporative,1.16,0.1,True,True,997043.6,376.37,62.1,0.0,2.89,True,0.0,1771268638.68,64499540.34,243759593.37,265503080.08,0.0,0.0,2345030852.46,0.0,592575658.13,2207634804.8,3485739165.48,2345030852.46,2937606510.6,4552665657.27,5830770017.94
19143,"Osceola, IA",evaporative,1.14,0.07,True,True,1002124.47,215.8,68.0,0.0,2.89,True,0.0,1902718810.28,41361370.23,124708300.08,265503080.08,0.0,0.0,2334291560.67,0.0,595595383.41,2218884761.73,3503502255.37,2334291560.67,2929886944.08,4553176322.4,5837793816.04
39007,"Ashtabula, OH",evaporative,1.14,0.07,True,True,988996.97,185.33,71.0,0.0,2.89,True,0.0,1979365856.65,40925777.32,79227032.37,265503080.08,0.0,0.0,2365021746.43,0.0,587793283.74,2189818115.9,3457607551.42,2365021746.43,2952815030.17,4554839862.33,5822629297.84
40149,"Washita, OK",dry,1.25,0.09,True,True,1042850.77,27.77,58.4,0.0,2.89,True,0.0,1794282560.17,9465397.81,176925329.53,265503080.08,0.0,0.0,2246176367.6,0.0,619800360.16,2309060165.31,3645884471.54,2246176367.6,2865976727.76,4555236532.91,5892060839.14
19169,"Story, IA",evaporative,1.15,0.07,True,True,1007199.78,257.8,68.0,0.0,2.89,True,0.0,1912355227.85,26427492.0,122994034.63,265503080.08,0.0,0.0,2327279834.56,0.0,598611806.95,2230122418.07,3521245923.26,2327279834.56,2925891641.52,4557402252.63,5848525757.82
21029,"Bullitt, KY",evaporative,1.17,0.06,True,True,998717.03,390.56,65.0,0.0,2.89,True,0.0,1857096603.18,31860185.66,191659074.63,265503080.08,0.0,0.0,2346118943.55,0.0,593570233.1,2211340084.11,3491589606.49,2346118943.55,2939689176.66,4557459027.66,5837708550.05
20209,"Wyandotte, KS",evaporative,1.17,0.09,True,True,961459.79,415.88,77.3,0.0,0.84,False,1.8,2215119092.18,60499341.62,108744281.38,0.0,45000000.0,0.0,2429362715.17,0.0,571427032.28,2128845806.52,3361335483.98,2429362715.17,3000789747.45,4558208521.69,5790698199.15
05027,"Columbia, AR",dry,1.26,0.09,True,True,887429.3,27.77,66.1,0.0,3.3,False,0.0,2037328621.03,9299216.35,159695234.34,388501026.69,0.0,0.0,2594824098.42,0.0,527428290.46,1964928925.25,3102519355.66,2594824098.42,3122252388.88,4559753023.67,5697343454.08
42049,"Erie, PA",evaporative,1.13,0.06,True,True,645933.01,162.69,78.7,0.0,4.73,False,0.0,2188018271.81,34096186.04,88289142.36,819301848.05,0.0,0.0,3129705448.26,0.0,383899135.74,1430212466.48,2258230210.23,3129705448.26,3513604583.99,4559917914.73,5387935658.49
39055,"Geauga, OH",evaporative,1.14,0.07,True,True,989157.95,186.68,71.0,0.0,2.89,True,0.0,1979688033.72,45382351.06,79908791.11,265503080.08,0.0,0.0,2370482255.97,0.0,587888957.57,2190174547.82,3458170338.66,2370482255.97,2958371213.54,4560656803.78,5828652594.62
13033,"Burke, GA",dry,1.25,0.08,True,True,1007405.73,27.77,72.1,0.0,0.75,False,0.0,2215394910.48,7109697.61,108358552.09,0.0,0.0,0.0,2330863160.18,0.0,598734212.54,2230578438.88,3521965956.13,2330863160.18,2929597372.72,4561441599.07,5852829116.31
05117,"Prairie, AR",dry,1.25,0.09,True,True,884230.08,27.77,66.1,0.0,2.89,True,0.0,2029983954.86,6893259.14,302388010.25,265503080.08,0.0,0.0,2604768304.33,0.0,525526886.49,1957845263.4,3091334626.43,2604768304.33,3130295190.82,4562613567.73,5696102930.76
47167,"Tipton, TN",evaporative,1.18,0.1,True,True,1011627.13,500.04,62.1,0.0,2.89,True,0.0,1797176575.96,93365149.14,166989074.76,265503080.08,0.0,0.0,2323033879.95,0.0,601243125.42,2239925369.22,3536724267.19,2323033879.95,2924277005.37,4562959249.17,5859758147.14
36013,"Chautauqua, NY",evaporative,1.13,0.09,False,False,261582.39,150.37,91.7,0.0,1.35,False,12.0,2545634280.3,24666151.27,142974341.87,0.0,300000000.0,970895688.78,3984170462.22,0.0,155466980.83,579190712.91,914511651.96,3984170462.22,4139637443.06,4563361175.13,4898682114.18
20103,"Leavenworth, KS",evaporative,1.17,0.09,True,True,959909.37,402.18,77.3,0.0,0.84,False,1.8,2211547075.7,63679882.74,118263021.16,0.0,45000000.0,0.0,2438489979.6,0.0,570505570.86,2125412911.05,3355915122.71,2438489979.6,3008995550.46,4563902890.65,5794405102.31
19153,"Polk, IA",evaporative,1.15,0.07,True,True,1011384.24,292.44,68.0,0.0,2.89,True,0.0,1920300191.94,41933441.7,97085530.28,265503080.08,0.0,0.0,2324822244.01,0.0,601098766.1,2239387559.96,3535875094.68,2324822244.01,2925921010.11,4564209803.97,5860697338.69
05111,"Poinsett, AR",dry,1.25,0.09,True,True,879490.78,27.77,66.1,0.0,2.89,True,0.0,2019103643.97,13591932.15,319298766.12,265503080.08,0.0,0.0,2617497422.33,0.0,522710166.74,1947351601.58,3074765686.71,2617497422.33,3140207589.07,4564849023.91,5692263109.04
19191,"Winneshiek, IA",evaporative,1.14,0.07,True,True,1000064.81,198.75,68.0,0.0,2.89,True,0.0,1898808159.82,29090483.98,157828538.88,265503080.08,0.0,0.0,2351230262.77,0.0,594371258.57,2214324296.64,3496301521.01,2351230262.77,2945601521.34,4565554559.4,5847531783.77
48145,"Falls, TX",evaporative,1.21,0.08,True,True,846309.09,704.09,61.2,0.0,4.24,False,0.0,1813256540.58,119759378.96,88310316.47,671457905.54,0.0,0.0,2692784141.56,0.0,502989204.26,1873881349.19,2958760025.04,2692784141.56,3195773345.82,4566665490.76,5651544166.6
21207,"Russell, KY",dry,1.2,0.06,True,True,1025782.74,27.77,65.0,0.0,2.89,True,0.0,1907424809.11,7061151.77,115589560.66,265503080.08,0.0,0.0,2295578601.62,0.0,609656270.24,2271268457.75,3586213354.35,2295578601.62,2905234871.86,4566847059.38,5881791955.97
51075,"Goochland, VA",dry,1.2,0.06,True,True,679887.04,27.77,89.9,0.0,2.89,True,1.8,2646233928.26,7516774.18,98245428.03,265503080.08,45000000.0,0.0,3062499210.55,0.0,404079131.59,1505392843.19,2376936068.2,3062499210.55,3466578342.14,4567892053.74,5439435278.75
47101,"Lewis, TN",dry,1.21,0.1,True,True,1034293.8,27.77,62.1,0.0,2.89,True,0.0,1837444385.91,10408923.58,164995524.43,265503080.08,0.0,0.0,2278351914.01,0.0,614714669.75,2290113475.54,3615968645.59,2278351914.01,2893066583.76,4568465389.55,5894320559.6
19075,"Grundy, IA",evaporative,1.14,0.07,True,True,1004251.28,233.4,68.0,0.0,2.89,True,0.0,1906756960.71,53626146.18,119514208.7,265503080.08,0.0,0.0,2345400395.68,0.0,596859418.72,2223593912.87,3510937757.16,2345400395.68,2942259814.4,4568994308.55,5856338152.84
19123,"Mahaska, IA",evaporative,1.15,0.07,True,True,1012415.94,300.98,68.0,0.0,2.89,True,0.0,1922259078.36,24772120.17,115439661.24,265503080.08,0.0,0.0,2327973939.85,0.0,601711943.25,2241671945.45,3539482019.13,2327973939.85,2929685883.1,4569645885.3,5867455958.98
19161,"Sac, IA",evaporative,1.15,0.07,True,True,1006152.06,249.13,68.0,0.0,2.89,True,0.0,1910365932.98,36800006.22,129738798.51,265503080.08,0.0,0.0,2342407817.8,0.0,597989111.25,2227802571.31,3517583007.33,2342407817.8,2940396929.04,4570210389.11,5859990825.13
48165,"Gaines, TX",dry,1.24,0.08,True,True,1033014.65,27.77,61.2,0.0,2.89,True,0.0,1862574812.09,13591932.15,141719861.46,265503080.08,0.0,0.0,2283389685.78,0.0,613954432.16,2287281217.86,3611496659.79,2283389685.78,2897344117.95,4570670903.65,5894886345.57
21137,"Lincoln, KY",dry,1.2,0.06,True,True,1023685.51,27.77,65.0,0.0,2.89,True,0.0,1903525042.07,7542350.91,127673705.61,265503080.08,0.0,0.0,2304244178.67,0.0,608409816.16,2266624805.32,3578881271.55,2304244178.67,2912653994.84,4570868983.99,5883125450.23
21123,"Larue, KY",evaporative,1.16,0.06,True,True,994730.3,356.75,65.0,0.0,2.89,True,0.0,1849683338.96,68481663.21,185040502.2,265503080.08,0.0,0.0,2368708584.45,0.0,591200785.57,2202512730.54,3477651679.8,2368708584.45,2959909370.02,4571221314.99,5846360264.25
51085,"Hanover, VA",evaporative,1.16,0.06,True,True,657836.79,363.86,89.9,0.0,3.1,False,1.8,2560410646.84,87206076.1,91888590.26,331416837.78,45000000.0,0.0,3115922150.98,0.0,390973942.12,1456569588.29,2299846718.35,3115922150.98,3506896093.1,4572491739.26,5415768869.33
19125,"Marion, IA",evaporative,1.16,0.07,True,True,1013940.0,313.59,68.0,0.0,2.89,True,0.0,1925152780.79,25581432.13,111318199.8,265503080.08,0.0,0.0,2327555492.8,0.0,602617739.63,2245046480.97,3544810233.1,2327555492.8,2930173232.43,4572601973.76,5872365725.9
19017,"Bremer, IA",evaporative,1.14,0.07,True,True,1003248.74,225.1,68.0,0.0,2.89,True,0.0,1904853438.67,34474022.36,146825827.18,265503080.08,0.0,0.0,2351656368.29,0.0,596263571.9,2221374091.41,3507432775.9,2351656368.29,2947919940.19,4573030459.69,5859089144.19
19117,"Lucas, IA",evaporative,1.15,0.07,True,True,1010370.17,284.05,68.0,0.0,2.89,True,0.0,1918374794.88,23171069.24,129362453.89,265503080.08,0.0,0.0,2336411398.09,0.0,600496071.89,2237142228.61,3532329834.65,2336411398.09,2936907469.98,4573553626.7,5868741232.74
47149,"Rutherford, TN",dry,1.22,0.1,True,True,1042252.76,27.77,62.1,0.0,2.89,True,0.0,1851583640.84,9773301.18,140653003.84,265503080.08,0.0,0.0,2267513025.95,0.0,619444939.41,2307736048.77,3643793761.22,2267513025.95,2886957965.35,4575249074.72,5911306787.16
19151,"Pocahontas, IA",evaporative,1.15,0.07,True,True,1005444.14,243.27,68.0,0.0,2.89,True,0.0,1909021815.86,46565818.05,128217537.3,265503080.08,0.0,0.0,2349308251.29,0.0,597568371.22,2226235108.48,3515108066.02,2349308251.29,2946876622.51,4575543359.77,5864416317.31
19007,"Appanoose, IA",evaporative,1.15,0.07,True,True,1012419.95,301.01,68.0,0.0,2.89,True,0.0,1922266680.47,24704818.87,121391364.37,265503080.08,0.0,0.0,2333865943.8,0.0,601714322.89,2241680810.76,3539496017.0,2333865943.8,2935580266.69,4575546754.57,5873361960.8
40063,"Hughes, OK",evaporative,1.19,0.09,True,True,987656.69,546.84,58.4,0.0,2.89,True,0.0,1699318082.37,102412824.32,321475239.15,265503080.08,0.0,0.0,2388709225.92,0.0,586996709.92,2186850487.93,3452921823.04,2388709225.92,2975705935.84,4575559713.85,5841631048.96
19093,"Ida, IA",evaporative,1.15,0.07,True,True,1006509.63,252.09,68.0,0.0,2.89,True,0.0,1911044854.56,23194602.18,148626517.93,265503080.08,0.0,0.0,2348369054.75,0.0,598201629.54,2228594306.14,3518833114.95,2348369054.75,2946570684.3,4576963360.89,5867202169.71
05147,"Woodruff, AR",dry,1.25,0.09,True,True,881585.73,27.77,66.1,0.0,2.89,True,0.0,2023913159.12,11527235.72,324435634.97,265503080.08,0.0,0.0,2625379109.9,0.0,523955265.02,1951990203.0,3082089794.21,2625379109.9,3149334374.92,4577369312.9,5707468904.11
28061,"Jasper, MS",dry,1.26,0.07,True,True,1008191.59,27.77,68.1,0.0,2.34,False,0.0,2094120421.86,8543170.21,141375111.49,101437371.66,0.0,0.0,2345476075.22,0.0,599201271.52,2232318462.53,3524713361.9,2345476075.22,2944677346.74,4577794537.75,5870189437.11
19027,"Carroll, IA",evaporative,1.15,0.07,True,True,1007314.14,258.75,68.0,0.0,2.89,True,0.0,1912572359.08,55154528.51,114672970.43,265503080.08,0.0,0.0,2347902938.1,0.0,598679774.1,2230375628.99,3521645729.99,2347902938.1,2946582712.2,4578278567.09,5869548668.09
19037,"Chickasaw, IA",evaporative,1.14,0.07,True,True,1002017.92,214.91,68.0,0.0,2.89,True,0.0,1902516505.87,27004416.81,164971668.16,265503080.08,0.0,0.0,2359995670.92,0.0,595532057.41,2218648841.34,3503129749.48,2359995670.92,2955527728.33,4578644512.26,5863125420.4
21199,"Pulaski, KY",dry,1.2,0.06,True,True,1023746.7,27.77,65.0,0.0,2.89,True,0.0,1903638814.95,6799605.74,136303753.82,265503080.08,0.0,0.0,2312245254.59,0.0,608446180.56,2266760280.51,3579095179.76,2312245254.59,2920691435.15,4579005535.1,5891340434.35
40111,"Okmulgee, OK",dry,1.24,0.09,True,True,1035316.07,27.77,58.4,0.0,2.89,True,0.0,1781318685.29,7208430.77,232604479.95,265503080.08,0.0,0.0,2286634676.1,0.0,615322239.21,2292376969.61,3619542583.6,2286634676.1,2901956915.31,4579011645.71,5906177259.7
21067,"Fayette, KY",dry,1.2,0.06,True,True,1025676.0,27.77,65.0,0.0,2.89,True,0.0,1907226319.89,7918331.89,127609709.82,265503080.08,0.0,0.0,2308257441.68,0.0,609592828.58,2271032106.47,3585840168.12,2308257441.68,2917850270.26,4579289548.15,5894097609.8
19059,"Dickinson, IA",evaporative,1.14,0.07,True,True,1002321.65,217.43,68.0,0.0,2.89,True,0.0,1903093189.89,22281097.44,169558222.1,265503080.08,0.0,0.0,2360435589.51,0.0,595712572.96,2219321350.26,3504191605.67,2360435589.51,2956148162.47,4579756939.77,5864627195.18
39085,"Lake, OH",evaporative,1.14,0.07,True,True,991742.52,208.27,71.0,0.0,2.89,True,0.0,1984860763.42,50768658.23,82794014.69,265503080.08,0.0,0.0,2383926516.43,0.0,589425053.47,2195897258.03,3467206196.89,2383926516.43,2973351569.9,4579823774.46,5851132713.32
19175,"Union, IA",evaporative,1.15,0.07,True,True,1010596.39,285.92,68.0,0.0,2.89,True,0.0,1918804326.61,40623587.31,117391941.3,265503080.08,0.0,0.0,2342322935.3,0.0,600630525.34,2237643133.63,3533120737.31,2342322935.3,2942953460.64,4579966068.93,5875443672.61
21221,"Trigg, KY",evaporative,1.17,0.06,True,True,1001343.21,412.83,65.0,0.0,2.89,True,0.0,1861979939.92,33921987.42,201737026.75,265503080.08,0.0,0.0,2363142034.17,0.0,595131058.38,2217154923.39,3500770931.66,2363142034.17,2958273092.55,4580296957.56,5863912965.83
19065,"Fayette, IA",evaporative,1.14,0.07,True,True,1001142.9,207.67,68.0,0.0,2.89,True,0.0,1900855123.52,22157787.87,175144230.48,265503080.08,0.0,0.0,2363660221.95,0.0,595012005.97,2216711394.79,3500070623.35,2363660221.95,2958672227.92,4580371616.74,5863730845.3
21235,"Whitley, KY",dry,1.19,0.06,True,True,1016234.98,27.77,65.0,0.0,2.89,True,0.0,1889670919.28,6942493.84,168227027.08,265503080.08,0.0,0.0,2330343520.27,0.0,603981724.01,2250127991.41,3552833670.65,2330343520.27,2934325244.28,4580471511.68,5883177190.92
48387,"Red River, TX",evaporative,1.19,0.08,True,True,832881.41,564.74,61.2,0.01,1.37,False,0.0,1784487106.63,91337896.14,860906329.98,0.0,0.0,0.0,2736731332.75,0.0,495008692.75,1844150031.81,2911815839.7,2736731332.75,3231740025.5,4580881364.56,5648547172.44
39171,"Williams, OH",evaporative,1.14,0.07,True,True,994078.91,227.8,71.0,0.0,2.89,True,0.0,1989536786.64,18582571.24,107753993.98,265503080.08,0.0,0.0,2381376431.94,0.0,590813647.21,2201070450.41,3475374395.38,2381376431.94,2972190079.16,4582446882.35,5856750827.32
19163,"Scott, IA",evaporative,1.15,0.07,True,True,1011147.7,290.48,68.0,0.0,2.89,True,0.0,1919851080.99,32188018.37,126292434.23,265503080.08,0.0,0.0,2343834613.67,0.0,600958183.89,2238863822.33,3535048140.52,2343834613.67,2944792797.56,4582698436.0,5878882754.19
13083,"Dade, GA",evaporative,1.16,0.08,True,True,930989.92,338.76,72.1,0.0,2.89,True,0.0,2047348204.21,37803377.96,172112621.33,265503080.08,0.0,0.0,2522767283.58,0.0,553317789.55,2061380000.28,3254810526.76,2522767283.58,3076085073.12,4584147283.86,5777577810.33
48353,"Nolan, TX",dry,1.26,0.08,True,True,884465.77,27.77,61.2,0.0,4.02,False,0.0,1895008984.99,8314967.15,116864731.6,605749486.65,0.0,0.0,2625938170.4,0.0,525666964.43,1958367122.39,3092158614.29,2625938170.4,3151605134.83,4584305292.78,5718096784.69
39025,"Clermont, OH",evaporative,1.15,0.07,True,True,1001457.93,289.46,71.0,0.0,2.83,False,0.0,2004305047.24,23612498.25,89962992.61,250102669.4,0.0,0.0,2367983207.49,0.0,595199235.84,2217408917.84,3501171975.54,2367983207.49,2963182443.34,4585392125.34,5869155183.04
21113,"Jessamine, KY",dry,1.2,0.06,True,True,1030632.22,27.77,65.0,0.0,2.89,True,0.0,1916442326.83,7937069.79,114180313.17,265503080.08,0.0,0.0,2304062789.87,0.0,612538473.61,2282006078.16,3603167491.84,2304062789.87,2916601263.48,4586068868.03,5907230281.71
47081,"Hickman, TN",dry,1.21,0.1,True,True,1038556.93,27.77,62.1,0.0,2.89,True,0.0,1845017929.28,10314451.32,165999581.48,265503080.08,0.0,0.0,2286835042.17,0.0,617248389.0,2299552821.77,3630872876.48,2286835042.17,2904083431.17,4586387863.94,5917707918.65
21225,"Union, KY",evaporative,1.17,0.06,True,True,1000639.64,406.87,65.0,0.0,2.89,True,0.0,1860671660.5,33190212.28,211705169.0,265503080.08,0.0,0.0,2371070121.86,0.0,594712902.58,2215597088.04,3498311191.64,2371070121.86,2965783024.44,4586667209.9,5869381313.5
19025,"Calhoun, IA",evaporative,1.15,0.07,True,True,1007479.37,260.12,68.0,0.0,2.89,True,0.0,1912886086.94,53745349.52,123948156.9,265503080.08,0.0,0.0,2356082673.45,0.0,598777978.24,2230741487.55,3522223401.4,2356082673.45,2954860651.69,4586824161.0,5878306074.85
21217,"Taylor, KY",dry,1.2,0.06,True,True,1026938.79,27.77,65.0,0.0,2.89,True,0.0,1909574465.42,6920732.1,131056223.73,265503080.08,0.0,0.0,2313054501.33,0.0,610343349.2,2273828163.67,3590254995.27,2313054501.33,2923397850.53,4586882665.01,5903309496.61
21151,"Madison, KY",dry,1.2,0.06,True,True,1030804.72,27.77,65.0,0.0,2.89,True,0.0,1916763087.47,7936548.03,114547235.4,265503080.08,0.0,0.0,2304749950.99,0.0,612640996.0,2282388024.3,3603770564.68,2304749950.99,2917390946.98,4587137975.28,5908520515.67
19035,"Cherokee, IA",evaporative,1.14,0.07,True,True,1004651.77,236.71,68.0,0.0,2.89,True,0.0,1907517361.33,21779726.2,169181558.62,265503080.08,0.0,0.0,2363981726.23,0.0,597097441.85,2224480665.73,3512337893.25,2363981726.23,2961079168.08,4588462391.95,5876319619.48
18039,"Elkhart, IN",evaporative,1.15,0.07,True,True,996111.65,244.78,81.5,0.0,0.91,False,0.0,2288433993.98,23283119.7,71374293.09,0.0,0.0,0.0,2383091406.76,0.0,592021767.62,2205571291.14,3482480986.01,2383091406.76,2975113174.38,4588662697.9,5865572392.78
21073,"Franklin, KY",dry,1.19,0.06,True,True,1017770.77,27.77,65.0,0.0,2.89,True,0.0,1892526679.62,7937069.79,169436387.55,265503080.08,0.0,0.0,2335403217.04,0.0,604894489.85,2253528491.59,3558202881.45,2335403217.04,2940297706.89,4588931708.63,5893606098.49
40051,"Grady, OK",dry,1.25,0.09,True,True,1042530.81,27.77,58.4,0.0,2.89,False,0.0,1793732042.35,7231810.95,214729867.01,265708418.89,0.0,0.0,2281402139.2,0.0,619610194.38,2308351704.56,3644765849.3,2281402139.2,2901012333.58,4589753843.75,5926167988.5
39077,"Huron, OH",evaporative,1.14,0.07,True,True,993702.16,224.65,71.0,0.0,2.89,True,0.0,1988782749.17,29533302.97,106438606.82,265503080.08,0.0,0.0,2390257739.05,0.0,590589727.94,2200236241.36,3474057223.21,2390257739.05,2980847466.99,4590493980.41,5864314962.25
19005,"Allamakee, IA",evaporative,1.14,0.07,True,True,1001931.74,214.2,68.0,0.0,2.89,True,0.0,1902352888.3,34863433.05,169392220.31,265503080.08,0.0,0.0,2372111621.74,0.0,595480841.29,2218458036.19,3502828478.2,2372111621.74,2967592463.03,4590569657.93,5874940099.94
19015,"Boone, IA",evaporative,1.15,0.07,True,True,1007775.01,262.57,68.0,0.0,2.89,True,0.0,1913447414.04,43072097.11,137367385.27,265503080.08,0.0,0.0,2359389976.51,0.0,598953686.72,2231396087.78,3523256980.7,2359389976.51,2958343663.23,4590786064.28,5882646957.21
19185,"Wayne, IA",evaporative,1.15,0.07,True,True,1010714.14,286.89,68.0,0.0,2.89,True,0.0,1919027883.36,32700514.62,136450118.4,265503080.08,0.0,0.0,2353681596.47,0.0,600700503.82,2237903837.77,3533532375.43,2353681596.47,2954382100.29,4591585434.24,5887213971.9
19073,"Greene, IA",evaporative,1.15,0.07,True,True,1009199.19,274.35,68.0,0.0,2.89,True,0.0,1916151482.24,56505558.18,118980838.61,265503080.08,0.0,0.0,2357140959.12,0.0,599800123.16,2234549478.43,3528236018.57,2357140959.12,2956941082.27,4591690437.54,5885376977.69
48119,"Delta, TX",evaporative,1.19,0.08,True,True,835567.95,592.62,61.2,0.0,4.2,False,0.0,1790243147.35,130742762.78,160451313.01,660780287.47,0.0,0.0,2742217510.62,0.0,496605392.54,1850098521.23,2921208191.42,2742217510.62,3238822903.16,4592316031.85,5663425702.04
13263,"Talbot, GA",evaporative,1.18,0.08,True,True,949892.09,509.66,72.1,0.0,2.74,False,0.0,2088916135.63,78924142.78,100016176.99,221355236.14,0.0,0.0,2489211691.54,0.0,564551968.42,2103232823.51,3320893931.86,2489211691.54,3053763659.95,4592444515.05,5810105623.4
40055,"Greer, OK",dry,1.26,0.09,True,True,1050836.74,27.77,58.4,0.0,2.89,True,0.0,1808022859.29,13210524.28,179204732.27,265503080.08,0.0,0.0,2265941195.92,0.0,624546681.91,2326742540.46,3673804011.25,2265941195.92,2890487877.83,4592683736.38,5939745207.17
19057,"Des Moines, IA",evaporative,1.15,0.07,True,True,1013431.41,309.38,68.0,0.0,2.89,True,0.0,1924187128.58,25238030.38,134292543.65,265503080.08,0.0,0.0,2349220782.7,0.0,602315467.96,2243920370.82,3543032164.46,2349220782.7,2951536250.66,4593141153.52,5892252947.16
19049,"Dallas, IA",evaporative,1.15,0.07,True,True,1009063.17,273.23,68.0,0.0,2.89,True,0.0,1915893217.84,55457449.98,122272402.59,265503080.08,0.0,0.0,2359126150.5,0.0,599719280.38,2234248299.44,3527760472.79,2359126150.5,2958845430.88,4593374449.94,5886886623.3
21023,"Bracken, KY",evaporative,1.15,0.06,True,True,986058.07,283.21,65.0,0.0,2.89,True,0.0,1833557490.28,23102942.28,288055995.46,265503080.08,0.0,0.0,2410219508.1,0.0,586046598.25,2183310856.22,3447332930.87,2410219508.1,2996266106.35,4593530364.32,5857552438.97
47117,"Marshall, TN",dry,1.21,0.1,True,True,1038228.55,27.77,62.1,0.0,2.89,True,0.0,1844434560.14,8187522.21,176719727.69,265503080.08,0.0,0.0,2294844890.12,0.0,617053223.6,2298825734.98,3629724844.7,2294844890.12,2911898113.72,4593670625.09,5924569734.82
39057,"Greene, OH",evaporative,1.15,0.07,True,True,999483.68,272.96,71.0,0.0,2.89,True,0.0,2000353804.68,31369933.22,83960816.62,265503080.08,0.0,0.0,2381187634.6,0.0,594025873.26,2213037567.04,3494269842.69,2381187634.6,2975213507.85,4594225201.63,5875457477.28
19079,"Hamilton, IA",evaporative,1.15,0.07,True,True,1005936.18,247.35,68.0,0.0,2.89,True,0.0,1909956041.67,44590050.01,149539962.7,265503080.08,0.0,0.0,2369589134.45,0.0,597860805.7,2227324570.26,3516828268.83,2369589134.45,2967449940.15,4596913704.71,5886417403.28
40141,"Tillman, OK",dry,1.28,0.09,True,True,1062051.71,27.77,58.4,0.0,2.89,True,0.0,1827318828.43,7022841.96,145710430.73,265503080.08,0.0,0.0,2245555181.2,0.0,631212102.89,2351574500.97,3713012369.96,2245555181.2,2876767284.09,4597129682.17,5958567551.16
40107,"Okfuskee, OK",dry,1.25,0.09,True,True,1043033.17,27.77,58.4,0.0,2.89,True,0.0,1794596383.14,7040524.68,221844073.43,265503080.08,0.0,0.0,2288984061.32,0.0,619908764.26,2309464023.73,3646522142.73,2288984061.32,2908892825.59,4598448085.05,5935506204.05
19051,"Davis, IA",evaporative,1.15,0.07,True,True,1013300.0,308.3,68.0,0.0,2.89,True,0.0,1923937634.23,25149306.1,140399229.48,265503080.08,0.0,0.0,2354989249.89,0.0,602237370.4,2243629419.15,3542572767.08,2354989249.89,2957226620.29,4598618669.04,5897562016.97
21035,"Calloway, KY",evaporative,1.17,0.06,True,True,1003578.89,431.79,65.0,0.0,2.89,True,0.0,1866137142.55,39016161.06,206083026.33,265503080.08,0.0,0.0,2376739410.01,0.0,596459794.72,2222105117.58,3508587027.75,2376739410.01,2973199204.73,4598844527.59,5885326437.77
19181,"Warren, IA",evaporative,1.15,0.07,True,True,1012368.79,300.59,68.0,0.0,2.89,True,1.8,1922169547.8,29948777.02,94747138.03,265503080.08,45000000.0,0.0,2357368542.93,0.0,601683918.1,2241567538.01,3539317165.28,2357368542.93,2959052461.03,4598936080.94,5896685708.21
13311,"White, GA",dry,1.18,0.08,True,True,951307.44,27.77,72.1,0.0,2.89,True,0.0,2092028649.63,7723361.86,127668143.34,265503080.08,0.0,0.0,2492923234.92,0.0,565393158.68,2106366669.58,3325842109.86,2492923234.92,3058316393.6,4599289904.5,5818765344.78
21239,"Woodford, KY",dry,1.2,0.06,True,True,1025339.82,27.77,65.0,0.0,2.89,True,0.0,1906601195.32,7937069.79,149769487.38,265503080.08,0.0,0.0,2329810832.57,0.0,609393024.57,2270287738.61,3584664850.44,2329810832.57,2939203857.14,4600098571.18,5914475683.01
38055,"McLean, ND",evaporative,1.13,0.07,True,True,995455.98,160.6,72.5,0.0,2.89,True,0.0,2015134785.78,13874385.48,101734131.99,265503080.08,0.0,0.0,2396246383.34,0.0,591632083.55,2204119526.95,3480188726.76,2396246383.34,2987878466.89,4600365910.29,5876435110.1
20171,"Scott, KS",dry,1.2,0.09,True,True,989466.76,27.77,77.3,0.0,0.84,False,0.0,2279644692.19,12704023.83,117287856.17,0.0,0.0,0.0,2409636572.19,0.0,588072490.41,2190858297.62,3459249943.61,2409636572.19,2997709062.61,4600494869.81,5868886515.8
19013,"Black Hawk, IA",evaporative,1.14,0.07,True,True,1004556.94,235.93,68.0,0.0,2.89,True,1.8,1907337312.58,49426646.08,109448439.76,265503080.08,45000000.0,0.0,2376715478.5,0.0,597041082.39,2224270699.12,3512006367.03,2376715478.5,2973756560.89,4600986177.62,5888721845.53
21143,"Lyon, KY",evaporative,1.17,0.06,True,True,1004010.06,435.45,65.0,0.0,2.89,True,0.0,1866938888.88,35521805.85,210196402.16,265503080.08,0.0,0.0,2378160176.97,0.0,596716051.05,2223059798.02,3510094417.92,2378160176.97,2974876228.02,4601219974.99,5888254594.89
48075,"Childress, TX",dry,1.27,0.08,True,True,886839.28,27.77,61.2,0.0,3.83,False,0.0,1900094339.21,13591932.15,176527432.99,548254620.12,0.0,0.0,2638468324.48,0.0,527077618.81,1963622501.43,3100456581.21,2638468324.48,3165545943.28,4602090825.91,5738924905.69
39121,"Noble, OH",evaporative,1.14,0.07,True,True,995189.36,237.08,71.0,0.0,2.89,True,0.0,1991759226.24,44550508.7,97502485.64,265503080.08,0.0,0.0,2399315300.66,0.0,591473623.77,2203529186.61,3479256610.44,2399315300.66,2990788924.44,4602844487.27,5878571911.1
41067,"Washington, OR",evaporative,1.13,0.0,True,True,678932.75,106.12,80.5,0.0,4.35,False,0.0,2222700377.72,8656860.96,163906772.86,705954825.46,0.0,0.0,3101218837.0,0.0,403511962.99,1503279862.1,2373599782.27,3101218837.0,3504730799.99,4604498699.11,5474818619.27
39111,"Monroe, OH",evaporative,1.14,0.07,True,True,994311.06,229.74,71.0,0.0,2.89,True,0.0,1990001401.66,22980086.13,124601622.24,265503080.08,0.0,0.0,2403086190.1,0.0,590951619.48,2201584464.72,3476185996.93,2403086190.1,2994037809.58,4604670654.83,5879272187.03
19019,"Buchanan, IA",evaporative,1.14,0.07,True,True,1003173.02,224.47,68.0,0.0,2.89,True,0.0,1904709675.38,29922373.21,183646981.52,265503080.08,0.0,0.0,2383782110.2,0.0,596218570.64,2221206439.64,3507168062.6,2383782110.2,2980000680.84,4604988549.84,5890950172.79
19053,"Decatur, IA",evaporative,1.15,0.07,True,True,1011525.08,293.61,68.0,0.0,2.89,True,0.0,1920567603.24,47018321.49,132840764.96,265503080.08,0.0,0.0,2365929769.78,0.0,601182472.07,2239699405.75,3536367482.77,2365929769.78,2967112241.85,4605629175.53,5902297252.55
39133,"Portage, OH",evaporative,1.14,0.07,True,True,992492.87,214.54,71.0,0.0,2.89,True,1.8,1986362491.17,34553688.44,77962537.11,265503080.08,45000000.0,0.0,2409381796.81,0.0,589871007.15,2197558654.1,3469829453.84,2409381796.81,2999252803.96,4606940450.91,5879211250.65
39139,"Richland, OH",dry,1.16,0.07,True,True,1009578.48,27.77,71.0,0.0,2.89,True,0.0,2020557417.62,7343044.75,78186215.77,265503080.08,0.0,0.0,2371589758.22,0.0,600025546.31,2235389290.18,3529562037.13,2371589758.22,2971615304.53,4606979048.4,5901151795.35
19085,"Harrison, IA",evaporative,1.15,0.07,True,True,1011491.74,293.33,68.0,0.0,2.89,True,0.0,1920504314.04,26941775.75,154464370.43,265503080.08,0.0,0.0,2367413540.31,0.0,601162661.07,2239625600.08,3536250947.5,2367413540.31,2968576201.38,4607039140.39,5903664487.8
40083,"Logan, OK",dry,1.26,0.09,True,True,1045050.48,27.77,58.4,0.0,2.89,True,0.0,1798067269.06,7450244.65,223285563.08,265503080.08,0.0,0.0,2294306156.87,0.0,621107714.97,2313930702.83,3653574793.94,2294306156.87,2915413871.84,4608236859.7,5947880950.81
47015,"Cannon, TN",dry,1.2,0.1,True,True,1029998.57,27.77,62.1,0.0,2.89,True,0.0,1829813828.86,9045450.01,223378882.32,265503080.08,0.0,0.0,2327741241.27,0.0,612161876.65,2280603069.86,3600952215.56,2327741241.27,2939903117.92,4608344311.13,5928693456.83
39169,"Wayne, OH",dry,1.16,0.07,True,True,1009472.41,27.77,71.0,0.0,2.89,True,0.0,2020345134.77,7935598.24,79820096.28,265503080.08,0.0,0.0,2373603909.37,0.0,599962506.71,2235154436.77,3529191215.95,2373603909.37,2973566416.08,4608758346.14,5902795125.32
19135,"Monroe, IA",evaporative,1.15,0.07,True,True,1012897.49,304.96,68.0,0.0,2.89,True,0.0,1923173383.83,24877526.13,152658044.02,265503080.08,0.0,0.0,2366212034.06,0.0,601998142.19,2242738176.8,3541165542.32,2366212034.06,2968210176.25,4608950210.86,5907377576.38
40099,"Murray, OK",dry,1.26,0.09,True,True,1046540.09,27.77,58.4,0.0,2.89,True,0.0,1800630232.57,8005658.14,217687948.02,265503080.08,0.0,0.0,2291826918.81,0.0,621993041.36,2317228977.63,3658782596.26,2291826918.81,2913819960.18,4609055896.45,5950609515.08
21077,"Gallatin, KY",evaporative,1.16,0.06,True,True,990326.48,319.41,65.0,0.0,2.89,True,0.0,1841494522.77,40939024.4,269733901.85,265503080.08,0.0,0.0,2417670529.1,0.0,588583454.01,2192761887.5,3462255611.85,2417670529.1,3006253983.11,4610432416.6,5879926140.95
28043,"Grenada, MS",evaporative,1.18,0.07,True,True,951606.88,525.17,68.1,0.0,2.89,True,0.0,1976588002.81,42840471.2,218752276.44,265503080.08,0.0,0.0,2503683830.53,0.0,565571125.8,2107029684.37,3326888975.32,2503683830.53,3069254956.33,4610713514.9,5830572805.85
39075,"Holmes, OH",dry,1.16,0.07,True,True,1008245.67,27.77,71.0,0.0,2.89,True,0.0,2017889943.3,7935598.24,86960724.51,265503080.08,0.0,0.0,2378289346.12,0.0,599233412.06,2232438201.79,3524902423.88,2378289346.12,2977522758.18,4610727547.92,5903191770.01
40075,"Kiowa, OK",dry,1.26,0.09,True,True,1049492.24,27.77,58.4,0.0,2.89,True,0.0,1805709573.97,10896233.52,205037458.92,265503080.08,0.0,0.0,2287146346.48,0.0,623747602.04,2323765576.23,3669103541.42,2287146346.48,2910893948.52,4610911922.72,5956249887.9
19109,"Kossuth, IA",dry,1.17,0.07,True,True,1025674.14,27.77,68.0,0.0,2.89,True,0.0,1947432224.84,7735559.17,119357295.09,265503080.08,0.0,0.0,2340028159.18,0.0,609591725.46,2271027996.81,3585833679.18,2340028159.18,2949619884.65,4611056156.0,5925861838.36
42051,"Fayette, PA",dry,1.16,0.06,True,True,1006465.21,27.77,78.7,0.0,0.91,False,0.0,2232781694.64,7609690.56,142280556.69,0.0,0.0,0.0,2382671941.89,0.0,598175228.5,2228495949.3,3518677814.68,2382671941.89,2980847170.38,4611167891.19,5901349756.57
19081,"Hancock, IA",dry,1.17,0.07,True,True,1024679.38,27.77,68.0,0.0,2.89,True,0.0,1945543490.1,8212893.33,123366150.53,265503080.08,0.0,0.0,2342625614.04,0.0,609000507.42,2268825419.78,3582355925.98,2342625614.04,2951626121.46,4611451033.83,5924981540.02
21157,"Marshall, KY",evaporative,1.17,0.06,True,True,1005202.8,445.56,65.0,0.0,2.89,True,0.0,1869156771.66,36346923.57,214974217.25,265503080.08,0.0,0.0,2385980992.56,0.0,597424936.73,2225700744.68,3514264333.71,2385980992.56,2983405929.29,4611681737.24,5900245326.27
19157,"Poweshiek, IA",dry,1.17,0.07,True,True,1029521.28,27.77,68.0,0.0,2.89,True,0.0,1954736725.16,7054199.9,105481506.91,265503080.08,0.0,0.0,2332775512.05,0.0,611878204.5,2279546252.04,3599283555.85,2332775512.05,2944653716.55,4612321764.09,5932059067.91
21187,"Owen, KY",dry,1.19,0.06,True,True,1020572.77,27.77,65.0,0.0,2.89,True,0.0,1897736962.0,7937069.79,181628728.31,265503080.08,0.0,0.0,2352805840.17,0.0,606559814.37,2259732641.78,3567998908.08,2352805840.17,2959365654.55,4612538481.96,5920804748.25
39143,"Sandusky, OH",evaporative,1.15,0.07,True,True,997208.44,253.95,71.0,0.0,2.89,True,0.0,1995800179.49,20715822.39,123043620.47,265503080.08,0.0,0.0,2405062702.42,0.0,592673626.88,2207999786.43,3486315452.26,2405062702.42,2997736329.31,4613062488.85,5891378154.68
13175,"Laurens, GA",dry,1.26,0.08,True,True,1015938.19,27.77,72.1,0.0,2.09,False,0.0,2234158705.63,7159734.4,96088465.88,27515400.41,0.0,0.0,2364922306.32,0.0,603805329.24,2249470834.41,3551796054.33,2364922306.32,2968727635.56,4614393140.73,5916718360.65
36109,"Tompkins, NY",evaporative,1.13,0.09,False,False,261649.05,152.47,91.7,0.0,1.37,False,13.8,2546282986.14,12851790.8,160474935.5,0.0,345000000.0,970895688.78,4035505401.22,0.0,155506598.6,579338308.5,914744697.63,4035505401.22,4191011999.81,4614843709.71,4950250098.85
39165,"Warren, OH",evaporative,1.15,0.07,True,True,1000249.3,279.36,71.0,0.0,2.89,True,0.0,2001886126.29,37285424.75,97431315.15,265503080.08,0.0,0.0,2402105946.27,0.0,594480912.1,2214732809.79,3496946541.77,2402105946.27,2996586858.37,4616838756.06,5899052488.04
13053,"Chattahoochee, GA",evaporative,1.19,0.08,True,True,956279.54,567.41,72.1,0.0,2.89,True,0.0,2102962842.86,47527083.94,83732972.83,265503080.08,0.0,0.0,2499725979.72,0.0,568348241.56,2117375801.88,3343224950.34,2499725979.72,3068074221.28,4617101781.6,5842950930.06
39103,"Medina, OH",dry,1.17,0.07,True,True,1012631.67,27.77,71.0,0.0,2.89,True,0.0,2026668043.03,7166249.07,75634233.57,265503080.08,0.0,0.0,2374971605.74,0.0,601840160.1,2242149616.06,3540236235.88,2374971605.74,2976811765.84,4617121221.8,5915207841.62
19107,"Keokuk, IA",evaporative,1.15,0.07,True,True,1012533.93,301.96,68.0,0.0,2.89,True,0.0,1922483096.98,36288805.97,151020694.31,265503080.08,0.0,0.0,2375295677.35,0.0,601782066.31,2241933188.2,3539894507.68,2375295677.35,2977077743.65,4617228865.55,5915190185.03
19031,"Cedar, IA",evaporative,1.15,0.07,True,True,1007721.42,262.12,68.0,0.0,2.89,True,0.0,1913345664.88,50559181.26,156807935.83,265503080.08,0.0,0.0,2386215862.05,0.0,598921836.86,2231277431.42,3523069628.56,2386215862.05,2985137698.9,4617493293.47,5909285490.61
19063,"Emmet, IA",dry,1.17,0.07,True,True,1022952.39,27.77,68.0,0.0,2.89,True,0.0,1942264472.19,6973373.51,138839913.56,265503080.08,0.0,0.0,2353580839.34,0.0,607974098.3,2265001542.69,3576318225.3,2353580839.34,2961554937.64,4618582382.03,5929899064.64
19145,"Page, IA",evaporative,1.16,0.07,True,True,1013674.65,311.4,68.0,0.0,2.89,True,0.0,1924648962.25,57534739.2,126710902.44,265503080.08,0.0,0.0,2374397683.96,0.0,602460032.67,2244458945.24,3543882545.11,2374397683.96,2976857716.63,4618856629.2,5918280229.07
47003,"Bedford, TN",dry,1.22,0.1,True,True,1041760.12,27.77,62.1,0.0,2.89,True,0.0,1850708468.45,10386103.22,186076264.4,265503080.08,0.0,0.0,2312673916.15,0.0,619152151.6,2306645270.67,3642071480.0,2312673916.15,2931826067.75,4619319186.81,5954745396.15
39033,"Crawford, OH",evaporative,1.14,0.07,True,True,993761.93,225.15,71.0,0.0,2.89,True,0.0,1988902382.09,31256687.41,134415555.64,265503080.08,0.0,0.0,2420077705.22,0.0,590625254.18,2200368594.01,3474266201.07,2420077705.22,3010702959.4,4620446299.24,5894343906.3
13187,"Lumpkin, GA",dry,1.19,0.08,True,True,954993.29,27.77,72.1,0.0,2.89,True,0.0,2100134248.14,8732096.77,131761282.07,265503080.08,0.0,0.0,2506130707.06,0.0,567583783.52,2114527820.97,3338728138.38,2506130707.06,3073714490.58,4620658528.03,5844858845.44
21079,"Garrard, KY",dry,1.2,0.06,True,True,1030007.72,27.77,65.0,0.0,2.89,True,0.0,1915281079.52,7937035.36,151944093.92,265503080.08,0.0,0.0,2340665288.89,0.0,612167312.61,2280623321.49,3600984191.83,2340665288.89,2952832601.5,4621288610.38,5941649480.72
19077,"Guthrie, IA",evaporative,1.15,0.07,True,True,1007854.92,263.23,68.0,0.0,2.89,True,0.0,1913599142.22,53832701.82,157154001.92,265503080.08,0.0,0.0,2390088926.04,0.0,599001181.18,2231573027.92,3523536359.87,2390088926.04,2989090107.22,4621661953.96,5913625285.91
19011,"Benton, IA",evaporative,1.15,0.07,True,True,1006834.56,254.78,68.0,0.0,2.89,True,0.0,1911661798.36,60088513.32,157063282.56,265503080.08,0.0,0.0,2394316674.32,0.0,598394747.35,2229313764.62,3519969102.04,2394316674.32,2992711421.67,4623630438.95,5914285776.36
39005,"Ashland, OH",dry,1.16,0.07,True,True,1009855.98,27.77,71.0,0.0,2.89,True,0.0,2021112793.75,7716602.4,93916724.54,265503080.08,0.0,0.0,2388249200.77,0.0,600190471.03,2236003715.61,3530532182.54,2388249200.77,2988439671.8,4624252916.38,5918781383.31
19105,"Jones, IA",evaporative,1.14,0.07,True,True,1004183.4,232.84,68.0,0.0,2.89,True,0.0,1906628071.36,24993791.99,206942194.61,265503080.08,0.0,0.0,2404067138.04,0.0,596819073.34,2223443606.57,3510700431.43,2404067138.04,3000886211.38,4627510744.61,5914767569.47
19091,"Humboldt, IA",evaporative,1.15,0.07,True,True,1005526.03,243.95,68.0,0.0,2.89,True,0.0,1909177296.35,58387865.32,168073962.07,265503080.08,0.0,0.0,2401142203.82,0.0,597617040.25,2226416424.45,3515394354.4,2401142203.82,2998759244.07,4627558628.27,5916536558.22
13281,"Towns, GA",evaporative,1.14,0.08,True,True,974789.16,187.65,72.1,0.0,2.89,True,0.0,2010595179.49,18197821.38,176668956.3,265503080.08,0.0,0.0,2470965037.25,0.0,579349113.41,2158359442.13,3407935961.26,2470965037.25,3050314150.67,4629324479.39,5878900998.52
39027,"Clinton, OH",evaporative,1.15,0.07,True,True,998263.24,262.76,71.0,0.0,2.89,True,1.8,1997911248.75,30976791.99,80282725.18,265503080.08,45000000.0,0.0,2419673846.0,0.0,593300530.86,2210335311.06,3490003122.73,2419673846.0,3012974376.86,4630009157.06,5909676968.73
39175,"Wyandot, OH",evaporative,1.15,0.07,True,True,997438.75,255.87,71.0,0.0,2.89,True,0.0,1996261114.09,21264272.74,138579656.5,265503080.08,0.0,0.0,2421608123.41,0.0,592810506.21,2208509729.01,3487120624.75,2421608123.41,3014418629.62,4630117852.42,5908728748.17
21085,"Grayson, KY",dry,1.2,0.06,True,True,1028853.03,27.77,65.0,0.0,2.89,True,0.0,1913133959.32,6980276.15,166533854.26,265503080.08,0.0,0.0,2352151169.81,0.0,611481044.25,2278066635.44,3596947319.12,2352151169.81,2963632214.06,4630217805.25,5949098488.93
13199,"Meriwether, GA",evaporative,1.18,0.08,True,True,946757.0,481.32,72.1,0.0,2.89,True,0.0,2082021732.36,99925952.38,87113653.53,265503080.08,0.0,0.0,2534564418.35,0.0,562688682.06,2096291168.46,3309933423.89,2534564418.35,3097253100.41,4630855586.81,5844497842.24
01059,"Franklin, AL",evaporative,1.17,0.09,True,True,941369.1,432.6,72.5,0.0,2.89,True,0.0,2081658162.43,51156018.44,148774697.09,265503080.08,0.0,0.0,2547091958.04,0.0,559486476.23,2084361382.03,3291096918.99,2547091958.04,3106578434.27,4631453340.06,5838188877.03
05073,"Lafayette, AR",dry,1.26,0.09,True,True,889545.71,27.77,66.1,0.0,2.89,True,0.0,2042187400.84,7493890.16,348015719.5,265503080.08,0.0,0.0,2663200090.59,0.0,528686142.49,1969615040.63,3109918485.21,2663200090.59,3191886233.08,4632815131.22,5773118575.8
48073,"Cherokee, TX",evaporative,1.2,0.08,True,True,842116.86,660.59,61.2,0.0,4.39,False,0.0,1804274485.56,135763555.41,112435008.33,715811088.3,0.0,0.0,2768284137.6,0.0,500497622.61,1864598986.21,2944103662.43,2768284137.6,3268781760.21,4632883123.81,5712387800.03
19097,"Jackson, IA",evaporative,1.14,0.07,True,True,1003864.2,230.2,68.0,0.0,2.89,True,0.0,1906022006.05,24561061.27,214547307.73,265503080.08,0.0,0.0,2410633455.13,0.0,596629360.76,2222736834.2,3509584475.06,2410633455.13,3007262815.89,4633370289.33,5920217930.18
28071,"Lafayette, MS",evaporative,1.18,0.07,True,True,1010731.28,492.45,68.1,0.0,2.89,True,0.0,1969071553.89,40171423.82,120747712.98,265503080.08,0.0,0.0,2395493770.77,0.0,600710690.26,2237941787.26,3533592295.67,2395493770.77,2996204461.03,4633435558.03,5929086066.44
13091,"Dodge, GA",dry,1.27,0.08,True,True,1021681.52,27.77,72.1,0.0,0.76,False,0.0,2246788928.16,7932740.86,116682242.95,0.0,0.0,0.0,2371403911.97,0.0,607218782.21,2262187619.98,3571875189.45,2371403911.97,2978622694.17,4633591531.95,5943279101.41
19171,"Tama, IA",dry,1.17,0.07,True,True,1027436.85,27.77,68.0,0.0,2.89,True,0.0,1950779053.15,7862835.63,135464719.02,265503080.08,0.0,0.0,2359609687.88,0.0,610639360.81,2274930952.05,3591996240.07,2359609687.88,2970249048.7,4634540639.93,5951605927.96
01001,"Autauga, AL",dry,1.26,0.09,True,True,1010368.11,27.77,72.5,0.0,0.72,False,0.0,2234236328.1,6893392.99,157637445.9,0.0,0.0,0.0,2398767166.99,0.0,600494852.05,2237137684.11,3532322659.12,2398767166.99,2999262019.04,4635904851.1,5931089826.11
19197,"Wright, IA",dry,1.17,0.07,True,True,1025615.46,27.77,68.0,0.0,2.89,True,0.0,1947320796.52,8138481.67,144625553.25,265503080.08,0.0,0.0,2365587911.53,0.0,609556845.8,2270898052.97,3585628504.68,2365587911.53,2975144757.32,4636485964.49,5951216416.21
47127,"Moore, TN",evaporative,1.17,0.1,True,True,998346.35,387.42,62.1,0.0,2.89,True,6.0,1773582988.73,47424403.86,190358810.86,265503080.08,150000000.0,0.0,2426869283.53,0.0,593349920.98,2210519313.47,3490293652.84,2426869283.53,3020219204.51,4637388596.99,5917162936.37
39083,"Knox, OH",dry,1.16,0.07,True,True,1008539.38,27.77,71.0,0.0,2.89,True,0.0,2018477781.76,7948873.65,112816794.39,265503080.08,0.0,0.0,2404746529.87,0.0,599407976.81,2233088541.05,3525929275.34,2404746529.87,3004154506.68,4637835070.92,5930675805.21
05087,"Madison, AR",dry,1.21,0.09,True,True,1002876.49,27.77,66.1,0.0,2.89,True,0.0,1953011196.05,9271330.55,190084825.19,265503080.08,0.0,0.0,2417870431.88,0.0,596042337.09,2220549883.28,3506131394.66,2417870431.88,3013912768.97,4638420315.16,5924001826.54
19047,"Crawford, IA",evaporative,1.15,0.07,True,True,1007948.09,264.0,68.0,0.0,2.89,True,0.0,1913776026.67,32250567.6,195194919.51,265503080.08,0.0,0.0,2406724593.86,0.0,599056550.14,2231779304.43,3523862059.63,2406724593.86,3005781144.0,4638503898.29,5930586653.49
39035,"Cuyahoga, OH",evaporative,1.14,0.07,True,True,993774.49,225.25,71.0,0.0,2.89,True,1.8,1988927521.45,54907548.62,86134904.62,265503080.08,45000000.0,0.0,2440473054.78,0.0,590632719.58,2200396406.28,3474310115.17,2440473054.78,3031105774.36,4640869461.06,5914783169.95
39107,"Mercer, OH",evaporative,1.15,0.07,True,True,999345.94,271.81,71.0,0.0,2.89,True,0.0,2000078143.39,57978714.35,105406392.85,265503080.08,0.0,0.0,2428966330.67,0.0,593944012.77,2212732596.59,3493788310.41,2428966330.67,3022910343.44,4641698927.26,5922754641.08
39011,"Auglaize, OH",evaporative,1.15,0.07,True,True,998445.15,264.28,71.0,0.0,2.89,True,0.0,1998275305.16,37192339.14,130355838.96,265503080.08,0.0,0.0,2431326563.35,0.0,593408641.2,2210738075.07,3490639065.9,2431326563.35,3024735204.55,4642064638.42,5921965629.25
48183,"Gregg, TX",dry,1.28,0.08,True,True,1060565.36,27.77,61.2,0.0,2.89,True,0.0,1912250056.31,7331688.0,109108704.67,265503080.08,0.0,0.0,2294193529.07,0.0,630328720.15,2348283467.21,3707816000.85,2294193529.07,2924522249.21,4642476996.27,6002009529.92
51595,"Emporia, VA",dry,1.22,0.06,True,True,687853.63,27.77,89.9,0.0,2.89,True,0.0,2677241190.23,10693564.84,166268797.51,265503080.08,0.0,0.0,3119706632.66,0.0,408813931.25,1523032292.89,2404787830.88,3119706632.66,3528520563.91,4642738925.56,5524494463.55
19119,"Lyon, IA",dry,1.17,0.07,True,True,1026755.53,27.77,68.0,0.0,2.89,True,0.0,1949485433.75,9880821.05,144911509.68,265503080.08,0.0,0.0,2369780844.57,0.0,610234427.76,2273422377.92,3589614280.92,2369780844.57,2980015272.33,4643203222.49,5959395125.49
48199,"Hardin, TX",evaporative,1.21,0.08,True,True,851892.08,692.02,61.2,0.0,4.08,False,0.0,1810764056.9,141370340.84,179649775.25,625462012.32,0.0,0.0,2757246185.3,0.0,506307356.13,1886243091.47,2978278565.48,2757246185.3,3263553541.44,4643489276.77,5735524750.78
13255,"Spalding, GA",evaporative,1.18,0.08,True,True,946351.46,477.65,72.1,0.0,2.89,True,0.0,2081129901.81,108772603.69,92763007.83,265503080.08,0.0,0.0,2548168593.42,0.0,562447655.3,2095393225.62,3308515619.4,2548168593.42,3110616248.72,4643561819.04,5856684212.82
21171,"Monroe, KY",dry,1.21,0.06,True,True,1033090.44,27.77,65.0,0.0,2.89,True,0.0,1921013344.54,7015551.37,163147906.27,265503080.08,0.0,0.0,2356679882.26,0.0,613999474.64,2287449023.17,3611761615.53,2356679882.26,2970679356.9,4644128905.43,5968441497.79
36063,"Niagara, NY",dry,1.16,0.09,False,False,267816.38,27.77,91.7,0.0,1.32,False,13.8,2606301390.2,7263109.34,122163205.57,0.0,345000000.0,970895688.78,4051623393.89,0.0,159172042.67,592993884.44,936306133.33,4051623393.89,4210795436.56,4644617278.33,4987929527.22
39019,"Carroll, OH",dry,1.16,0.07,True,True,1012495.64,27.77,71.0,0.0,2.89,True,0.0,2026395782.31,6808138.34,104808450.24,265503080.08,0.0,0.0,2403515450.97,0.0,601759309.45,2241848407.75,3539760643.81,2403515450.97,3005274760.42,4645363858.72,5943276094.78
13293,"Upson, GA",evaporative,1.18,0.08,True,True,950744.57,517.37,72.1,0.0,2.89,True,0.0,2090790844.49,92619537.18,91667582.36,265503080.08,0.0,0.0,2540581044.11,0.0,565058628.57,2105120380.96,3323874285.73,2540581044.11,3105639672.68,4645701425.07,5864455329.84
21139,"Livingston, KY",evaporative,1.17,0.06,True,True,1002009.95,418.49,65.0,0.0,2.89,True,0.0,1863219723.74,34138166.87,265201635.52,265503080.08,0.0,0.0,2428062606.21,0.0,595527321.44,2218631197.51,3503101890.81,2428062606.21,3023589927.65,4646693803.72,5931164497.02
39015,"Brown, OH",evaporative,1.15,0.07,True,True,999773.65,275.38,71.0,0.0,2.89,True,0.0,2000934154.52,22464404.73,146267851.31,265503080.08,0.0,0.0,2435169490.65,0.0,594198214.18,2213679621.46,3495283612.84,2435169490.65,3029367704.83,4648849112.11,5930453103.49
47069,"Hardeman, TN",dry,1.23,0.1,True,True,1054822.53,27.77,62.1,0.0,2.89,True,0.0,1873914095.61,7562750.28,167262712.1,265503080.08,0.0,0.0,2314242638.08,0.0,626915564.5,2335567789.3,3687738614.69,2314242638.08,2941158202.57,4649810427.38,6001981252.76
39157,"Tuscarawas, OH",dry,1.17,0.07,True,True,1014487.93,27.77,71.0,0.0,2.89,True,0.0,2030383135.97,7935598.24,100127789.48,265503080.08,0.0,0.0,2403949603.77,0.0,602943395.6,2246259709.09,3546725856.46,2403949603.77,3006892999.36,4650209312.86,5950675460.23
05099,"Nevada, AR",dry,1.26,0.09,True,True,885709.18,27.77,66.1,0.0,3.3,False,0.0,2033379616.35,7533169.07,258458387.18,389733059.55,0.0,0.0,2689104232.15,0.0,526405963.1,1961120254.69,3096505665.3,2689104232.15,3215510195.25,4650224486.84,5785609897.45
39039,"Defiance, OH",evaporative,1.15,0.07,True,True,995352.85,238.44,71.0,0.0,2.89,True,0.0,1992086430.95,19450955.48,169302951.4,265503080.08,0.0,0.0,2446343417.91,0.0,591570790.62,2203891180.73,3479828180.11,2446343417.91,3037914208.53,4650234598.65,5926171598.02
47017,"Carroll, TN",dry,1.22,0.1,True,True,1045991.79,27.77,62.1,0.0,2.89,True,0.0,1858226105.77,6908005.24,204068824.31,265503080.08,0.0,0.0,2334706015.4,0.0,621667167.56,2316014937.95,3656865691.5,2334706015.4,2956373182.96,4650720953.36,5991571706.91
05009,"Boone, AR",dry,1.21,0.09,True,True,1009117.05,27.77,66.1,0.0,2.89,True,0.0,1965164103.66,9651280.22,176605029.61,265503080.08,0.0,0.0,2416923493.56,0.0,599751300.7,2234367590.84,3527948827.64,2416923493.56,3016674794.26,4651291084.4,5944872321.2
28155,"Webster, MS",evaporative,1.18,0.07,True,True,1011337.74,497.59,68.1,0.0,2.89,True,0.0,1970253050.92,47897914.39,129072227.43,265503080.08,0.0,0.0,2412726272.81,0.0,601071133.18,2239284613.82,3535712548.13,2412726272.81,3013797405.99,4652010886.63,5948438820.94
28009,"Benton, MS",evaporative,1.18,0.07,True,True,1006843.05,459.47,68.1,0.0,2.89,True,0.0,1961496649.64,38665921.82,157153639.59,265503080.08,0.0,0.0,2422819291.13,0.0,598399791.02,2229332554.8,3519998770.73,2422819291.13,3021219082.15,4652151845.92,5942818061.86
47097,"Lauderdale, TN",evaporative,1.18,0.1,True,True,1011486.0,498.85,62.1,0.0,2.89,True,0.0,1796925854.21,113180354.38,238190757.48,265503080.08,0.0,0.0,2413800046.15,0.0,601159246.78,2239612880.17,3536230863.42,2413800046.15,3014959292.94,4653412926.32,5950030909.57
28093,"Marshall, MS",evaporative,1.18,0.07,True,True,1007757.51,467.23,68.1,0.0,2.89,True,0.0,1963278170.49,38114227.01,155740338.27,265503080.08,0.0,0.0,2422635815.86,0.0,598943285.05,2231357336.45,3523195794.4,2422635815.86,3021579100.91,4653993152.31,5945831610.26
39095,"Lucas, OH",evaporative,1.15,0.07,True,True,998799.09,267.24,71.0,0.0,2.89,True,1.8,1998983676.01,21800090.57,111608672.65,265503080.08,45000000.0,0.0,2442895519.31,0.0,593618999.29,2211521762.08,3491876466.44,2442895519.31,3036514518.6,4654417281.38,5934771985.74
39061,"Hamilton, OH",evaporative,1.16,0.07,True,True,1005705.39,324.95,71.0,0.0,2.89,True,0.0,2012805856.91,50932701.17,98775760.37,265503080.08,0.0,0.0,2428017398.53,0.0,597723639.71,2226813559.72,3516021410.08,2428017398.53,3025741038.24,4654830958.25,5944038808.61
28145,"Union, MS",evaporative,1.18,0.07,True,True,1010747.56,492.59,68.1,0.0,2.89,True,0.0,1969103270.51,55878923.19,126899592.25,265503080.08,0.0,0.0,2417384866.03,0.0,600720366.15,2237977834.68,3533649212.66,2417384866.03,3018105232.18,4655362700.71,5951034078.69
21043,"Carter, KY",dry,1.18,0.06,True,True,1011655.4,27.77,65.0,0.0,2.89,True,0.0,1881155260.96,8685227.82,260186908.89,265503080.08,0.0,0.0,2415530477.75,0.0,601259926.3,2239987960.71,3536823095.86,2415530477.75,3016790404.05,4655518438.46,5952353573.61
19095,"Iowa, IA",dry,1.18,0.07,True,True,1034069.5,27.77,68.0,0.0,2.89,True,0.0,1963372372.46,8624951.27,128769145.77,265503080.08,0.0,0.0,2366269549.58,0.0,614581363.59,2289616844.75,3615184491.71,2366269549.58,2980850913.17,4655886394.34,5981454041.3
13197,"Marion, GA",evaporative,1.19,0.08,True,True,952674.67,534.82,72.1,0.0,2.89,True,0.0,2095035338.34,81620175.68,104418142.9,265503080.08,0.0,0.0,2546576737.0,0.0,566205748.52,2109393965.06,3330622050.1,2546576737.0,3112782485.52,4655970702.07,5877198787.1
13085,"Dawson, GA",dry,1.2,0.08,True,True,963821.77,27.77,72.1,0.0,2.89,True,0.0,2119549024.13,10383277.65,126568670.36,265503080.08,0.0,0.0,2522004052.23,0.0,572830834.77,2134075658.94,3369593145.69,2522004052.23,3094834886.99,4656079711.16,5891597197.91
51147,"Prince Edward, VA",dry,1.2,0.06,True,True,680942.92,27.77,89.9,0.0,3.31,False,0.0,2650343555.22,9423667.93,96132980.89,393018480.49,0.0,0.0,3148918684.53,0.0,404706670.41,1507730732.88,2380627472.97,3148918684.53,3553625354.94,4656649417.41,5529546157.5
47023,"Chester, TN",dry,1.23,0.1,True,True,1053668.5,27.77,62.1,0.0,2.89,True,0.0,1871863946.87,7764912.86,178617459.92,265503080.08,0.0,0.0,2323749399.73,0.0,626229689.85,2333012570.05,3683704057.97,2323749399.73,2949979089.58,4656761969.77,6007453457.7
01095,"Marshall, AL",evaporative,1.17,0.09,True,True,941400.62,432.89,72.5,0.0,2.89,True,0.0,2081727882.09,60279764.74,167024634.52,265503080.08,0.0,0.0,2574535361.44,0.0,559505214.75,2084431192.22,3291207145.61,2574535361.44,3134040576.2,4658966553.67,5865742507.06
28141,"Tishomingo, MS",evaporative,1.18,0.07,True,True,1006379.58,455.54,68.1,0.0,2.89,True,0.0,1960593737.23,60832488.52,144117319.94,265503080.08,0.0,0.0,2431046625.77,0.0,598124336.77,2228306352.67,3518378451.59,2431046625.77,3029170962.54,4659352978.44,5949425077.36
19023,"Butler, IA",evaporative,1.15,0.07,True,True,1005996.87,247.85,68.0,0.0,2.89,True,0.0,1910071275.37,51610661.4,207201358.24,265503080.08,0.0,0.0,2434386375.09,0.0,597896876.54,2227458951.82,3517040450.23,2434386375.09,3032283251.63,4661845326.91,5951426825.33
13143,"Haralson, GA",dry,1.21,0.08,True,True,970194.23,27.77,72.1,0.0,2.89,True,0.0,2133562754.62,8576364.47,107676146.51,265503080.08,0.0,0.0,2515318345.69,0.0,576618195.59,2148185434.54,3391871738.75,2515318345.69,3091936541.27,4663503780.23,5907190084.43
21183,"Ohio, KY",dry,1.21,0.06,True,True,1035072.52,27.77,65.0,0.0,2.89,True,0.0,1924698991.65,6980276.15,174499266.77,265503080.08,0.0,0.0,2371681614.65,0.0,615177491.13,2291837712.05,3618691124.29,2371681614.65,2986859105.78,4663519326.7,5990372738.94
22085,"Sabine, LA",dry,1.27,0.1,True,True,1054143.22,27.77,56.1,0.0,3.29,False,0.0,1742281400.03,7151817.51,192092812.67,388090349.08,0.0,0.0,2329616379.29,0.0,626511827.91,2334063672.6,3685363693.58,2329616379.29,2956128207.2,4663680051.89,6014980072.87
24027,"Howard, MD",evaporative,1.16,0.06,True,True,657576.55,311.25,100.1,0.0,2.89,True,0.0,2833147125.0,54010918.07,55162800.45,265503080.08,0.0,0.0,3207823923.6,0.0,390819273.29,1455993371.08,2298936901.7,3207823923.6,3598643196.89,4663817294.68,5506760825.31
19155,"Pottawattamie, IA",evaporative,1.15,0.07,True,True,1011929.26,296.95,68.0,0.0,2.89,True,0.0,1921335028.77,59467826.9,177273862.04,265503080.08,0.0,0.0,2423579797.79,0.0,601422694.17,2240594350.82,3537780553.93,2423579797.79,3025002491.96,4664174148.62,5961360351.72
51111,"Lunenburg, VA",dry,1.21,0.06,True,True,682392.91,27.77,89.9,0.0,3.31,False,0.0,2655987162.49,10692418.4,94463355.97,392197125.26,0.0,0.0,3153340062.12,0.0,405568447.55,1510941275.2,2385696750.31,3153340062.12,3558908509.67,4664281337.31,5539036812.43
19071,"Fremont, IA",evaporative,1.16,0.07,True,True,1017156.73,340.22,68.0,0.0,2.89,True,0.0,1931260346.05,78237152.19,137156969.86,265503080.08,0.0,0.0,2412157548.19,0.0,604529550.06,2252168911.99,3556056176.83,2412157548.19,3016687098.25,4664326460.18,5968213725.01
39069,"Henry, OH",evaporative,1.15,0.07,True,True,995960.27,243.52,71.0,0.0,2.89,True,0.0,1993302100.65,19865000.85,181390574.18,265503080.08,0.0,0.0,2460060755.77,0.0,591931796.38,2205236104.17,3481951743.43,2460060755.77,3051992552.15,4665296859.94,5942012499.2
13227,"Pickens, GA",dry,1.2,0.08,True,True,966879.58,27.77,72.1,0.0,2.89,True,0.0,2126273480.0,9432140.41,125248482.58,265503080.08,0.0,0.0,2526457183.08,0.0,574648191.02,2140846201.83,3380283476.58,2526457183.08,3101105374.1,4667303384.91,5906740659.66
39137,"Putnam, OH",evaporative,1.15,0.07,True,True,996978.76,252.03,71.0,0.0,2.89,True,0.0,1995340494.31,20559258.05,178700315.7,265503080.08,0.0,0.0,2460103148.15,0.0,592537118.59,2207491226.11,3485512462.28,2460103148.15,3052640266.74,4667594374.27,5945615610.44
21141,"Logan, KY",dry,1.21,0.06,True,True,1037058.08,27.77,65.0,0.0,2.89,True,0.0,1928391098.08,8609184.1,169780834.13,265503080.08,0.0,0.0,2372284196.39,0.0,616357572.16,2296234092.36,3625632777.4,2372284196.39,2988641768.55,4668518288.75,5997916973.8
39031,"Coshocton, OH",dry,1.17,0.07,True,True,1015585.12,27.77,71.0,0.0,2.89,True,0.0,2032579023.39,7935598.24,113970643.99,265503080.08,0.0,0.0,2419988345.7,0.0,603595487.21,2248689070.01,3550561689.5,2419988345.7,3023583832.91,4668677415.71,5970550035.19
28115,"Pontotoc, MS",evaporative,1.18,0.07,True,True,1011269.4,497.01,68.1,0.0,2.89,True,0.0,1970119915.94,67285023.11,130485702.03,265503080.08,0.0,0.0,2433393721.16,0.0,601030517.29,2239133299.69,3535473631.09,2433393721.16,3034424238.44,4672527020.85,5968867352.25
28013,"Calhoun, MS",evaporative,1.18,0.07,True,True,1011172.85,496.19,68.1,0.0,2.89,True,0.0,1969931817.77,40476898.53,158066289.29,265503080.08,0.0,0.0,2433978085.67,0.0,600973133.6,2238919517.34,3535136080.01,2433978085.67,3034951219.28,4672897603.02,5969114165.69
21047,"Christian, KY",evaporative,1.17,0.06,True,True,999857.56,400.23,65.0,0.0,2.89,True,1.8,1859217394.46,70326698.62,219200643.48,265503080.08,45000000.0,0.0,2459247816.64,0.0,594248086.14,2213865418.95,3495576977.29,2459247816.64,3053495902.78,4673113235.59,5954824793.93
21121,"Knox, KY",dry,1.19,0.06,True,True,1015084.04,27.77,65.0,0.0,2.89,True,0.0,1887530765.6,7038040.27,265699842.16,265503080.08,0.0,0.0,2425771728.12,0.0,603297682.31,2247579600.77,3548809895.95,2425771728.12,3029069410.43,4673351328.89,5974581624.07
39003,"Allen, OH",evaporative,1.15,0.07,True,True,998460.42,264.41,71.0,0.0,2.89,True,1.8,1998305873.58,22281582.53,131597287.34,265503080.08,45000000.0,0.0,2462687823.53,0.0,593417718.81,2210771893.61,3490692463.6,2462687823.53,3056105542.34,4673459717.14,5953380287.12
39151,"Stark, OH",dry,1.17,0.07,True,True,1012777.81,27.77,71.0,0.0,2.89,True,1.8,2026960513.83,7206311.54,86657765.09,265503080.08,45000000.0,0.0,2431327670.55,0.0,601927012.35,2242473183.26,3540747131.46,2431327670.55,3033254682.9,4673800853.81,5972074802.01
40011,"Blaine, OK",dry,1.25,0.09,True,True,1039943.31,27.77,58.4,0.0,2.89,True,0.0,1789280105.08,7241155.94,311442184.99,265503080.08,0.0,0.0,2373466526.1,0.0,618072358.38,2302622511.6,3635719755.16,2373466526.1,2991538884.47,4676089037.7,6009186281.26
29077,"Greene, MO",dry,1.21,0.08,True,True,1006217.26,27.77,78.7,0.0,0.84,False,0.0,2333040695.23,6927734.17,108497608.36,0.0,0.0,0.0,2448466037.77,0.0,598027860.86,2227946932.62,3517810946.24,2448466037.77,3046493898.63,4676412970.39,5966276984.01
39023,"Clark, OH",dry,1.17,0.07,True,True,1019827.71,27.77,71.0,0.0,2.89,True,0.0,2041070092.1,6995420.43,105135555.37,265503080.08,0.0,0.0,2418704147.98,0.0,606116998.41,2258082935.24,3565394108.27,2418704147.98,3024821146.39,4676787083.22,5984098256.25
48215,"Hidalgo, TX",dry,1.38,0.08,True,True,967358.89,27.77,61.2,0.0,2.89,False,0.0,2072611345.51,13182266.21,181919104.22,267351129.36,0.0,0.0,2535063845.31,0.0,574933059.98,2141907478.37,3381959176.37,2535063845.31,3109996905.29,4676971323.68,5917023021.68
39097,"Madison, OH",dry,1.18,0.07,True,True,1022781.12,27.77,71.0,0.0,2.83,False,0.0,2046981021.58,8638847.05,106956360.15,250102669.4,0.0,0.0,2412678898.18,0.0,607872310.41,2264622332.9,3575719473.01,2412678898.18,3020551208.59,4677301231.09,5988398371.19
39149,"Shelby, OH",dry,1.17,0.07,True,True,1019674.84,27.77,71.0,0.0,2.89,True,0.0,2040764151.29,8308574.44,105092764.67,265503080.08,0.0,0.0,2419668570.48,0.0,606026146.1,2257744465.86,3564859682.94,2419668570.48,3025694716.58,4677413036.34,5984528253.42
13113,"Fayette, GA",evaporative,1.18,0.08,True,True,946533.09,479.29,72.1,0.0,2.89,True,1.8,2081529343.06,84659091.98,105431473.36,265503080.08,45000000.0,0.0,2582122988.49,0.0,562555608.58,2095795404.5,3309150638.68,2582122988.49,3144678597.07,4677918392.99,5891273627.17
39037,"Darke, OH",dry,1.17,0.07,True,True,1018729.19,27.77,71.0,0.0,2.89,True,0.0,2038871521.53,8644661.64,112280677.74,265503080.08,0.0,0.0,2425299940.99,0.0,605464110.0,2255650605.89,3561553588.25,2425299940.99,3030764051.0,4680950546.89,5986853529.24
19083,"Hardin, IA",dry,1.17,0.07,True,True,1027263.27,27.77,68.0,0.0,2.89,True,0.0,1950449476.73,8329637.56,182730859.62,265503080.08,0.0,0.0,2407013054.0,0.0,610536195.7,2274546611.44,3591389386.48,2407013054.0,3017549249.7,4681559665.44,5998402440.48
39153,"Summit, OH",dry,1.17,0.07,True,True,1016084.06,27.77,71.0,0.0,2.89,True,1.8,2033577611.56,7086322.2,82516844.87,265503080.08,45000000.0,0.0,2433683858.71,0.0,603892028.36,2249793831.14,3552306049.18,2433683858.71,3037575887.07,4683477689.85,5985989907.88
39155,"Trumbull, OH",evaporative,1.14,0.07,True,True,991555.35,206.71,71.0,0.0,3.16,False,1.8,1984486163.25,25659429.85,85716366.8,347433264.89,45000000.0,0.0,2488295224.78,0.0,589313812.05,2195482829.22,3466551835.61,2488295224.78,3077609036.84,4683778054.01,5954847060.4
21007,"Ballard, KY",evaporative,1.17,0.06,True,True,1004701.52,441.31,65.0,0.0,2.89,True,0.0,1868224653.88,36000148.31,290231962.87,265503080.08,0.0,0.0,2459959845.14,0.0,597127010.73,2224590824.28,3512511827.82,2459959845.14,3057086855.87,4684550669.42,5972471672.96
21099,"Hart, KY",dry,1.2,0.06,True,True,1032003.55,27.77,65.0,0.0,2.89,True,0.0,1918992294.74,6980276.15,208076200.4,265503080.08,0.0,0.0,2399551851.37,0.0,613353501.25,2285042455.62,3607961772.03,2399551851.37,3012905352.61,4684594306.99,6007513623.4
47113,"Madison, TN",dry,1.23,0.1,True,True,1056496.28,27.77,62.1,0.0,2.89,True,0.0,1876887549.56,8740792.77,194203530.37,265503080.08,0.0,0.0,2345334952.77,0.0,627910329.71,2339273777.36,3693590174.77,2345334952.77,2973245282.49,4684608730.13,6038925127.55
13269,"Taylor, GA",evaporative,1.19,0.08,True,True,952134.35,529.94,72.1,0.0,2.89,True,0.0,2093847113.15,93498073.93,123933315.61,265503080.08,0.0,0.0,2576781582.77,0.0,565884617.93,2108197596.2,3328733046.63,2576781582.77,3142666200.7,4684979178.97,5905514629.4
19137,"Montgomery, IA",evaporative,1.15,0.07,True,True,1012663.42,303.03,68.0,0.0,2.89,True,0.0,1922728963.55,70367955.02,184542740.19,265503080.08,0.0,0.0,2443142738.84,0.0,601859028.28,2242219909.27,3540347225.16,2443142738.84,3045001767.12,4685362648.11,5983489964.0
28017,"Chickasaw, MS",evaporative,1.18,0.07,True,True,1009532.42,482.28,68.1,0.0,2.89,True,0.0,1966735992.62,89103991.57,129061557.49,265503080.08,0.0,0.0,2450404621.76,0.0,599998173.43,2235287312.8,3529401020.2,2450404621.76,3050402795.2,4685691934.56,5979805641.97
21031,"Butler, KY",dry,1.21,0.06,True,True,1033802.73,27.77,65.0,0.0,2.89,True,0.0,1922337834.34,6980276.15,201956587.95,265503080.08,0.0,0.0,2396777778.52,0.0,614422811.65,2289026161.05,3614251833.24,2396777778.52,3011200590.17,4685803939.57,6011029611.75
13055,"Chattooga, GA",evaporative,1.17,0.08,True,True,936631.27,389.76,72.1,0.0,2.89,True,0.0,2059754157.26,90230858.59,196920551.11,265503080.08,0.0,0.0,2612408647.04,0.0,556670631.29,2073870979.32,3274533125.24,2612408647.04,3169079278.33,4686279626.35,5886941772.27
19029,"Cass, IA",dry,1.18,0.07,True,True,1035340.85,27.77,68.0,0.0,2.89,True,0.0,1965786254.97,7455526.58,156520623.58,265503080.08,0.0,0.0,2395265485.21,0.0,615336965.14,2292431830.92,3619629206.71,2395265485.21,3010602450.35,4687697316.12,6014894691.92
21213,"Simpson, KY",dry,1.21,0.06,True,True,1039594.84,27.77,65.0,0.0,2.89,True,1.8,1933108154.16,8221051.3,134319190.54,265503080.08,45000000.0,0.0,2386151476.09,0.0,617865250.37,2301850932.74,3634501472.74,2386151476.09,3004016726.45,4688002408.83,6020652948.83
19009,"Audubon, IA",dry,1.18,0.07,True,True,1031991.08,27.77,68.0,0.0,2.89,True,0.0,1959426097.11,7903017.09,172981458.6,265503080.08,0.0,0.0,2405813652.88,0.0,613346087.33,2285014835.16,3607918160.78,2405813652.88,3019159740.21,4690828488.04,6013731813.66
48209,"Hays, TX",dry,1.29,0.08,True,True,905407.48,27.77,61.2,0.0,3.86,False,1.8,1939877580.09,10105033.13,137066048.75,557289527.72,45000000.0,0.0,2689338189.69,0.0,538113310.79,2004735863.72,3165372416.4,2689338189.69,3227451500.48,4694074053.41,5854710606.09
05067,"Jackson, AR",dry,1.25,0.09,True,True,878636.49,27.77,66.1,0.0,3.47,False,0.0,2017142405.19,10044484.05,281421639.6,440657084.19,0.0,0.0,2749265613.03,0.0,522202436.76,1945460058.53,3071779039.78,2749265613.03,3271468049.79,4694725671.56,5821044652.81
48291,"Liberty, TX",evaporative,1.21,0.08,True,True,853096.93,704.42,61.2,0.0,4.31,False,0.0,1813325066.79,132459492.78,170076749.52,691991786.45,0.0,0.0,2807853095.55,0.0,507023439.57,1888910853.29,2982490820.99,2807853095.55,3314876535.11,4696763948.84,5790343916.53
13213,"Murray, GA",dry,1.21,0.08,True,True,971326.03,27.77,72.1,0.0,2.89,True,0.0,2136051718.65,8111260.83,137723071.93,265503080.08,0.0,0.0,2547389131.49,0.0,577290864.79,2150691457.04,3395828616.39,2547389131.49,3124679996.28,4698080588.53,5943217747.88
01079,"Lawrence, AL",evaporative,1.18,0.09,True,True,944578.53,461.62,72.5,0.0,2.89,True,0.0,2088755222.05,61792700.08,190851741.21,265503080.08,0.0,0.0,2606902743.41,0.0,561393950.25,2091467657.81,3302317354.44,2606902743.41,3168296693.67,4698370401.22,5909220097.85
39109,"Miami, OH",dry,1.18,0.07,True,True,1025827.11,27.77,71.0,0.0,2.89,True,0.0,2053077223.81,8672539.36,101251513.49,265503080.08,0.0,0.0,2428504356.74,0.0,609682641.08,2271366702.08,3586368476.97,2428504356.74,3038186997.82,4699871058.82,6014872833.71
28139,"Tippah, MS",evaporative,1.18,0.07,True,True,1007360.9,463.87,68.1,0.0,2.89,True,0.0,1962505497.41,100511191.7,141369154.4,265503080.08,0.0,0.0,2469888923.59,0.0,598707563.3,2230479157.41,3521809195.9,2469888923.59,3068596486.89,4700368081.0,5991698119.49
39091,"Logan, OH",dry,1.17,0.07,True,True,1019591.16,27.77,71.0,0.0,2.89,True,0.0,2040596661.03,8676010.16,128570625.07,265503080.08,0.0,0.0,2443346376.35,0.0,605976408.12,2257559167.52,3564567106.62,2443346376.35,3049322784.48,4700905543.88,6007913482.97
13079,"Crawford, GA",evaporative,1.19,0.08,True,True,953101.7,538.68,72.1,0.0,2.89,True,0.0,2095974417.96,123012005.1,106280948.3,265503080.08,0.0,0.0,2590770451.44,0.0,566459544.85,2110339480.8,3332114969.69,2590770451.44,3157229996.29,4701109932.25,5922885421.13
01015,"Calhoun, AL",evaporative,1.17,0.09,True,True,943272.7,449.81,72.5,0.0,2.89,True,0.0,2085867626.19,92664910.16,168920395.47,265503080.08,0.0,0.0,2612956011.9,0.0,560617852.21,2088576312.15,3297752071.82,2612956011.9,3173573864.11,4701532324.05,5910708083.72
39059,"Guernsey, OH",dry,1.17,0.07,True,True,1017429.03,27.77,71.0,0.0,2.89,True,1.8,2036269412.85,7900664.45,94128247.49,265503080.08,45000000.0,0.0,2448801404.87,0.0,604691386.76,2252771833.01,3557008157.39,2448801404.87,3053492791.62,4701573237.88,6005809562.26
40153,"Woodward, OK",dry,1.24,0.09,True,True,1029142.24,27.77,58.4,0.0,3.56,False,0.0,1770696275.89,7655964.74,175888201.08,469404517.45,0.0,0.0,2423644959.16,0.0,611652932.43,2278707003.17,3597958426.06,2423644959.16,3035297891.59,4702351962.33,6021603385.22
01113,"Russell, AL",evaporative,1.19,0.09,True,True,956004.25,564.93,72.5,0.0,2.89,True,0.0,2114021010.37,68740139.1,137837803.36,265503080.08,0.0,0.0,2586102032.92,0.0,568184626.62,2116766256.02,3342262509.51,2586102032.92,3154286659.54,4702868288.94,5928364542.43
13215,"Muscogee, GA",evaporative,1.19,0.08,True,True,957913.85,582.19,72.1,0.0,2.89,True,0.0,2106556872.57,111176515.72,98972652.65,265503080.08,0.0,0.0,2582209121.02,0.0,569319566.59,2120994463.78,3348938627.03,2582209121.02,3151528687.61,4703203584.8,5931147748.05
13117,"Forsyth, GA",dry,1.21,0.08,True,True,973945.37,27.77,72.1,0.0,2.89,True,0.0,2141811914.52,8580758.33,131097557.43,265503080.08,0.0,0.0,2546993310.37,0.0,578847619.44,2156491131.25,3404985996.72,2546993310.37,3125840929.81,4703484441.63,5951979307.09
01093,"Marion, AL",evaporative,1.17,0.09,True,True,941968.52,438.02,72.5,0.0,2.89,True,0.0,2082983684.6,91363108.37,178066672.57,265503080.08,0.0,0.0,2617916545.61,0.0,559842736.32,2085688625.5,3293192566.58,2617916545.61,3177759281.93,4703605171.11,5911109112.19
13135,"Gwinnett, GA",dry,1.22,0.08,True,True,980338.58,27.77,72.1,0.0,2.89,True,0.0,2155871286.58,8545686.79,106603693.45,265503080.08,0.0,0.0,2536523746.89,0.0,582647315.39,2170646861.24,3427337149.33,2536523746.89,3119171062.28,4707170608.13,5963860896.22
19129,"Mills, IA",evaporative,1.16,0.07,True,True,1014247.87,316.14,68.0,0.0,2.89,True,0.0,1925737331.15,64966270.87,205263221.21,265503080.08,0.0,0.0,2461469903.31,0.0,602800717.53,2245728163.35,3545886573.7,2461469903.31,3064270620.84,4707198066.66,6007356477.01
13243,"Randolph, GA",evaporative,1.2,0.08,True,True,961082.48,610.84,72.1,0.0,2.89,True,0.0,2113525037.2,85863047.02,114999299.61,265503080.08,0.0,0.0,2579890463.91,0.0,571202787.75,2128010385.74,3360016398.54,2579890463.91,3151093251.66,4707900849.65,5939906862.45
13273,"Terrell, GA",evaporative,1.19,0.08,True,True,959621.52,597.63,72.1,0.0,2.89,True,0.0,2110312226.57,105561988.52,102089670.3,265503080.08,0.0,0.0,2583466965.48,0.0,570334491.25,2124775555.64,3354908772.07,2583466965.48,3153801456.73,4708242521.12,5938375737.54
19187,"Webster, IA",evaporative,1.15,0.07,True,True,1006905.9,255.37,68.0,0.0,3.3,False,0.0,1911797233.44,43160696.84,134700209.46,390554414.78,0.0,0.0,2480212554.52,0.0,598437141.68,2229471704.32,3520218480.5,2480212554.52,3078649696.21,4709684258.84,6000431035.02
13097,"Douglas, GA",dry,1.22,0.08,True,True,983459.36,27.77,72.1,0.0,2.89,True,0.0,2162734217.25,7728353.88,96371798.69,265503080.08,0.0,0.0,2532337449.9,0.0,584502095.94,2177556828.0,3438247623.16,2532337449.9,3116839545.83,4709894277.9,5970585073.05
39105,"Meigs, OH",evaporative,1.15,0.07,True,True,1000169.68,278.69,71.0,0.0,2.89,True,0.0,2001726760.09,26209619.79,202673002.07,265503080.08,0.0,0.0,2496112462.03,0.0,594433586.65,2214556499.29,3496668156.77,2496112462.03,3090546048.68,4710668961.32,5992780618.8
48059,"Callahan, TX",dry,1.27,0.08,True,True,887815.14,27.77,61.2,0.0,4.29,False,0.0,1902185173.16,8650988.66,148287210.25,685831622.18,0.0,0.0,2744954994.25,0.0,527657606.73,1965783240.77,3103868274.89,2744954994.25,3272612600.98,4710738235.01,5848823269.14
39131,"Pike, OH",dry,1.18,0.07,True,True,1023599.49,27.77,71.0,0.0,2.89,True,0.0,2048618893.83,8428928.31,122463414.96,265503080.08,0.0,0.0,2445014317.19,0.0,608358693.61,2266434348.76,3578580550.67,2445014317.19,3053373010.8,4711448665.95,6023594867.86
28019,"Choctaw, MS",evaporative,1.18,0.07,True,True,1011931.88,502.63,68.1,0.0,2.89,True,0.0,1971410536.8,85995854.05,149151301.47,265503080.08,0.0,0.0,2472060772.4,0.0,601424250.95,2240600150.58,3537789711.44,2472060772.4,3073485023.35,4712660922.98,6009850483.85
39141,"Ross, OH",dry,1.18,0.07,True,True,1025440.47,27.77,71.0,0.0,2.89,True,0.0,2052303392.35,8675360.31,116641647.82,265503080.08,0.0,0.0,2443123480.56,0.0,609452843.78,2270510594.48,3585016728.13,2443123480.56,3052576324.34,4713634075.04,6028140208.69
26121,"Muskegon, MI",evaporative,1.14,0.06,True,True,1050784.09,166.16,82.6,0.0,1.7,False,0.0,2297411898.23,13554147.3,77986200.93,0.0,0.0,0.0,2388952246.46,0.0,624515390.15,2326625963.31,3673619942.07,2388952246.46,3013467636.61,4715578209.77,6062572188.53
13057,"Cherokee, GA",dry,1.22,0.08,True,True,976319.4,27.77,72.1,0.0,2.89,True,0.0,2147032678.7,10498924.11,130978124.2,265503080.08,0.0,0.0,2554012807.09,0.0,580258586.9,2161747676.69,3413285805.3,2554012807.09,3134271393.99,4715760483.78,5967298612.39
28117,"Prentiss, MS",evaporative,1.18,0.07,True,True,1009362.21,480.84,68.1,0.0,2.89,True,0.0,1966404391.52,109803028.98,139644734.15,265503080.08,0.0,0.0,2481355234.72,0.0,599897010.87,2234910432.65,3528805946.3,2481355234.72,3081252245.59,4716265667.38,6010161181.02
20055,"Finney, KS",dry,1.21,0.09,True,True,994159.1,27.77,77.3,0.0,2.25,False,0.0,2290455450.7,13591932.15,137490653.8,74332648.87,0.0,0.0,2515870685.51,0.0,590861306.45,2201248004.43,3475654743.84,2515870685.51,3106731991.96,4717118689.94,5991525429.35
01005,"Barbour, AL",evaporative,1.19,0.09,True,True,956832.95,572.42,72.5,0.0,2.89,True,0.0,2115853522.69,98548495.34,118963704.36,265503080.08,0.0,0.0,2598868802.46,0.0,568677150.26,2118601148.02,3345159707.39,2598868802.46,3167545952.72,4717469950.48,5944028509.86
39119,"Muskingum, OH",dry,1.17,0.07,True,True,1018905.08,27.77,71.0,0.0,2.89,True,0.0,2039223564.28,7935598.24,148948970.92,265503080.08,0.0,0.0,2461611213.53,0.0,605568652.76,2256040078.91,3562168545.64,2461611213.53,3067179866.29,4717651292.43,6023779759.17
01115,"St. Clair, AL",evaporative,1.18,0.09,True,True,944405.48,460.05,72.5,0.0,2.89,True,0.0,2088372546.15,99588889.03,173577446.14,265503080.08,0.0,0.0,2627041961.4,0.0,561291098.6,2091084484.97,3301712344.69,2627041961.4,3188333060.0,4718126446.37,5928754306.09
21219,"Todd, KY",dry,1.21,0.06,True,True,1037025.51,27.77,65.0,0.0,2.89,True,0.0,1928330542.05,9445144.22,219479476.21,265503080.08,0.0,0.0,2422758242.56,0.0,616338217.08,2296161985.19,3625518923.98,2422758242.56,3039096459.63,4718920227.75,6048277166.54
40093,"Major, OK",dry,1.25,0.09,True,True,1041257.49,27.77,58.4,0.0,2.89,True,0.0,1791541233.83,8755661.83,349552676.79,265503080.08,0.0,0.0,2415352652.53,0.0,618853421.76,2305532355.59,3640314245.67,2415352652.53,3034206074.3,4720885008.12,6055666898.2
47183,"Weakley, TN",dry,1.22,0.1,True,True,1048235.32,27.77,62.1,0.0,2.89,True,0.0,1862211792.41,8855269.42,263363994.7,265503080.08,0.0,0.0,2399934136.61,0.0,623000573.92,2320982530.3,3664709258.38,2399934136.61,3022934710.53,4720916666.91,6064643394.99
01125,"Tuscaloosa, AL",evaporative,1.18,0.09,True,True,950382.65,514.1,72.5,0.0,2.89,True,0.0,2101589926.26,97966638.07,152463657.89,265503080.08,0.0,0.0,2617523302.3,0.0,564843528.84,2104319029.03,3322608993.2,2617523302.3,3182366831.15,4721842331.33,5940132295.5
28057,"Itawamba, MS",evaporative,1.18,0.07,True,True,1011747.67,501.07,68.1,0.0,2.89,True,0.0,1971051654.74,108743496.4,137160272.46,265503080.08,0.0,0.0,2482458503.68,0.0,601314765.7,2240192264.36,3537145680.56,2482458503.68,3083773269.38,4722650768.04,6019604184.25
13193,"Macon, GA",evaporative,1.19,0.08,True,True,955570.82,561.01,72.1,0.0,2.89,True,0.0,2101404283.69,103574415.0,137195668.92,265503080.08,0.0,0.0,2607677447.69,0.0,567927024.24,2115806560.9,3340747201.42,2607677447.69,3175604471.93,4723484008.59,5948424649.11
39163,"Vinton, OH",dry,1.17,0.07,True,True,1020215.04,27.77,71.0,0.0,2.89,True,0.0,2041845290.57,8717321.31,149508780.03,265503080.08,0.0,0.0,2465574472.0,0.0,606347201.66,2258940555.19,3566748245.04,2465574472.0,3071921673.65,4724515027.19,6032322717.04
18141,"St. Joseph, IN",dry,1.17,0.07,True,True,1019954.09,27.77,81.5,0.0,0.87,False,1.8,2343208833.18,7826547.53,70123107.57,0.0,45000000.0,0.0,2466158488.28,0.0,606192111.71,2258362769.13,3565835951.26,2466158488.28,3072350599.99,4724521257.41,6031994439.53
48187,"Guadalupe, TX",dry,1.31,0.08,True,True,916441.79,27.77,61.2,0.0,3.7,False,1.8,1963519102.61,11303065.27,164457523.97,511293634.5,45000000.0,0.0,2695573326.35,0.0,544671362.74,2029167821.99,3203949192.62,2695573326.35,3240244689.09,4724741148.34,5899522518.96
47053,"Gibson, TN",dry,1.23,0.1,True,True,1051870.83,27.77,62.1,0.0,2.89,True,0.0,1868670340.0,8856608.65,253255116.28,265503080.08,0.0,0.0,2396285145.02,0.0,625161272.76,2329032192.64,3677419251.54,2396285145.02,3021446417.78,4725317337.66,6073704396.55
28081,"Lee, MS",evaporative,1.18,0.07,True,True,1013638.22,517.1,68.1,0.0,2.89,True,0.0,1974734763.02,112374345.62,129117889.6,265503080.08,0.0,0.0,2481730078.32,0.0,602438382.82,2244378288.95,3543755193.07,2481730078.32,3084168461.14,4726108367.27,6025485271.39
28033,"DeSoto, MS",evaporative,1.19,0.07,True,True,836542.06,533.98,68.1,0.0,4.18,False,1.8,1978612525.37,43559367.4,153811171.65,653388090.35,45000000.0,0.0,2874371154.77,0.0,497184334.47,1852255363.72,2924613732.2,2874371154.77,3371555489.25,4726626518.5,5798984886.97
48237,"Jack, TX",dry,1.28,0.08,True,True,896383.32,27.77,61.2,0.0,4.18,False,0.0,1920542906.87,9776268.01,158418817.47,654209445.59,0.0,0.0,2742947437.94,0.0,532749959.45,1984754750.89,3133823290.89,2742947437.94,3275697397.39,4727702188.83,5876770728.82
13105,"Elbert, GA",dry,1.23,0.08,True,True,986328.36,27.77,72.1,0.0,2.89,True,0.0,2169043466.87,8907079.43,100715995.4,265503080.08,0.0,0.0,2544169621.78,0.0,586207238.25,2183909318.97,3448277872.06,2544169621.78,3130376860.03,4728078940.75,5992447493.84
01055,"Etowah, AL",evaporative,1.18,0.09,True,True,944073.85,457.06,72.5,0.0,2.89,True,0.0,2087639205.24,100477337.92,184399138.12,265503080.08,0.0,0.0,2638018761.37,0.0,561093998.84,2090350191.75,3300552934.35,2638018761.37,3199112760.21,4728368953.12,5938571695.71
13279,"Toombs, GA",evaporative,1.2,0.08,True,True,960631.92,606.77,72.1,0.0,2.89,True,0.0,2112534207.5,111140621.95,113313239.77,265503080.08,0.0,0.0,2602491149.3,0.0,570935005.41,2127012765.24,3358441208.28,2602491149.3,3173426154.7,4729503914.54,5960932357.58
28007,"Attala, MS",evaporative,1.18,0.07,True,True,1012683.58,509.0,68.1,0.0,2.89,True,0.0,1972874961.93,95336727.35,154110557.64,265503080.08,0.0,0.0,2487825327.0,0.0,601871007.61,2242264538.14,3540417691.8,2487825327.0,3089696334.6,4730089865.14,6028243018.79
13069,"Coffee, GA",evaporative,1.2,0.08,True,True,960547.47,606.0,72.1,0.0,2.89,True,0.0,2112348495.11,118482863.76,107098482.78,265503080.08,0.0,0.0,2603432921.72,0.0,570884814.64,2126825780.04,3358145968.49,2603432921.72,3174317736.37,4730258701.77,5961578890.21
01075,"Lamar, AL",evaporative,1.18,0.09,True,True,945918.58,473.73,72.5,0.0,2.89,True,0.0,2091718477.91,102950585.65,176882341.23,265503080.08,0.0,0.0,2637054484.88,0.0,562190383.41,2094434761.72,3307002255.35,2637054484.88,3199244868.29,4731489246.6,5944056740.23
01109,"Pike, AL",evaporative,1.19,0.09,True,True,957033.58,574.23,72.5,0.0,2.89,True,0.0,2116297172.26,109623370.84,121558283.84,265503080.08,0.0,0.0,2612981907.02,0.0,568796389.78,2119045373.71,3345861116.38,2612981907.02,3181778296.8,4732027280.73,5958843023.4
13013,"Barrow, GA",dry,1.22,0.08,True,True,983653.11,27.77,72.1,0.0,2.89,True,0.0,2163160297.1,7026127.02,119499961.3,265503080.08,0.0,0.0,2555189465.51,0.0,584617248.58,2177985828.05,3438924991.66,2555189465.51,3139806714.09,4733175293.56,5994114457.17
01057,"Fayette, AL",evaporative,1.18,0.09,True,True,944476.29,460.69,72.5,0.0,2.89,True,0.0,2088529119.52,107828221.67,180762290.09,265503080.08,0.0,0.0,2642622711.37,0.0,561333180.76,2091241261.67,3301959886.85,2642622711.37,3203955892.13,4733863973.04,5944582598.21
13241,"Rabun, GA",dry,1.17,0.08,True,True,1001737.38,27.77,72.1,0.0,2.89,True,0.0,2066178446.6,8070038.95,176206452.51,265503080.08,0.0,0.0,2515958018.14,0.0,595365324.36,2218027678.99,3502148966.82,2515958018.14,3111323342.5,4733985697.13,6018106984.96
20057,"Ford, KS",dry,1.22,0.09,True,True,1001475.33,27.77,77.3,0.0,2.24,False,0.0,2307311390.27,13066883.21,125716176.09,71047227.93,0.0,0.0,2517141677.5,0.0,595209578.09,2217447447.8,3501232812.31,2517141677.5,3112351255.6,4734589125.3,6018374489.81
39101,"Marion, OH",dry,1.17,0.07,True,True,1019529.05,27.77,71.0,0.0,3.07,False,0.0,2040472352.12,7444000.89,107789627.76,321560574.95,0.0,0.0,2477266555.72,0.0,605939493.3,2257421641.71,3564349960.59,2477266555.72,3083206049.02,4734688197.43,6041616516.31
21131,"Leslie, KY",dry,1.17,0.06,True,True,1002928.3,27.77,65.0,0.0,2.89,True,0.0,1864927383.13,7935960.59,375818878.41,265503080.08,0.0,0.0,2514185302.21,0.0,596073128.14,2220664595.05,3506312518.5,2514185302.21,3110258430.36,4734849897.26,6020497820.71
13195,"Madison, GA",dry,1.23,0.08,True,True,987604.8,27.77,72.1,0.0,2.89,True,0.0,2171850498.11,8779739.03,102218253.37,265503080.08,0.0,0.0,2548351570.59,0.0,586965868.52,2186735588.6,3452740403.06,2548351570.59,3135317439.11,4735087159.19,6001091973.64
39041,"Delaware, OH",dry,1.17,0.07,True,True,1019861.57,27.77,71.0,0.0,2.89,True,1.8,2041137861.6,8685982.12,116845324.96,265503080.08,45000000.0,0.0,2477172248.76,0.0,606137123.26,2258157910.2,3565512489.79,2477172248.76,3083309372.02,4735330158.96,6042684738.55
13139,"Hall, GA",dry,1.21,0.08,True,True,974566.19,27.77,72.1,0.0,2.89,True,1.8,2143177165.86,7472913.51,116497965.87,265503080.08,45000000.0,0.0,2577651125.32,0.0,579216593.24,2157865739.53,3407156430.84,2577651125.32,3156867718.56,4735516864.86,5984807556.16
20151,"Pratt, KS",dry,1.23,0.09,True,True,1007389.26,27.77,77.3,0.0,0.84,False,0.0,2320936560.29,8644362.72,176564153.25,0.0,0.0,0.0,2506145076.26,0.0,598724418.67,2230541951.91,3521908345.12,2506145076.26,3104869494.93,4736687028.17,6028053421.38
01067,"Henry, AL",evaporative,1.19,0.09,True,True,959440.36,595.99,72.5,0.0,2.89,True,0.0,2121619316.07,73949208.16,151498381.0,265503080.08,0.0,0.0,2612569985.31,0.0,570226820.36,2124374428.8,3354275413.9,2612569985.31,3182796805.67,4736944414.11,5966845399.21
19069,"Franklin, IA",dry,1.17,0.07,True,True,1025605.78,27.77,68.0,0.0,3.29,False,0.0,1947302424.75,8162520.15,122807264.3,388090349.08,0.0,0.0,2466362558.28,0.0,609551095.0,2270876628.45,3585594676.49,2466362558.28,3075913653.28,4737239186.72,6051957234.77
24013,"Carroll, MD",dry,1.18,0.06,True,True,672808.5,27.77,100.1,0.0,2.89,True,0.0,2898773502.73,7939316.1,75379129.94,265503080.08,0.0,0.0,3247595028.84,0.0,399872122.34,1489719671.45,2352188954.92,3247595028.84,3647467151.18,4737314700.3,5599783983.77
13161,"Jeff Davis, GA",evaporative,1.19,0.08,True,True,958434.04,586.89,72.1,0.0,2.89,True,0.0,2107700828.3,104733543.25,138017507.21,265503080.08,0.0,0.0,2615954958.85,0.0,569628732.89,2122146259.79,3350757252.3,2615954958.85,3185583691.74,4738101218.64,5966712211.15
21111,"Jefferson, KY",evaporative,1.17,0.06,True,True,998705.23,390.46,65.0,0.0,3.53,False,0.0,1857074652.92,31852019.51,179841588.43,458726899.38,0.0,0.0,2527495160.24,0.0,593563217.3,2211313946.8,3491548337.06,2527495160.24,3121058377.54,4738809107.04,6019043497.3
28105,"Oktibbeha, MS",evaporative,1.19,0.07,True,True,1015503.49,532.92,68.1,0.0,2.89,True,0.0,1978368618.09,114939998.67,131857724.14,265503080.08,0.0,0.0,2490669420.99,0.0,603546974.12,2248508334.95,3550276318.35,2490669420.99,3094216395.11,4739177755.94,6040945739.33
13103,"Effingham, GA",dry,1.27,0.08,True,True,1023703.2,27.77,72.1,0.0,0.78,False,0.0,2251234819.03,6971069.93,215069183.61,0.0,0.0,0.0,2473275072.56,0.0,608420331.85,2266663981.41,3578943128.54,2473275072.56,3081695404.41,4739939053.97,6052218201.1
18135,"Randolph, IN",dry,1.17,0.07,True,True,1018792.56,27.77,81.5,0.0,0.85,False,0.0,2340540374.67,8573100.54,135340625.32,0.0,0.0,0.0,2484454100.53,0.0,605501776.96,2255790933.76,3561775158.57,2484454100.53,3089955877.49,4740245034.29,6046229259.1
01049,"DeKalb, AL",evaporative,1.16,0.09,True,True,995854.21,366.29,72.5,0.0,2.89,True,0.0,2065439384.73,54201739.82,150217816.76,265503080.08,0.0,0.0,2535362021.39,0.0,591868765.86,2205001284.56,3481580975.62,2535362021.39,3127230787.24,4740363305.95,6016942997.01
13119,"Franklin, GA",dry,1.23,0.08,True,True,985553.49,27.77,72.1,0.0,2.89,True,0.0,2167339434.52,8907079.43,116678011.0,265503080.08,0.0,0.0,2558427605.04,0.0,585746705.25,2182193607.79,3445568854.4,2558427605.04,3144174310.29,4740621212.83,6003996459.44
13037,"Calhoun, GA",evaporative,1.2,0.08,True,True,961587.62,615.41,72.1,0.0,2.89,True,0.0,2114635895.62,108701952.14,124873473.69,265503080.08,0.0,0.0,2613714401.54,0.0,571503009.14,2129128857.59,3361782406.72,2613714401.54,3185217410.68,4742843259.13,5975496808.26
13297,"Walton, GA",dry,1.23,0.08,True,True,987644.89,27.77,72.1,0.0,2.89,True,0.0,2171938669.59,7748060.98,111029335.73,265503080.08,0.0,0.0,2556219146.37,0.0,586989697.81,2186824364.38,3452880575.33,2556219146.37,3143208844.18,4743043510.75,6009099721.7
13165,"Jenkins, GA",evaporative,1.19,0.08,True,True,956554.3,569.9,72.1,0.0,2.89,True,0.0,2103567068.37,90088514.31,166069843.31,265503080.08,0.0,0.0,2625228506.07,0.0,568511539.97,2117984168.53,3344185529.26,2625228506.07,3193740046.05,4743212674.6,5969414035.33
20043,"Doniphan, KS",evaporative,1.16,0.09,True,True,956476.11,371.85,77.3,0.0,2.89,True,0.0,2203637134.51,30333788.34,127841329.07,265503080.08,0.0,0.0,2627315332.0,0.0,568465069.18,2117811042.06,3343912171.67,2627315332.0,3195780401.18,4745126374.05,5971227503.67
28011,"Bolivar, MS",evaporative,1.19,0.07,True,True,957150.24,575.29,68.1,0.0,3.3,False,0.0,1988102150.52,46929078.2,204659602.13,388911704.31,0.0,0.0,2628602535.17,0.0,568865727.14,2119303689.36,3346268983.2,2628602535.17,3197468262.31,4747906224.52,5974871518.36
47033,"Crockett, TN",dry,1.24,0.1,True,True,1060735.95,27.77,62.1,0.0,2.89,True,0.0,1884419408.16,8856608.65,240503313.1,265503080.08,0.0,0.0,2399282409.99,0.0,630430103.38,2348661169.44,3708412372.8,2399282409.99,3029712513.37,4747943579.43,6107694782.8
13137,"Habersham, GA",dry,1.19,0.08,True,True,1022442.79,27.77,72.1,0.0,2.89,True,0.0,2108885316.05,7967059.0,101999516.02,265503080.08,0.0,0.0,2484354971.16,0.0,607671226.22,2263873195.72,3574536624.81,2484354971.16,3092026197.38,4748228166.87,6058891595.97
13247,"Rockdale, GA",dry,1.23,0.08,True,True,991144.41,27.77,72.1,0.0,2.89,True,0.0,2179634492.9,10033372.38,99069282.8,265503080.08,0.0,0.0,2554240228.16,0.0,589069576.52,2194572932.13,3465115155.99,2554240228.16,3143309804.68,4748813160.29,6019355384.16
18127,"Porter, IN",dry,1.17,0.07,True,True,1020193.66,27.77,81.5,0.0,1.85,False,1.8,2343759222.54,10513491.32,91704469.08,0.0,45000000.0,0.0,2490977182.94,0.0,606334498.38,2258893229.25,3566673519.87,2490977182.94,3097311681.31,4749870412.19,6057650702.81
21001,"Adair, KY",dry,1.2,0.06,True,True,1026864.87,27.77,65.0,0.0,2.89,True,6.0,1909437008.4,6996068.85,144278267.64,265503080.08,150000000.0,0.0,2476214424.98,0.0,610299414.81,2273664486.56,3589996557.73,2476214424.98,3086513839.79,4749878911.54,6066210982.71
18051,"Gibson, IN",evaporative,1.17,0.07,True,True,1013591.08,390.84,81.5,0.0,1.44,False,0.0,2328590665.57,38907793.77,138267009.23,0.0,0.0,0.0,2505765468.57,0.0,602410366.88,2244273915.84,3543590393.44,2505765468.57,3108175835.46,4750039384.42,6049355862.01
51049,"Cumberland, VA",dry,1.2,0.06,True,True,680419.0,27.77,89.9,0.0,3.53,False,0.0,2648304390.07,8225987.64,127782411.02,459548254.62,0.0,0.0,3243861043.35,0.0,404395290.5,1506570690.08,2378795826.44,3243861043.35,3648256333.84,4750431733.43,5622656869.79
13047,"Catoosa, GA",evaporative,1.17,0.08,True,True,1001570.3,414.76,72.1,0.0,2.89,True,0.0,2065833821.16,44402438.86,159842772.87,265503080.08,0.0,0.0,2535582112.98,0.0,595266021.21,2217657726.07,3501564830.63,2535582112.98,3130848134.19,4753239839.05,6037146943.61
21075,"Fulton, KY",evaporative,1.17,0.06,True,True,1004383.92,438.62,65.0,0.0,2.89,True,0.0,1867634077.3,50191987.48,346529256.12,265503080.08,0.0,0.0,2529858400.98,0.0,596938249.05,2223887594.49,3511401464.98,2529858400.98,3126796650.03,4753745995.47,6041259865.96
01013,"Butler, AL",evaporative,1.19,0.09,True,True,957037.96,574.27,72.5,0.0,2.89,True,0.0,2116306859.23,82701720.85,170324610.59,265503080.08,0.0,0.0,2634836270.75,0.0,568798993.35,2119055073.26,3345876431.47,2634836270.75,3203635264.1,4753891344.01,5980712702.21
01021,"Chilton, AL",evaporative,1.18,0.09,True,True,949603.31,507.05,72.5,0.0,2.89,True,0.0,2099866556.93,122471813.38,163793847.81,265503080.08,0.0,0.0,2651635298.2,0.0,564380339.52,2102593421.76,3319884350.14,2651635298.2,3216015637.73,4754228719.96,5971519648.35
13157,"Jackson, GA",dry,1.22,0.08,True,True,983925.4,27.77,72.1,0.0,2.89,True,1.8,2163759103.03,7112516.53,94494256.65,265503080.08,45000000.0,0.0,2575868956.29,0.0,584779082.3,2178588737.98,3439876954.7,2575868956.29,3160648038.59,4754457694.27,6015745910.99
38015,"Burleigh, ND",evaporative,1.14,0.07,True,True,996406.75,168.47,72.5,0.0,2.89,True,0.0,2017059464.06,15370662.1,251391311.01,265503080.08,0.0,0.0,2549324517.25,0.0,592197158.12,2206224706.71,3483512694.81,2549324517.25,3141521675.37,4755549223.96,6032837212.05
13317,"Wilkes, GA",dry,1.24,0.08,True,True,992771.76,27.77,72.1,0.0,2.89,True,0.0,2183213205.41,8907079.43,100513887.03,265503080.08,0.0,0.0,2558137251.95,0.0,590036761.92,2198176171.86,3470804481.88,2558137251.95,3148174013.87,4756313423.81,6028941733.83
13313,"Whitfield, GA",dry,1.22,0.08,True,True,978790.3,27.77,72.1,0.0,2.89,True,1.8,2152466459.84,7181177.51,119629586.96,265503080.08,45000000.0,0.0,2589780304.4,0.0,581727124.48,2167218699.04,3421924261.64,2589780304.4,3171507428.87,4756999003.43,6011704566.03
13221,"Oglethorpe, GA",dry,1.24,0.08,True,True,993205.32,27.77,72.1,0.0,2.89,True,0.0,2184166660.7,8557475.14,100687963.61,265503080.08,0.0,0.0,2558915179.53,0.0,590294443.43,2199136161.78,3472320255.45,2558915179.53,3149209622.96,4758051341.32,6031235434.98
01027,"Clay, AL",dry,1.22,0.09,True,True,977683.86,27.77,72.5,0.0,2.89,True,0.0,2161961327.14,7654233.68,159614657.08,265503080.08,0.0,0.0,2594733297.98,0.0,581069527.4,2164768827.59,3418056043.56,2594733297.98,3175802825.39,4759502125.57,6012789341.54
29021,"Buchanan, MO",evaporative,1.16,0.08,True,True,955918.99,366.93,78.7,0.0,2.89,True,0.0,2242240972.5,29932253.11,105659669.11,265503080.08,0.0,0.0,2643335974.8,0.0,568133956.23,2116577483.98,3341964448.39,2643335974.8,3211469931.02,4759913458.78,5985300423.19
13209,"Montgomery, GA",evaporative,1.19,0.08,True,True,959127.24,593.16,72.1,0.0,2.89,True,0.0,2109225239.55,123049073.53,138710225.73,265503080.08,0.0,0.0,2636487618.89,0.0,570040721.36,2123681118.8,3353180713.9,2636487618.89,3206528340.25,4760168737.69,5989668332.78
39049,"Franklin, OH",dry,1.18,0.07,True,True,1028234.45,27.77,71.0,0.0,2.89,True,1.8,2057895228.75,8685982.12,107672354.26,265503080.08,45000000.0,0.0,2484756645.2,0.0,611113397.78,2276696972.11,3594784692.8,2484756645.2,3095870042.98,4761453617.31,6079541338.0
01071,"Jackson, AL",evaporative,1.16,0.09,True,True,996513.88,371.88,72.5,0.0,2.89,True,0.0,2066807557.29,39811550.45,182904549.71,265503080.08,0.0,0.0,2555026737.53,0.0,592260827.04,2206461904.65,3483887217.87,2555026737.53,3147287564.57,4761488642.18,6038913955.4
13121,"Fulton, GA",dry,1.23,0.08,True,True,986965.06,27.77,72.1,0.0,2.89,True,1.8,2170443646.92,7891498.34,89598187.36,265503080.08,45000000.0,0.0,2578436412.7,0.0,586585651.91,2185319095.36,3450503834.78,2578436412.7,3165022064.62,4763755508.06,6028940247.48
47131,"Obion, TN",dry,1.22,0.1,True,True,1048120.5,27.77,62.1,0.0,2.89,True,0.0,1862007799.13,8811140.73,306706638.28,265503080.08,0.0,0.0,2443028658.23,0.0,622932328.23,2320728281.66,3664307813.14,2443028658.23,3065960986.47,4763756939.89,6107336471.37
13043,"Candler, GA",evaporative,1.2,0.08,True,True,961561.42,615.17,72.1,0.0,2.89,True,0.0,2114578260.94,97286851.9,158236887.79,265503080.08,0.0,0.0,2635605080.72,0.0,571487432.75,2129070827.9,3361690780.9,2635605080.72,3207092513.47,4764675908.62,5997295861.61
13147,"Hart, GA",dry,1.23,0.08,True,True,989958.2,27.77,72.1,0.0,2.89,True,0.0,2177025873.32,8907079.43,121362296.53,265503080.08,0.0,0.0,2572798329.37,0.0,588364569.13,2191946434.0,3460968053.68,2572798329.37,3161162898.49,4764744763.36,6033766383.05
13305,"Wayne, GA",evaporative,1.2,0.08,True,True,962368.12,622.46,72.1,0.0,2.89,True,0.0,2116352300.0,69210335.25,182953505.06,265503080.08,0.0,0.0,2634019220.4,0.0,571966885.82,2130857025.59,3364511093.04,2634019220.4,3205986106.21,4764876245.99,5998530313.43
01111,"Randolph, AL",dry,1.22,0.09,True,True,980729.78,27.77,72.5,0.0,2.89,True,0.0,2168696810.91,8530041.37,151180859.88,265503080.08,0.0,0.0,2593910792.25,0.0,582879820.83,2171513057.99,3428704828.4,2593910792.25,3176790613.08,4765423850.24,6022615620.65
13063,"Clayton, GA",dry,1.24,0.08,True,True,995479.79,27.77,72.1,0.0,2.89,True,0.0,2189168460.16,7176254.77,99425649.06,265503080.08,0.0,0.0,2561273444.07,0.0,591646233.33,2204172241.8,3480271960.74,2561273444.07,3152919677.39,4765445685.87,6041545404.8
21155,"Marion, KY",evaporative,1.16,0.06,True,True,993089.71,342.84,65.0,0.0,3.81,False,0.0,1846632691.71,28022696.11,149344661.5,544147843.94,0.0,0.0,2568147893.26,0.0,590225729.45,2198880168.54,3471916055.59,2568147893.26,3158373622.71,4767028061.8,6040063948.85
39115,"Morgan, OH",dry,1.17,0.07,True,True,1016314.12,27.77,71.0,0.0,2.89,True,0.0,2034038033.95,6957806.02,210589336.91,265503080.08,0.0,0.0,2517088256.97,0.0,604028755.58,2250303207.06,3553110326.93,2517088256.97,3121117012.54,4767391464.02,6070198583.9
21227,"Warren, KY",dry,1.21,0.06,True,True,1038492.38,27.77,65.0,0.0,2.89,True,0.0,1931058151.34,6980276.15,264744021.88,265503080.08,0.0,0.0,2468285529.45,0.0,617210022.93,2299409889.33,3630647193.68,2468285529.45,3085495552.38,4767695418.79,6098932723.14
05031,"Craighead, AR",dry,1.25,0.09,True,True,1036416.31,27.77,66.1,0.0,2.77,False,0.0,2018326946.6,13591932.15,210112931.94,231211498.97,0.0,0.0,2473243309.65,0.0,615976146.32,2294813094.13,3623389096.0,2473243309.65,3089219455.97,4768056403.78,6096632405.65
01091,"Marengo, AL",evaporative,1.19,0.09,True,True,956491.08,569.33,72.5,0.0,2.89,True,0.0,2115097546.12,47656493.29,222211055.99,265503080.08,0.0,0.0,2650468175.49,0.0,568473966.72,2117844189.75,3343964510.13,2650468175.49,3218942142.21,4768312365.24,5994432685.62
18167,"Vigo, IN",evaporative,1.16,0.07,True,True,1006690.88,333.18,81.5,0.0,0.94,False,0.0,2312738363.82,75132296.61,151674314.42,0.0,0.0,0.0,2539544974.85,0.0,598309349.45,2228995615.6,3519466761.47,2539544974.85,3137854324.3,4768540590.45,6059011736.32
01107,"Pickens, AL",evaporative,1.18,0.09,True,True,951422.33,523.5,72.5,0.0,2.89,True,0.0,2103888972.03,113764845.84,180093635.57,265503080.08,0.0,0.0,2663250533.52,0.0,565461442.51,2106621060.32,3326243779.45,2663250533.52,3228711976.03,4769871593.84,5989494312.97
13093,"Dooly, GA",evaporative,1.2,0.08,True,True,960550.85,606.03,72.1,0.0,2.89,True,0.0,2112355924.06,128936098.33,137267899.47,265503080.08,0.0,0.0,2644063001.94,0.0,570886822.4,2126833259.91,3358157778.81,2644063001.94,3214949824.34,4770896261.85,6002220780.75
01121,"Talladega, AL",evaporative,1.18,0.09,True,True,945175.97,467.02,72.5,0.0,2.89,True,1.8,2090076333.7,96210007.8,181404760.02,265503080.08,45000000.0,0.0,2678194181.6,0.0,561749024.93,2092790485.04,3304406029.01,2678194181.6,3239943206.53,4770984666.64,5982600210.61
01065,"Hale, AL",evaporative,1.19,0.09,True,True,956280.96,567.43,72.5,0.0,2.89,True,0.0,2114632906.18,72668545.31,201423312.71,265503080.08,0.0,0.0,2654227844.29,0.0,568349085.62,2117378946.43,3343229915.42,2654227844.29,3222576929.91,4771606790.72,5997457759.7
48177,"Gonzales, TX",dry,1.32,0.08,True,True,920727.23,27.77,61.2,0.0,3.99,False,0.0,1972700864.12,11264199.17,151046187.28,597946611.91,0.0,0.0,2732957862.48,0.0,547218342.07,2038656568.48,3218931423.92,2732957862.48,3280176204.55,4771614430.97,5951889286.4
51165,"Rockingham, VA",dry,1.17,0.06,True,True,660973.16,27.77,89.9,0.0,3.86,False,0.0,2572617934.6,8637909.3,171579718.96,557289527.72,0.0,0.0,3310125090.59,0.0,392837991.32,1463514085.31,2310811713.65,3310125090.59,3702963081.91,4773639175.9,5620936804.23
36091,"Saratoga, NY",evaporative,1.13,0.09,False,False,261892.41,160.13,91.7,0.0,2.89,True,12.0,2548651280.44,14128966.02,95425491.95,265503080.08,300000000.0,970895688.78,4194604507.26,0.0,155651235.07,579877150.26,915595500.41,4194604507.26,4350255742.33,4774481657.52,5110200007.67
36069,"Ontario, NY",evaporative,1.14,0.09,False,False,262474.37,178.43,91.7,0.0,2.89,True,12.0,2554314687.95,14605666.58,90202757.87,265503080.08,300000000.0,970895688.78,4195521881.25,0.0,155997110.7,581165706.54,917630062.95,4195521881.25,4351518991.96,4776687587.79,5113151944.21
18083,"Knox, IN",evaporative,1.16,0.07,True,True,1010726.53,366.91,81.5,0.0,0.9,False,0.0,2322009730.79,84319974.62,132539135.49,0.0,0.0,0.0,2538868840.9,0.0,600707867.86,2237931272.42,3533575693.29,2538868840.9,3139576708.76,4776800113.31,6072444534.19
13035,"Butts, GA",dry,1.24,0.08,True,True,995882.99,27.77,72.1,0.0,2.89,True,0.0,2190055135.22,8254306.2,108274549.84,265503080.08,0.0,0.0,2572087071.33,0.0,591885866.76,2205064993.82,3481681569.19,2572087071.33,3163972938.1,4777152065.15,6053768640.52
29107,"Lafayette, MO",evaporative,1.17,0.08,True,True,958046.04,385.72,78.7,0.0,2.89,True,0.0,2247230268.57,31465299.25,113054715.94,265503080.08,0.0,0.0,2657253363.84,0.0,569398132.8,2121287161.42,3349400781.19,2657253363.84,3226651496.64,4778540525.26,6006654145.03
36065,"Oneida, NY",evaporative,1.13,0.09,False,False,261524.0,148.54,91.7,0.0,2.89,True,12.0,2545066064.68,17293865.99,100787908.5,265503080.08,300000000.0,970895688.78,4199546608.04,0.0,155432278.77,579061430.7,914307522.16,4199546608.04,4354978886.8,4778608038.74,5113854130.2
26023,"Branch, MI",evaporative,1.14,0.06,True,True,1056231.71,208.9,82.6,0.0,1.21,False,0.0,2309322464.71,17763674.15,112986295.65,0.0,0.0,0.0,2440072434.5,0.0,627753090.83,2338687985.46,3692665240.2,2440072434.5,3067825525.33,4778760419.96,6132737674.7
26045,"Eaton, MI",evaporative,1.14,0.06,True,True,1054425.63,194.73,82.6,0.0,0.54,False,0.0,2305373670.93,26391148.28,112456921.4,0.0,0.0,0.0,2444221740.61,0.0,626679673.18,2334688978.53,3686351018.73,2444221740.61,3070901413.8,4778910719.14,6130572759.34
01041,"Crenshaw, AL",evaporative,1.19,0.09,True,True,955304.72,558.6,72.5,0.0,2.89,True,0.0,2112474131.03,91599562.09,194169512.21,265503080.08,0.0,0.0,2663746285.41,0.0,567768872.44,2115217367.92,3339816896.71,2663746285.41,3231515157.86,4778963653.33,6003563182.13
26091,"Lenawee, MI",evaporative,1.14,0.06,True,True,1056990.01,214.85,82.6,0.0,1.71,False,0.0,2310980383.9,17526447.09,111230082.42,0.0,0.0,0.0,2439736913.42,0.0,628203770.16,2340366986.89,3695316295.09,2439736913.42,3067940683.58,4780103900.3,6135053208.5
21145,"McCracken, KY",evaporative,1.17,0.06,True,True,1002969.01,426.62,65.0,0.0,3.18,False,0.0,1865003073.0,34801625.32,305432995.61,354825462.01,0.0,0.0,2560063155.94,0.0,596097320.34,2220754722.85,3506454825.55,2560063155.94,3156160476.28,4780817878.79,6066517981.49
13095,"Dougherty, GA",evaporative,1.2,0.08,True,True,961892.48,618.16,72.1,0.0,2.89,True,0.0,2115306310.02,109188824.93,161212018.41,265503080.08,0.0,0.0,2651210233.44,0.0,571684195.82,2129803866.77,3362848210.68,2651210233.44,3222894429.26,4781014100.21,6014058444.12
55127,"Walworth, WI",dry,1.17,0.06,True,True,1013332.52,27.77,85.4,0.0,0.67,False,0.0,2439397720.18,11040191.87,88513583.32,0.0,0.0,0.0,2538951495.37,0.0,602256694.91,2243701412.4,3542686440.63,2538951495.37,3141208190.28,4782652907.77,6081637936.01
13219,"Oconee, GA",dry,1.24,0.08,True,True,994470.61,27.77,72.1,0.0,2.89,True,0.0,2186949154.57,7026127.02,121376973.25,265503080.08,0.0,0.0,2580855334.92,0.0,591046442.21,2201937725.88,3476743777.7,2580855334.92,3171901777.13,4782793060.8,6057599112.62
28067,"Jones, MS",dry,1.26,0.07,True,True,1015869.3,27.77,68.1,0.0,2.89,True,0.0,2110067836.41,8543170.21,149438489.56,265503080.08,0.0,0.0,2533552576.27,0.0,603764385.94,2249318300.55,3551555211.39,2533552576.27,3137316962.2,4782870876.81,6085107787.65
29101,"Johnson, MO",evaporative,1.17,0.08,True,True,957768.48,383.27,78.7,0.0,2.89,True,0.0,2246579205.01,40172005.89,110789956.09,265503080.08,0.0,0.0,2663044247.07,0.0,569233167.79,2120672585.87,3348430398.75,2663044247.07,3232277414.86,4783716832.95,6011474645.82
36049,"Lewis, NY",evaporative,1.13,0.09,False,False,260420.79,113.83,91.7,0.0,2.89,True,12.0,2534329972.97,10387001.08,126525797.07,265503080.08,300000000.0,970895688.78,4207641539.99,0.0,154776604.16,576618721.37,910450612.69,4207641539.99,4362418144.14,4784260261.36,5118092152.68
26149,"St. Joseph, MI",evaporative,1.14,0.06,True,True,1058204.73,224.38,82.6,0.0,1.97,False,0.0,2313636224.94,18303969.14,109274425.25,0.0,0.0,0.0,2441214619.33,0.0,628925718.89,2343056599.8,3699563052.32,2441214619.33,3070140338.23,4784271219.14,6140777671.66
29165,"Platte, MO",evaporative,1.17,0.08,True,True,957971.77,385.07,78.7,0.0,2.89,True,0.0,2247056044.18,31411765.84,119464046.13,265503080.08,0.0,0.0,2663434936.23,0.0,569353988.22,2121122701.21,3349141107.17,2663434936.23,3232788924.45,4784557637.44,6012576043.4
13159,"Jasper, GA",dry,1.24,0.08,True,True,997164.72,27.77,72.1,0.0,2.89,True,0.0,2192873797.88,7460281.37,111216915.22,265503080.08,0.0,0.0,2577054074.55,0.0,592647640.55,2207902974.59,3486162591.46,2577054074.55,3169701715.1,4784957049.14,6063216666.01
01045,"Dale, AL",evaporative,1.2,0.09,True,True,960296.82,603.74,72.5,0.0,2.89,True,0.0,2123513223.48,134689212.45,135118204.3,265503080.08,0.0,0.0,2658823720.32,0.0,570735845.14,2126270795.62,3357269677.3,2658823720.32,3229559565.46,4785094515.94,6016093397.61
20013,"Brown, KS",evaporative,1.16,0.09,True,True,956030.48,367.91,77.3,0.0,2.89,True,0.0,2202610439.29,70139490.73,130370798.14,265503080.08,0.0,0.0,2668623808.23,0.0,568200215.97,2116824334.02,3342354211.61,2668623808.23,3236824024.21,4785448142.25,6010978019.84
36075,"Oswego, NY",evaporative,1.13,0.09,False,False,261967.22,162.48,91.7,0.0,2.89,True,12.0,2549379306.03,14291249.5,105749393.53,265503080.08,300000000.0,970895688.78,4205818717.92,0.0,155695697.05,580042792.93,915857041.47,4205818717.92,4361514414.97,4785861510.85,5121675759.39
13321,"Worth, GA",evaporative,1.2,0.08,True,True,960712.46,607.5,72.1,0.0,2.89,True,0.0,2112711319.76,148124505.66,132591760.64,265503080.08,0.0,0.0,2658930666.14,0.0,570982871.89,2127191091.37,3358722775.84,2658930666.14,3229913538.03,4786121757.51,6017653441.98
28103,"Noxubee, MS",evaporative,1.19,0.07,True,True,1017201.19,547.31,68.1,0.0,2.89,True,0.0,1981676023.5,118958692.04,167929265.57,265503080.08,0.0,0.0,2534067061.19,0.0,604555974.42,2252267355.67,3556211614.22,2534067061.19,3138623035.61,4786334416.86,6090278675.41
01011,"Bullock, AL",evaporative,1.19,0.09,True,True,954390.24,550.33,72.5,0.0,2.89,True,0.0,2110451931.83,132767541.5,164804763.51,265503080.08,0.0,0.0,2673527316.93,0.0,567225366.73,2113192542.71,3336619804.27,2673527316.93,3240752683.65,4786719859.63,6010147121.2
55059,"Kenosha, WI",dry,1.16,0.06,True,True,1008154.82,27.77,85.4,0.0,1.98,False,1.8,2426933437.38,10198284.9,72450562.06,0.0,45000000.0,0.0,2554582284.34,0.0,599179419.85,2232237054.34,3524584822.64,2554582284.34,3153761704.19,4786819338.67,6079167106.97
01105,"Perry, AL",evaporative,1.19,0.09,True,True,954452.02,550.89,72.5,0.0,2.83,False,0.0,2110588542.41,125090494.42,188686001.84,249281314.17,0.0,0.0,2673646352.84,0.0,567262083.5,2113329330.69,3336835785.3,2673646352.84,3240908436.34,4786975683.54,6010482138.15
37039,"Cherokee, NC",evaporative,1.14,0.07,True,True,979521.28,227.78,77.7,0.0,2.89,True,0.0,2177276449.42,18580903.74,157045794.72,265503080.08,0.0,0.0,2618406227.96,0.0,582161566.7,2168837209.26,3424479804.09,2618406227.96,3200567794.65,4787243437.22,6042886032.05
29177,"Ray, MO",evaporative,1.16,0.08,True,True,956055.64,368.14,78.7,0.0,2.89,True,0.0,2242561497.26,31165467.08,131910812.25,265503080.08,0.0,0.0,2671140856.67,0.0,568215170.07,2116880045.34,3342442176.86,2671140856.67,3239356026.73,4788020902.01,6013583033.52
13109,"Evans, GA",evaporative,1.2,0.08,True,True,961954.17,618.72,72.1,0.0,2.89,True,0.0,2115441977.43,91196953.11,186133535.97,265503080.08,0.0,0.0,2658275546.59,0.0,571720861.39,2129940464.0,3363063890.52,2658275546.59,3229996407.98,4788216010.59,6021339437.12
20005,"Atchison, KS",evaporative,1.16,0.09,True,True,957613.54,381.9,77.3,0.0,2.89,True,0.0,2206257677.68,56934304.85,139316713.15,265503080.08,0.0,0.0,2668011775.76,0.0,569141082.14,2120329521.71,3347888718.48,2668011775.76,3237152857.9,4788341297.46,6015900494.24
28065,"Jefferson Davis, MS",dry,1.26,0.07,True,True,1011943.02,27.77,68.1,0.0,2.89,True,0.0,2101912548.9,8742476.64,171871775.2,265503080.08,0.0,0.0,2548029880.83,0.0,601430872.26,2240624818.22,3537828660.34,2548029880.83,3149460753.09,4788654699.04,6085858541.17
01085,"Lowndes, AL",evaporative,1.19,0.09,True,True,957715.78,580.4,72.5,0.0,2.89,True,0.0,2117805742.45,117842701.7,167572139.55,265503080.08,0.0,0.0,2668723663.78,0.0,569201847.62,2120555902.91,3348246162.49,2668723663.78,3237925511.4,4789279566.69,6016969826.27
36117,"Wayne, NY",evaporative,1.14,0.09,False,False,263172.78,200.41,91.7,0.0,2.89,True,12.0,2561111418.34,16348073.36,93289909.79,265503080.08,300000000.0,970895688.78,4207148170.35,0.0,156412200.63,582712120.0,920071768.42,4207148170.35,4363560370.98,4789860290.35,5127219938.77
01089,"Madison, AL",evaporative,1.17,0.09,True,True,1002881.08,425.88,72.5,0.0,2.89,True,0.0,2080013374.22,45592078.72,178224085.9,265503080.08,0.0,0.0,2569332618.92,0.0,596045063.28,2220560039.65,3506147431.03,2569332618.92,3165377682.2,4789892658.58,6075480049.95
29097,"Jasper, MO",evaporative,1.17,0.08,True,True,973841.77,426.19,78.7,0.0,2.25,False,1.8,2257974076.91,102796496.67,153542528.83,74332648.87,45000000.0,0.0,2633645751.28,0.0,578786049.4,2156261752.68,3404623820.02,2633645751.28,3212431800.68,4789907503.96,6038269571.3
13181,"Lincoln, GA",dry,1.24,0.08,True,True,995301.63,27.77,72.1,0.0,2.89,True,0.0,2188776666.02,8907079.43,124062708.4,265503080.08,0.0,0.0,2587249533.93,0.0,591540346.76,2203777762.45,3479649098.6,2587249533.93,3178789880.7,4791027296.38,6066898632.54
36015,"Chemung, NY",evaporative,1.13,0.09,False,False,261456.28,146.4,91.7,0.0,2.89,True,12.0,2544406977.2,31604542.65,100159510.0,265503080.08,300000000.0,970895688.78,4212569798.71,0.0,155392026.98,578911473.05,914070746.92,4212569798.71,4367961825.69,4791481271.76,5126640545.63
36055,"Monroe, NY",evaporative,1.14,0.09,False,False,263175.28,200.48,91.7,0.0,2.89,True,12.0,2561135728.82,30161940.91,81538905.77,265503080.08,300000000.0,970895688.78,4209235344.36,0.0,156413685.32,582717651.2,920080501.89,4209235344.36,4365649029.68,4791952995.55,5129315846.25
01081,"Lee, AL",dry,1.24,0.09,True,True,997585.24,27.77,72.5,0.0,2.89,True,0.0,2205969436.6,6860851.02,107562352.47,265503080.08,0.0,0.0,2585895720.17,0.0,592897570.32,2208834085.51,3487632766.6,2585895720.17,3178793290.49,4794729805.68,6073528486.77
13145,"Harris, GA",dry,1.24,0.08,True,True,998926.58,27.77,72.1,0.0,2.89,True,0.0,2196748325.18,7431387.27,113763650.47,265503080.08,0.0,0.0,2583446442.99,0.0,593694773.07,2211804056.52,3492322194.5,2583446442.99,3177141216.06,4795250499.51,6075768637.5
29081,"Harrison, MO",evaporative,1.16,0.08,True,True,951184.74,325.1,78.7,0.0,2.89,True,0.0,2231136113.22,52542057.09,141670084.83,265503080.08,0.0,0.0,2690851335.22,0.0,565320232.05,2106094982.14,3325413129.7,2690851335.22,3256171567.27,4796946317.36,6016264464.92
01077,"Lauderdale, AL",evaporative,1.17,0.09,True,True,1004955.46,443.47,72.5,0.0,2.89,True,0.0,2084315712.85,47475323.82,174562397.16,265503080.08,0.0,0.0,2571856513.93,0.0,597277934.05,2225153087.65,3513399612.07,2571856513.93,3169134447.98,4797009601.57,6085256126.0
36035,"Fulton, NY",evaporative,1.13,0.09,False,False,261022.99,132.77,91.7,0.0,2.89,True,12.0,2540190366.61,16296895.1,126420139.87,265503080.08,300000000.0,970895688.78,4219306170.44,0.0,155134510.13,577952096.55,912555941.92,4219306170.44,4374440680.57,4797258266.99,5131862112.37
28087,"Lowndes, MS",evaporative,1.19,0.07,True,True,1016425.11,540.73,68.1,0.0,2.89,True,0.0,1980164091.22,117510352.46,183645414.83,265503080.08,0.0,0.0,2546822938.59,0.0,604094724.61,2250548974.02,3553498380.04,2546822938.59,3150917663.2,4797371912.62,6100321318.63
20045,"Douglas, KS",evaporative,1.17,0.09,True,True,960919.39,411.11,77.3,0.0,2.89,True,0.0,2213874061.96,76806482.25,115082825.02,265503080.08,0.0,0.0,2671266449.31,0.0,571105855.9,2127649267.08,3359446211.18,2671266449.31,3242372305.21,4798915716.39,6030712660.49
20111,"Lyon, KS",evaporative,1.17,0.09,True,True,959162.29,395.58,77.3,0.0,2.89,True,0.0,2209825847.2,51115795.47,149307671.27,265503080.08,0.0,0.0,2675752394.01,0.0,570061551.17,2123758720.04,3353303242.17,2675752394.01,3245813945.18,4799511114.06,6029055636.19
13245,"Richmond, GA",dry,1.25,0.08,True,True,1001590.82,27.77,72.1,0.0,2.89,True,0.0,2202607290.56,8907079.43,105260148.67,265503080.08,0.0,0.0,2582277598.75,0.0,595278221.24,2217703177.17,3501636595.53,2582277598.75,3177555819.99,4799980775.91,6083914194.27
13285,"Troup, GA",dry,1.24,0.08,True,True,993565.29,27.77,72.1,0.0,2.89,True,1.8,2184958263.51,7728353.88,97475096.43,265503080.08,45000000.0,0.0,2600664793.89,0.0,590508382.57,2199933189.96,3473578720.99,2600664793.89,3191173176.46,4800597983.85,6074243514.88
36093,"Schenectady, NY",evaporative,1.14,0.09,False,False,262222.11,170.5,91.7,0.0,2.89,True,12.0,2551859776.53,21548093.6,110604524.58,265503080.08,300000000.0,970895688.78,4220411163.57,0.0,155847184.35,580607157.37,916748143.22,4220411163.57,4376258347.92,4801018320.94,5137159306.79
13211,"Morgan, GA",dry,1.24,0.08,True,True,997466.61,27.77,72.1,0.0,2.89,True,0.0,2193537684.67,7026127.02,126427517.2,265503080.08,0.0,0.0,2592494408.97,0.0,592827063.07,2208571411.42,3487218018.04,2592494408.97,3185321472.04,4801065820.39,6079712427.01
13225,"Peach, GA",dry,1.26,0.08,True,True,1009133.07,27.77,72.1,0.0,2.89,True,0.0,2219193517.76,7945873.71,74035926.05,265503080.08,0.0,0.0,2566678397.61,0.0,599760826.86,2234403080.47,3528004863.89,2566678397.61,3166439224.47,4801081478.07,6094683261.5
36021,"Columbia, NY",evaporative,1.14,0.09,False,False,262149.86,168.22,91.7,0.0,2.89,True,12.0,2551156666.01,13879704.34,120069964.18,265503080.08,300000000.0,970895688.78,4221505103.38,0.0,155804243.98,580447183.46,916495552.83,4221505103.38,4377309347.36,4801952286.84,5138000656.21
01031,"Coffee, AL",evaporative,1.19,0.09,True,True,958773.25,589.96,72.5,0.0,2.89,True,0.0,2120144124.96,130855267.11,163175892.63,265503080.08,0.0,0.0,2679678364.78,0.0,569830333.81,2122897322.02,3351943140.03,2679678364.78,3249508698.59,4802575686.8,6031621504.81
36031,"Essex, NY",evaporative,1.13,0.09,False,False,260217.46,107.43,91.7,0.0,2.89,True,12.0,2532351178.62,8763802.24,149208969.03,265503080.08,300000000.0,970895688.78,4226722718.74,0.0,154655755.23,576168499.86,909739736.62,4226722718.74,4381378473.97,4802891218.6,5136462455.36
13151,"Henry, GA",dry,1.24,0.08,True,True,993827.95,27.77,72.1,0.0,2.89,True,1.8,2185535873.37,9331096.8,99071822.76,265503080.08,45000000.0,0.0,2604441873.01,0.0,590664487.82,2200514758.56,3474496987.2,2604441873.01,3195106360.84,4804956631.57,6078938860.21
13081,"Crisp, GA",evaporative,1.2,0.08,True,True,963100.36,629.09,72.1,0.0,2.89,True,0.0,2117962557.58,138586243.72,151060340.6,265503080.08,0.0,0.0,2673112221.99,0.0,572402075.18,2132478319.3,3367071030.48,2673112221.99,3245514297.17,4805590541.29,6040183252.47
36041,"Hamilton, NY",evaporative,1.12,0.09,False,False,259462.07,83.67,91.7,0.0,2.89,True,12.0,2524999994.96,7634589.73,163714311.95,265503080.08,300000000.0,970895688.78,4232747665.51,0.0,154206803.73,574495935.45,907098845.44,4232747665.51,4386954469.23,4807243600.95,5139846510.95
36001,"Albany, NY",evaporative,1.13,0.09,False,False,261877.19,159.65,91.7,0.0,2.89,True,13.8,2548503166.44,15079897.88,83982384.53,265503080.08,345000000.0,970895688.78,4228964217.71,0.0,155642189.45,579843450.9,915542290.89,4228964217.71,4384606407.17,4808807668.61,5144506508.61
29033,"Carroll, MO",evaporative,1.16,0.08,True,True,956438.69,371.52,78.7,0.0,2.89,True,0.0,2243459985.52,43060027.31,139111138.15,265503080.08,0.0,0.0,2691134231.08,0.0,568442827.0,2117728179.0,3343781335.27,2691134231.08,3259577058.07,4808862410.08,6034915566.34
13183,"Long, GA",evaporative,1.2,0.08,True,True,964255.57,639.53,72.1,0.0,2.89,True,0.0,2120502996.12,67503818.91,220345798.24,265503080.08,0.0,0.0,2673855693.35,0.0,573088655.92,2135036169.1,3371109740.69,2673855693.35,3246944349.27,4808891862.45,6044965434.03
01033,"Colbert, AL",evaporative,1.17,0.09,True,True,1006272.33,454.63,72.5,0.0,2.89,True,0.0,2087046943.17,48670854.1,181334370.12,265503080.08,0.0,0.0,2582555247.47,0.0,598060590.72,2228068867.4,3518003474.84,2582555247.47,3180615838.19,4810624114.87,6100558722.31
13229,"Pierce, GA",evaporative,1.2,0.08,True,True,962592.17,624.49,72.1,0.0,2.89,True,0.0,2116844999.32,114534156.79,182796571.16,265503080.08,0.0,0.0,2679678807.35,0.0,572100043.09,2131353101.7,3365294371.1,2679678807.35,3251778850.44,4811031909.05,6044973178.45
13059,"Clarke, GA",dry,1.24,0.08,True,True,994629.94,27.77,72.1,0.0,2.89,True,1.8,2187299544.04,7103081.67,103850128.13,265503080.08,45000000.0,0.0,2608755833.92,0.0,591141138.72,2202290516.8,3477300816.0,2608755833.92,3199896972.64,4811046350.72,6086056649.92
29003,"Andrew, MO",evaporative,1.16,0.08,True,True,953815.4,348.34,78.7,0.0,2.89,True,0.0,2237306703.57,41380950.8,155257834.5,265503080.08,0.0,0.0,2699448568.94,0.0,566883722.3,2111919749.75,3334610131.19,2699448568.94,3266332291.25,4811368318.7,6034058700.13
13009,"Baldwin, GA",dry,1.25,0.08,True,True,1002317.84,27.77,72.1,0.0,2.89,True,0.0,2204206065.99,7026127.02,115809080.37,265503080.08,0.0,0.0,2592544353.47,0.0,595710307.43,2219312910.03,3504178279.0,2592544353.47,3188254660.9,4811857263.5,6096722632.46
01009,"Blount, AL",dry,1.23,0.09,True,True,985625.08,27.77,72.5,0.0,2.89,True,0.0,2179521825.85,8119208.49,177577142.93,265503080.08,0.0,0.0,2630721257.36,0.0,585789255.99,2182352130.17,3445819152.91,2630721257.36,3216510513.36,4813073387.54,6076540410.27
28073,"Lamar, MS",dry,1.27,0.07,True,True,1023972.95,27.77,68.1,0.0,2.89,True,0.0,2126899976.08,8519287.27,147460472.2,265503080.08,0.0,0.0,2548382815.63,0.0,608580651.22,2267261249.64,3579886183.65,2548382815.63,3156963466.85,4815644065.28,6128268999.28
01133,"Winston, AL",dry,1.23,0.09,True,True,984642.85,27.77,72.5,0.0,2.89,True,0.0,2177349807.6,7103191.42,185879080.7,265503080.08,0.0,0.0,2635835159.8,0.0,585205483.47,2180177291.36,3442385196.89,2635835159.8,3221040643.27,4816012451.17,6078220356.69
20177,"Shawnee, KS",evaporative,1.17,0.09,True,True,958400.63,388.85,77.3,0.0,2.89,True,0.0,2208071054.73,70980722.03,150127574.81,265503080.08,0.0,0.0,2694682431.66,0.0,569608873.09,2122072272.31,3350640429.96,2694682431.66,3264291304.75,4816754703.96,6045322861.61
35009,"Curry, NM",dry,1.2,0.08,False,False,1000410.84,27.77,54.3,0.0,1.17,False,0.0,1600420254.57,13591932.15,115105434.03,0.0,0.0,873123991.78,2602241612.53,0.0,594576917.2,2215090475.84,3497511277.64,2602241612.53,3196818529.72,4817332088.36,6099752890.17
13021,"Bibb, GA",dry,1.26,0.08,True,True,1012014.22,27.77,72.1,0.0,2.89,True,0.0,2225529474.88,8141985.13,80125615.58,265503080.08,0.0,0.0,2579300155.67,0.0,601473187.16,2240782461.98,3538077571.54,2579300155.67,3180773342.83,4820082617.64,6117377727.21
39145,"Scioto, OH",dry,1.18,0.07,True,True,1028884.02,27.77,71.0,0.0,2.89,True,1.8,2059195271.12,7641921.95,166106104.83,265503080.08,45000000.0,0.0,2543446377.98,0.0,611499458.88,2278135238.97,3597055640.48,2543446377.98,3154945836.87,4821581616.96,6140502018.47
39001,"Adams, OH",evaporative,1.15,0.07,True,True,1000234.83,279.24,71.0,0.0,3.31,False,1.8,2001857149.89,38052687.95,131430179.69,392197125.26,45000000.0,0.0,2608537142.78,0.0,594472307.26,2214700752.54,3496895925.06,2608537142.78,3203009450.04,4823237895.32,6105433067.84
47045,"Dyer, TN",dry,1.24,0.1,True,True,1059633.77,27.77,62.1,0.0,2.89,True,0.0,1882461361.48,8281366.89,322451221.14,265503080.08,0.0,0.0,2478697029.6,0.0,629775041.36,2346220742.34,3704559066.85,2478697029.6,3108472070.97,4824917771.94,6183256096.45
21193,"Perry, KY",dry,1.18,0.06,True,True,1025223.14,27.77,65.0,0.0,2.89,True,0.0,1878471107.1,7937069.79,403102520.45,265503080.08,0.0,0.0,2555013777.41,0.0,609323680.17,2270029396.72,3584256942.2,2555013777.41,3164337457.59,4825043174.14,6139270719.61
28003,"Alcorn, MS",dry,1.24,0.07,True,True,1057881.8,27.77,68.1,0.0,2.89,True,0.0,2060928567.82,7308928.31,150228182.22,265503080.08,0.0,0.0,2483968758.44,0.0,628733790.87,2342341573.82,3698434063.92,2483968758.44,3112702549.31,4826310332.26,6182402822.36
01061,"Geneva, AL",evaporative,1.2,0.09,True,True,959930.94,600.43,72.5,0.0,2.89,True,0.0,2122704141.75,134111991.9,180586549.56,265503080.08,0.0,0.0,2702905763.29,0.0,570518388.55,2125460663.22,3355990520.88,2702905763.29,3273424151.84,4828366426.51,6058896284.17
36067,"Onondaga, NY",evaporative,1.14,0.09,False,False,262281.64,172.37,91.7,0.0,2.89,True,13.8,2552439095.2,15606925.51,98634767.7,265503080.08,345000000.0,970895688.78,4248079557.27,0.0,155882564.5,580738965.78,916956261.76,4248079557.27,4403962121.77,4828818523.05,5165035819.03
36095,"Schoharie, NY",evaporative,1.13,0.09,False,False,260893.93,128.71,91.7,0.0,2.89,True,12.0,2538934429.66,18227763.77,160142177.09,265503080.08,300000000.0,970895688.78,4253703139.38,0.0,155057807.54,577666341.83,912104750.26,4253703139.38,4408760946.93,4831369481.21,5165807889.64
20085,"Jackson, KS",evaporative,1.16,0.09,True,True,956798.93,374.7,77.3,0.0,2.89,True,0.0,2204380878.11,68397547.22,175053788.6,265503080.08,0.0,0.0,2713335294.01,0.0,568656930.29,2118525818.72,3345040766.41,2713335294.01,3281992224.3,4831861112.73,6058376060.42
36009,"Cattaraugus, NY",evaporative,1.13,0.09,False,False,260436.4,114.32,91.7,0.0,2.89,True,12.0,2534481855.41,16970461.0,168049974.56,265503080.08,300000000.0,970895688.78,4255901059.83,0.0,154785879.92,576653278.14,910505176.01,4255901059.83,4410686939.75,4832554337.97,5166406235.84
28035,"Forrest, MS",dry,1.28,0.07,True,True,1024921.52,27.77,68.1,0.0,2.89,True,0.0,2128870256.65,8543170.21,161016422.89,265503080.08,0.0,0.0,2563932929.83,0.0,609144417.57,2269361555.65,3583202456.29,2563932929.83,3173077347.4,4833294485.47,6147135386.11
13107,"Emanuel, GA",evaporative,1.19,0.08,True,True,958764.44,589.88,72.1,0.0,3.19,False,0.0,2108427401.92,115978015.4,132578864.41,356878850.1,0.0,0.0,2713863131.83,0.0,569825097.2,2122877813.08,3351912336.45,2713863131.83,3283688229.03,4836740944.92,6065775468.28
26155,"Shiawassee, MI",dry,1.16,0.06,True,True,1071381.25,27.77,82.6,0.0,1.06,False,0.0,2342445082.09,7808829.64,114435102.31,0.0,0.0,0.0,2464689014.04,0.0,636756954.85,2372231792.57,3745629146.17,2464689014.04,3101445968.89,4836920806.61,6210318160.21
13025,"Brantley, GA",evaporative,1.2,0.08,True,True,963213.12,630.1,72.1,0.0,2.89,True,0.0,2118210543.45,111952089.11,208533195.82,265503080.08,0.0,0.0,2704198908.46,0.0,572469096.02,2132728004.78,3367465270.7,2704198908.46,3276668004.48,4836926913.24,6071664179.17
29061,"Daviess, MO",evaporative,1.16,0.08,True,True,952415.48,335.97,78.7,0.0,2.89,True,0.0,2234022998.0,54299484.44,174871541.89,265503080.08,0.0,0.0,2728697104.41,0.0,566051704.4,2108820075.21,3329715908.23,2728697104.41,3294748808.81,4837517179.63,6058413012.64
20139,"Osage, KS",evaporative,1.17,0.09,True,True,958873.38,393.03,77.3,0.0,2.89,True,0.0,2209160224.59,79287412.68,161205671.03,265503080.08,0.0,0.0,2715156388.39,0.0,569889842.68,2123119021.75,3352293192.24,2715156388.39,3285046231.07,4838275410.14,6067449580.63
36007,"Broome, NY",evaporative,1.13,0.09,False,False,261729.9,155.01,91.7,0.0,2.89,True,12.0,2547069732.48,28861255.08,148167882.14,265503080.08,300000000.0,970895688.78,4260497638.55,0.0,155554646.77,579517311.5,915027333.94,4260497638.55,4416052285.32,4840014950.05,5175524972.5
13133,"Greene, GA",dry,1.25,0.08,True,True,1000184.85,27.77,72.1,0.0,2.89,True,0.0,2199515410.0,6993929.69,155339918.01,265503080.08,0.0,0.0,2627352337.78,0.0,594442607.39,2214590105.95,3496721219.92,2627352337.78,3221794945.17,4841942443.73,6124073557.7
13153,"Houston, GA",dry,1.26,0.08,True,True,1015243.0,27.77,72.1,0.0,2.89,True,0.0,2232629913.95,8067544.01,89993615.81,265503080.08,0.0,0.0,2596194153.85,0.0,603392156.9,2247931564.93,3549365628.84,2596194153.85,3199586310.75,4844125718.78,6145559782.69
01087,"Macon, AL",dry,1.25,0.09,True,True,1005254.54,27.77,72.5,0.0,2.89,True,0.0,2222928627.05,8515781.62,121944798.58,265503080.08,0.0,0.0,2618892287.33,0.0,597455685.52,2225815298.99,3514445208.94,2618892287.33,3216347972.85,4844707586.32,6133337496.27
20003,"Anderson, KS",evaporative,1.17,0.09,True,True,961436.45,415.68,77.3,0.0,2.89,True,0.0,2215065327.06,74968130.74,160986366.88,265503080.08,0.0,0.0,2716522904.76,0.0,571413162.66,2128794135.42,3361253898.03,2716522904.76,3287936067.43,4845317040.18,6077776802.79
20133,"Neosho, KS",evaporative,1.17,0.09,True,True,963950.02,437.89,77.3,0.0,2.89,True,0.0,2220856374.85,40256750.11,185346189.01,265503080.08,0.0,0.0,2711962394.05,0.0,572907060.34,2134359636.55,3370041531.39,2711962394.05,3284869454.39,4846322030.6,6082003925.44
20031,"Coffey, KS",evaporative,1.17,0.09,True,True,959328.49,397.05,77.3,0.0,2.89,True,0.0,2210208764.39,42315860.21,204379943.62,265503080.08,0.0,0.0,2722407648.3,0.0,570160331.07,2124126723.58,3353884300.39,2722407648.3,3292567979.37,4846534371.88,6076291948.69
01123,"Tallapoosa, AL",dry,1.23,0.09,True,True,991398.02,27.77,72.5,0.0,2.89,True,0.0,2192287572.42,8656827.57,185505517.12,265503080.08,0.0,0.0,2651952997.19,0.0,589220300.87,2195134454.21,3466001769.81,2651952997.19,3241173298.05,4847087451.4,6117954766.99
20001,"Allen, KS",evaporative,1.17,0.09,True,True,962631.89,426.24,77.3,0.0,2.89,True,0.0,2217819522.87,44730973.41,187680885.24,265503080.08,0.0,0.0,2715734461.6,0.0,572123653.56,2131441062.27,3365433256.21,2715734461.6,3287858115.16,4847175523.87,6081167717.81
13319,"Wilkinson, GA",dry,1.26,0.08,True,True,1013009.52,27.77,72.1,0.0,2.89,True,0.0,2227718237.93,7026127.02,104316297.06,265503080.08,0.0,0.0,2604563742.1,0.0,602064723.83,2242986226.04,3541557199.0,2604563742.1,3206628465.93,4847549968.14,6146120941.1
18151,"Steuben, IN",evaporative,1.14,0.07,True,True,992642.99,215.8,81.5,0.0,2.89,True,0.0,2280465202.74,17603765.92,87264487.9,265503080.08,0.0,0.0,2650836536.64,0.0,589960227.77,2197891044.64,3470354281.01,2650836536.64,3240796764.41,4848727581.28,6121190817.65
20115,"Marion, KS",evaporative,1.17,0.09,True,True,961145.25,413.1,77.3,0.0,2.89,True,0.0,2214394429.5,65169720.95,176931533.67,265503080.08,0.0,0.0,2721998764.21,0.0,571240093.41,2128149367.62,3360235843.61,2721998764.21,3293238857.62,4850148131.83,6082234607.82
13073,"Columbia, GA",dry,1.24,0.08,True,True,995989.53,27.77,72.1,0.0,2.89,True,1.8,2190289428.62,8907079.43,135552786.73,265503080.08,45000000.0,0.0,2645252374.86,0.0,591949187.06,2205300892.98,3482054041.55,2645252374.86,3237201561.92,4850553267.84,6127306416.41
36029,"Erie, NY",evaporative,1.13,0.09,False,False,261994.15,163.33,91.7,0.0,2.89,True,13.8,2549641392.46,13323349.41,126217642.43,265503080.08,345000000.0,970895688.78,4270581153.16,0.0,155711703.19,580102423.66,915951195.25,4270581153.16,4426292856.35,4850683576.82,5186532348.41
13169,"Jones, GA",dry,1.25,0.08,True,True,1002944.26,27.77,72.1,0.0,2.89,True,1.8,2205583637.68,7575096.3,106935264.48,265503080.08,45000000.0,0.0,2630597078.54,0.0,596082610.94,2220699923.1,3506368299.64,2630597078.54,3226679689.48,4851297001.65,6136965378.18
36023,"Cortland, NY",evaporative,1.13,0.09,False,False,261229.29,139.26,91.7,0.0,2.89,True,12.0,2542197958.37,29694844.35,165389192.86,265503080.08,300000000.0,970895688.78,4273680764.44,0.0,155257117.77,578408870.14,913277163.38,4273680764.44,4428937882.21,4852089634.58,5186957927.81
13167,"Johnson, GA",dry,1.26,0.08,True,True,1012795.36,27.77,72.1,0.0,2.89,True,0.0,2227247285.82,6950841.19,111626972.68,265503080.08,0.0,0.0,2611328179.77,0.0,601937443.97,2242512046.18,3540808493.97,2611328179.77,3213265623.74,4853840225.95,6152136673.74
39051,"Fulton, OH",evaporative,1.14,0.07,True,True,994431.78,230.75,71.0,0.0,3.82,False,0.0,1990243014.81,18823105.74,97390918.89,547433264.89,0.0,0.0,2653890304.33,0.0,591023369.02,2201851766.93,3476608053.04,2653890304.33,3244913673.35,4855742071.26,6130498357.37
28089,"Madison, MS",evaporative,1.19,0.07,True,True,1019089.62,563.33,68.1,0.0,3.29,False,0.0,1985354999.79,67391710.15,158535438.14,388090349.08,0.0,0.0,2599372497.16,0.0,605678330.98,2256448684.05,3562813711.66,2599372497.16,3205050828.14,4855821181.21,6162186208.82
26073,"Isabella, MI",dry,1.15,0.06,True,True,1068973.76,27.77,82.6,0.0,2.12,False,0.0,2337181396.16,9543068.91,106061018.17,36550308.01,0.0,0.0,2489335791.25,0.0,635326104.39,2366901173.21,3737212378.76,2489335791.25,3124661895.64,4856236964.46,6226548170.01
20127,"Morris, KS",evaporative,1.17,0.09,True,True,958206.5,387.14,77.3,0.0,2.89,True,0.0,2207623791.75,45285181.04,220757608.42,265503080.08,0.0,0.0,2739169661.3,0.0,569493494.12,2121642429.08,3349961730.13,2739169661.3,3308663155.42,4860812090.38,6089131391.42
28099,"Neshoba, MS",dry,1.25,0.07,True,True,1069029.59,27.77,68.1,0.0,2.89,True,0.0,2082646303.58,8792385.18,140063910.18,265503080.08,0.0,0.0,2497005679.02,0.0,635359287.03,2367024794.83,3737407570.79,2497005679.02,3132364966.06,4864030473.86,6234413249.81
26157,"Tuscola, MI",evaporative,1.14,0.06,True,True,1054401.06,194.54,82.6,0.0,1.71,False,0.0,2305319966.47,45837828.08,178256804.68,0.0,0.0,0.0,2529414599.23,0.0,626665074.47,2334634591.15,3686265143.93,2529414599.23,3156079673.7,4864049190.38,6215679743.16
42125,"Washington, PA",evaporative,1.14,0.06,True,True,992919.54,218.11,78.7,0.0,2.89,True,1.8,2202731449.74,33216968.16,122826856.68,265503080.08,45000000.0,0.0,2669278354.67,0.0,590124592.76,2198503384.79,3471321133.87,2669278354.67,3259402947.42,4867781739.45,6140599488.54
01073,"Jefferson, AL",dry,1.24,0.09,True,True,993895.4,27.77,72.5,0.0,2.89,True,1.8,2197810071.5,7815965.1,152084181.91,265503080.08,45000000.0,0.0,2668213298.59,0.0,590704580.85,2200664124.75,3474732828.55,2668213298.59,3258917879.44,4868877423.34,6142946127.14
28031,"Covington, MS",dry,1.26,0.07,True,True,1013685.32,27.77,68.1,0.0,2.89,True,0.0,2105531486.47,8543170.21,245982760.72,265503080.08,0.0,0.0,2625560497.48,0.0,602466377.18,2244482581.64,3543919865.74,2625560497.48,3228026874.65,4870043079.11,6169480363.22
18113,"Noble, IN",evaporative,1.14,0.07,True,True,994724.91,233.2,81.5,0.0,2.89,True,0.0,2285248148.16,23774274.41,94471641.43,265503080.08,0.0,0.0,2668997144.08,0.0,591197583.89,2202500802.72,3477632846.4,2668997144.08,3260194727.97,4871497946.81,6146629990.49
29109,"Lawrence, MO",evaporative,1.16,0.08,True,True,957170.23,377.98,78.7,0.0,2.89,True,0.0,2245175922.21,89035093.79,152590307.91,265503080.08,0.0,0.0,2752304403.99,0.0,568877607.16,2119347948.24,3346338865.64,2752304403.99,3321182011.15,4871652352.24,6098643269.64
29039,"Cedar, MO",evaporative,1.17,0.08,True,True,959809.4,401.3,78.7,0.0,2.89,True,0.0,2251366465.46,82152565.25,147472870.41,265503080.08,0.0,0.0,2746494981.2,0.0,570446153.03,2125191550.51,3355565606.08,2746494981.2,3316941134.24,4871686531.72,6102060587.28
39159,"Union, OH",dry,1.17,0.07,True,True,1021181.53,27.77,71.0,0.0,3.31,False,1.8,2043779609.16,8685982.12,120888634.94,393018480.49,45000000.0,0.0,2611372706.71,0.0,606921617.69,2261080536.48,3570127162.86,2611372706.71,3218294324.4,4872453243.19,6181499869.57
51109,"Louisa, VA",evaporative,1.16,0.06,True,True,656131.98,341.98,89.9,0.0,4.08,False,1.8,2553775238.87,72811682.1,123807385.91,624640657.08,45000000.0,0.0,3420034963.96,0.0,389960717.3,1452794829.16,2293886572.36,3420034963.96,3809995681.26,4872829793.12,5713921536.32
26065,"Ingham, MI",evaporative,1.14,0.06,True,True,1054604.57,196.13,82.6,0.0,2.34,False,0.0,2305764906.57,17473551.88,111454132.47,103080082.14,0.0,0.0,2537772673.05,0.0,626786024.45,2335085189.14,3686976614.43,2537772673.05,3164558697.5,4872857862.19,6224749287.48
20059,"Franklin, KS",evaporative,1.17,0.09,True,True,961298.42,414.46,77.3,0.0,2.89,True,0.0,2214747303.47,84845766.14,180778459.58,265503080.08,0.0,0.0,2745874609.27,0.0,571331123.16,2128488498.04,3360771312.7,2745874609.27,3317205732.43,4874363107.32,6106645921.97
13023,"Bleckley, GA",dry,1.27,0.08,True,True,1016554.08,27.77,72.1,0.0,2.89,True,0.0,2235513117.81,7851988.43,115630743.62,265503080.08,0.0,0.0,2624498929.94,0.0,604171373.64,2250834529.25,3553949256.71,2624498929.94,3228670303.58,4875333459.19,6178448186.65
28159,"Winston, MS",dry,1.25,0.07,True,True,1069282.63,27.77,68.1,0.0,2.89,True,0.0,2083139269.57,7877667.09,151372288.6,265503080.08,0.0,0.0,2507892305.34,0.0,635509677.68,2367585073.71,3738292221.64,2507892305.34,3143401983.02,4875477379.05,6246184526.98
28153,"Wayne, MS",dry,1.26,0.07,True,True,1011818.39,27.77,68.1,0.0,2.89,True,0.0,2101653675.33,8534941.0,259469333.6,265503080.08,0.0,0.0,2635161030.01,0.0,601356799.45,2240348860.71,3537392937.96,2635161030.01,3236517829.47,4875509890.72,6172553967.97
13287,"Turner, GA",dry,1.27,0.08,True,True,1021942.47,27.77,72.1,0.0,2.89,True,0.0,2247362783.36,8338076.79,92087676.79,265503080.08,0.0,0.0,2613291617.01,0.0,607373872.72,2262765408.18,3572787486.61,2613291617.01,3220665489.74,4876057025.2,6186079103.62
20037,"Crawford, KS",evaporative,1.17,0.09,True,True,965100.42,448.05,77.3,0.0,2.89,True,0.0,2223506782.75,67955047.32,182529791.94,265503080.08,0.0,0.0,2739494702.09,0.0,573590777.4,2136906817.76,3374063396.47,2739494702.09,3313085479.49,4876401519.86,6113558098.56
20021,"Cherokee, KS",evaporative,1.17,0.09,True,True,964918.15,446.44,77.3,0.0,2.89,True,0.0,2223086854.73,68952186.4,183098401.08,265503080.08,0.0,0.0,2740640522.28,0.0,573482449.94,2136503244.87,3373426176.11,2740640522.28,3314122972.22,4877143767.15,6114066698.4
28079,"Leake, MS",dry,1.25,0.07,True,True,1070418.21,27.77,68.1,0.0,2.89,True,0.0,2085351559.51,8604638.95,148087836.91,265503080.08,0.0,0.0,2507547115.46,0.0,636184587.75,2370099444.56,3742262280.88,2507547115.46,3143731703.21,4877646560.02,6249809396.34
28123,"Scott, MS",dry,1.25,0.07,True,True,1072997.91,27.77,68.1,0.0,2.89,True,0.0,2090377242.32,8784634.97,141061174.7,265503080.08,0.0,0.0,2505726132.07,0.0,637717788.2,2375811367.79,3751281107.04,2505726132.07,3143443920.27,4881537499.87,6257007239.12
28049,"Hinds, MS",evaporative,1.19,0.07,True,True,842059.39,590.78,68.1,0.0,4.36,False,0.0,1991662264.03,79214948.29,239898408.33,706776180.7,0.0,0.0,3017551801.35,0.0,500463463.43,1864471726.52,2943902726.08,3017551801.35,3518015264.79,4882023527.87,5961454527.43
20131,"Nemaha, KS",dry,1.21,0.09,True,True,991572.53,27.77,77.3,0.0,2.89,True,0.0,2284496219.96,7467464.56,131706999.77,265503080.08,0.0,0.0,2689173764.37,0.0,589324023.18,2195520870.66,3466611901.03,2689173764.37,3278497787.54,4884694635.02,6155785665.4
28075,"Lauderdale, MS",dry,1.26,0.07,True,True,1075303.35,27.77,68.1,0.0,2.89,True,0.0,2094868617.45,9539005.02,134563857.95,265503080.08,0.0,0.0,2504474560.51,0.0,639087985.77,2380916025.4,3759341092.74,2504474560.51,3143562546.27,4885390585.91,6263815653.25
20067,"Grant, KS",dry,1.21,0.09,True,True,997232.26,27.77,77.3,0.0,2.89,True,0.0,2297535741.05,13591932.15,100792755.67,265503080.08,0.0,0.0,2677423508.95,0.0,592687785.82,2208052535.39,3486398740.09,2677423508.95,3270111294.77,4885476044.34,6163822249.04
55005,"Barron, WI",dry,1.15,0.06,True,True,1007612.68,27.77,85.4,0.0,2.5,False,0.0,2402677759.17,9183253.44,92402127.23,150308008.21,0.0,0.0,2654571148.05,0.0,598857208.32,2231036658.46,3522689460.73,2654571148.05,3253428356.38,4885607806.52,6177260608.78
56021,"Laramie, WY",dry,1.14,0.05,True,True,1127423.82,27.77,79.6,0.0,1.59,False,1.8,2224241156.96,13402022.94,108034364.18,0.0,45000000.0,0.0,2390677544.07,0.0,670064888.54,2496320173.01,3941558167.9,2390677544.07,3060742432.61,4886997717.08,6332235711.98
05093,"Mississippi, AR",dry,1.25,0.09,True,True,879512.66,27.77,66.1,0.0,4.06,False,0.0,2019153877.09,11417685.78,290152936.32,618891170.43,0.0,0.0,2939615669.62,0.0,522723171.2,1947400049.58,3074842183.55,2939615669.62,3462338840.82,4887015719.2,6014457853.17
28101,"Newton, MS",dry,1.25,0.07,True,True,1069837.52,27.77,68.1,0.0,2.89,True,0.0,2084220280.92,8610800.92,161296467.81,265503080.08,0.0,0.0,2519630629.74,0.0,635839465.12,2368813693.6,3740232147.79,2519630629.74,3155470094.86,4888444323.34,6259862777.53
13277,"Tift, GA",dry,1.27,0.08,True,True,1022595.76,27.77,72.1,0.0,2.89,True,0.0,2248799430.74,8747729.87,101490340.54,265503080.08,0.0,0.0,2624540581.24,0.0,607762142.07,2264211901.83,3575071423.95,2624540581.24,3232302723.31,4888752483.07,6199612005.19
28069,"Kemper, MS",dry,1.25,0.07,True,True,1071889.52,27.77,68.1,0.0,2.89,True,0.0,2088217920.05,9578026.19,154058715.66,265503080.08,0.0,0.0,2517357741.98,0.0,637059037.14,2373357197.19,3747406100.82,2517357741.98,3154416779.12,4890714939.17,6264763842.81
36123,"Yates, NY",evaporative,1.14,0.09,False,False,262540.24,180.51,91.7,0.0,2.89,True,13.8,2554955775.13,15592239.2,157895070.0,265503080.08,345000000.0,970895688.78,4309841853.19,0.0,156036263.18,581311568.71,917860371.65,4309841853.19,4465878116.37,4891153421.9,5227702224.83
21115,"Johnson, KY",dry,1.19,0.06,True,True,1020219.47,27.77,65.0,0.0,2.89,True,0.0,1897079996.34,8730440.86,461708252.65,265503080.08,0.0,0.0,2633021769.94,0.0,606349833.23,2258950359.11,3566763724.91,2633021769.94,3239371603.17,4891972129.05,6199785494.85
29037,"Cass, MO",evaporative,1.17,0.08,True,True,958758.22,392.01,78.7,0.0,2.89,True,1.8,2248900772.31,78763673.14,132181991.24,265503080.08,45000000.0,0.0,2770349516.77,0.0,569821401.27,2122864043.94,3351890595.7,2770349516.77,3340170918.04,4893213560.72,6122240112.47
29069,"Dunklin, MO",dry,1.24,0.08,True,True,874625.42,27.77,78.7,0.0,2.89,True,0.0,2390686823.16,13591932.15,287977384.71,265503080.08,0.0,0.0,2957759220.1,0.0,519818521.44,1936578805.38,3057756008.49,2957759220.1,3477577741.55,4894338025.48,6015515228.6
48115,"Dawson, TX",dry,1.25,0.08,True,True,1037342.53,27.77,61.2,0.0,3.97,False,0.0,1870378174.41,13591932.15,121820446.46,591786447.64,0.0,0.0,2597577000.66,0.0,616526628.92,2296863911.65,3626627228.93,2597577000.66,3214103629.58,4894440912.32,6224204229.59
29013,"Bates, MO",evaporative,1.17,0.08,True,True,960252.11,405.21,78.7,0.0,2.89,True,0.0,2252404906.01,82953302.89,168185261.87,265503080.08,0.0,0.0,2769046550.85,0.0,570709270.76,2126171793.01,3357113357.39,2769046550.85,3339755821.61,4895218343.86,6126159908.24
13289,"Twiggs, GA",dry,1.26,0.08,True,True,1013469.14,27.77,72.1,0.0,2.89,True,1.8,2228729000.66,7747998.82,106355631.33,265503080.08,45000000.0,0.0,2653335710.9,0.0,602337893.29,2244003916.17,3543164078.16,2653335710.9,3255673604.18,4897339627.07,6196499789.06
01051,"Elmore, AL",dry,1.25,0.09,True,True,1002993.59,27.77,72.5,0.0,2.89,True,0.0,2217928970.58,7380445.68,185911385.98,265503080.08,0.0,0.0,2676723882.32,0.0,596111929.74,2220809150.02,3506540763.19,2676723882.32,3272835812.07,4897533032.34,6183264645.51
20117,"Marshall, KS",dry,1.2,0.09,True,True,990139.78,27.77,77.3,0.0,2.89,True,0.0,2281195269.53,13322538.87,147610929.74,265503080.08,0.0,0.0,2707631818.23,0.0,588472487.78,2192348483.9,3461602869.32,2707631818.23,3296104306.01,4899980302.13,6169234687.54
21051,"Clay, KY",dry,1.18,0.06,True,True,1011200.19,27.77,65.0,0.0,2.89,True,0.0,1880308808.75,7885001.42,508328787.76,265503080.08,0.0,0.0,2662025678.02,0.0,600989380.95,2238980046.69,3535231652.67,2662025678.02,3263015058.97,4901005724.7,6197257330.68
13017,"Ben Hill, GA",dry,1.28,0.08,True,True,1028570.79,27.77,72.1,0.0,2.89,True,0.0,2261939173.94,8080914.81,88684405.5,265503080.08,0.0,0.0,2624207574.33,0.0,611313298.46,2277441700.16,3595960579.2,2624207574.33,3235520872.79,4901649274.49,6220168153.53
29217,"Vernon, MO",evaporative,1.17,0.08,True,True,962503.99,425.11,78.7,0.0,2.89,True,0.0,2257686990.8,87026298.76,160328859.95,265503080.08,0.0,0.0,2770545229.59,0.0,572047633.48,2131157850.21,3364986079.28,2770545229.59,3342592863.06,4901703079.8,6135531308.87
05037,"Cross, AR",dry,1.25,0.09,True,True,880033.31,27.77,66.1,0.0,4.0,False,0.0,2020349166.18,13412073.29,321042020.6,598767967.15,0.0,0.0,2953571227.22,0.0,523032610.38,1948552862.19,3076662413.98,2953571227.22,3476603837.6,4902124089.41,6030233641.2
13283,"Treutlen, GA",dry,1.27,0.08,True,True,1017515.52,27.77,72.1,0.0,2.89,True,0.0,2237627419.09,6971440.44,139157361.95,265503080.08,0.0,0.0,2649259301.56,0.0,604742786.21,2252963321.19,3557310507.14,2649259301.56,3254002087.77,4902222622.75,6206569808.7
20125,"Montgomery, KS",evaporative,1.17,0.09,True,True,965173.11,448.69,77.3,0.0,2.89,True,0.0,2223674264.02,87920054.61,188964522.35,265503080.08,0.0,0.0,2766061921.07,0.0,573633981.99,2137067776.05,3374317541.14,2766061921.07,3339695903.06,4903129697.12,6140379462.2
01007,"Bibb, AL",dry,1.25,0.09,True,True,1000956.84,27.77,72.5,0.0,2.89,True,0.0,2213425081.68,8610783.7,202171670.44,265503080.08,0.0,0.0,2689710615.9,0.0,594901421.23,2216299412.42,3499420124.88,2689710615.9,3284612037.13,4906010028.32,6189130740.77
29185,"St. Clair, MO",evaporative,1.17,0.08,True,True,959655.32,399.94,78.7,0.0,2.89,True,0.0,2251005051.05,81873879.95,183175964.44,265503080.08,0.0,0.0,2781557975.52,0.0,570354578.67,2124850391.11,3355026933.33,2781557975.52,3351912554.19,4906408366.63,6136584908.85
21025,"Breathitt, KY",dry,1.19,0.06,True,True,1020894.9,27.77,65.0,0.0,2.89,True,0.0,1898335949.14,7923566.38,475579603.72,265503080.08,0.0,0.0,2647342199.32,0.0,606751264.26,2260445886.46,3569125083.89,2647342199.32,3254093463.58,4907788085.78,6216467283.21
20205,"Wilson, KS",evaporative,1.17,0.09,True,True,963732.68,435.96,77.3,0.0,2.89,True,0.0,2220355629.89,82636747.65,205580613.38,265503080.08,0.0,0.0,2774076071.0,0.0,572777884.79,2133878394.33,3369281675.26,2774076071.0,3346853955.8,4907954465.33,6143357746.26
01117,"Shelby, AL",dry,1.24,0.09,True,True,997288.49,27.77,72.5,0.0,2.89,True,1.8,2205313227.79,6861423.83,178142833.79,265503080.08,45000000.0,0.0,2700820565.49,0.0,592721201.33,2208177024.56,3486595301.94,2700820565.49,3293541766.81,4908997590.04,6187415867.42
01101,"Montgomery, AL",dry,1.26,0.09,True,True,1014768.14,27.77,72.5,0.0,2.89,True,0.0,2243966137.64,7004090.07,146866037.83,265503080.08,0.0,0.0,2663339345.62,0.0,603109929.28,2246880128.68,3547705466.33,2663339345.62,3266449274.89,4910219474.29,6211044811.95
40101,"Muskogee, OK",evaporative,1.18,0.09,True,True,984994.95,523.6,58.4,0.0,4.67,False,0.0,1694738413.58,72538136.43,162311410.55,802053388.09,0.0,0.0,2731641348.65,0.0,585414751.52,2180956917.43,3443616185.41,2731641348.65,3317056100.17,4912598266.08,6175257534.06
20161,"Riley, KS",dry,1.21,0.09,True,True,997251.08,27.77,77.3,0.0,2.89,True,0.0,2297579085.53,8559729.75,136113291.02,265503080.08,0.0,0.0,2707755186.38,0.0,592698967.25,2208094191.7,3486464513.21,2707755186.38,3300454153.62,4915849378.08,6194219699.59
01043,"Cullman, AL",dry,1.22,0.09,True,True,1048371.88,27.77,72.5,0.0,2.89,True,0.0,2174363009.73,7060523.59,150315596.82,265503080.08,0.0,0.0,2597242210.24,0.0,623081732.93,2321284887.38,3665186664.28,2597242210.24,3220323943.16,4918527097.61,6262428874.52
13071,"Colquitt, GA",dry,1.28,0.08,True,True,1027186.36,27.77,72.1,0.0,2.89,True,0.0,2258894668.75,8568317.45,115963928.82,265503080.08,0.0,0.0,2648929995.1,0.0,610490488.31,2274376329.01,3591120519.5,2648929995.1,3259420483.42,4923306324.12,6240050514.6
13271,"Telfair, GA",dry,1.27,0.08,True,True,1021519.92,27.77,72.1,0.0,2.89,True,0.0,2246433532.46,8030598.98,141833800.58,265503080.08,0.0,0.0,2661801012.1,0.0,607122732.71,2261829788.53,3571310192.42,2661801012.1,3268923744.81,4923630800.63,6233111204.51
13309,"Wheeler, GA",dry,1.27,0.08,True,True,1018233.55,27.77,72.1,0.0,2.89,True,0.0,2239206445.2,7155772.76,157688207.32,265503080.08,0.0,0.0,2669553505.36,0.0,605169534.94,2254553169.39,3559820793.77,2669553505.36,3274723040.3,4924106674.75,6229374299.13
20069,"Gray, KS",dry,1.21,0.09,True,True,996582.95,27.77,77.3,0.0,2.89,True,0.0,2296039784.39,13591932.15,142875027.74,265503080.08,0.0,0.0,2718009824.36,0.0,592301878.76,2206614842.45,3484128698.61,2718009824.36,3310311703.12,4924624666.81,6202138522.96
13155,"Irwin, GA",dry,1.28,0.08,True,True,1024960.94,27.77,72.1,0.0,2.89,True,0.0,2254000709.7,8021636.9,129328619.77,265503080.08,0.0,0.0,2656854046.45,0.0,609167843.44,2269448828.51,3583340255.54,2656854046.45,3266021889.89,4926302874.96,6240194301.99
18085,"Kosciusko, IN",evaporative,1.14,0.07,True,True,995156.0,236.8,81.5,0.0,2.89,True,1.8,2286238520.5,39947456.42,86189006.92,265503080.08,45000000.0,0.0,2722878063.92,0.0,591453794.9,2203455314.33,3479139970.0,2722878063.92,3314331858.82,4926333378.26,6202018033.92
13235,"Pulaski, GA",dry,1.27,0.08,True,True,1023110.8,27.77,72.1,0.0,2.89,True,0.0,2249932053.59,8141985.13,137824839.27,265503080.08,0.0,0.0,2661401958.06,0.0,608068245.53,2265352287.28,3576872032.54,2661401958.06,3269470203.59,4926754245.34,6238273990.6
20201,"Washington, KS",dry,1.21,0.09,True,True,994623.33,27.77,77.3,0.0,2.89,True,0.0,2291524979.51,13027864.9,155707507.37,265503080.08,0.0,0.0,2725763431.87,0.0,591137209.31,2202275877.81,3477277701.8,2725763431.87,3316900641.17,4928039309.67,6203041133.67
42059,"Greene, PA",evaporative,1.14,0.06,True,True,991926.99,209.82,78.7,0.0,2.89,True,1.8,2200529536.54,48626200.45,172395332.47,265503080.08,45000000.0,0.0,2732054149.55,0.0,589534687.38,2196305698.08,3467851102.23,2732054149.55,3321588836.93,4928359847.62,6199905251.77
39173,"Wood, OH",evaporative,1.15,0.07,True,True,997664.1,257.76,71.0,0.0,3.81,False,1.8,1996712138.12,21026426.69,113796679.71,543326488.71,45000000.0,0.0,2719861733.23,0.0,592944442.49,2209008707.3,3487908485.21,2719861733.23,3312806175.71,4928870440.53,6207770218.44
26059,"Hillsdale, MI",evaporative,1.14,0.06,True,True,1054829.1,197.89,82.6,0.0,2.53,False,0.0,2306255812.44,29855893.61,98724316.89,158932238.19,0.0,0.0,2593768261.13,0.0,626919469.52,2335582337.41,3687761585.39,2593768261.13,3220687730.65,4929350598.55,6281529846.53
26021,"Berrien, MI",evaporative,1.15,0.06,True,True,996070.5,244.44,82.6,0.0,2.89,True,0.0,2319225019.76,41369871.78,98434883.3,265503080.08,0.0,0.0,2724532854.93,0.0,591997310.63,2205480176.85,3482337121.34,2724532854.93,3316530165.55,4930013031.77,6206869976.27
20149,"Pottawatomie, KS",dry,1.21,0.09,True,True,995842.38,27.77,77.3,0.0,2.89,True,0.0,2294333568.26,7498354.69,158553854.52,265503080.08,0.0,0.0,2725888857.56,0.0,591861731.77,2204975079.13,3481539598.62,2725888857.56,3317750589.32,4930863936.68,6207428456.18
27011,"Big Stone, MN",evaporative,1.14,0.08,True,True,1001307.27,209.03,91.5,0.0,1.71,False,0.0,2558188224.83,34127808.32,123452018.95,0.0,0.0,0.0,2715768052.11,0.0,595109694.86,2217075333.8,3500645263.89,2715768052.11,3310877746.97,4932843385.9,6216413316.0
17201,"Winnebago, IL",dry,1.17,0.09,True,True,1016688.78,27.77,88.3,0.0,0.87,False,0.0,2530588309.81,10603567.16,141423633.66,0.0,0.0,0.0,2682615510.63,0.0,604251430.81,2251132781.45,3554420181.24,2682615510.63,3286866941.44,4933748292.09,6237035691.88
29011,"Barton, MO",evaporative,1.17,0.08,True,True,961070.51,412.44,78.7,0.0,2.89,True,0.0,2254324570.3,93048634.41,193472305.1,265503080.08,0.0,0.0,2806348589.9,0.0,571195670.96,2127983872.21,3359974535.07,2806348589.9,3377544260.86,4934332462.11,6166323124.97
39117,"Morrow, OH",dry,1.16,0.07,True,True,1010932.05,27.77,71.0,0.0,3.81,False,0.0,2023266433.78,8427251.09,120474872.6,544147843.94,0.0,0.0,2696316401.42,0.0,600830016.84,2238386337.27,3534294216.73,2696316401.42,3297146418.26,4934702738.68,6230610618.15
18183,"Whitley, IN",dry,1.17,0.07,True,True,1015969.35,27.77,81.5,0.0,2.83,False,0.0,2334054410.82,7786573.03,93713540.84,250102669.4,0.0,0.0,2685657194.09,0.0,603823847.07,2249539822.44,3551904982.79,2685657194.09,3289481041.17,4935197016.53,6237562176.88
13299,"Ware, GA",dry,1.28,0.08,True,True,1027365.94,27.77,72.1,0.0,2.89,True,0.0,2259289586.03,7185831.12,129292101.62,265503080.08,0.0,0.0,2661270598.85,0.0,610597218.94,2274773952.92,3591748346.71,2661270598.85,3271867817.79,4936044551.77,6253018945.56
26027,"Cass, MI",evaporative,1.14,0.06,True,True,993862.03,225.98,82.6,0.0,3.07,False,0.0,2314082873.13,18434729.53,81450011.41,321971252.57,0.0,0.0,2735938866.63,0.0,590684744.17,2200590223.36,3474616142.15,2735938866.63,3326623610.8,4936529089.99,6210555008.78
18001,"Adams, IN",evaporative,1.15,0.07,True,True,999869.44,276.18,81.5,0.0,2.89,True,0.0,2297067023.66,37901366.44,123600318.0,265503080.08,0.0,0.0,2724071788.19,0.0,594255147.09,2213891724.45,3495618512.29,2724071788.19,3318326935.28,4937963512.64,6219690300.48
20175,"Seward, KS",dry,1.22,0.09,True,True,1006485.91,27.77,77.3,0.0,2.89,True,0.0,2318855324.01,13580217.18,112295349.49,265503080.08,0.0,0.0,2710233970.77,0.0,598187528.95,2228541774.52,3518750170.29,2710233970.77,3308421499.72,4938775745.29,6228984141.06
17161,"Rock Island, IL",evaporative,1.15,0.09,True,True,1011653.05,294.66,88.3,0.0,1.71,False,0.0,2494229042.44,67835668.96,140169410.23,0.0,0.0,0.0,2702234121.63,0.0,601258531.85,2239982765.71,3536814893.22,2702234121.63,3303492653.48,4942216887.34,6239049014.86
13315,"Wilcox, GA",dry,1.28,0.08,True,True,1026595.4,27.77,72.1,0.0,2.89,True,0.0,2257595072.38,8311263.36,138459636.37,265503080.08,0.0,0.0,2669869052.2,0.0,610139258.47,2273067825.68,3589054461.6,2669869052.2,3280008310.67,4942936877.88,6258923513.8
27127,"Redwood, MN",evaporative,1.14,0.08,True,True,1003933.21,230.77,91.5,0.0,0.97,False,0.0,2564897108.38,23258668.0,135380321.89,0.0,0.0,0.0,2723536098.26,0.0,596670378.16,2222889644.13,3509825753.89,2723536098.26,3320206476.43,4946425742.4,6233361852.16
20009,"Barton, KS",dry,1.23,0.09,True,True,1007220.61,27.77,77.3,0.0,2.89,True,0.0,2320548023.46,9012397.31,127004840.63,265503080.08,0.0,0.0,2722068341.49,0.0,598624189.09,2230168547.6,3521318759.37,2722068341.49,3320692530.58,4952236889.09,6243387100.86
13185,"Lowndes, GA",dry,1.28,0.08,True,True,1025453.01,27.77,72.1,0.0,2.89,True,1.8,2255082845.51,8747729.87,111102699.65,265503080.08,45000000.0,0.0,2685436355.11,0.0,609460302.24,2270538380.89,3585060601.41,2685436355.11,3294896657.35,4955974736.0,6270496956.52
26165,"Wexford, MI",evaporative,1.13,0.06,True,True,1046316.11,131.1,82.6,0.0,2.89,True,0.0,2287643195.56,10694269.16,76090200.41,265503080.08,0.0,0.0,2639930745.21,0.0,621859921.55,2316733041.07,3657999538.54,2639930745.21,3261790666.76,4956663786.29,6297930283.75
28023,"Clarke, MS",dry,1.25,0.07,True,True,1073490.04,27.77,68.1,0.0,2.89,True,0.0,2091335996.37,8325082.87,214889486.66,265503080.08,0.0,0.0,2580053645.99,0.0,638010278.23,2376901036.55,3753001636.66,2580053645.99,3218063924.22,4956954682.54,6333055282.65
27139,"Scott, MN",evaporative,1.14,0.08,True,True,1000670.46,203.76,91.5,0.0,1.63,False,0.0,2556561271.1,33480461.76,151407176.66,0.0,0.0,0.0,2741448909.51,0.0,594731217.65,2215665320.67,3498418927.37,2741448909.51,3336180127.16,4957114230.18,6239867836.88
04021,"Pinal, AZ",dry,1.31,0.09,True,True,881546.66,27.77,79.0,0.0,2.93,False,0.0,2542589304.94,13454997.66,173615786.63,278028747.43,0.0,0.0,3007688836.66,0.0,523932043.08,1951903689.91,3081953194.59,3007688836.66,3531620879.74,4959592526.57,6089642031.25
18171,"Warren, IN",evaporative,1.15,0.07,True,True,1001272.9,287.91,81.5,0.0,2.89,True,0.0,2300291274.75,63326586.18,115177325.77,265503080.08,0.0,0.0,2744298266.78,0.0,595089266.33,2216999227.51,3500525096.07,2744298266.78,3339387533.11,4961297494.29,6244823362.84
18111,"Newton, IN",dry,1.18,0.07,True,True,1025388.61,27.77,81.5,0.0,2.73,False,0.0,2355693912.18,9741450.35,108453823.18,219301848.05,0.0,0.0,2693191033.75,0.0,609422022.89,2270395771.56,3584835428.78,2693191033.75,3302613056.64,4963586805.31,6278026462.53
19139,"Muscatine, IA",evaporative,1.15,0.07,True,True,1012133.51,298.64,68.0,0.0,4.08,False,0.0,1921722831.73,52261109.5,127369853.55,622997946.61,0.0,0.0,2724351741.39,0.0,601544085.54,2241046593.2,3538494620.84,2724351741.39,3325895826.93,4965398334.59,6262846362.23
20029,"Cloud, KS",dry,1.22,0.09,True,True,999285.45,27.77,77.3,0.0,2.92,False,0.0,2302266111.12,12002547.52,163069218.64,275975359.34,0.0,0.0,2753313236.61,0.0,593908063.92,2212598669.5,3493576846.59,2753313236.61,3347221300.53,4965911906.12,6246890083.2
55039,"Fond du Lac, WI",evaporative,1.14,0.06,True,True,989222.89,187.22,85.4,0.0,2.89,True,0.0,2381358553.56,41723372.78,88829799.26,265503080.08,0.0,0.0,2777414805.69,0.0,587927552.77,2190318333.85,3458397369.23,2777414805.69,3365342358.46,4967733139.53,6235812174.92
20053,"Ellsworth, KS",dry,1.21,0.09,True,True,998638.68,27.77,77.3,0.0,2.89,True,0.0,2300776001.83,12809041.72,177885473.44,265503080.08,0.0,0.0,2756973597.08,0.0,593523665.3,2211166596.21,3491315678.22,2756973597.08,3350497262.38,4968140193.29,6248289275.3
20123,"Mitchell, KS",dry,1.21,0.09,True,True,998463.82,27.77,77.3,0.0,2.89,True,0.0,2300373148.15,13560226.37,178524189.53,265503080.08,0.0,0.0,2757960644.14,0.0,593419742.45,2210779432.66,3490704367.36,2757960644.14,3351380386.59,4968740076.8,6248665011.49
26113,"Missaukee, MI",evaporative,1.13,0.06,True,True,1046288.57,130.88,82.6,0.0,2.89,True,0.0,2287582992.86,10676644.27,88544030.91,265503080.08,0.0,0.0,2652306748.12,0.0,621843556.39,2316672072.84,3657903272.9,2652306748.12,3274150304.52,4968978820.96,6310210021.02
20113,"McPherson, KS",dry,1.22,0.09,True,True,1005271.38,27.77,77.3,0.0,2.89,True,0.0,2316057149.75,10289322.44,152058705.81,265503080.08,0.0,0.0,2743908258.09,0.0,597465693.08,2225852582.07,3514504076.95,2743908258.09,3341373951.17,4969760840.16,6258412335.04
20027,"Clay, KS",dry,1.22,0.09,True,True,1003422.78,27.77,77.3,0.0,2.89,True,0.0,2311798140.04,11841494.55,159158445.57,265503080.08,0.0,0.0,2748301160.24,0.0,596367010.27,2221759450.01,3508041236.85,2748301160.24,3344668170.51,4970060610.25,6256342397.1
40071,"Kay, OK",dry,1.25,0.09,True,True,1037725.36,27.77,58.4,0.0,4.31,False,0.0,1785464007.39,9241174.18,187561409.07,692402464.07,0.0,0.0,2674669054.7,0.0,616754160.91,2297711579.86,3627965652.42,2674669054.7,3291423215.61,4972380634.57,6302634707.12
28111,"Perry, MS",dry,1.27,0.07,True,True,1018485.4,27.77,68.1,0.0,3.29,False,0.0,2115501762.95,8543170.21,205445832.82,388090349.08,0.0,0.0,2717581115.05,0.0,605319222.83,2255110830.15,3560701310.76,2717581115.05,3322900337.88,4972691945.2,6278282425.81
27009,"Benton, MN",dry,1.15,0.08,True,True,1010960.33,27.77,91.5,0.0,1.71,False,0.0,2582850326.2,11806011.48,140554820.13,0.0,0.0,0.0,2735211157.82,0.0,600846823.77,2238448951.31,3534393081.01,2735211157.82,3336057981.59,4973660109.13,6269604238.83
20121,"Miami, KS",evaporative,1.17,0.09,True,True,959511.09,398.67,77.3,0.0,2.89,True,6.0,2210629455.65,81609456.55,143498624.13,265503080.08,150000000.0,0.0,2851240616.42,0.0,570268855.42,2124531029.98,3354522678.92,2851240616.42,3421509471.84,4975771646.4,6205763295.34
20041,"Dickinson, KS",dry,1.22,0.09,True,True,1004076.53,27.77,77.3,0.0,2.89,True,0.0,2313304326.54,13537185.82,161343311.69,265503080.08,0.0,0.0,2753687904.13,0.0,596755556.27,2223206974.36,3510326801.61,2753687904.13,3350443460.41,4976894878.49,6264014705.75
13131,"Grady, GA",dry,1.28,0.08,True,True,1027333.34,27.77,72.1,0.0,2.89,True,0.0,2259217879.96,7913457.7,170546022.39,265503080.08,0.0,0.0,2703180440.14,0.0,610577839.61,2274701755.4,3591634350.64,2703180440.14,3313758279.75,4977882195.54,6294814790.77
18155,"Switzerland, IN",evaporative,1.16,0.07,True,True,1004299.35,313.2,81.5,0.0,2.89,True,0.0,2307244146.15,25549362.53,156795136.97,265503080.08,0.0,0.0,2755091725.74,0.0,596887985.99,2223700339.97,3511105799.96,2755091725.74,3351979711.74,4978792065.72,6266197525.7
28143,"Tunica, MS",evaporative,1.19,0.07,True,True,837543.65,544.29,68.1,0.0,4.99,False,0.0,1980981527.63,44400586.36,204578159.29,895687885.01,0.0,0.0,3125648158.29,0.0,497779615.66,1854473077.96,2928115386.25,3125648158.29,3623427773.95,4980121236.25,6053763544.54
27025,"Chisago, MN",dry,1.15,0.08,True,True,1013029.5,27.77,91.5,0.0,1.62,False,0.0,2588136740.97,12331948.71,137156368.55,0.0,0.0,0.0,2737625058.23,0.0,602076599.07,2243030467.11,3541627053.34,2737625058.23,3339701657.29,4980655525.34,6279252111.56
18067,"Howard, IN",dry,1.18,0.07,True,True,1021441.35,27.77,81.5,0.0,2.89,True,0.0,2346625603.79,6917511.34,100259844.84,265503080.08,0.0,0.0,2719306040.05,0.0,607076036.08,2261655820.71,3571035506.38,2719306040.05,3326382076.14,4980961860.76,6290341546.43
55087,"Outagamie, WI",dry,1.15,0.06,True,True,1003459.88,27.77,85.4,0.0,2.89,True,0.0,2415631297.78,7449401.14,71349450.75,265503080.08,0.0,0.0,2759933229.75,0.0,596389063.37,2221841608.62,3508170960.98,2759933229.75,3356322293.12,4981774838.37,6268104190.73
18137,"Ripley, IN",evaporative,1.15,0.07,True,True,1001345.55,288.52,81.5,0.0,2.89,True,0.0,2300458196.82,50846968.63,148150973.44,265503080.08,0.0,0.0,2764959218.97,0.0,595132449.36,2217160105.44,3500779113.86,2764959218.97,3360091668.33,4982119324.41,6265738332.83
28121,"Rankin, MS",dry,1.26,0.07,True,True,1080693.66,27.77,68.1,0.0,2.89,True,1.8,2105369839.61,8821945.67,166692770.82,265503080.08,45000000.0,0.0,2591387636.18,0.0,642291625.78,2392851154.85,3778186033.98,2591387636.18,3233679261.96,4984238791.03,6369573670.16
18169,"Wabash, IN",dry,1.17,0.07,True,True,1017350.31,27.77,81.5,0.0,2.89,True,0.0,2337227002.34,8414168.76,120505311.89,265503080.08,0.0,0.0,2731649563.07,0.0,604644601.9,2252597536.49,3556732952.35,2731649563.07,3336294164.97,4984247099.56,6288382515.43
55119,"Taylor, WI",dry,1.14,0.06,True,True,1001332.57,27.77,85.4,0.0,2.89,True,0.0,2387702671.05,7742099.37,109763018.83,265503080.08,0.0,0.0,2770710869.34,0.0,595124731.33,2217131352.0,3500733713.69,2770710869.34,3365835600.66,4987842221.34,6271444583.02
26133,"Osceola, MI",evaporative,1.13,0.06,True,True,1047166.1,137.77,82.6,0.0,2.89,True,0.0,2289501602.3,13523107.09,102117349.59,265503080.08,0.0,0.0,2670645139.06,0.0,622365100.28,2318615079.46,3660971178.09,2670645139.06,3293010239.34,4989260218.52,6331616317.16
55131,"Washington, WI",dry,1.15,0.06,True,True,1002708.05,27.77,85.4,0.0,2.89,True,0.0,2413821414.0,9297498.3,80971478.52,265503080.08,0.0,0.0,2769593470.9,0.0,595942225.77,2220176919.52,3505542504.5,2769593470.9,3365535696.66,4989770390.41,6275135975.4
27105,"Nobles, MN",dry,1.16,0.08,True,True,1018738.75,27.77,91.5,0.0,0.96,False,0.0,2602723002.87,7932360.5,124220073.3,0.0,0.0,0.0,2734875436.67,0.0,605469791.87,2255671773.63,3561587010.99,2734875436.67,3340345228.54,4990547210.3,6296462447.66
26123,"Newaygo, MI",evaporative,1.13,0.06,True,True,1049122.3,153.12,82.6,0.0,2.89,True,0.0,2293778600.83,12490465.86,97013499.08,265503080.08,0.0,0.0,2668785645.85,0.0,623527735.24,2322946464.63,3667810207.31,2668785645.85,3292313381.09,4991732110.48,6336595853.16
20159,"Rice, KS",dry,1.22,0.09,True,True,1003861.56,27.77,77.3,0.0,2.89,True,0.0,2312809059.64,8317331.09,183269655.81,265503080.08,0.0,0.0,2769899126.62,0.0,596627793.89,2222730996.85,3509575258.19,2769899126.62,3366526920.51,4992630123.47,6279474384.81
27141,"Sherburne, MN",dry,1.16,0.08,True,True,1013652.56,27.77,91.5,0.0,1.72,False,0.0,2589728560.23,11843665.54,147584110.37,0.0,0.0,0.0,2749156336.13,0.0,602446902.97,2244410030.65,3543805311.56,2749156336.13,3351603239.1,4993566366.79,6292961647.69
26005,"Allegan, MI",dry,1.16,0.06,True,True,1075546.85,27.77,82.6,0.0,2.5,False,0.0,2351552674.54,8288035.96,103327024.06,149897330.6,0.0,0.0,2613065065.16,0.0,639232711.01,2381455197.87,3760192417.69,2613065065.16,3252297776.17,4994520263.04,6373257482.86
18023,"Clinton, IN",evaporative,1.15,0.07,True,True,998349.45,263.48,81.5,0.0,2.89,True,1.8,2293575035.71,58159053.49,127315539.92,265503080.08,45000000.0,0.0,2789552709.2,0.0,593351763.87,2210526179.11,3490304493.33,2789552709.2,3382904473.06,5000078888.3,6279857202.52
18035,"Delaware, IN",dry,1.18,0.07,True,True,1023538.23,27.77,81.5,0.0,2.84,False,0.0,2351442920.56,8558393.99,123005814.31,251745379.88,0.0,0.0,2734752508.73,0.0,608322284.13,2266298705.57,3578366377.22,2734752508.73,3343074792.85,5001051214.3,6313118885.95
29145,"Newton, MO",dry,1.21,0.08,True,True,997595.84,27.77,78.7,0.0,2.89,True,0.0,2339999819.84,7415197.91,179925558.13,265503080.08,0.0,0.0,2792843655.97,0.0,592903872.3,2208857563.46,3487669837.04,2792843655.97,3385747528.26,5001701219.43,6280513493.01
18177,"Wayne, IN",dry,1.17,0.07,True,True,1018086.35,27.77,81.5,0.0,2.89,True,0.0,2338917950.18,8672539.36,135669218.23,265503080.08,0.0,0.0,2748762787.85,0.0,605082052.98,2254227256.21,3559306194.01,2748762787.85,3353844840.83,5002990044.06,6308068981.86
27047,"Freeborn, MN",dry,1.16,0.08,True,True,1020415.6,27.77,91.5,0.0,0.32,False,0.0,2607007109.8,8511129.01,129087575.6,0.0,0.0,0.0,2744605814.42,0.0,606466400.93,2259384630.92,3567449417.24,2744605814.42,3351072215.35,5003990445.34,6312055231.67
18121,"Parke, IN",evaporative,1.16,0.07,True,True,1005653.44,324.52,81.5,0.0,2.89,True,0.0,2310354992.04,71697025.3,129845122.34,265503080.08,0.0,0.0,2777400219.76,0.0,597692767.11,2226698544.15,3515839806.56,2777400219.76,3375092986.87,5004098763.91,6293240026.31
20145,"Pawnee, KS",dry,1.22,0.09,True,True,1005371.92,27.77,77.3,0.0,2.89,True,0.0,2316288804.47,11424270.12,184985060.22,265503080.08,0.0,0.0,2778201214.89,0.0,597525452.29,2226075214.42,3514855601.71,2778201214.89,3375726667.18,5004276429.31,6293056816.61
55135,"Waupaca, WI",dry,1.15,0.06,True,True,1001637.15,27.77,85.4,0.0,2.89,True,0.0,2411243422.21,10781938.51,99603925.6,265503080.08,0.0,0.0,2787132366.41,0.0,595305751.93,2217805742.5,3501798540.79,2787132366.41,3382438118.34,5004938108.91,6288930907.2
18165,"Vermillion, IN",evaporative,1.16,0.07,True,True,1005623.29,324.26,81.5,0.0,2.84,False,0.0,2310285722.38,71322387.91,148770635.29,250924024.64,0.0,0.0,2781302770.23,0.0,597674846.94,2226631782.71,3515734393.76,2781302770.23,3378977617.17,5007934552.94,6297037163.99
18179,"Wells, IN",dry,1.18,0.07,True,True,1022291.09,27.77,81.5,0.0,2.89,True,0.0,2348577769.73,7529969.63,123370085.92,265503080.08,0.0,0.0,2744980905.36,0.0,607581064.73,2263537299.99,3574006263.13,2744980905.36,3352561970.09,5008518205.34,6318987168.49
53005,"Benton, WA",evaporative,1.14,0.08,False,False,688320.69,219.3,66.1,0.0,3.8,False,0.0,1850335868.91,17889359.6,157528403.18,539219712.53,0.0,920872960.08,3485846304.29,0.0,409091522.83,1524066457.6,2406420722.53,3485846304.29,3894937827.12,5009912761.89,5892267026.82
27049,"Goodhue, MN",evaporative,1.14,0.08,True,True,1000377.85,201.34,91.5,0.0,0.33,False,1.8,2555813691.32,26276572.04,168871739.12,0.0,45000000.0,0.0,2795962002.48,0.0,594557308.65,2215017424.37,3497395933.22,2795962002.48,3390519311.13,5010979426.85,6293357935.7
26111,"Midland, MI",dry,1.16,0.06,True,True,1073236.72,27.77,82.6,0.0,2.5,False,0.0,2346501855.68,9660442.04,129323317.9,149486652.98,0.0,0.0,2634972268.6,0.0,637859725.12,2376340152.41,3752116030.13,2634972268.6,3272831993.73,5011312421.02,6387088298.73
20015,"Butler, KS",dry,1.22,0.09,True,True,1004774.63,27.77,77.3,0.0,2.89,True,0.0,2314912700.62,7987277.58,199625062.02,265503080.08,0.0,0.0,2788028120.3,0.0,597170463.28,2224752706.33,3512767431.05,2788028120.3,3385198583.58,5012780826.64,6300795551.36
28131,"Stone, MS",dry,1.28,0.07,True,True,1027091.6,27.77,68.1,0.0,2.89,True,0.0,2133377747.66,8198201.29,332205943.56,265503080.08,0.0,0.0,2739284972.6,0.0,610434168.78,2274166511.13,3590789228.11,2739284972.6,3349719141.37,5013451483.73,6330074200.7
18043,"Floyd, IN",evaporative,1.16,0.07,True,True,1011458.9,373.03,81.5,0.0,2.89,True,0.0,2323692268.14,30429694.83,154538643.8,265503080.08,0.0,0.0,2774163686.85,0.0,601143143.14,2239552886.19,3536136136.09,2774163686.85,3375306829.99,5013716573.05,6310299822.95
39047,"Fayette, OH",dry,1.18,0.07,True,True,1024512.88,27.77,71.0,0.0,3.93,False,0.0,2050446938.14,8683187.8,108507738.64,577823408.62,0.0,0.0,2745461273.2,0.0,608901550.39,2268456756.35,3581773825.82,2745461273.2,3354362823.59,5013918029.55,6327235099.02
18159,"Tipton, IN",dry,1.17,0.07,True,True,1020969.8,27.77,81.5,0.0,2.89,True,0.0,2345542292.39,7608050.52,134905883.59,265503080.08,0.0,0.0,2753559306.57,0.0,606795781.58,2260611735.31,3569386950.48,2753559306.57,3360355088.16,5014171041.88,6322946257.06
26101,"Manistee, MI",evaporative,1.13,0.06,True,True,1048845.78,150.95,82.6,0.0,2.89,True,0.0,2293174015.37,15295725.37,118502461.2,265503080.08,0.0,0.0,2692475282.02,0.0,623363388.17,2322334191.21,3666843459.8,2692475282.02,3315838670.18,5014809473.23,6359318741.82
26085,"Lake, MI",evaporative,1.13,0.06,True,True,1048685.92,149.69,82.6,0.0,2.89,True,0.0,2292824511.14,15262351.69,120123855.93,265503080.08,0.0,0.0,2693713798.84,0.0,623268380.92,2321980242.66,3666284593.68,2693713798.84,3316982179.76,5015694041.5,6359998392.51
18175,"Washington, IN",evaporative,1.16,0.07,True,True,1005034.93,319.35,81.5,0.0,2.89,True,0.0,2308934036.19,57456069.75,160881816.71,265503080.08,0.0,0.0,2792775002.74,0.0,597325163.42,2225329040.19,3513677431.89,2792775002.74,3390100166.16,5018104042.93,6306452434.63
55053,"Jackson, WI",evaporative,1.14,0.06,True,True,996023.27,165.3,85.4,0.0,2.89,True,0.0,2375042520.54,29787303.43,143502898.94,265503080.08,0.0,0.0,2813835802.99,0.0,591969242.68,2205375609.99,3482172015.77,2813835802.99,3405805045.68,5019211412.98,6296007818.77
55095,"Polk, WI",dry,1.15,0.06,True,True,1010091.91,27.77,85.4,0.0,2.89,True,0.0,2408589545.26,12377477.99,96740274.26,265503080.08,0.0,0.0,2783210377.6,0.0,600330695.85,2236526121.8,3531357034.43,2783210377.6,3383541073.45,5019736499.4,6314567412.02
18077,"Jefferson, IN",evaporative,1.16,0.07,True,True,1005596.87,324.04,81.5,0.0,2.89,True,0.0,2310225031.94,61830637.23,158215728.68,265503080.08,0.0,0.0,2795774477.94,0.0,597659146.22,2226573289.83,3515642036.58,2795774477.94,3393433624.15,5022347767.77,6311416514.51
56001,"Albany, WY",dry,1.12,0.05,True,True,1110830.4,27.77,79.6,0.0,2.89,True,0.0,2191504785.95,9800082.14,97804083.36,265503080.08,0.0,0.0,2564612031.53,0.0,660202876.63,2459579344.31,3883546333.12,2564612031.53,3224814908.16,5024191375.84,6448158364.65
18057,"Hamilton, IN",dry,1.18,0.07,True,True,1024564.41,27.77,81.5,0.0,2.89,True,0.0,2353800426.22,8664120.69,129437654.14,265503080.08,0.0,0.0,2757405281.12,0.0,608932174.85,2268570847.49,3581953969.72,2757405281.12,3366337455.98,5025976128.61,6339359250.84
18059,"Hancock, IN",dry,1.18,0.07,True,True,1028189.27,27.77,81.5,0.0,2.89,True,0.0,2362128052.93,8664120.69,113087745.69,265503080.08,0.0,0.0,2749382999.39,0.0,611086546.05,2276596936.27,3594626741.48,2749382999.39,3360469545.44,5025979935.66,6344009740.87
18117,"Orange, IN",evaporative,1.15,0.07,True,True,1003589.07,307.27,81.5,0.0,2.89,True,0.0,2305612383.18,72757173.68,161981726.05,265503080.08,0.0,0.0,2805854362.99,0.0,596465846.13,2222127662.07,3508622624.32,2805854362.99,3402320209.12,5027982025.06,6314476987.31
18139,"Rush, IN",dry,1.18,0.07,True,True,1024043.3,27.77,81.5,0.0,2.89,True,0.0,2352603235.87,8664375.36,134268332.56,265503080.08,0.0,0.0,2761039023.88,0.0,608622459.67,2267417006.63,3580132115.73,2761039023.88,3369661483.55,5028456030.51,6341171139.61
18161,"Union, IN",dry,1.17,0.07,True,True,1019963.67,27.77,81.5,0.0,2.89,True,0.0,2343230832.81,8672539.36,155756844.1,265503080.08,0.0,0.0,2773163296.35,0.0,606197803.06,2258383972.17,3565869429.75,2773163296.35,3379361099.41,5031547268.52,6339032726.1
20035,"Cowley, KS",dry,1.23,0.09,True,True,1012764.89,27.77,77.3,0.0,2.89,True,0.0,2333321556.49,7846229.31,184756244.56,265503080.08,0.0,0.0,2791427110.45,0.0,601919335.66,2242444583.83,3540701974.48,2791427110.45,3393346446.11,5033871694.28,6332129084.92
55093,"Pierce, WI",evaporative,1.14,0.06,True,True,999515.41,194.2,85.4,0.0,2.89,True,0.0,2383369604.38,37108172.46,134886604.82,265503080.08,0.0,0.0,2820867461.73,0.0,594044732.9,2213107828.44,3494380781.75,2820867461.73,3414912194.63,5033975290.17,6315248243.48
55011,"Buffalo, WI",evaporative,1.14,0.06,True,True,1000182.24,199.72,85.4,0.0,2.89,True,0.0,2384959678.63,35233295.72,136126961.25,265503080.08,0.0,0.0,2821823015.68,0.0,594441052.14,2214584311.88,3496712071.4,2821823015.68,3416264067.82,5036407327.57,6318535087.08
18157,"Tippecanoe, IN",evaporative,1.15,0.07,True,True,1000015.71,277.41,81.5,0.0,3.29,False,0.0,2297403059.99,61126681.06,75856027.31,388090349.08,0.0,0.0,2822476117.44,0.0,594342080.26,2214215593.13,3496129883.88,2822476117.44,3416818197.7,5036691710.56,6318606001.32
55133,"Waukesha, WI",dry,1.16,0.06,True,True,1010584.62,27.77,85.4,0.0,2.89,True,0.0,2432782693.72,10867070.15,91168921.79,265503080.08,0.0,0.0,2800321765.74,0.0,600623527.86,2237617064.57,3533079575.64,2800321765.74,3400945293.6,5037938830.32,6333401341.39
20155,"Reno, KS",dry,1.23,0.09,True,True,1009451.61,27.77,77.3,0.0,2.89,True,0.0,2325688042.47,8172599.75,204519503.67,265503080.08,0.0,0.0,2803883225.98,0.0,599950143.0,2235108375.88,3529118488.23,2803883225.98,3403833368.98,5038991601.86,6333001714.21
36101,"Steuben, NY",evaporative,1.13,0.09,False,False,260884.96,128.43,91.7,0.0,3.58,False,12.0,2538847088.93,29651907.91,149640078.08,472689938.4,300000000.0,970895688.78,4461724702.1,0.0,155052473.47,577646469.79,912073373.36,4461724702.1,4616777175.57,5039371171.89,5373798075.45
55089,"Ozaukee, WI",dry,1.15,0.06,True,True,1002067.13,27.77,85.4,0.0,2.89,True,1.8,2412278516.21,8274601.27,90439836.07,265503080.08,45000000.0,0.0,2821496033.63,0.0,595561303.66,2218757797.93,3503301786.21,2821496033.63,3417057337.28,5040253831.56,6324797819.84
12003,"Baker, FL",evaporative,1.2,0.07,True,True,896796.49,652.21,85.0,0.0,2.89,True,0.0,2503535846.34,151467327.14,135887494.62,265503080.08,0.0,0.0,3056393748.18,0.0,532995516.21,1985669570.18,3135267742.38,3056393748.18,3589389264.38,5042063318.35,6191661490.56
18105,"Monroe, IN",dry,1.19,0.07,True,True,1034828.74,27.77,81.5,0.0,2.89,True,0.0,2377381367.55,8664120.69,101732913.65,265503080.08,0.0,0.0,2753281481.97,0.0,615032604.49,2291297938.31,3617838849.97,2753281481.97,3368314086.46,5044579420.28,6371120331.94
18019,"Clark, IN",evaporative,1.16,0.07,True,True,1009288.98,354.89,81.5,0.0,2.89,True,1.8,2318707157.11,30068636.83,152002432.89,265503080.08,45000000.0,0.0,2811281306.91,0.0,599853486.43,2234748282.77,3528549920.17,2811281306.91,3411134793.34,5046029589.68,6339831227.08
26037,"Clinton, MI",evaporative,1.14,0.06,True,True,1055410.26,202.45,82.6,0.0,2.89,True,0.0,2307526457.43,16540834.24,120007505.0,265503080.08,0.0,0.0,2709577876.75,0.0,627264874.43,2336869140.02,3689793378.98,2709577876.75,3336842751.18,5046447016.77,6399371255.73
51081,"Greensville, VA",dry,1.22,0.06,True,True,687694.88,27.77,89.9,0.0,4.34,False,0.0,2676623331.68,10693564.84,136184036.59,701437371.66,0.0,0.0,3524938304.78,0.0,408719584.43,1522680804.75,2404232849.61,3524938304.78,3933657889.21,5047619109.53,5929171154.39
55079,"Milwaukee, WI",dry,1.17,0.06,True,True,1014262.05,27.77,85.4,0.0,2.89,True,0.0,2441635382.69,8328540.45,87727257.13,265503080.08,0.0,0.0,2803194260.35,0.0,602809145.71,2245759562.44,3545936151.23,2803194260.35,3406003406.06,5048953822.8,6349130411.58
29009,"Barry, MO",dry,1.21,0.08,True,True,1003215.71,27.77,78.7,0.0,2.89,True,0.0,2326081232.23,9136035.54,227458057.42,265503080.08,0.0,0.0,2828178405.26,0.0,596243943.08,2221300964.43,3507317312.25,2828178405.26,3424422348.35,5049479369.69,6335495717.52
26015,"Barry, MI",evaporative,1.14,0.06,True,True,1056329.25,209.67,82.6,0.0,2.89,True,0.0,2309535725.75,31785940.89,104288092.3,265503080.08,0.0,0.0,2711112839.02,0.0,627811062.5,2338903958.35,3693006250.02,2711112839.02,3338923901.53,5050016797.37,6404119089.04
38101,"Ward, ND",evaporative,1.13,0.07,True,True,993278.18,142.57,72.5,0.0,4.46,False,0.0,2010726195.82,28372787.55,78990821.82,737987679.67,0.0,0.0,2856077484.85,0.0,590337746.67,2199297487.6,3472574980.42,2856077484.85,3446415231.52,5055374972.45,6328652465.27
18109,"Morgan, IN",dry,1.18,0.07,True,True,1028854.57,27.77,81.5,0.0,2.89,True,0.0,2363656489.0,8664120.69,144660977.16,265503080.08,0.0,0.0,2782484666.93,0.0,611481955.06,2278070028.67,3596952676.84,2782484666.93,3393966621.99,5060554695.6,6379437343.77
26081,"Kent, MI",evaporative,1.14,0.06,True,True,1054660.55,196.57,82.6,0.0,2.89,True,1.8,2305887298.26,16681344.28,93149058.89,265503080.08,45000000.0,0.0,2726220781.5,0.0,626819294.72,2335209137.18,3687172321.86,2726220781.5,3353040076.22,5061429918.68,6413393103.36
18181,"White, IN",evaporative,1.15,0.07,True,True,998957.17,268.56,81.5,0.0,3.3,False,0.0,2294971198.16,42238416.75,126409282.29,388501026.69,0.0,0.0,2852119923.89,0.0,593712953.47,2211871787.42,3492429138.04,2852119923.89,3445832877.36,5063991711.31,6344549061.93
18081,"Johnson, IN",dry,1.19,0.07,True,True,1030636.54,27.77,81.5,0.0,2.89,True,0.0,2367750329.24,8664120.69,142782605.45,265503080.08,0.0,0.0,2784700135.46,0.0,612541038.5,2282015633.62,3603182579.4,2784700135.46,3397241173.95,5066715769.08,6387882714.86
18163,"Vanderburgh, IN",evaporative,1.17,0.07,True,True,1016126.56,412.03,81.5,0.0,2.89,True,0.0,2334415585.14,33611416.75,183390152.72,265503080.08,0.0,0.0,2816920234.69,0.0,603917283.49,2249887918.87,3552454608.74,2816920234.69,3420837518.18,5066808153.56,6369374843.43
18071,"Jackson, IN",dry,1.19,0.07,True,True,1034001.76,27.77,81.5,0.0,2.89,True,0.0,2375481494.55,8664120.69,129799881.18,265503080.08,0.0,0.0,2779448576.51,0.0,614541104.12,2289466858.48,3614947671.28,2779448576.51,3393989680.63,5068915434.99,6394396247.79
20095,"Kingman, KS",dry,1.23,0.09,True,True,1014123.42,27.77,77.3,0.0,2.89,True,0.0,2336451480.29,8875106.83,212942071.9,265503080.08,0.0,0.0,2823771739.1,0.0,602726751.87,2245452605.02,3545451481.61,2823771739.1,3426498490.98,5069224344.12,6369223220.72
18021,"Clay, IN",dry,1.19,0.07,True,True,1035258.32,27.77,81.5,0.0,2.89,True,0.0,2378368262.14,8199087.92,124983464.08,265503080.08,0.0,0.0,2777053894.21,0.0,615287915.8,2292249098.09,3619340681.19,2777053894.21,3392341810.01,5069302992.3,6396394575.41
18015,"Carroll, IN",dry,1.18,0.07,True,True,1025532.24,27.77,81.5,0.0,2.89,True,0.0,2356023887.25,7565579.32,169661735.36,265503080.08,0.0,0.0,2798754282.01,0.0,609507388.0,2270713798.45,3585337576.5,2798754282.01,3408261670.01,5069468080.46,6384091858.51
55101,"Racine, WI",dry,1.16,0.06,True,True,1008526.52,27.77,85.4,0.0,2.89,True,1.8,2427828216.51,9859487.34,88650690.25,265503080.08,45000000.0,0.0,2836841474.18,0.0,599400329.59,2233060051.41,3525884291.7,2836841474.18,3436241803.77,5069901525.59,6362725765.88
20099,"Labette, KS",evaporative,1.17,0.09,True,True,965015.16,447.3,77.3,0.0,3.6,False,0.0,2223310366.19,56314442.39,176701043.0,480903490.76,0.0,0.0,2937229342.34,0.0,573540108.46,2136718051.13,3373765343.89,2937229342.34,3510769450.81,5073947393.48,6310994686.24
48003,"Andrews, TX",dry,1.26,0.08,True,True,1046809.37,27.77,61.2,0.0,4.58,False,0.0,1887447350.31,13591932.15,83984006.76,773305954.83,0.0,0.0,2758329244.04,0.0,622153085.44,2317825220.25,3659724031.98,2758329244.04,3380482329.47,5076154464.29,6418053276.01
04013,"Maricopa, AZ",dry,1.34,0.09,True,True,898912.53,27.77,79.0,0.0,2.91,False,1.8,2592676581.39,12877793.47,163776823.21,272279260.78,45000000.0,0.0,3086610458.84,0.0,534253147.25,1990354862.31,3142665572.06,3086610458.84,3620863606.09,5076965321.15,6229276030.9
18005,"Bartholomew, IN",dry,1.19,0.07,True,True,1031903.7,27.77,81.5,0.0,2.89,True,0.0,2370661458.66,8664120.69,147393838.64,265503080.08,0.0,0.0,2792222498.07,0.0,613294152.63,2284821352.94,3607612662.54,2792222498.07,3405516650.71,5077043851.02,6399835160.62
18123,"Perry, IN",evaporative,1.16,0.07,True,True,1009571.95,357.26,81.5,0.0,2.89,True,0.0,2319357256.09,29143450.76,229211065.6,265503080.08,0.0,0.0,2843214852.53,0.0,600021668.14,2235374842.09,3529539224.36,2843214852.53,3443236520.67,5078589694.62,6372754076.89
18093,"Lawrence, IN",dry,1.19,0.07,True,True,1036271.29,27.77,81.5,0.0,2.89,True,0.0,2380695434.26,8664120.69,129504235.16,265503080.08,0.0,0.0,2784366870.19,0.0,615889959.19,2294492004.82,3622882112.88,2784366870.19,3400256829.38,5078858875.01,6407248983.07
13189,"McDuffie, GA",dry,1.24,0.08,True,True,995503.65,27.77,72.1,0.0,3.97,False,0.0,2189220922.13,8907079.43,89603392.56,590143737.17,0.0,0.0,2877875131.28,0.0,591660411.74,2204225063.33,3480355363.15,2877875131.28,3469535543.02,5082100194.61,6358230494.43
55091,"Pepin, WI",dry,1.16,0.06,True,True,1018056.33,27.77,85.4,0.0,2.89,True,0.0,2427580889.64,7233863.0,129360267.41,265503080.08,0.0,0.0,2829678100.12,0.0,605064207.63,2254160773.53,3559201221.37,2829678100.12,3434742307.75,5083838873.65,6388879321.49
51640,"Galax, VA",evaporative,1.14,0.06,True,True,988119.49,178.0,89.9,0.0,2.89,True,0.0,2504043805.45,41900351.95,86369815.41,265503080.08,0.0,0.0,2897817052.89,0.0,587271768.66,2187875216.59,3454539815.67,2897817052.89,3485088821.56,5085692269.49,6352356868.57
18119,"Owen, IN",dry,1.18,0.07,True,True,1028766.75,27.77,81.5,0.0,2.89,True,0.0,2363454741.31,8664120.69,172538784.55,265503080.08,0.0,0.0,2810160726.63,0.0,611429762.59,2277875586.13,3596645662.3,2810160726.63,3421590489.22,5088036312.75,6406806388.93
26125,"Oakland, MI",evaporative,1.14,0.06,True,True,1056375.53,210.03,82.6,0.0,2.89,True,1.8,2309636908.08,47491584.53,83890226.24,265503080.08,45000000.0,0.0,2751521798.93,0.0,627838567.33,2339006427.32,3693168043.14,2751521798.93,3379360366.26,5090528226.25,6444689842.07
18063,"Hendricks, IN",dry,1.18,0.07,True,True,1029365.98,27.77,81.5,0.0,2.89,True,1.8,2364831399.36,8632742.54,128484453.84,265503080.08,45000000.0,0.0,2812451675.82,0.0,611785906.37,2279202396.29,3598740625.72,2812451675.82,3424237582.2,5091654072.11,6411192301.54
17085,"Jo Daviess, IL",evaporative,1.14,0.09,True,True,993736.91,224.94,88.3,0.0,2.89,True,0.0,2473459964.77,27076279.3,125557890.09,265503080.08,0.0,0.0,2891597214.25,0.0,590610379.8,2200313179.64,3474178704.7,2891597214.25,3482207594.05,5091910393.89,6365775918.95
18143,"Scott, IN",dry,1.2,0.07,True,True,1040498.63,27.77,81.5,0.0,2.89,True,0.0,2390407189.81,8320718.9,124407649.94,265503080.08,0.0,0.0,2788638638.74,0.0,618402406.88,2303852104.05,3637661216.91,2788638638.74,3407041045.61,5092490742.78,6426299855.65
55033,"Dunn, WI",dry,1.15,0.06,True,True,1012948.51,27.77,85.4,0.0,2.89,True,1.8,2415401186.08,8976238.83,120745272.61,265503080.08,45000000.0,0.0,2855625777.6,0.0,602028468.34,2242851156.58,3541343931.43,2855625777.6,3457654245.94,5098476934.17,6396969709.03
18097,"Marion, IN",dry,1.19,0.07,True,True,1032319.7,27.77,81.5,0.0,2.89,True,1.8,2371617164.38,8664120.69,122005799.75,265503080.08,45000000.0,0.0,2812790164.9,0.0,613541395.33,2285742453.19,3609067031.34,2812790164.9,3426331560.23,5098532618.09,6421857196.25
18013,"Brown, IN",dry,1.19,0.07,True,True,1030320.12,27.77,81.5,0.0,2.89,True,0.0,2367023406.75,8664120.69,177856382.38,265503080.08,0.0,0.0,2819046989.9,0.0,612352982.41,2281315032.52,3602076367.14,2819046989.9,3431399972.31,5100362022.42,6421123357.04
18145,"Shelby, IN",dry,1.19,0.07,True,True,1031332.08,27.77,81.5,0.0,2.89,True,1.8,2369348242.63,8664120.69,131113187.98,265503080.08,45000000.0,0.0,2819628631.38,0.0,612954421.41,2283555687.61,3605614243.59,2819628631.38,3432583052.79,5103184318.99,6425242874.97
18079,"Jennings, IN",dry,1.19,0.07,True,True,1036607.47,27.77,81.5,0.0,2.89,True,0.0,2381467744.78,8664120.69,153615309.68,265503080.08,0.0,0.0,2809250255.23,0.0,616089757.24,2295236350.49,3624057395.51,2809250255.23,3425340012.47,5104486605.72,6433307650.75
51063,"Floyd, VA",evaporative,1.14,0.06,True,True,989129.91,186.44,89.9,0.0,2.89,True,0.0,2506604356.4,45401952.46,97229911.33,265503080.08,0.0,0.0,2914739300.27,0.0,587872293.02,2190112464.18,3458072311.86,2914739300.27,3502611593.28,5104851764.45,6372811612.13
21009,"Barren, KY",dry,1.21,0.06,True,True,1037419.74,27.77,65.0,0.0,4.25,False,1.8,1929063601.28,6980276.15,153477293.41,673921971.25,45000000.0,0.0,2808443142.09,0.0,616572519.45,2297034876.37,3626897173.22,2808443142.09,3425015661.54,5105478018.47,6435340315.31
42129,"Westmoreland, PA",evaporative,1.14,0.06,True,True,990958.19,201.72,78.7,0.0,3.81,False,1.8,2198380304.25,43335970.88,90681863.69,543326488.71,45000000.0,0.0,2920724627.52,0.0,588958895.52,2194160591.16,3464464091.31,2920724627.52,3509683523.05,5114885218.69,6385188718.83
51173,"Smyth, VA",evaporative,1.13,0.06,True,True,985896.25,159.42,89.9,0.0,2.89,True,0.0,2498409781.17,30108974.56,138298118.32,265503080.08,0.0,0.0,2932319954.13,0.0,585950424.61,2182952562.26,3446767203.56,2932319954.13,3518270378.74,5115272516.39,6379087157.7
18031,"Decatur, IN",dry,1.18,0.07,True,True,1029796.42,27.77,81.5,0.0,2.89,True,1.8,2365820266.77,8440190.64,150977792.56,265503080.08,45000000.0,0.0,2835741330.06,0.0,612041728.05,2280155457.46,3600245459.15,2835741330.06,3447783058.11,5115896787.51,6435986789.2
26107,"Mecosta, MI",evaporative,1.13,0.06,True,True,1049340.88,154.83,82.6,0.0,2.89,True,0.0,2294256500.38,23071886.13,212051188.28,265503080.08,0.0,0.0,2794882654.87,0.0,623657644.74,2323430441.18,3668574380.81,2794882654.87,3418540299.61,5118313096.06,6463457035.69
26127,"Oceana, MI",evaporative,1.13,0.06,True,True,1049779.58,158.27,82.6,0.0,3.29,False,0.0,2295215667.63,18222075.05,93281705.58,388090349.08,0.0,0.0,2794809797.34,0.0,623918379.31,2324401805.28,3670108113.6,2794809797.34,3418728176.65,5119211602.62,6464917910.94
51191,"Washington, VA",evaporative,1.14,0.06,True,True,992720.97,216.45,89.9,0.0,2.89,True,0.0,2515704637.87,40088829.18,106333138.29,265503080.08,0.0,0.0,2927629685.42,0.0,590006576.12,2198063714.97,3470626918.38,2927629685.42,3517636261.54,5125693400.39,6398256603.8
55103,"Richland, WI",dry,1.16,0.06,True,True,1013930.72,27.77,85.4,0.0,2.89,True,0.0,2417743290.14,9851918.62,189501035.36,265503080.08,0.0,0.0,2882599324.2,0.0,602612227.82,2245025946.77,3544777810.68,2882599324.2,3485211552.01,5127625270.96,6427377134.88
51035,"Carroll, VA",dry,1.16,0.06,True,True,1005030.86,27.77,89.9,0.0,2.89,True,0.0,2546899760.0,7108779.61,82909984.77,265503080.08,0.0,0.0,2902421604.47,0.0,597322747.87,2225320041.1,3513663222.79,2902421604.47,3499744352.34,5127741645.57,6416084827.26
17015,"Carroll, IL",evaporative,1.14,0.09,True,True,993845.61,225.85,88.3,0.0,2.89,True,0.0,2473730532.83,45929532.48,143788499.65,265503080.08,0.0,0.0,2928951645.05,0.0,590674985.78,2200553868.59,3474558739.87,2928951645.05,3519626630.82,5129505513.63,6403510384.92
20011,"Bourbon, KS",evaporative,1.17,0.09,True,True,964942.41,446.65,77.3,0.0,3.56,False,0.0,2223142755.67,90080216.64,216080473.01,467761806.98,0.0,0.0,2997065252.3,0.0,573496870.52,2136556968.62,3373511003.08,2997065252.3,3570562122.82,5133622220.92,6370576255.38
51520,"Bristol, VA",evaporative,1.15,0.06,True,True,998548.07,265.14,89.9,0.0,2.89,True,0.0,2530471377.05,49053363.3,78220122.78,265503080.08,0.0,0.0,2923247943.21,0.0,593469809.88,2210965958.38,3490998881.65,2923247943.21,3516717753.09,5134213901.59,6414246824.86
12095,"Orange, FL",dry,1.33,0.07,True,True,994629.96,27.77,85.0,0.0,1.97,False,0.0,2776652007.59,10061334.2,145265302.44,0.0,0.0,0.0,2931978644.23,0.0,591141154.33,2202290574.95,3477300907.81,2931978644.23,3523119798.56,5134269219.18,6409279552.05
18027,"Daviess, IN",dry,1.21,0.07,True,True,1047677.0,27.77,81.5,0.0,2.89,True,0.0,2406898519.35,8664120.69,133669124.65,265503080.08,0.0,0.0,2814734844.77,0.0,622668741.88,2319746293.29,3662757305.2,2814734844.77,3437403586.66,5134481138.06,6477492149.97
18115,"Ohio, IN",evaporative,1.16,0.07,True,True,1004284.52,313.08,81.5,0.0,2.89,True,6.0,2307210088.9,25539257.38,163078493.09,265503080.08,150000000.0,0.0,2911330919.46,0.0,596879175.32,2223667515.91,3511053972.49,2911330919.46,3508210094.78,5134998435.37,6422384891.95
42007,"Beaver, PA",evaporative,1.14,0.06,True,True,993115.69,219.75,78.7,0.0,3.91,False,1.8,2203166605.9,18318604.46,99446391.64,571663244.35,45000000.0,0.0,2937594846.36,0.0,590241173.63,2198937705.68,3472006903.71,2937594846.36,3527836019.99,5136532552.04,6409601750.06
40047,"Garfield, OK",dry,1.25,0.09,True,True,1042291.46,27.77,58.4,0.0,4.87,False,0.0,1793320221.2,7417066.67,169554974.5,860780287.47,0.0,0.0,2831072549.84,0.0,619467938.7,2307821732.4,3643929051.15,2831072549.84,3450540488.54,5138894282.24,6475001600.99
27149,"Stevens, MN",evaporative,1.14,0.08,True,True,999350.03,192.83,91.5,0.0,2.89,True,0.0,2553187771.04,33574233.27,91789857.65,265503080.08,0.0,0.0,2944054942.04,0.0,593946442.49,2212741648.48,3493802602.86,2944054942.04,3538001384.53,5156796590.52,6437857544.9
51185,"Tazewell, VA",evaporative,1.13,0.06,True,True,985585.06,156.82,89.9,0.0,2.89,True,0.0,2497621165.39,38305438.38,174311666.02,265503080.08,0.0,0.0,2975741349.87,0.0,585765471.06,2182263519.63,3445679241.53,2975741349.87,3561506820.93,5158004869.5,6421420591.39
26139,"Ottawa, MI",evaporative,1.14,0.06,True,True,1054682.83,196.75,82.6,0.0,3.3,False,0.0,2305936024.47,34037841.47,95346880.36,390554414.78,0.0,0.0,2825875161.09,0.0,626832540.17,2335258482.99,3687250236.31,2825875161.09,3452707701.26,5161133644.08,6513125397.39
39129,"Pickaway, OH",dry,1.18,0.07,True,True,1029192.75,27.77,71.0,0.0,4.16,False,1.8,2059813163.52,8685982.12,121521194.47,648459958.93,45000000.0,0.0,2883480299.05,0.0,611682948.46,2278818827.6,3598134990.95,2883480299.05,3495163247.51,5162299126.65,6481615290.0
42003,"Allegheny, PA",evaporative,1.15,0.06,True,True,996379.59,247.02,78.7,0.0,3.81,False,1.8,2210407364.67,41262557.58,118549944.12,544147843.94,45000000.0,0.0,2959367710.3,0.0,592181015.1,2206164566.06,3483417735.89,2959367710.3,3551548725.41,5165532276.37,6442785446.19
19179,"Wapello, IA",evaporative,1.16,0.07,True,True,1367225.43,319.62,68.0,0.0,0.23,False,0.0,1926535298.32,26073078.03,186911311.35,0.0,0.0,0.0,2139519687.7,0.0,812586839.59,3027284304.36,4779922585.83,2139519687.7,2952106527.29,5166803992.06,6919442273.53
29119,"McDonald, MO",dry,1.21,0.08,True,True,1006743.22,27.77,78.7,0.0,2.89,True,0.0,2334260215.85,10013473.53,328783339.04,265503080.08,0.0,0.0,2938560108.51,0.0,598340460.34,2229111518.92,3519649766.71,2938560108.51,3536900568.85,5167671627.43,6458209875.22
26151,"Sanilac, MI",evaporative,1.14,0.06,True,True,1052619.4,180.56,82.6,0.0,3.29,False,0.0,2301424570.01,39417998.23,110244977.65,388090349.08,0.0,0.0,2839177894.96,0.0,625606172.04,2330689660.53,3680036306.11,2839177894.96,3464784067.0,5169867555.49,6519214201.07
51167,"Russell, VA",evaporative,1.14,0.06,True,True,991999.29,210.42,89.9,0.0,2.89,True,0.0,2513875801.76,50234231.79,152272878.97,265503080.08,0.0,0.0,2981885992.6,0.0,589577660.38,2196465793.57,3468103884.58,2981885992.6,3571463652.98,5178351786.17,6449989877.18
17197,"Will, IL",dry,1.18,0.09,True,True,1025310.36,27.77,88.3,0.0,2.61,False,1.8,2552047854.22,10236235.02,123053394.41,181930184.8,45000000.0,0.0,2912267668.45,0.0,609375520.08,2270222525.8,3584561882.85,2912267668.45,3521643188.53,5182490194.25,6496829551.3
17007,"Boone, IL",dry,1.17,0.09,True,True,1017138.81,27.77,88.3,0.0,2.89,True,0.0,2531708451.17,10603567.16,122765803.68,265503080.08,0.0,0.0,2930580902.09,0.0,604518897.08,2252129224.43,3555993512.26,2930580902.09,3535099799.18,5182710126.52,6486574414.35
18153,"Sullivan, IN",evaporative,1.16,0.07,True,True,1008331.93,346.9,81.5,0.0,3.29,False,1.8,2316508465.46,78144472.58,122456932.84,388090349.08,45000000.0,0.0,2950200219.95,0.0,599284681.16,2232629204.31,3525204006.81,2950200219.95,3549484901.11,5182829424.27,6475404226.76
27067,"Kandiyohi, MN",evaporative,1.14,0.08,True,True,1001370.88,209.56,91.5,0.0,2.89,True,0.0,2558350739.0,49112330.07,99983241.18,265503080.08,0.0,0.0,2972949390.34,0.0,595147500.43,2217216178.07,3500867649.59,2972949390.34,3568096890.77,5190165568.42,6473817039.93
27129,"Renville, MN",evaporative,1.14,0.08,True,True,1003088.99,223.78,91.5,0.0,2.89,True,0.0,2562740258.11,38989345.01,103006413.43,265503080.08,0.0,0.0,2970239096.63,0.0,596168631.46,2221020391.72,3506874302.71,2970239096.63,3566407728.09,5191259488.34,6477113399.34
26159,"Van Buren, MI",evaporative,1.14,0.06,True,True,1056966.81,214.67,82.6,0.0,3.3,False,0.0,2310929662.84,34280566.84,114501456.97,391375770.02,0.0,0.0,2851087456.67,0.0,628189982.44,2340315620.85,3695235190.82,2851087456.67,3479277439.11,5191403077.52,6546322647.49
27019,"Carver, MN",evaporative,1.14,0.08,True,True,1001042.2,206.84,91.5,0.0,2.89,True,0.0,2557511006.54,48594263.35,111709436.26,265503080.08,0.0,0.0,2983317786.23,0.0,594952154.0,2216488416.87,3499718552.96,2983317786.23,3578269940.23,5199806203.1,6483036339.19
27147,"Steele, MN",evaporative,1.14,0.08,True,True,1001631.34,211.71,91.5,0.0,2.89,True,0.0,2559016172.46,28252416.26,130223784.11,265503080.08,0.0,0.0,2982995452.91,0.0,595302299.79,2217792881.57,3501778234.06,2982995452.91,3578297752.7,5200788334.48,6484773686.96
18037,"Dubois, IN",evaporative,1.16,0.07,True,True,1007946.2,343.67,81.5,0.0,3.6,False,0.0,2315622308.43,38876342.48,138039950.17,480082135.52,0.0,0.0,2972620736.62,0.0,599055430.83,2231775134.46,3523855475.46,2972620736.62,3571676167.44,5204395871.08,6496476212.08
27123,"Ramsey, MN",evaporative,1.14,0.08,True,True,1003426.84,226.58,91.5,0.0,2.89,True,0.0,2563603413.8,54201244.41,99448936.83,265503080.08,0.0,0.0,2982756675.13,0.0,596369426.82,2221768452.85,3508055451.87,2982756675.13,3579126101.95,5204525127.98,6490812127.0
56015,"Goshen, WY",dry,1.15,0.05,True,True,1140016.84,27.77,79.6,0.0,2.89,True,0.0,2249085336.66,13165661.65,157439222.57,265503080.08,0.0,0.0,2685193300.97,0.0,677549334.4,2524203402.66,3985584319.99,2685193300.97,3362742635.36,5209396703.63,6670777620.95
29023,"Butler, MO",dry,1.23,0.08,True,True,1020428.87,27.77,78.7,0.0,2.89,True,0.0,2365992104.02,12241546.55,307797999.78,265503080.08,0.0,0.0,2951534730.43,0.0,606474288.97,2259414017.73,3567495817.47,2951534730.43,3558009019.4,5210948748.16,6519030547.9
27015,"Brown, MN",evaporative,1.14,0.08,True,True,1003445.05,226.73,91.5,0.0,2.89,True,0.0,2563649929.48,25003248.47,136124968.96,265503080.08,0.0,0.0,2990281227.0,0.0,596380247.73,2221808766.06,3508119104.3,2990281227.0,3586661474.73,5212089993.06,6498400331.3
27095,"Mille Lacs, MN",dry,1.15,0.08,True,True,1005609.44,27.77,91.5,0.0,2.89,True,0.0,2569179621.17,7869572.45,144331621.51,265503080.08,0.0,0.0,2986883895.21,0.0,597666616.38,2226601119.85,3515685978.71,2986883895.21,3584550511.59,5213485015.06,6502569873.92
27143,"Sibley, MN",evaporative,1.14,0.08,True,True,1002969.66,222.79,91.5,0.0,2.89,True,0.0,2562435370.72,38238548.47,129390187.2,265503080.08,0.0,0.0,2995567186.48,0.0,596097705.7,2220756158.5,3506457092.36,2995567186.48,3591664892.19,5216323344.98,6502024278.85
51015,"Augusta, VA",dry,1.17,0.06,True,True,1014509.8,27.77,89.9,0.0,2.88,False,0.0,2570920827.95,8369942.76,126916586.71,265297741.27,0.0,0.0,2971505098.69,0.0,602956393.35,2246308132.09,3546802313.83,2971505098.69,3574461492.04,5217813230.78,6518307412.52
17089,"Kane, IL",dry,1.17,0.09,True,True,1018115.03,27.77,88.3,0.0,2.89,True,1.8,2534138318.57,11118614.52,110688963.68,265503080.08,45000000.0,0.0,2966448976.85,0.0,605099098.47,2254290759.01,3559406461.6,2966448976.85,3571548075.32,5220739735.86,6525855438.45
27103,"Nicollet, MN",evaporative,1.14,0.08,True,True,1003321.83,225.71,91.5,0.0,2.89,True,0.0,2563335120.25,28138065.07,142521689.51,265503080.08,0.0,0.0,2999497954.91,0.0,596307013.86,2221535933.98,3507688316.82,2999497954.91,3595804968.77,5221033888.89,6507186271.73
27065,"Kanabec, MN",dry,1.15,0.08,True,True,1005379.98,27.77,91.5,0.0,2.89,True,0.0,2568593388.38,12235143.96,148738871.44,265503080.08,0.0,0.0,2995070483.86,0.0,597530241.42,2226093056.27,3514883773.06,2995070483.86,3592600725.28,5221163540.14,6509954256.93
27073,"Lac qui Parle, MN",evaporative,1.14,0.08,True,True,1003389.14,226.26,91.5,0.0,2.89,True,0.0,2563507098.72,30628386.77,143999075.19,265503080.08,0.0,0.0,3003637640.75,0.0,596347021.1,2221684980.57,3507923653.54,3003637640.75,3599984661.85,5225322621.33,6511561294.29
27039,"Dodge, MN",evaporative,1.14,0.08,True,True,999765.96,196.27,91.5,0.0,2.89,True,0.0,2554250413.6,33748523.6,158882228.9,265503080.08,0.0,0.0,3012384246.18,0.0,594193644.35,2213662596.59,3495256731.45,3012384246.18,3606577890.53,5226046842.77,6507640977.63
27151,"Swift, MN",evaporative,1.14,0.08,True,True,1001260.6,208.65,91.5,0.0,2.89,True,0.0,2558068995.07,30559463.04,157113440.97,265503080.08,0.0,0.0,3011244979.16,0.0,595081958.52,2216972002.32,3500482108.93,3011244979.16,3606326937.68,5228216981.49,6511727088.09
27169,"Winona, MN",evaporative,1.14,0.08,True,True,999393.54,193.19,91.5,0.0,2.89,True,0.0,2553298949.22,31482831.23,165805069.24,265503080.08,0.0,0.0,3016089929.77,0.0,593972305.8,2212838001.99,3493954739.98,3016089929.77,3610062235.57,5228927931.76,6510044669.75
12039,"Gadsden, FL",dry,1.28,0.07,True,True,954362.03,27.77,85.0,0.0,2.89,True,0.0,2664238294.62,7121546.48,179286341.08,265503080.08,0.0,0.0,3116149262.26,0.0,567208601.07,2113130082.42,3336521182.77,3116149262.26,3683357863.33,5229279344.68,6452670445.03
18129,"Posey, IN",evaporative,1.17,0.07,True,True,1014536.23,398.74,81.5,0.0,3.29,False,0.0,2330762029.65,34632587.93,229734398.31,388090349.08,0.0,0.0,2983219364.97,0.0,602972102.47,2246366656.24,3546894720.39,2983219364.97,3586191467.43,5229586021.21,6530114085.35
51169,"Scott, VA",evaporative,1.15,0.06,True,True,998543.93,265.11,89.9,0.0,2.89,True,0.0,2530460904.26,60314621.26,163958336.88,265503080.08,0.0,0.0,3020236942.48,0.0,593467353.7,2210956807.92,3490984433.56,3020236942.48,3613704296.18,5231193750.4,6511221376.04
51790,"Staunton, VA",dry,1.18,0.06,True,True,1024610.28,27.77,89.9,0.0,2.89,True,0.0,2596516952.72,8652861.29,96023272.6,265503080.08,0.0,0.0,2966696166.69,0.0,608959435.88,2268672408.19,3582114328.72,2966696166.69,3575655602.58,5235368574.88,6548810495.42
51161,"Roanoke, VA",dry,1.18,0.06,True,True,1024274.59,27.77,89.9,0.0,2.89,True,0.0,2595666266.19,8438839.18,98678945.19,265503080.08,0.0,0.0,2968287130.64,0.0,608759924.92,2267929132.06,3580940734.83,2968287130.64,3577047055.56,5236216262.69,6549227865.47
27023,"Chippewa, MN",evaporative,1.14,0.08,True,True,1001585.49,211.33,91.5,0.0,2.89,True,0.0,2558899035.18,27442689.77,168049650.48,265503080.08,0.0,0.0,3019894455.52,0.0,595275050.22,2217691363.57,3501617942.48,3019894455.52,3615169505.74,5237585819.09,6521512398.0
27081,"Lincoln, MN",evaporative,1.14,0.08,True,True,999677.11,195.54,91.5,0.0,2.89,True,0.0,2554023418.33,30748210.9,174695910.95,265503080.08,0.0,0.0,3024970620.27,0.0,594140838.58,2213465869.23,3494946109.31,3024970620.27,3619111458.85,5238436489.5,6519916729.58
27131,"Rice, MN",evaporative,1.14,0.08,True,True,1000340.89,201.03,91.5,0.0,2.89,True,0.0,2555719266.91,24640846.07,180798205.34,265503080.08,0.0,0.0,3026661398.4,0.0,594535342.76,2214935590.66,3497266722.1,3026661398.4,3621196741.16,5241596989.06,6523928120.5
17043,"DuPage, IL",dry,1.18,0.09,True,True,1023679.26,27.77,88.3,0.0,2.89,True,1.8,2547987949.61,10258644.43,106961612.18,265503080.08,45000000.0,0.0,2975711286.3,0.0,608406099.99,2266610960.73,3578859411.68,2975711286.3,3584117386.29,5242322247.03,6554570697.98
26117,"Montcalm, MI",evaporative,1.14,0.06,True,True,1053400.39,186.68,82.6,0.0,3.69,False,0.0,2303132116.49,15228794.15,87297465.41,507186858.32,0.0,0.0,2912845234.37,0.0,626070341.77,2332418920.31,3682766716.27,2912845234.37,3538915576.14,5245264154.68,6595611950.65
40065,"Jackson, OK",dry,1.27,0.09,True,True,1060112.44,27.77,58.4,0.01,0.84,False,0.0,1823982221.5,13418157.41,1061204419.85,0.0,0.0,0.0,2898604798.76,0.0,630059536.28,2347280625.35,3706232566.34,2898604798.76,3528664335.04,5245885424.11,6604837365.1
27059,"Isanti, MN",dry,1.15,0.08,True,True,1011361.76,27.77,91.5,0.0,2.89,True,0.0,2583875915.2,7837668.84,151760853.65,265503080.08,0.0,0.0,3008977517.77,0.0,601085405.89,2239337786.63,3535796505.21,3008977517.77,3610062923.66,5248315304.4,6544774022.98
18087,"LaGrange, IN",evaporative,1.14,0.07,True,True,994184.07,228.68,81.5,0.0,4.19,False,0.0,2284005635.97,18654250.02,89491702.4,657084188.91,0.0,0.0,3049235777.3,0.0,590876143.87,2201303281.09,3475742022.78,3049235777.3,3640111921.17,5250539058.39,6524977800.08
27053,"Hennepin, MN",dry,1.16,0.08,True,True,1021671.38,27.77,91.5,0.0,2.89,True,0.0,2610215441.46,8676571.87,104398741.9,265503080.08,0.0,0.0,2988793835.31,0.0,607212753.08,2262165158.53,3571839723.99,2988793835.31,3596006588.39,5250958993.84,6560633559.3
27161,"Waseca, MN",dry,1.16,0.08,True,True,1020520.72,27.77,91.5,0.0,2.89,True,0.0,2607275688.97,9070581.49,113441362.06,265503080.08,0.0,0.0,2995290712.6,0.0,606528880.33,2259617397.31,3567816943.12,2995290712.6,3601819592.93,5254908109.91,6563107655.72
26099,"Macomb, MI",evaporative,1.14,0.06,True,True,1058073.69,223.35,82.6,0.0,3.29,False,1.8,2313349723.96,47985892.49,118257388.22,388090349.08,45000000.0,0.0,2912683353.75,0.0,628847838.1,2342766455.66,3699104929.99,2912683353.75,3541531191.85,5255449809.41,6611788283.74
51195,"Wise, VA",dry,1.16,0.06,True,True,1009816.7,27.77,89.9,0.0,2.89,True,0.0,2559027786.75,7377391.05,190989313.49,265503080.08,0.0,0.0,3022897571.36,0.0,600167126.12,2235916744.35,3530394859.5,3022897571.36,3623064697.48,5258814315.72,6553292430.87
26093,"Livingston, MI",dry,1.16,0.06,True,True,1073715.99,27.77,82.6,0.0,3.3,False,1.8,2347549719.19,9297098.85,91465734.97,388911704.31,45000000.0,0.0,2882224257.32,0.0,638144570.38,2377401340.64,3753791590.48,2882224257.32,3520368827.71,5259625597.96,6636015847.81
27163,"Washington, MN",dry,1.16,0.08,True,True,1021136.41,27.77,91.5,0.0,2.89,True,0.0,2608848677.25,9945917.77,119830319.69,265503080.08,0.0,0.0,3004127994.8,0.0,606894803.59,2260980640.83,3569969432.9,3004127994.8,3611022798.39,5265108635.63,6574097427.69
27091,"Martin, MN",dry,1.17,0.08,True,True,1023221.08,27.77,91.5,0.0,2.89,True,0.0,2614174686.16,9448639.83,111197176.83,265503080.08,0.0,0.0,3000323582.9,0.0,608133789.65,2265596471.23,3577257586.16,3000323582.9,3608457372.55,5265920054.13,6577581169.06
18007,"Benton, IN",dry,1.18,0.07,True,True,1027183.37,27.77,81.5,0.0,3.77,False,0.0,2359817148.86,7364577.77,93534551.05,531006160.16,0.0,0.0,2991722437.84,0.0,610488711.24,2274369708.53,3591110066.1,2991722437.84,3602211149.08,5266092146.37,6582832503.94
27085,"McLeod, MN",dry,1.17,0.08,True,True,1022452.83,27.77,91.5,0.0,2.89,True,0.0,2612211934.89,8291493.64,116378543.2,265503080.08,0.0,0.0,3002385051.81,0.0,607677196.07,2263895436.34,3574571741.59,3002385051.81,3610062247.88,5266280488.15,6576956793.4
51023,"Botetourt, VA",dry,1.18,0.06,True,True,1026109.56,27.77,89.9,0.0,2.89,True,0.0,2600316349.01,7706682.92,121234760.66,265503080.08,0.0,0.0,2994760872.67,0.0,609850505.83,2271992080.53,3587355916.63,2994760872.67,3604611378.5,5266752953.2,6582116789.3
27145,"Stearns, MN",dry,1.16,0.08,True,True,1016630.82,27.77,91.5,0.0,2.89,True,0.0,2597337577.99,11614228.18,144544088.16,265503080.08,0.0,0.0,3018998974.41,0.0,604216983.91,2251004449.87,3554217552.43,3018998974.41,3623215958.33,5270003424.29,6573216526.85
27013,"Blue Earth, MN",dry,1.17,0.08,True,True,1022710.56,27.77,91.5,0.0,2.89,True,0.0,2612870377.58,8609924.96,122125704.04,265503080.08,0.0,0.0,3009109086.66,0.0,607830369.17,2264466081.24,3575472759.85,3009109086.66,3616939455.84,5273575167.9,6584581846.51
51690,"Martinsville, VA",dry,1.19,0.06,True,True,1034318.16,27.77,89.9,0.0,2.89,True,0.0,2621118184.35,8539652.24,89320727.29,265503080.08,0.0,0.0,2984481643.97,0.0,614729146.77,2290167409.54,3616053804.54,2984481643.97,3599210790.74,5274649053.51,6600535448.51
27093,"Meeker, MN",dry,1.16,0.08,True,True,1021715.5,27.77,91.5,0.0,2.89,True,0.0,2610328153.32,9153526.82,128260545.17,265503080.08,0.0,0.0,3013245305.4,0.0,607238973.16,2262262841.2,3571993959.79,3013245305.4,3620484278.56,5275508146.6,6585239265.19
51820,"Waynesboro, VA",dry,1.18,0.06,True,True,1024263.86,27.77,89.9,0.0,2.89,True,0.0,2595639078.46,8652861.29,137952762.59,265503080.08,0.0,0.0,3007747782.43,0.0,608753548.6,2267905377.14,3580903227.07,3007747782.43,3616501331.03,5275653159.57,6588651009.5
12023,"Columbia, FL",dry,1.29,0.07,True,True,964163.46,27.77,85.0,0.0,2.89,True,0.0,2691600385.05,8747729.87,179309991.08,265503080.08,0.0,0.0,3145161186.09,0.0,573033910.72,2134832216.4,3370787710.1,3145161186.09,3718195096.8,5279993402.48,6515948896.19
55105,"Rock, WI",dry,1.17,0.06,True,True,1013773.68,27.77,85.4,0.0,3.34,False,1.8,2440459723.58,10603567.16,139205140.75,401232032.85,45000000.0,0.0,3036500464.34,0.0,602518890.22,2244678218.48,3544228766.02,3036500464.34,3639019354.57,5281178682.83,6580729230.37
12105,"Polk, FL",dry,1.34,0.07,True,True,1000339.4,27.77,85.0,0.0,2.11,False,1.8,2792590721.41,9005864.93,188828537.93,31622176.59,45000000.0,0.0,3067047300.85,0.0,594534460.25,2214932302.88,3497261530.86,3067047300.85,3661581761.1,5281979603.73,6564308831.71
51171,"Shenandoah, VA",dry,1.17,0.06,True,True,1017662.98,27.77,89.9,0.0,2.89,True,0.0,2578911450.16,8650682.78,179350509.83,265503080.08,0.0,0.0,3032415722.85,0.0,604830428.79,2253289832.75,3557826051.71,3032415722.85,3637246151.65,5285705555.6,6590241774.57
18089,"Lake, IN",dry,1.18,0.07,True,True,1022597.91,27.77,81.5,0.0,3.69,False,1.8,2349282666.62,10475675.75,112443006.27,505544147.84,45000000.0,0.0,3022745496.48,0.0,607763422.76,2264216673.02,3575078957.4,3022745496.48,3630508919.24,5286962169.5,6597824453.89
27165,"Watonwan, MN",dry,1.17,0.08,True,True,1024583.79,27.77,91.5,0.0,2.89,True,0.0,2617656201.63,10149530.65,127234706.49,265503080.08,0.0,0.0,3020543518.85,0.0,608943692.37,2268613755.88,3582021719.82,3020543518.85,3629487211.22,5289157274.73,6602565238.67
18075,"Jay, IN",dry,1.18,0.07,True,True,1022534.37,27.77,81.5,0.0,3.81,False,0.0,2349136683.78,8414168.76,123750990.78,544147843.94,0.0,0.0,3025449687.26,0.0,607725656.75,2264075976.13,3574856804.41,3025449687.26,3633175344.01,5289525663.39,6600306491.67
27003,"Anoka, MN",dry,1.16,0.08,True,True,1017932.0,27.77,91.5,0.0,2.89,True,0.0,2600661891.38,9115422.42,164017867.19,265503080.08,0.0,0.0,3039298261.07,0.0,604990316.82,2253885494.03,3558766569.52,3039298261.07,3644288577.89,5293183755.1,6598064830.59
26161,"Washtenaw, MI",dry,1.17,0.06,True,True,1079901.55,27.77,82.6,0.0,3.35,False,1.8,2361073683.43,6874226.14,87466490.65,405338809.03,45000000.0,0.0,2905753209.25,0.0,641820847.94,2391097276.64,3775416752.59,2905753209.25,3547574057.19,5296850485.89,6681169961.84
27037,"Dakota, MN",evaporative,1.14,0.08,True,True,1001957.17,214.41,91.5,0.0,3.3,False,0.0,2559848622.73,24569059.31,109944955.22,388911704.31,0.0,0.0,3083274341.57,0.0,595495952.16,2218514331.6,3502917365.68,3083274341.57,3678770293.73,5301788673.16,6586191707.24
51067,"Franklin, VA",dry,1.19,0.06,True,True,1034186.96,27.77,89.9,0.0,2.89,True,0.0,2620785703.84,8539403.82,118075072.96,265503080.08,0.0,0.0,3012903260.7,0.0,614651170.33,2289876909.08,3615595119.6,3012903260.7,3627554431.03,5302780169.78,6628498380.3
17037,"DeKalb, IL",dry,1.17,0.09,True,True,1018302.81,27.77,88.3,0.0,3.31,False,0.0,2534605713.25,10905640.14,113231251.22,392197125.26,0.0,0.0,3050939729.88,0.0,605210702.52,2254706538.81,3560062956.02,3050939729.88,3656150432.4,5305646268.69,6611002685.9
51089,"Henry, VA",dry,1.19,0.06,True,True,1036318.91,27.77,89.9,0.0,2.89,True,0.0,2626188386.94,8539652.24,111367058.91,265503080.08,0.0,0.0,3011598178.17,0.0,615918258.09,2294597432.11,3623048577.02,3011598178.17,3627516436.26,5306195610.28,6634646755.19
51019,"Bedford, VA",dry,1.19,0.06,True,True,1036885.8,27.77,89.9,0.0,2.89,True,0.0,2627624969.63,8406911.81,110771508.38,265503080.08,0.0,0.0,3012306469.9,0.0,616255178.9,2295852627.27,3625030464.11,3012306469.9,3628561648.8,5308159097.17,6637336934.01
12001,"Alachua, FL",dry,1.3,0.07,True,True,970214.3,27.77,85.0,0.0,2.89,True,0.0,2708492178.35,9635706.89,177692834.64,265503080.08,0.0,0.0,3161323799.96,0.0,576630124.49,2148229875.55,3391941908.76,3161323799.96,3737953924.45,5309553675.51,6553265708.72
18091,"LaPorte, IN",dry,1.17,0.07,True,True,1021069.37,27.77,81.5,0.0,4.02,False,0.0,2345771031.5,10742113.53,87835083.4,606981519.51,0.0,0.0,3051329747.94,0.0,606854956.78,2260832191.92,3569735039.87,3051329747.94,3658184704.71,5312161939.86,6621064787.81
51680,"Lynchburg, VA",dry,1.2,0.06,True,True,1043245.12,27.77,89.9,0.0,2.89,True,0.0,2643740446.09,7583849.42,86956147.34,265503080.08,0.0,0.0,3003783522.93,0.0,620034731.13,2309933312.07,3647263124.32,3003783522.93,3623818254.06,5313716835.0,6651046647.25
51011,"Appomattox, VA",dry,1.2,0.06,True,True,1042537.82,27.77,89.9,0.0,2.89,True,0.0,2641948060.71,8391877.12,94893101.45,265503080.08,0.0,0.0,3010736119.36,0.0,619614364.16,2308367239.01,3644790377.38,3010736119.36,3630350483.51,5319103358.37,6655526496.74
40135,"Sequoyah, OK",evaporative,1.18,0.09,True,True,1399066.95,515.21,58.4,0.0,2.89,True,0.0,1693086994.97,42029719.04,223374481.39,265503080.08,0.0,0.0,2223994275.48,0.0,831511295.34,3097787178.71,4891242913.76,2223994275.48,3055505570.82,5321781454.19,7115237189.24
36099,"Seneca, NY",evaporative,1.14,0.09,False,False,263251.04,202.87,91.7,0.0,4.6,False,12.0,2561873016.68,16548912.04,113397666.09,779055441.48,300000000.0,970895688.78,4741770725.06,0.0,156458712.97,582885401.25,920345370.39,4741770725.06,4898229438.02,5324656126.3,5662116095.45
51770,"Roanoke, VA",dry,1.2,0.06,True,True,1043276.77,27.77,89.9,0.0,2.89,True,0.0,2643820663.47,8539652.24,99525518.87,265503080.08,0.0,0.0,3017388914.67,0.0,620053544.47,2310003400.95,3647373790.98,3017388914.67,3637442459.13,5327392315.62,6664762705.64
12125,"Union, FL",dry,1.29,0.07,True,True,962300.26,27.77,85.0,0.0,2.89,True,0.0,2686399003.34,8673592.57,239059342.0,265503080.08,0.0,0.0,3199635017.99,0.0,571926551.65,2130706761.04,3364273833.21,3199635017.99,3771561569.63,5330341779.02,6563908851.2
29147,"Nodaway, MO",evaporative,1.16,0.08,True,True,949826.35,313.1,78.7,0.0,4.46,False,1.8,2227949840.97,48488019.96,174062805.11,737166324.44,45000000.0,0.0,3232666990.47,0.0,564512901.58,2103087280.39,3320664126.93,3232666990.47,3797179892.05,5335754270.86,6553331117.4
51775,"Salem, VA",dry,1.2,0.06,True,True,1040882.22,27.77,89.9,0.0,2.89,True,0.0,2637752503.93,8539652.24,122372448.29,265503080.08,0.0,0.0,3034167684.55,0.0,618630382.95,2304701426.67,3639002252.64,3034167684.55,3652798067.5,5338869111.22,6673169937.18
18147,"Spencer, IN",evaporative,1.17,0.07,True,True,1013570.65,390.67,81.5,0.0,3.87,False,0.0,2328543733.02,31869175.93,176787516.23,560574948.67,0.0,0.0,3097775373.84,0.0,602398225.35,2244228682.68,3543518972.66,3097775373.84,3700173599.19,5342004056.52,6641294346.5
12041,"Gilchrist, FL",dry,1.29,0.07,True,True,965450.63,27.77,85.0,0.0,2.89,True,0.0,2695193709.1,8521333.96,235628034.22,265503080.08,0.0,0.0,3204846157.36,0.0,573798918.98,2137682247.18,3375287758.71,3204846157.36,3778645076.34,5342528404.55,6580133916.07
19101,"Jefferson, IA",evaporative,1.16,0.07,True,True,1367232.21,319.66,68.0,0.0,2.89,True,0.0,1926544844.28,26076472.73,97724197.25,265503080.08,0.0,0.0,2315848594.34,0.0,812590865.95,3027299304.51,4779946270.28,2315848594.34,3128439460.29,5343147898.85,7095794864.62
26057,"Gratiot, MI",evaporative,1.14,0.06,True,True,1055408.97,202.44,82.6,0.0,3.69,False,0.0,2307523645.04,46480078.73,149792304.14,505544147.84,0.0,0.0,3009340175.75,0.0,627264109.92,2336866291.87,3689788881.89,3009340175.75,3636604285.67,5346206467.62,6699129057.64
51003,"Albemarle, VA",dry,1.2,0.06,True,True,1044264.99,27.77,89.9,0.0,2.89,True,0.0,2646324969.19,7568750.27,119440648.08,265503080.08,0.0,0.0,3038837447.62,0.0,620640877.66,2312191505.01,3650828692.12,3038837447.62,3659478325.28,5351028952.63,6689666139.74
17111,"McHenry, IL",dry,1.17,0.09,True,True,1014659.58,27.77,88.3,0.0,3.46,False,0.0,2525537527.9,10966576.79,130930870.94,439014373.72,0.0,0.0,3106449349.34,0.0,603045409.99,2246639762.7,3547325941.11,3106449349.34,3709494759.33,5353089112.04,6653775290.45
19087,"Henry, IA",evaporative,1.16,0.07,True,True,1365715.7,310.35,68.0,0.0,2.89,True,0.0,1924407963.41,25316562.86,115416731.48,265503080.08,0.0,0.0,2330644337.84,0.0,811689558.16,3023941491.19,4774644459.77,2330644337.84,3142333896.0,5354585829.03,7105288797.61
27033,"Cottonwood, MN",evaporative,1.14,0.08,True,True,1002516.07,219.04,91.5,0.0,3.29,False,0.0,2561276536.94,47215825.85,139195111.79,388090349.08,0.0,0.0,3135777823.66,0.0,595828126.94,2219751845.45,3504871334.93,3135777823.66,3731605950.6,5355529669.12,6640649158.59
20107,"Linn, KS",evaporative,1.17,0.09,True,True,960870.92,410.68,77.3,0.0,4.63,False,0.0,2213762389.32,84072547.67,142487318.03,789733059.55,0.0,0.0,3230055314.57,0.0,571077048.07,2127541943.8,3359276753.38,3230055314.57,3801132362.64,5357597258.37,6589332067.95
27173,"Yellow Medicine, MN",evaporative,1.14,0.08,True,True,1003769.5,229.41,91.5,0.0,3.29,False,0.0,2564478862.15,28621490.75,156106785.7,388090349.08,0.0,0.0,3137297487.68,0.0,596573081.81,2222527167.53,3509253422.41,3137297487.68,3733870569.49,5359824655.21,6646550910.09
51027,"Buchanan, VA",dry,1.17,0.06,True,True,1016488.75,27.77,89.9,0.0,2.89,True,0.0,2575935788.92,8731049.77,261177570.2,265503080.08,0.0,0.0,3111347488.97,0.0,604132548.89,2250689888.03,3553720875.83,3111347488.97,3715480037.86,5362037376.99,6665068364.8
27109,"Olmsted, MN",evaporative,1.14,0.08,True,True,998933.95,189.39,91.5,0.0,3.3,False,0.0,2552124764.19,30862913.13,181193709.01,389733059.55,0.0,0.0,3153914445.87,0.0,593699155.88,2211820384.65,3492347975.77,3153914445.87,3747613601.75,5365734830.52,6646262421.64
26077,"Kalamazoo, MI",evaporative,1.14,0.06,True,True,1059399.55,233.76,82.6,0.0,3.74,False,1.8,2316248553.48,46615263.94,92338145.75,523203285.42,45000000.0,0.0,3023405248.59,0.0,629635839.43,2345702146.91,3703740231.96,3023405248.59,3653041088.02,5369107395.5,6727145480.55
27157,"Wabasha, MN",evaporative,1.14,0.08,True,True,1000233.43,200.14,91.5,0.0,3.29,False,0.0,2555444734.49,31436949.13,181220460.74,388090349.08,0.0,0.0,3156192493.43,0.0,594471478.46,2214697664.83,3496891049.74,3156192493.43,3750663971.89,5370890158.27,6653083543.17
17177,"Stephenson, IL",dry,1.17,0.09,True,True,1012859.78,27.77,88.3,0.0,3.56,False,0.0,2521057735.86,10214981.34,129474705.52,468172484.6,0.0,0.0,3128919907.32,0.0,601975729.58,2242654678.81,3541033703.38,3128919907.32,3730895636.89,5371574586.12,6669953610.7
12083,"Marion, FL",dry,1.31,0.07,True,True,980964.74,27.77,85.0,0.0,2.89,True,0.0,2738503569.29,10393451.72,186873457.1,265503080.08,0.0,0.0,3201273558.19,0.0,583019462.53,2172033291.76,3429526250.15,3201273558.19,3784293020.72,5373306849.96,6630799808.34
51540,"Charlottesville, VA",dry,1.21,0.06,True,True,1055580.41,27.77,89.9,0.0,2.89,True,0.0,2674999928.24,7583813.95,92526303.54,265503080.08,0.0,0.0,3040613125.82,0.0,627365997.2,2337245871.92,3690388218.82,3040613125.82,3667979123.02,5377858997.74,6731001344.64
12117,"Seminole, FL",dry,1.33,0.07,True,True,989772.36,27.77,85.0,0.0,2.89,True,0.0,2763091295.29,10676210.82,147280275.19,265503080.08,0.0,0.0,3186550861.37,0.0,588254118.03,2191534949.54,3460318341.38,3186550861.37,3774804979.41,5378085810.91,6646869202.75
27063,"Jackson, MN",evaporative,1.14,0.08,True,True,1002636.85,220.04,91.5,0.0,3.29,False,0.0,2561585094.93,49117835.7,164899451.89,388090349.08,0.0,0.0,3163692731.6,0.0,595899906.59,2220019259.83,3505293568.16,3163692731.6,3759592638.19,5383711991.43,6668986299.76
51590,"Danville, VA",dry,1.21,0.06,True,True,1053812.24,27.77,89.9,0.0,2.89,True,0.0,2670519122.29,8539652.24,106257164.04,265503080.08,0.0,0.0,3050819018.65,0.0,626315116.69,2333330826.87,3684206568.74,3050819018.65,3677134135.34,5384149845.52,6735025587.4
26163,"Wayne, MI",evaporative,1.15,0.06,True,True,1060987.99,246.22,82.6,0.0,3.84,False,1.8,2319721492.54,28639938.47,89646539.91,551950718.69,45000000.0,0.0,3034958689.6,0.0,630579903.45,2349219248.13,3709293549.68,3034958689.6,3665538593.05,5384177937.74,6744252239.29
12119,"Sumter, FL",dry,1.32,0.07,True,True,984051.81,27.77,85.0,0.0,2.89,True,0.0,2747121569.29,9321596.81,189986583.86,265503080.08,0.0,0.0,3211932830.04,0.0,584854209.72,2178868624.43,3440318880.68,3211932830.04,3796787039.76,5390801454.47,6652251710.72
27099,"Mower, MN",evaporative,1.14,0.08,True,True,998801.09,188.29,91.5,0.0,3.3,False,0.0,2551785305.52,36989787.88,206591569.43,389733059.55,0.0,0.0,3185099722.38,0.0,593620187.83,2211526189.94,3491883457.8,3185099722.38,3778719910.2,5396625912.32,6676983180.18
12097,"Osceola, FL",dry,1.34,0.07,True,True,996774.3,27.77,85.0,0.0,2.66,False,0.0,2782638223.34,9477463.32,208275091.64,199178644.76,0.0,0.0,3199569423.06,0.0,592415602.29,2207038518.33,3484797660.52,3199569423.06,3791985025.35,5406607941.39,6684367083.59
31055,"Douglas, NE",evaporative,1.16,0.07,False,False,1014398.88,317.39,76.6,0.0,0.84,False,0.0,2169609451.71,53864762.23,154356525.34,0.0,0.0,793542377.95,3171373117.23,0.0,602890469.21,2246062532.35,3546414524.76,3171373117.23,3774263586.44,5417435649.58,6717787641.99
31127,"Nemaha, NE",evaporative,1.16,0.07,False,False,1018039.75,347.53,76.6,0.0,1.17,False,0.0,2177396589.48,47267252.32,146116598.48,0.0,0.0,793542377.95,3164322818.22,0.0,605054356.88,2254124074.65,3559143275.76,3164322818.22,3769377175.1,5418446892.87,6723466093.99
26075,"Jackson, MI",evaporative,1.14,0.06,True,True,1056163.18,208.36,82.6,0.0,4.15,False,0.0,2309172621.27,27003353.84,100631756.27,643531827.52,0.0,0.0,3080339558.9,0.0,627712358.25,2338536236.61,3692425636.75,3080339558.9,3708051917.15,5418875795.51,6772765195.66
19111,"Lee, IA",evaporative,1.16,0.07,True,True,1367690.37,322.48,68.0,0.0,2.89,True,0.0,1927190438.94,26306056.77,178312910.16,265503080.08,0.0,0.0,2397312485.95,0.0,812863169.15,3028313767.41,4781548053.81,2397312485.95,3210175655.09,5425626253.36,7178860539.75
51009,"Amherst, VA",dry,1.19,0.06,True,True,1033274.56,27.77,89.9,0.0,3.34,False,0.0,2618473559.06,7583813.95,114504582.03,400821355.24,0.0,0.0,3141383310.27,0.0,614108904.52,2287856703.1,3612405320.69,3141383310.27,3755492214.79,5429240013.38,6753788630.96
46011,"Brookings, SD",dry,1.16,0.06,False,False,1014970.15,27.77,82.8,0.0,0.73,False,0.0,2346538260.37,9671776.1,131385775.64,0.0,0.0,694633800.75,3182229612.86,0.0,603229993.06,2247327425.14,3548411723.9,3182229612.86,3785459605.93,5429557038.0,6730641336.77
36053,"Madison, NY",evaporative,1.13,0.09,False,False,261026.63,132.89,91.7,0.0,4.93,False,12.0,2540225770.65,19596345.69,151041946.35,877618069.82,300000000.0,970895688.78,4859377821.28,0.0,155136672.32,577960151.79,912568660.72,4859377821.28,5014514493.6,5437337973.07,5771946482.0
20189,"Stevens, KS",dry,1.22,0.09,True,True,1000293.25,27.77,77.3,0.0,4.7,False,0.0,2304587976.3,12620638.24,97162447.35,809445585.22,0.0,0.0,3223816647.11,0.0,594507027.89,2214830103.91,3497100164.07,3223816647.11,3818323675.0,5438646751.02,6720916811.18
26067,"Ionia, MI",evaporative,1.14,0.06,True,True,1055171.72,200.58,82.6,0.0,4.19,False,0.0,2307004921.07,16362593.55,121809399.69,657905544.15,0.0,0.0,3103082458.45,0.0,627123102.95,2336340971.77,3688959429.11,3103082458.45,3730205561.4,5439423430.22,6792041887.56
31025,"Cass, NE",evaporative,1.16,0.07,False,False,1014274.12,316.36,76.6,0.0,2.25,False,0.0,2169342603.06,34993780.64,181304793.88,74332648.87,0.0,793542377.95,3253516204.39,0.0,602816317.38,2245786280.43,3545978337.53,3253516204.39,3856332521.77,5499302484.83,6799494541.92
27101,"Murray, MN",evaporative,1.14,0.08,True,True,1001200.29,208.15,91.5,0.0,3.8,False,0.0,2557914900.4,49325434.26,137917502.02,541273100.62,0.0,0.0,3286430937.31,0.0,595046111.57,2216838454.89,3500271244.56,3286430937.31,3881477048.88,5503269392.19,6786702181.86
29113,"Lincoln, MO",evaporative,1.16,0.08,True,True,1374594.9,364.89,78.7,0.0,0.82,False,0.0,2241699474.41,29765868.6,191887658.71,0.0,0.0,0.0,2463353001.73,0.0,816966754.98,3043601636.2,4805686794.0,2463353001.73,3280319756.71,5506954637.93,7269039795.73
17195,"Whiteside, IL",dry,1.18,0.09,True,True,1023604.92,27.77,88.3,0.0,3.81,False,0.0,2547802926.67,9280703.62,140802421.77,543326488.71,0.0,0.0,3241212540.77,0.0,608361920.39,2266446370.07,3578599531.69,3241212540.77,3849574461.16,5507658910.84,6819812072.46
17103,"Lee, IL",dry,1.17,0.09,True,True,1019428.32,27.77,88.3,0.0,3.84,False,0.0,2537407160.69,10123198.77,150874736.82,553182751.54,0.0,0.0,3251587847.82,0.0,605879629.43,2257198619.46,3563997820.2,3251587847.82,3857467477.26,5508786467.28,6815585668.02
26025,"Calhoun, MI",evaporative,1.14,0.06,True,True,1056502.57,211.03,82.6,0.0,4.36,False,0.0,2309914665.38,49544345.64,106307082.22,707597535.93,0.0,0.0,3173363629.18,0.0,627914071.3,2339287716.61,3693612184.12,3173363629.18,3801277700.48,5512651345.79,6866975813.3
19183,"Washington, IA",evaporative,1.15,0.07,True,True,1365244.58,307.45,68.0,0.0,3.29,False,0.0,1923744110.69,50312170.64,134227169.53,388090349.08,0.0,0.0,2496373799.94,0.0,811409553.95,3022898338.26,4772997376.21,2496373799.94,3307783353.89,5519272138.2,7269371176.14
46029,"Codington, SD",dry,1.16,0.06,False,False,1014233.74,27.77,82.8,0.0,2.22,False,0.0,2344835735.2,8140120.19,163769958.73,65297741.27,0.0,694633800.75,3276677356.15,0.0,602792321.0,2245696882.16,3545837182.35,3276677356.15,3879469677.15,5522374238.31,6822514538.5
54081,"Raleigh, WV",evaporative,1.14,0.07,False,False,988100.97,177.84,78.1,0.0,2.89,True,0.0,2175329868.66,35150195.83,126604787.83,265503080.08,0.0,750340930.44,3352928862.84,0.0,587260759.86,2187834203.4,3454475058.0,3352928862.84,3940189622.7,5540763066.24,6807403920.84
51083,"Halifax, VA",dry,1.21,0.06,True,True,1047716.13,27.77,89.9,0.0,3.57,False,0.0,2655070668.49,8539652.24,90595236.72,471868583.16,0.0,0.0,3226074140.62,0.0,622692000.84,2319832944.31,3662894122.6,3226074140.62,3848766141.46,5545907084.93,6888968263.22
32003,"Clark, NV",dry,1.27,0.08,True,True,850352.38,27.77,86.4,0.0,4.75,False,1.8,2682356497.92,8795285.18,124146849.03,825872689.94,45000000.0,0.0,3686171322.07,0.0,505392264.46,1882833926.41,2972895673.27,3686171322.07,4191563586.53,5569005248.48,6659066995.34
17031,"Cook, IL",dry,1.18,0.09,True,True,1025710.75,27.77,88.3,0.0,3.81,False,1.8,2553044437.9,10209894.64,146565079.92,544147843.94,45000000.0,0.0,3298967256.4,0.0,609613483.37,2271109055.7,3585961666.9,3298967256.4,3908580739.77,5570076312.1,6884928923.3
24021,"Frederick, MD",dry,1.19,0.06,True,True,1031254.46,27.77,100.1,0.0,2.89,True,1.8,2909863916.81,8932283.28,69153922.62,265503080.08,45000000.0,0.0,3298453202.79,0.0,612908289.63,2283383824.12,3605342880.18,3298453202.79,3911361492.42,5581837026.9,6903796082.97
54077,"Preston, WV",dry,1.15,0.07,False,False,999201.95,27.77,78.1,0.0,2.89,True,0.0,2199768955.58,7612157.74,150289659.88,265503080.08,0.0,750340930.44,3373514783.73,0.0,593858433.6,2212413772.24,3493284903.54,3373514783.73,3967373217.33,5585928555.97,6866799687.27
20077,"Harper, KS",dry,1.24,0.09,True,True,1021335.16,27.77,77.3,0.0,4.65,False,0.0,2353066704.8,9856887.96,169152228.81,796303901.44,0.0,0.0,3328379723.0,0.0,607012927.03,2261420708.55,3570664276.66,3328379723.0,3935392650.04,5589800431.56,6899043999.67
50001,"Addison, VT",evaporative,1.13,0.06,False,False,581778.13,137.38,115.8,0.0,2.89,True,0.0,3209585057.28,12634035.0,95071188.59,265503080.08,0.0,731013967.08,4313807328.03,0.0,345769793.58,1288161976.1,2033939962.26,4313807328.03,4659577121.61,5601969304.12,6347747290.29
50007,"Chittenden, VT",evaporative,1.13,0.06,False,False,582565.58,148.5,115.8,0.0,2.89,True,0.0,3213929283.11,12113764.1,93882473.53,265503080.08,0.0,731013967.08,4316442567.89,0.0,346237798.65,1289905524.39,2036692933.24,4316442567.89,4662680366.54,5606348092.28,6353135501.13
54025,"Greenbrier, WV",evaporative,1.13,0.07,False,False,985887.62,159.35,78.1,0.0,2.89,True,0.0,2170457107.09,21473469.87,218017490.11,265503080.08,0.0,750340930.44,3425792077.59,0.0,585945289.64,2182933431.98,3446736997.87,3425792077.59,4011737367.22,5608725509.57,6872529075.46
29047,"Clay, MO",evaporative,1.16,0.08,True,True,1377170.26,380.71,78.7,0.0,2.55,False,0.0,2245899396.49,31060043.19,117358126.86,165913757.7,0.0,0.0,2560231324.23,0.0,818497377.95,3049303957.08,4814690458.54,2560231324.23,3378728702.19,5609535281.31,7374921782.78
50011,"Franklin, VT",evaporative,1.13,0.06,False,False,581727.03,136.66,115.8,0.0,2.89,True,0.0,3209303150.04,11147712.67,108156247.67,265503080.08,0.0,731013967.08,4325124157.54,0.0,345739423.61,1288048833.07,2033761315.37,4325124157.54,4670863581.15,5613172990.6,6358885472.9
50003,"Bennington, VT",evaporative,1.13,0.06,False,False,578879.53,96.44,115.8,0.0,2.89,True,0.0,3193593891.35,10404129.8,134014986.61,265503080.08,0.0,731013967.08,4334530054.92,0.0,344047059.32,1281743946.5,2023806231.31,4334530054.92,4678577114.24,5616274001.42,6358336286.23
50019,"Orleans, VT",evaporative,1.13,0.06,False,False,579095.79,99.5,115.8,0.0,2.89,True,0.0,3194786942.52,13817996.74,135543139.76,265503080.08,0.0,731013967.08,4340665126.18,0.0,344175587.17,1282222775.73,2024562277.47,4340665126.18,4684840713.35,5622887901.91,6365227403.65
46037,"Day, SD",evaporative,1.14,0.06,False,False,999928.28,197.62,82.8,0.0,2.89,True,0.0,2311762529.22,35866331.49,103474946.36,265503080.08,0.0,694633800.75,3411240687.9,0.0,594290115.79,2214022000.01,3495824210.54,3411240687.9,4005530803.69,5625262687.91,6907064898.44
04027,"Yuma, AZ",dry,1.36,0.09,True,True,913538.33,27.77,79.0,0.0,4.48,False,0.0,2634860861.57,9985318.19,220035163.2,744558521.56,0.0,0.0,3609439864.53,0.0,542945741.08,2022739035.4,3193798476.94,3609439864.53,4152385605.61,5632178899.92,6803238341.47
50023,"Washington, VT",evaporative,1.13,0.06,False,False,579306.58,102.47,115.8,0.0,2.89,True,0.0,3195949846.41,8786550.31,148268219.0,265503080.08,0.0,731013967.08,4349521662.88,0.0,344300867.24,1282689505.4,2025299219.05,4349521662.88,4693822530.12,5632211168.28,6374820881.93
51143,"Pittsylvania, VA",dry,1.2,0.06,True,True,1039339.85,27.77,89.9,0.0,3.81,False,1.8,2633843914.37,8539652.24,101582413.87,543326488.71,45000000.0,0.0,3332292469.19,0.0,617713703.97,2301286348.14,3633610023.37,3332292469.19,3950006173.16,5633578817.33,6965902492.56
50025,"Windham, VT",evaporative,1.13,0.06,False,False,579817.31,109.69,115.8,0.0,2.89,True,0.0,3198767491.41,20469965.95,136754854.12,265503080.08,0.0,731013967.08,4352509358.64,0.0,344604413.18,1283820362.84,2027084783.44,4352509358.64,4697113771.83,5636329721.49,6379594142.08
46077,"Kingsbury, SD",evaporative,1.14,0.06,False,False,1003054.54,223.49,82.8,0.0,2.89,True,0.0,2318990217.93,27431968.01,108830026.56,265503080.08,0.0,694633800.75,3415389093.33,0.0,596148154.37,2220944104.51,3506753849.23,3415389093.33,4011537247.7,5636333197.85,6922142942.56
54061,"Monongalia, WV",dry,1.17,0.07,False,False,1013809.12,27.77,78.1,0.0,2.89,True,0.0,2231927021.82,7606487.33,154596647.31,265503080.08,0.0,750340930.44,3409974166.97,0.0,602539953.9,2244756691.01,3544352670.01,3409974166.97,4012514120.88,5654730857.98,6954326836.99
31153,"Sarpy, NE",evaporative,1.16,0.07,False,False,1014590.91,318.98,76.6,0.0,2.89,True,0.0,2170020172.96,40860604.62,138572674.69,265503080.08,0.0,793542377.95,3408498910.31,0.0,603004600.32,2246487726.66,3547085884.21,3408498910.31,4011503510.62,5654986636.97,6955584794.51
31043,"Dakota, NE",evaporative,1.15,0.07,False,False,1010150.29,282.23,76.6,0.0,2.89,True,0.0,2160522506.05,24571857.44,180352907.08,265503080.08,0.0,793542377.95,3424492728.6,0.0,600365391.28,2236655379.29,3531561125.19,3424492728.6,4024858119.88,5661148107.88,6956053853.78
46051,"Grant, SD",evaporative,1.14,0.06,False,False,1000429.93,201.77,82.8,0.0,2.89,True,0.0,2312922320.38,35855294.84,145943123.06,265503080.08,0.0,694633800.75,3454857619.11,0.0,594588265.98,2215132755.6,3497578035.15,3454857619.11,4049445885.09,5669990374.71,6952435654.27
31131,"Otoe, NE",evaporative,1.16,0.07,False,False,1015576.96,327.14,76.6,0.0,2.89,True,0.0,2172129131.24,27185247.13,165437685.38,265503080.08,0.0,793542377.95,3423797521.78,0.0,603590637.05,2248671000.79,3550533159.14,3423797521.78,4027388158.84,5672468522.57,6974330680.92
31089,"Holt, NE",dry,1.18,0.07,False,False,1033707.29,27.77,76.6,0.0,2.89,True,0.0,2210906534.61,13337834.2,102336663.6,265503080.08,0.0,793542377.95,3385626490.45,0.0,614366091.08,2288814849.14,3613918182.85,3385626490.45,3999992581.53,5674441339.58,6999544673.3
29001,"Adair, MO",evaporative,1.16,0.08,True,True,1367097.45,318.83,78.7,0.0,2.89,True,0.0,2229472584.22,26008948.46,131817046.74,265503080.08,0.0,0.0,2652801659.5,0.0,812510777.31,3027000935.07,4779475160.64,2652801659.5,3465312436.81,5679802594.57,7432276820.14
31027,"Cedar, NE",evaporative,1.15,0.07,False,False,1009079.29,273.36,76.6,0.0,2.89,True,0.0,2158231836.34,53538391.52,178340166.32,265503080.08,0.0,793542377.95,3449155852.21,0.0,599728860.62,2234283990.55,3527816827.19,3449155852.21,4048884712.83,5683439842.76,6976972679.4
46109,"Roberts, SD",evaporative,1.14,0.06,False,False,1000349.85,201.11,82.8,0.0,2.89,True,0.0,2312737160.24,39424565.88,160275802.31,265503080.08,0.0,694633800.75,3472574409.28,0.0,594540666.43,2214955423.97,3497298037.85,3472574409.28,4067115075.71,5687529833.24,6969872447.12
46009,"Bon Homme, SD",evaporative,1.15,0.06,False,False,1010766.91,287.33,82.8,0.0,2.89,True,0.0,2336820665.61,23446615.61,129818411.72,265503080.08,0.0,694633800.75,3450222573.78,0.0,600731868.61,2238020686.96,3533716874.15,3450222573.78,4050954442.38,5688243260.74,6983939447.93
46067,"Hutchinson, SD",evaporative,1.15,0.06,False,False,1009612.3,277.77,82.8,0.0,2.89,True,0.0,2334151295.19,22659355.53,138039365.66,265503080.08,0.0,694633800.75,3454986897.22,0.0,600045647.41,2235464176.61,3529680278.86,3454986897.22,4055032544.62,5690451073.83,6984667176.08
17143,"Peoria, IL",evaporative,1.15,0.09,True,True,1362496.84,290.57,88.3,0.0,1.59,False,0.0,2493010672.68,64351278.11,116946586.26,0.0,0.0,0.0,2674308537.04,0.0,809776483.85,3016814351.59,4763391081.45,2674308537.04,3484085020.89,5691122888.63,7437699618.49
31051,"Dixon, NE",evaporative,1.15,0.07,False,False,1008973.46,272.49,76.6,0.0,2.89,True,0.0,2158005481.58,52679734.54,190387741.42,265503080.08,0.0,793542377.95,3460118415.57,0.0,599665961.23,2234049659.47,3527446830.75,3460118415.57,4059784376.8,5694168075.04,6987565246.32
54013,"Calhoun, WV",evaporative,1.15,0.07,False,False,996829.87,250.78,78.1,0.0,2.89,True,0.0,2194546773.68,37083674.83,239628516.09,265503080.08,0.0,750340930.44,3487102975.13,0.0,592448632.47,2207161571.95,3484991955.71,3487102975.13,4079551607.6,5694264547.08,6972094930.84
54003,"Berkeley, WV",dry,1.18,0.07,False,False,1027400.07,27.77,78.1,0.0,2.89,True,0.0,2261847852.49,8648507.17,136013999.1,265503080.08,0.0,750340930.44,3422354369.27,0.0,610617501.13,2274849514.02,3591867653.71,3422354369.27,4032971870.41,5697203883.29,7014222022.98
29205,"Shelby, MO",evaporative,1.16,0.08,True,True,1371414.41,345.35,78.7,0.0,2.89,True,0.0,2236512717.35,28172149.2,132625711.28,265503080.08,0.0,0.0,2662813657.91,0.0,815076489.07,3036559469.1,4794567582.78,2662813657.91,3477890146.98,5699373127.01,7457381240.69
31067,"Gage, NE",dry,1.2,0.07,False,False,1053242.08,27.77,76.6,0.0,1.17,False,6.0,2252687787.71,12955607.36,160184285.15,0.0,150000000.0,793542377.95,3369370058.16,0.0,625976254.04,2332068397.4,3682213259.06,3369370058.16,3995346312.2,5701438455.56,7051583317.22
31003,"Antelope, NE",dry,1.18,0.07,False,False,1033168.15,27.77,76.6,0.0,2.89,True,0.0,2209753406.86,12457333.9,134514112.11,265503080.08,0.0,793542377.95,3415770310.9,0.0,614045660.27,2287621087.27,3612033295.69,3415770310.9,4029815971.17,5703391398.17,7027803606.59
31107,"Knox, NE",evaporative,1.15,0.07,False,False,1009927.54,280.38,76.6,0.0,2.89,True,0.0,2160046090.01,67034160.09,181552480.3,265503080.08,0.0,793542377.95,3467678188.43,0.0,600233004.93,2236162175.22,3530782381.93,3467678188.43,4067911193.36,5703840363.65,6998460570.36
54065,"Morgan, WV",dry,1.17,0.07,False,False,1018540.59,27.77,78.1,0.0,2.89,True,0.0,2242343466.77,7335128.51,184599096.15,265503080.08,0.0,750340930.44,3450121701.95,0.0,605352019.08,2255233012.26,3560894229.89,3450121701.95,4055473721.03,5705354714.21,7011015931.83
31177,"Washington, NE",evaporative,1.15,0.07,False,False,1012499.71,301.67,76.6,0.0,2.89,True,0.0,2165547472.36,63550593.57,176647732.98,265503080.08,0.0,793542377.95,3464791256.93,0.0,601761727.52,2241857416.25,3539774867.76,3464791256.93,4066552984.45,5706648673.18,7004566124.69
29211,"Sullivan, MO",evaporative,1.16,0.08,True,True,1367667.64,322.34,78.7,0.0,2.89,True,0.0,2230402443.16,47693426.97,135809857.44,265503080.08,0.0,0.0,2679408807.66,0.0,812849655.85,3028263423.74,4781468563.8,2679408807.66,3492258463.5,5707672231.4,7460877371.45
46057,"Hamlin, SD",dry,1.16,0.06,False,False,1016364.9,27.77,82.8,0.0,2.89,True,0.0,2349762811.87,9379055.11,143533276.67,265503080.08,0.0,694633800.75,3462812024.48,0.0,604058935.94,2250415643.7,3553287858.48,3462812024.48,4066870960.42,5713227668.18,7016099882.96
46027,"Clay, SD",evaporative,1.15,0.06,False,False,1009623.35,277.86,82.8,0.0,2.89,True,0.0,2334176830.2,23415301.44,161022808.96,265503080.08,0.0,694633800.75,3478751821.43,0.0,600052211.75,2235488632.01,3529718892.65,3478751821.43,4078804033.18,5714240453.44,7008470714.08
29007,"Audrain, MO",evaporative,1.16,0.08,True,True,1372953.79,354.81,78.7,0.0,2.89,True,0.0,2239023135.32,28943517.86,141309930.64,265503080.08,0.0,0.0,2674779663.89,0.0,815991387.81,3039967915.38,4799949340.07,2674779663.89,3490771051.7,5714747579.27,7474729003.96
31155,"Saunders, NE",evaporative,1.16,0.07,False,False,1014290.34,316.49,76.6,0.0,2.89,True,0.0,2169377308.63,47166588.92,193430761.87,265503080.08,0.0,793542377.95,3469020117.45,0.0,602825961.35,2245822208.97,3546035066.79,3469020117.45,4071846078.81,5714842326.42,7015055184.25
29195,"Saline, MO",evaporative,1.17,0.08,True,True,1378031.75,386.0,78.7,0.0,2.89,True,0.0,2247304314.88,31488051.24,120988244.1,265503080.08,0.0,0.0,2665283690.3,0.0,819009387.54,3051211443.76,4817702279.62,2665283690.3,3484293077.84,5716495134.06,7482985969.92
46101,"Moody, SD",dry,1.16,0.06,False,False,1018375.2,27.77,82.8,0.0,2.89,True,0.0,2354410482.91,9880821.05,137556862.64,265503080.08,0.0,694633800.75,3461985047.44,0.0,605253723.44,2254866812.81,3560316020.22,3461985047.44,4067238770.88,5716851860.25,7022301067.66
29159,"Pettis, MO",evaporative,1.16,0.08,True,True,1375547.42,370.74,78.7,0.0,2.89,True,0.0,2243252855.14,30916970.33,132096200.67,265503080.08,0.0,0.0,2671769106.23,0.0,817532870.3,3045710693.27,4809016884.11,2671769106.23,3489301976.53,5717479799.5,7480785990.34
17183,"Vermilion, IL",evaporative,1.15,0.09,True,True,1364587.22,303.41,88.3,0.0,1.7,False,0.0,2496835524.36,68991523.23,132289756.79,0.0,0.0,0.0,2698116804.38,0.0,811018867.2,3021442838.57,4770699218.79,2698116804.38,3509135671.58,5719559642.95,7468816023.18
46015,"Brule, SD",evaporative,1.15,0.06,False,False,1008721.2,270.4,82.8,0.0,2.89,True,0.0,2332091128.25,22057679.43,172009892.24,265503080.08,0.0,694633800.75,3486295580.76,0.0,599516035.55,2233491112.83,3526564915.0,3486295580.76,4085811616.31,5719786693.59,7012860495.76
31111,"Lincoln, NE",dry,1.18,0.07,False,False,1031250.7,27.77,76.6,0.0,2.89,True,0.0,2205652335.24,12978196.05,160285392.84,265503080.08,0.0,793542377.95,3437961382.16,0.0,612906055.63,2283375501.37,3605329739.0,3437961382.16,4050867437.79,5721336883.53,7043291121.16
29137,"Monroe, MO",evaporative,1.16,0.08,True,True,1373952.98,360.95,78.7,0.0,2.89,True,0.0,2240652624.07,29444206.01,147581437.03,265503080.08,0.0,0.0,2683181347.19,0.0,816585240.0,3042180305.88,4803442588.23,2683181347.19,3499766587.19,5725361653.07,7486623935.43
46079,"Lake, SD",dry,1.16,0.06,False,False,1021254.89,27.77,82.8,0.0,2.89,True,0.0,2361068119.84,7366477.05,135852433.04,265503080.08,0.0,694633800.75,3464423910.77,0.0,606965217.49,2261242967.13,3570383632.3,3464423910.77,4071389128.26,5725666877.89,7034807543.07
29063,"DeKalb, MO",evaporative,1.16,0.08,True,True,1369576.56,334.06,78.7,0.0,2.89,True,0.0,2233515533.9,43306116.22,151071994.04,265503080.08,0.0,0.0,2693396724.23,0.0,813984193.13,3032490131.27,4788142312.54,2693396724.23,3507380917.37,5725886855.51,7481539036.77
17039,"De Witt, IL",evaporative,1.16,0.09,True,True,1366728.38,316.57,88.3,0.0,0.77,False,0.0,2500753270.0,52660121.03,146326697.34,0.0,0.0,0.0,2699740088.37,0.0,812291424.24,3026183737.35,4778184848.46,2699740088.37,3512031512.61,5725923825.73,7477924936.83
29025,"Caldwell, MO",evaporative,1.16,0.08,True,True,1369673.91,334.66,78.7,0.0,2.89,True,0.0,2233674292.29,52122839.36,142594171.43,265503080.08,0.0,0.0,2693894383.16,0.0,814042051.17,3032705680.82,4788482653.92,2693894383.16,3507936434.33,5726600063.98,7482377037.08
12073,"Leon, FL",dry,1.28,0.07,True,True,956689.51,27.77,85.0,0.0,4.41,False,0.0,2670735798.36,8418454.48,209185545.38,721560574.95,0.0,0.0,3609900373.17,0.0,568591900.76,2118283551.86,3344658239.78,3609900373.17,4178492273.93,5728183925.03,6954558612.95
17179,"Tazewell, IL",evaporative,1.16,0.09,True,True,1366513.75,315.25,88.3,0.0,1.7,False,0.0,2500360565.93,65789116.0,138921766.16,0.0,0.0,0.0,2705071448.1,0.0,812163866.61,3025708522.68,4777434509.49,2705071448.1,3517235314.71,5730779970.78,7482505957.59
46065,"Hughes, SD",evaporative,1.15,0.06,False,False,1008011.8,264.53,82.8,0.0,2.89,True,0.0,2330451049.47,21578690.97,187710429.72,265503080.08,0.0,694633800.75,3499877051.0,0.0,599094416.72,2231920376.02,3524084804.24,3499877051.0,4098971467.72,5731797427.02,7023961855.24
29135,"Moniteau, MO",evaporative,1.17,0.08,True,True,1381031.5,404.43,78.7,0.0,2.89,True,0.0,2252196334.3,32991207.48,125445406.68,265503080.08,0.0,0.0,2676136028.54,0.0,820792239.02,3057853439.49,4828189641.29,2676136028.54,3496928267.56,5733989468.03,7504325669.84
29089,"Howard, MO",evaporative,1.16,0.08,True,True,1376675.65,377.67,78.7,0.0,2.89,True,0.0,2245092776.78,30808518.51,144647979.89,265503080.08,0.0,0.0,2686052355.27,0.0,818203412.82,3048208792.85,4812961251.87,2686052355.27,3504255768.08,5734261148.12,7499013607.13
17045,"Edgar, IL",evaporative,1.16,0.09,True,True,1369347.58,332.66,88.3,0.0,0.67,False,0.0,2505545724.87,78498261.39,118390941.48,0.0,0.0,0.0,2702434927.74,0.0,813848103.19,3031983129.55,4787341783.5,2702434927.74,3516283030.94,5734418057.29,7489776711.24
31147,"Richardson, NE",evaporative,1.16,0.07,False,False,1020056.54,364.22,76.6,0.0,2.89,True,0.0,2181710114.1,88246704.06,147418314.95,265503080.08,0.0,793542377.95,3476420591.14,0.0,606252997.9,2258589600.01,3566194105.28,3476420591.14,4082673589.04,5735010191.16,7042614696.43
29163,"Pike, MO",evaporative,1.16,0.08,True,True,1372441.17,351.66,78.7,0.0,2.89,True,0.0,2238187156.52,28686649.14,166545776.75,265503080.08,0.0,0.0,2698922662.49,0.0,815686723.03,3038832889.71,4798157194.29,2698922662.49,3514609385.51,5737755552.2,7497079856.77
29055,"Crawford, MO",evaporative,1.16,0.08,True,True,1370289.51,338.44,78.7,0.0,2.89,True,0.0,2234678222.6,27608469.46,176674925.94,265503080.08,0.0,0.0,2704464698.08,0.0,814407924.33,3034068737.72,4790634849.02,2704464698.08,3518872622.42,5738533435.8,7495099547.11
29053,"Cooper, MO",evaporative,1.17,0.08,True,True,1378248.2,387.33,78.7,0.0,2.89,True,0.0,2247657300.69,31596512.14,143598251.07,265503080.08,0.0,0.0,2688355143.99,0.0,819138029.97,3051690699.88,4818458999.82,2688355143.99,3507493173.95,5740045843.87,7506814143.8
29117,"Livingston, MO",evaporative,1.16,0.08,True,True,1373219.57,356.44,78.7,0.0,2.89,True,0.0,2239456584.45,57607248.41,137439038.78,265503080.08,0.0,0.0,2700005951.72,0.0,816149354.36,3040556418.21,4800878555.07,2700005951.72,3516155306.08,5740562369.93,7500884506.79
29111,"Lewis, MO",evaporative,1.16,0.08,True,True,1371306.8,344.69,78.7,0.0,2.89,True,0.0,2236337227.1,28118226.84,177310911.96,265503080.08,0.0,0.0,2707269445.97,0.0,815012533.27,3036321202.36,4794191372.15,2707269445.97,3522281979.24,5743590648.34,7501460818.13
29219,"Warren, MO",evaporative,1.16,0.08,True,True,1375971.46,373.35,78.7,0.0,2.89,True,0.0,2243944388.49,30455656.67,159227188.78,265503080.08,0.0,0.0,2699130314.03,0.0,817784893.27,3046649602.37,4810499372.17,2699130314.03,3516915207.29,5745779916.4,7509629686.19
31179,"Wayne, NE",dry,1.18,0.07,False,False,1032918.77,27.77,76.6,0.0,2.89,True,0.0,2209220026.72,13460323.79,183803781.46,265503080.08,0.0,793542377.95,3465529590.0,0.0,613897444.74,2287068911.79,3611161439.66,3465529590.0,4079427034.74,5752598501.79,7076691029.66
46083,"Lincoln, SD",dry,1.17,0.06,False,False,1029852.93,27.77,82.8,0.0,2.89,True,0.0,2380946168.05,7133065.58,126838851.7,265503080.08,0.0,694633800.75,3475054966.16,0.0,612075313.11,2280280578.25,3600443018.29,3475054966.16,4087130279.27,5755335544.41,7075497984.45
29115,"Linn, MO",evaporative,1.16,0.08,True,True,1372904.15,354.5,78.7,0.0,2.89,True,0.0,2238942195.73,55410458.17,155626198.58,265503080.08,0.0,0.0,2715481932.57,0.0,815961890.13,3039858022.04,4799775824.27,2715481932.57,3531443822.69,5755339954.6,7515257756.83
17061,"Greene, IL",evaporative,1.16,0.09,True,True,1372059.5,349.31,88.3,0.0,1.78,False,0.0,2510507824.41,28495398.42,179920690.98,0.0,0.0,0.0,2718923913.82,0.0,815459885.91,3037987810.26,4796822858.31,2718923913.82,3534383799.73,5756911724.08,7515746772.13
29075,"Gentry, MO",evaporative,1.16,0.08,True,True,1369566.37,334.0,78.7,0.0,2.89,True,0.0,2233498921.1,53026737.1,172907811.18,265503080.08,0.0,0.0,2724936549.47,0.0,813978138.75,3032467575.74,4788106698.54,2724936549.47,3538914688.22,5757404125.21,7513043248.01
29019,"Boone, MO",evaporative,1.16,0.08,True,True,1375590.65,371.01,78.7,0.0,2.89,True,1.8,2243323354.55,30264833.41,131322836.29,265503080.08,45000000.0,0.0,2715414104.34,0.0,817558563.16,3045806411.77,4809168018.58,2715414104.34,3532972667.49,5761220516.1,7524582122.91
17155,"Putnam, IL",evaporative,1.15,0.09,True,True,1361435.64,284.06,88.3,0.0,2.25,False,0.0,2491068945.73,60950885.7,121537873.57,74743326.49,0.0,0.0,2748301031.48,0.0,809145774.62,3014464650.56,4759681027.2,2748301031.48,3557446806.1,5762765682.04,7507982058.68
29051,"Cole, MO",evaporative,1.17,0.08,True,True,1379115.75,392.66,78.7,0.0,2.89,True,0.0,2249072107.79,46878667.86,150281091.05,265503080.08,0.0,0.0,2711734946.78,0.0,819653643.4,3053611612.68,4821492020.02,2711734946.78,3531388590.19,5765346559.46,7533226966.81
29127,"Marion, MO",evaporative,1.16,0.08,True,True,1373523.37,358.31,78.7,0.0,2.89,True,0.0,2239952016.66,29228932.46,190171751.12,265503080.08,0.0,0.0,2724855780.32,0.0,816329910.07,3041229076.75,4801940647.49,2724855780.32,3541185690.39,5766084857.06,7526796427.81
29161,"Phelps, MO",evaporative,1.16,0.08,True,True,1377039.78,379.91,78.7,0.0,2.89,True,0.0,2245686601.09,87363720.76,120010888.65,265503080.08,0.0,0.0,2718564290.58,0.0,818419826.63,3049015040.37,4814234274.27,2718564290.58,3536984117.21,5767579330.96,7532798564.85
31097,"Johnson, NE",evaporative,1.16,0.07,False,False,1016159.3,331.96,76.6,0.0,2.89,True,0.0,2173374664.87,71568990.06,215406758.71,265503080.08,0.0,793542377.95,3519395871.67,0.0,603936745.59,2249960424.75,3552569091.71,3519395871.67,4123332617.26,5769356296.42,7071964963.38
17053,"Ford, IL",evaporative,1.15,0.09,True,True,1362001.31,287.53,88.3,0.0,2.2,False,0.0,2492103972.26,65823473.58,134556015.9,61190965.09,0.0,0.0,2753674426.84,0.0,809481970.6,3015717145.36,4761658650.57,2753674426.84,3563156397.44,5769391572.2,7515333077.41
29189,"St. Louis, MO",evaporative,1.17,0.08,True,True,1380437.63,400.78,78.7,0.0,2.89,True,0.0,2251227847.96,32693623.57,164899953.09,265503080.08,0.0,0.0,2714324504.7,0.0,820439283.08,3056538505.59,4826113429.88,2714324504.7,3534763787.78,5770863010.29,7540437934.58
23007,"Franklin, ME",evaporative,1.12,0.06,False,False,577995.19,83.95,124.6,0.0,2.89,True,0.0,3431035443.52,6848421.6,162550107.32,265503080.08,0.0,625284108.7,4491221161.22,0.0,343521467.82,1279785860.51,2020714516.59,4491221161.22,4834742629.04,5771007021.73,6511935677.82
29139,"Montgomery, MO",evaporative,1.16,0.08,True,True,1375313.0,369.3,78.7,0.0,2.89,True,1.8,2242870554.11,30125702.77,144655254.79,265503080.08,45000000.0,0.0,2728154591.76,0.0,817393544.2,3045191635.27,4808197318.85,2728154591.76,3545548135.96,5773346227.03,7536351910.6
23017,"Oxford, ME",evaporative,1.13,0.06,False,False,579593.26,106.52,124.6,0.0,2.89,True,0.0,3440521699.88,9430742.13,151223419.36,265503080.08,0.0,625284108.7,4491963050.15,0.0,344471248.95,1283324260.79,2026301464.4,4491963050.15,4836434299.1,5775287310.94,6518264514.55
31011,"Boone, NE",dry,1.18,0.07,False,False,1031864.56,27.77,76.6,0.0,2.89,True,0.0,2206965262.34,11299317.3,217224289.15,265503080.08,0.0,793542377.95,3494534326.81,0.0,613270891.44,2284734693.62,3607475832.03,3494534326.81,4107805218.26,5779269020.43,7102010158.84
46099,"Minnehaha, SD",dry,1.17,0.06,False,False,1024666.16,27.77,82.8,0.0,2.89,True,1.8,2368954741.68,9390109.8,127827689.0,265503080.08,45000000.0,694633800.75,3511309421.32,0.0,608992649.53,2268796145.29,3582309703.09,3511309421.32,4120302070.84,5780105566.61,7093619124.41
29221,"Washington, MO",evaporative,1.16,0.08,True,True,1370568.23,340.15,78.7,0.0,2.89,True,0.0,2235132758.88,27967891.75,223446905.15,265503080.08,0.0,0.0,2752050635.87,0.0,814573575.9,3034685871.02,4791609270.02,2752050635.87,3566624211.77,5786736506.88,7543659905.89
31119,"Madison, NE",dry,1.18,0.07,False,False,1034894.2,27.77,76.6,0.0,2.89,True,0.0,2213445097.88,12929195.16,219624308.21,265503080.08,0.0,793542377.95,3505044059.27,0.0,615071506.34,2291442866.75,3618067684.33,3505044059.27,4120115565.61,5796486926.02,7123111743.6
29131,"Miller, MO",evaporative,1.17,0.08,True,True,1378094.05,386.38,78.7,0.0,2.89,True,0.0,2247405915.49,74034816.31,163628259.64,265503080.08,0.0,0.0,2750572071.52,0.0,819046414.94,3051349389.0,4817920087.9,2750572071.52,3569618486.46,5801921460.52,7568492159.41
17065,"Hamilton, IL",evaporative,1.17,0.09,True,True,1377728.2,384.14,88.3,0.0,1.7,False,0.0,2520880047.69,57417733.13,181589472.37,0.0,0.0,0.0,2759887253.19,0.0,818828977.99,3050539329.76,4816641046.98,2759887253.19,3578716231.18,5810426582.95,7576528300.17
29071,"Franklin, MO",evaporative,1.16,0.08,True,True,1375402.08,369.85,78.7,0.0,2.89,True,1.8,2243015826.75,30170340.26,190703193.8,265503080.08,45000000.0,0.0,2774392440.89,0.0,817446487.48,3045388874.93,4808508749.89,2774392440.89,3591838928.37,5819781315.82,7582901190.77
31141,"Platte, NE",dry,1.19,0.07,False,False,1040373.7,27.77,76.6,0.0,2.89,True,0.0,2225164734.55,8986771.43,228229842.13,265503080.08,0.0,793542377.95,3521426806.13,0.0,618328155.71,2303575482.04,3637224445.32,3521426806.13,4139754961.84,5825002288.17,7158651251.45
31023,"Butler, NE",dry,1.19,0.07,False,False,1046101.2,27.77,76.6,0.0,2.89,True,0.0,2237414773.63,9147047.33,205535184.78,265503080.08,0.0,793542377.95,3511142463.76,0.0,621732193.15,2316257190.16,3657248194.99,3511142463.76,4132874656.91,5827399653.92,7168390658.75
31159,"Seward, NE",dry,1.2,0.07,False,False,1050459.32,27.77,76.6,0.0,2.89,True,0.0,2246735983.14,11673216.4,194912320.47,265503080.08,0.0,793542377.95,3512366978.03,0.0,624322368.25,2325906862.09,3672484519.09,3512366978.03,4136689346.28,5838273840.12,7184851497.12
29510,"St. Louis, MO",evaporative,1.17,0.08,True,True,1384503.89,425.76,78.7,0.0,2.89,True,0.0,2257859128.41,34731197.36,217539907.71,265503080.08,0.0,0.0,2775633313.57,0.0,822855992.25,3065541931.9,4840329366.16,2775633313.57,3598489305.82,5841175245.47,7615962679.73
31109,"Lancaster, NE",evaporative,1.16,0.07,False,False,1017216.12,340.71,76.6,0.0,3.44,False,0.0,2175635004.1,51404064.21,140617582.76,432032854.21,0.0,793542377.95,3593231883.23,0.0,604564848.03,2252300414.22,3556263811.92,3593231883.23,4197796731.26,5845532297.45,7149495695.15
31093,"Howard, NE",dry,1.18,0.07,False,False,1039623.58,27.77,76.6,0.0,2.89,True,0.0,2223560351.39,12158233.27,250904273.33,265503080.08,0.0,793542377.95,3545668316.02,0.0,617882330.16,2301914563.34,3634601942.12,3545668316.02,4163550646.18,5847582879.36,7180270258.14
31059,"Fillmore, NE",dry,1.2,0.07,False,False,1049079.52,27.77,76.6,0.0,2.89,True,0.0,2243784850.5,13591932.15,216352614.46,265503080.08,0.0,793542377.95,3532774855.14,0.0,623502308.33,2322851736.93,3667660637.25,3532774855.14,4156277163.47,5855626592.07,7200435492.39
31081,"Hamilton, NE",dry,1.19,0.07,False,False,1045893.05,27.77,76.6,0.0,2.89,True,0.0,2236969578.58,13355867.56,231602001.63,265503080.08,0.0,793542377.95,3540972905.8,0.0,621608482.47,2315796307.25,3656520485.13,3540972905.8,4162581388.28,5856769213.06,7197493390.94
29099,"Jefferson, MO",evaporative,1.16,0.08,True,True,1376662.57,377.59,78.7,0.0,2.89,True,1.8,2245071445.23,30801964.03,225970396.15,265503080.08,45000000.0,0.0,2812346885.5,0.0,818195638.73,3048179830.56,4812915521.94,2812346885.5,3630542524.23,5860526716.06,7625262407.43
31035,"Clay, NE",dry,1.19,0.07,False,False,1044850.0,27.77,76.6,0.0,2.89,True,0.0,2234738699.44,13591932.15,241480774.43,265503080.08,0.0,793542377.95,3548856864.04,0.0,620988566.4,2313486816.0,3652873919.99,3548856864.04,4169845430.44,5862343680.04,7201730784.03
31095,"Jefferson, NE",dry,1.2,0.07,False,False,1051698.47,27.77,76.6,0.0,2.89,True,0.0,2249386293.47,13591932.15,215245623.31,265503080.08,0.0,793542377.95,3537269306.95,0.0,625058835.74,2328650564.53,3676816680.83,3537269306.95,4162328142.7,5865919871.48,7214085987.79
31151,"Saline, NE",dry,1.2,0.07,False,False,1052159.28,27.77,76.6,0.0,2.89,True,0.0,2250371882.96,13537409.2,216896555.29,265503080.08,0.0,793542377.95,3539851305.47,0.0,625332711.07,2329670884.4,3678427712.2,3539851305.47,4165184016.55,5869522189.87,7218279017.68
46127,"Union, SD",dry,1.18,0.06,False,False,1035057.07,27.77,82.8,0.0,2.89,True,0.0,2392977787.16,8199070.54,221160357.57,265503080.08,0.0,694633800.75,3582474096.1,0.0,615168309.13,2291803504.62,3618637112.56,3582474096.1,4197642405.23,5874277600.72,7201111208.66
29049,"Clinton, MO",evaporative,1.16,0.08,True,True,1369110.39,331.2,78.7,0.0,3.45,False,0.0,2232755293.39,32373809.33,146602284.03,434086242.3,0.0,0.0,2845817629.05,0.0,813707130.47,3031457937.05,4786512532.19,2845817629.05,3659524759.52,5877275566.11,7632330161.24
29157,"Perry, MO",evaporative,1.17,0.08,True,True,1377536.29,382.96,78.7,0.0,2.89,True,0.0,2246496316.51,35969930.73,279984645.15,265503080.08,0.0,0.0,2827953972.48,0.0,818714919.96,3050114407.7,4815970117.43,2827953972.48,3646668892.44,5878068380.18,7643924089.9
31143,"Polk, NE",dry,1.19,0.07,False,False,1045726.17,27.77,76.6,0.0,2.89,True,0.0,2236612666.22,12868052.54,256230637.38,265503080.08,0.0,793542377.95,3564756814.16,0.0,621509303.77,2315426817.95,3655937080.97,3564756814.16,4186266117.92,5880183632.11,7220693895.13
29043,"Christian, MO",dry,1.2,0.08,True,True,1420356.3,27.77,78.7,0.0,2.89,True,0.0,2316327498.72,9517612.34,151160950.34,265503080.08,0.0,0.0,2742509141.48,0.0,844164252.03,3144925644.82,4965672070.78,2742509141.48,3586673393.51,5887434786.31,7708181212.26
17095,"Knox, IL",evaporative,1.15,0.09,True,True,1362890.02,292.99,88.3,0.0,2.51,False,0.0,2493730087.57,66108494.66,167961321.26,151540041.07,0.0,0.0,2879339944.56,0.0,810010163.26,3017684921.94,4764765666.21,2879339944.56,3689350107.81,5897024866.49,7644105610.77
29187,"St. Francois, MO",dry,1.2,0.08,True,True,1416818.17,27.77,78.7,0.0,2.89,True,0.0,2310557501.65,7931437.49,176092985.26,265503080.08,0.0,0.0,2760085004.49,0.0,842061429.67,3137091600.74,4953302527.48,2760085004.49,3602146434.16,5897176605.23,7713387531.97
55073,"Marathon, WI",dry,1.14,0.06,True,True,1525706.17,27.77,85.4,0.0,1.71,False,0.0,2395677185.4,9898179.74,116857709.61,0.0,0.0,0.0,2522433074.75,0.0,906777131.78,3378189314.49,5333983128.14,2522433074.75,3429210206.53,5900622389.24,7856416202.89
29083,"Henry, MO",evaporative,1.17,0.08,True,True,1377801.06,384.58,78.7,0.0,3.25,False,0.0,2246928111.26,78730166.9,148610006.05,375770020.53,0.0,0.0,2850038304.74,0.0,818872283.59,3050700664.34,4816895785.81,2850038304.74,3668910588.33,5900738969.08,7666934090.54
08081,"Moffat, CO",evaporative,1.12,0.08,False,False,1111635.1,88.4,86.2,0.0,0.45,False,0.0,2374931651.93,15613450.87,154190693.21,0.0,0.0,896998475.93,3441734271.93,0.0,660681135.27,2461361092.2,3886359619.26,3441734271.93,4102415407.21,5903095364.13,7328093891.19
31185,"York, NE",dry,1.2,0.07,False,False,1048958.62,27.77,76.6,0.0,2.89,True,0.0,2243526272.63,13591932.15,270032440.33,265503080.08,0.0,793542377.95,3586196103.14,0.0,623430454.79,2322584047.24,3667237969.33,3586196103.14,4209626557.93,5908780150.38,7253434072.47
17173,"Shelby, IL",dry,1.2,0.09,True,True,1417789.09,27.77,88.3,0.0,1.7,False,0.0,2594180930.23,7140935.31,172813141.81,0.0,0.0,0.0,2774135007.34,0.0,842638475.3,3139241378.58,4956696913.55,2774135007.34,3616773482.65,5913376385.93,7730831920.9
17167,"Sangamon, IL",evaporative,1.16,0.09,True,True,1371139.28,343.66,88.3,0.0,2.5,False,1.8,2508824061.7,56904480.61,128342420.18,149897330.6,45000000.0,0.0,2888968293.08,0.0,814912968.3,3035950274.05,4793605695.87,2888968293.08,3703881261.38,5924918567.13,7682573988.95
17051,"Fayette, IL",dry,1.2,0.09,True,True,1419594.54,27.77,88.3,0.0,1.76,False,0.0,2597484431.11,7746860.02,178103544.36,0.0,0.0,0.0,2783334835.48,0.0,843711514.16,3143238974.33,4963008906.84,2783334835.48,3627046349.65,5926573809.81,7746343742.32
29031,"Cape Girardeau, MO",evaporative,1.17,0.08,True,True,1382689.76,414.61,78.7,0.0,2.89,True,0.0,2254900628.77,90515787.09,255442790.17,265503080.08,0.0,0.0,2866362286.11,0.0,821777794.26,3061525115.88,4833987025.08,2866362286.11,3688140080.38,5927887402.0,7700349311.19
29017,"Bollinger, MO",dry,1.21,0.08,True,True,1425417.21,27.77,78.7,0.0,2.5,False,0.0,2324580867.05,8327356.91,288740035.01,150308008.21,0.0,0.0,2771956267.19,0.0,847172116.21,3156131413.32,4983365389.46,2771956267.19,3619128383.4,5928087680.51,7755321656.65
17025,"Clay, IL",evaporative,1.16,0.09,True,True,1375469.43,370.26,88.3,0.0,2.5,False,0.0,2516747096.32,73738447.36,175033469.28,149897330.6,0.0,0.0,2915416343.56,0.0,817486518.1,3045538008.6,4808744224.1,2915416343.56,3732902861.65,5960954352.15,7724160567.66
29067,"Douglas, MO",dry,1.21,0.08,True,True,1428900.88,27.77,78.7,0.0,2.89,True,0.0,2330262066.2,6954713.76,197717043.17,265503080.08,0.0,0.0,2800436903.21,0.0,849242576.99,3163844894.65,4995544570.5,2800436903.21,3649679480.2,5964281797.86,7795981473.71
17123,"Marshall, IL",evaporative,1.15,0.09,True,True,1362589.23,291.14,88.3,0.0,2.89,True,0.0,2493179722.52,62809801.85,129934135.84,265503080.08,0.0,0.0,2951426740.29,0.0,809831394.4,3017018920.3,4763714084.69,2951426740.29,3761258134.69,5968445660.6,7715140824.98
29121,"Macon, MO",evaporative,1.16,0.08,True,True,1370832.31,341.78,78.7,0.0,3.76,False,0.0,2235563419.38,27882054.98,142773615.92,528542094.46,0.0,0.0,2934761184.73,0.0,814730526.16,3035270587.65,4792532506.82,2934761184.73,3749491710.89,5970031772.38,7727293691.55
29213,"Taney, MO",dry,1.21,0.08,True,True,1426071.52,27.77,78.7,0.0,2.89,True,0.0,2325647920.96,9651280.22,216043582.11,265503080.08,0.0,0.0,2816845863.37,0.0,847560994.19,3157580174.44,4985652907.0,2816845863.37,3664406857.56,5974426037.8,7802498770.37
34027,"Morris, NJ",evaporative,1.14,0.07,False,False,648639.64,197.22,119.3,0.0,2.89,True,0.0,3330678133.47,40287275.67,151844864.77,265503080.08,0.0,750340930.44,4538654284.42,0.0,385507777.76,1436205446.54,2267692810.33,4538654284.42,4924162062.18,5974859730.96,6806347094.75
17009,"Brown, IL",evaporative,1.16,0.09,True,True,1370291.83,338.46,88.3,0.0,2.89,True,0.0,2507273459.64,27609632.48,140823660.2,265503080.08,0.0,0.0,2941209832.41,0.0,814409303.76,3034073876.74,4790642963.27,2941209832.41,3755619136.16,5975283709.14,7731852795.67
29133,"Mississippi, MO",evaporative,1.17,0.08,True,True,1388866.75,452.56,78.7,0.0,2.89,True,0.0,2264974116.24,36917398.49,335971674.49,265503080.08,0.0,0.0,2903366269.3,0.0,825448984.12,3075202097.7,4855582259.52,2903366269.3,3728815253.42,5978568367.0,7758948528.82
17129,"Menard, IL",evaporative,1.16,0.09,True,True,1369689.49,334.76,88.3,0.0,2.89,True,0.0,2506171317.71,55675814.02,118757571.86,265503080.08,0.0,0.0,2946107783.67,0.0,814051307.45,3032740165.0,4788537102.63,2946107783.67,3760159091.12,5978847948.67,7734644886.31
17131,"Mercer, IL",evaporative,1.15,0.09,True,True,1363205.69,294.93,88.3,0.0,2.89,True,0.0,2494307682.39,25508189.95,178588558.22,265503080.08,0.0,0.0,2963907510.64,0.0,810197776.85,3018383874.55,4765869275.61,2963907510.64,3774105287.49,5982291385.19,7729776786.25
34031,"Passaic, NJ",evaporative,1.14,0.07,False,False,649900.54,213.31,119.3,0.0,2.89,True,0.0,3337152666.67,26004545.66,166288116.58,265503080.08,0.0,750340930.44,4545289339.42,0.0,386257169.56,1438997298.37,2272100997.43,4545289339.42,4931546508.99,5984286637.79,6817390336.85
17169,"Schuyler, IL",evaporative,1.16,0.09,True,True,1369965.64,336.45,88.3,0.0,2.89,True,0.0,2506676609.65,27446178.62,151757678.12,265503080.08,0.0,0.0,2951383546.47,0.0,814215435.72,3033351623.26,4789502563.04,2951383546.47,3765598982.19,5984735169.73,7740886109.51
17187,"Warren, IL",evaporative,1.15,0.09,True,True,1364226.47,301.2,88.3,0.0,2.89,True,0.0,2496175444.32,45074724.77,160230108.88,265503080.08,0.0,0.0,2966983358.06,0.0,810804460.86,3020644069.85,4769438005.03,2966983358.06,3777787818.92,5987627427.92,7736421363.09
05035,"Crittenden, AR",dry,1.25,0.09,True,True,1481133.15,27.77,66.1,0.0,3.3,False,0.0,2028726453.34,10474500.22,280915716.86,388911704.31,0.0,0.0,2709028374.72,0.0,880285927.38,3279496592.18,5178152513.98,2709028374.72,3589314302.1,5988524966.91,7887180888.7
17113,"McLean, IL",evaporative,1.15,0.09,True,True,1365464.69,308.8,88.3,0.0,2.94,False,0.0,2498441045.78,58082367.78,134552936.31,282135523.61,0.0,0.0,2973211873.49,0.0,811540370.58,3023385694.3,4773766885.74,2973211873.49,3784752244.07,5996597567.79,7746978759.23
54067,"Nicholas, WV",evaporative,1.14,0.07,False,False,988318.87,179.67,78.1,0.0,4.29,False,0.0,2175809583.59,25552346.25,169188134.78,688295687.89,0.0,750340930.44,3809186682.93,0.0,587390265.62,2188316675.84,3455236856.59,3809186682.93,4396576948.55,5997503358.77,7264423539.52
17011,"Bureau, IL",dry,1.18,0.09,True,True,1397207.14,27.77,88.3,0.0,2.81,False,0.0,2556521388.64,7429549.24,105867195.1,243531827.52,0.0,0.0,2913349960.49,0.0,830405951.99,3093669232.91,4884740894.07,2913349960.49,3743755912.48,6007019193.4,7798090854.56
17117,"Macoupin, IL",evaporative,1.16,0.09,True,True,1373361.64,357.31,88.3,0.0,2.89,True,0.0,2512890401.1,50262607.95,139560242.8,265503080.08,0.0,0.0,2968216331.93,0.0,816233791.37,3040870987.47,4801375243.38,2968216331.93,3784450123.31,6009087319.41,7769591575.31
31033,"Cheyenne, NE",dry,1.16,0.07,False,False,1149982.84,27.77,76.6,0.0,2.89,True,0.0,2183241252.03,13591932.15,210581380.2,265503080.08,0.0,793542377.95,3466460022.41,0.0,683472453.63,2546269925.3,4020426197.85,3466460022.41,4149932476.04,6012729947.71,7486886220.26
34037,"Sussex, NJ",dry,1.16,0.07,False,False,657520.33,27.77,119.3,0.0,2.89,True,1.8,3376279273.28,7648027.67,124485947.73,265503080.08,45000000.0,750340930.44,4569257259.19,0.0,390785860.29,1455868891.26,2298740354.62,4569257259.19,4960043119.48,6025126150.46,6867997613.82
29153,"Ozark, MO",dry,1.21,0.08,True,True,1435342.0,27.77,78.7,0.0,2.89,True,0.0,2340766289.36,7362571.31,233541038.17,265503080.08,0.0,0.0,2847172978.93,0.0,853070744.5,3178106695.2,5018063202.95,2847172978.93,3700243723.43,6025279674.13,7865236181.88
17049,"Effingham, IL",evaporative,1.16,0.09,True,True,1372305.72,350.83,88.3,0.0,2.89,True,0.0,2510958344.63,73918163.24,139667887.7,265503080.08,0.0,0.0,2990047475.64,0.0,815606223.3,3038532988.78,4797683666.49,2990047475.64,3805653698.95,6028580464.42,7787731142.14
08041,"El Paso, CO",dry,1.14,0.08,False,False,1131545.48,27.77,86.2,0.0,0.83,False,1.8,2417468801.91,12898074.76,162820103.71,0.0,45000000.0,896998475.93,3535185456.31,0.0,672514525.31,2505446270.76,3955967795.93,3535185456.31,4207699981.62,6040631727.07,7491153252.25
17083,"Jersey, IL",evaporative,1.16,0.09,True,True,1373911.6,360.69,88.3,0.0,2.89,True,0.0,2513896674.95,53093947.83,172977717.96,265503080.08,0.0,0.0,3005471420.81,0.0,816560647.94,3042088688.39,4803297929.04,3005471420.81,3822032068.75,6047560109.21,7808769349.86
17035,"Cumberland, IL",dry,1.2,0.09,True,True,1419137.91,27.77,88.3,0.0,2.42,False,0.0,2596648919.86,7296935.13,183014515.35,126078028.75,0.0,0.0,2913038399.08,0.0,843440124.49,3142227914.75,4961412496.98,2913038399.08,3756478523.57,6055266313.84,7874450896.06
17159,"Richland, IL",evaporative,1.16,0.09,True,True,1375385.38,369.74,88.3,0.0,2.89,True,0.0,2516593299.59,70468837.99,158423322.49,265503080.08,0.0,0.0,3010988540.15,0.0,817436562.04,3045351897.81,4808450364.96,3010988540.15,3828425102.19,6056340437.96,7819438905.11
17073,"Henry, IL",dry,1.18,0.09,True,True,1400054.34,27.77,88.3,0.0,2.85,False,0.0,2561731011.34,7724137.69,132913318.28,255852156.06,0.0,0.0,2958220623.36,0.0,832098134.86,3099973443.6,4894694910.94,2958220623.36,3790318758.22,6058194066.95,7852915534.3
17147,"Piatt, IL",evaporative,1.16,0.09,True,True,1367700.72,322.54,88.3,0.0,2.89,True,0.0,2502532401.59,68198415.9,195229991.29,265503080.08,0.0,0.0,3031463888.87,0.0,812869319.45,3028336680.29,4781584232.04,3031463888.87,3844333208.32,6059800569.16,7813048120.91
08063,"Kit Carson, CO",dry,1.18,0.08,False,False,1163032.28,27.77,86.2,0.0,1.59,False,0.0,2484738179.65,13591932.15,92959899.89,0.0,0.0,896998475.93,3488288487.61,0.0,691228162.32,2575163741.96,4066048013.62,3488288487.61,4179516649.93,6063452229.58,7554336501.24
17185,"Wabash, IL",evaporative,1.17,0.09,True,True,1379604.47,395.66,88.3,0.0,2.89,True,0.0,2524313137.47,32276133.44,189761275.46,265503080.08,0.0,0.0,3011853626.45,0.0,819944109.74,3054693742.18,4823200645.54,3011853626.45,3831797736.2,6066547368.63,7835054272.0
34019,"Hunterdon, NJ",dry,1.17,0.07,False,False,665639.99,27.77,119.3,0.0,2.89,True,0.0,3417972641.79,10114440.67,154973450.83,265503080.08,0.0,750340930.44,4598904543.81,0.0,395611639.66,1473847285.01,2327127292.13,4598904543.81,4994516183.47,6072751828.82,6926031835.94
17133,"Monroe, IL",evaporative,1.17,0.09,True,True,1381067.79,404.65,88.3,0.0,2.89,True,0.0,2526990623.64,63220289.45,172513301.94,265503080.08,0.0,0.0,3028227295.12,0.0,820813807.32,3057933791.97,4828316513.64,3028227295.12,3849041102.44,6086161087.1,7856543808.76
08001,"Adams, CO",dry,1.17,0.08,False,False,1152588.36,27.77,86.2,0.0,1.63,False,1.8,2462425475.56,13591932.15,117276497.59,0.0,45000000.0,896998475.93,3535292381.23,0.0,685021001.51,2552039025.23,4029535303.0,3535292381.23,4220313382.74,6087331406.46,7564827684.23
17107,"Logan, IL",evaporative,1.16,0.09,True,True,1368627.56,328.23,88.3,0.0,3.07,False,1.8,2504228271.74,54632508.73,143048527.21,319917864.48,45000000.0,0.0,3066827172.16,0.0,813420169.78,3030388867.82,4784824528.13,3066827172.16,3880247341.94,6097216039.97,7851651700.29
55015,"Calumet, WI",evaporative,1.14,0.06,True,True,1516950.73,189.2,85.4,0.0,2.89,True,0.0,2381929317.56,16921780.6,76049915.07,265503080.08,0.0,0.0,2740404093.3,0.0,901573487.38,3358803188.29,5303373455.19,2740404093.3,3641977580.69,6099207281.59,8043777548.49
17191,"Wayne, IL",evaporative,1.16,0.09,True,True,1376764.29,378.22,88.3,0.0,2.89,True,0.0,2519116356.24,75322504.75,191785432.33,265503080.08,0.0,0.0,3051727373.4,0.0,818256098.02,3048405071.07,4813271164.85,3051727373.4,3869983471.43,6100132444.47,7864998538.25
08069,"Larimer, CO",dry,1.13,0.08,False,False,1116946.13,27.77,86.2,0.0,2.66,False,0.0,2386278315.55,12974524.79,132028685.8,199178644.76,0.0,896998475.93,3627458646.84,0.0,663837658.37,2473120688.03,3904927402.16,3627458646.84,4291296305.21,6100579334.87,7532386049.0
34035,"Somerset, NJ",dry,1.18,0.07,False,False,668862.37,27.77,119.3,0.0,2.89,True,0.0,3434519151.32,10093348.9,160120583.94,265503080.08,0.0,750340930.44,4620577094.68,0.0,397526807.64,1480982224.55,2338392986.14,4620577094.68,5018103902.33,6101559319.24,6958970080.82
17047,"Edwards, IL",evaporative,1.17,0.09,True,True,1381725.69,408.69,88.3,0.0,2.89,True,0.0,2528194413.16,58948034.67,198423144.8,265503080.08,0.0,0.0,3051068672.71,0.0,821204820.66,3059390508.35,4830616592.14,3051068672.71,3872273493.37,6110459181.07,7881685264.85
17193,"White, IL",evaporative,1.17,0.09,True,True,1379279.9,393.67,88.3,0.0,2.89,True,0.0,2523719261.6,61978859.93,215316941.77,265503080.08,0.0,0.0,3066518143.38,0.0,819751207.75,3053975087.71,4822065927.97,3066518143.38,3886269351.14,6120493231.1,7888584071.35
17001,"Adams, IL",evaporative,1.16,0.09,True,True,1370962.75,342.58,88.3,0.0,3.29,False,0.0,2508501063.25,27945825.07,162424617.97,388090349.08,0.0,0.0,3086961855.37,0.0,814808052.36,3035559410.77,4792988543.31,3086961855.37,3901769907.74,6122521266.14,7879950398.69
17157,"Randolph, IL",evaporative,1.17,0.09,True,True,1381726.45,408.7,88.3,0.0,2.89,True,0.0,2528195798.27,70009545.16,202613701.91,265503080.08,0.0,0.0,3066322125.43,0.0,821205270.57,3059392184.49,4830619238.67,3066322125.43,3887527396.01,6125714309.92,7896941364.1
29207,"Stoddard, MO",dry,1.23,0.08,True,True,1451488.72,27.77,78.7,0.0,2.89,True,0.0,2367098487.19,13551866.42,267575795.52,265503080.08,0.0,0.0,2913729229.22,0.0,862667271.81,3213858463.59,5074513363.56,2913729229.22,3776396501.02,6127587692.81,7988242592.78
17057,"Fulton, IL",evaporative,1.16,0.09,True,True,1366820.59,317.13,88.3,0.0,3.41,False,0.0,2500922000.64,67491728.87,114228545.69,422997946.61,0.0,0.0,3105640221.81,0.0,812346231.1,3026387919.79,4778507241.78,3105640221.81,3917986452.91,6132028141.61,7884147463.59
17181,"Union, IL",evaporative,1.17,0.09,True,True,1381587.41,407.84,88.3,0.0,2.89,True,0.0,2527941387.52,45195096.99,253567191.57,265503080.08,0.0,0.0,3092206756.16,0.0,821122633.2,3059084319.78,4830133136.49,3092206756.16,3913329389.37,6151291075.94,7922339892.65
08087,"Morgan, CO",dry,1.17,0.08,False,False,1158090.98,27.77,86.2,0.0,1.59,False,0.0,2474181448.27,13591932.15,206417122.64,0.0,0.0,896998475.93,3591188978.99,0.0,688291390.11,2564222825.89,4048772882.98,3591188978.99,4279480369.09,6155411804.87,7639961861.97
17199,"Williamson, IL",evaporative,1.16,0.09,True,True,1377350.23,381.81,88.3,0.0,2.89,True,0.0,2520188461.61,90219024.51,231487167.7,265503080.08,0.0,0.0,3107397733.9,0.0,818604337.9,3049702435.3,4815319634.68,3107397733.9,3926002071.79,6157100169.2,7922717368.58
17125,"Mason, IL",evaporative,1.16,0.09,True,True,1369956.89,336.4,88.3,0.0,3.29,False,0.0,2506660592.96,57302555.89,177708648.69,388090349.08,0.0,0.0,3129762146.62,0.0,814210233.2,3033332241.33,4789471959.99,3129762146.62,3943972379.81,6163094387.94,7919234106.6
34041,"Warren, NJ",dry,1.16,0.07,False,False,659786.45,27.77,119.3,0.0,3.32,False,0.0,3387915522.76,8677072.16,171638528.16,394661190.97,0.0,750340930.44,4713233244.48,0.0,392132692.52,1460886501.55,2306662897.19,4713233244.48,5105365937.0,6174119746.03,7019896141.67
17005,"Bond, IL",dry,1.2,0.09,True,True,1424312.46,27.77,88.3,0.0,2.89,True,0.0,2606116987.96,7863471.52,165553900.44,265503080.08,0.0,0.0,3045037440.0,0.0,846515530.05,3153685308.03,4979503117.95,3045037440.0,3891552970.05,6198722748.03,8024540557.95
17033,"Crawford, IL",dry,1.2,0.09,True,True,1424177.18,27.77,88.3,0.0,2.89,True,0.0,2605869467.62,6993039.97,177450967.16,265503080.08,0.0,0.0,3055816554.83,0.0,846435130.81,3153385781.46,4979030181.26,3055816554.83,3902251685.64,6209202336.29,8034846736.09
17127,"Massac, IL",evaporative,1.17,0.09,True,True,1384234.81,424.1,88.3,0.0,2.89,True,0.0,2532785443.11,34596366.42,319403654.99,265503080.08,0.0,0.0,3152288544.6,0.0,822696073.04,3064946154.46,4839388664.94,3152288544.6,3974984617.64,6217234699.06,7991677209.54
33011,"Hillsborough, NH",evaporative,1.13,0.0,True,True,582605.02,149.06,162.1,0.0,2.89,True,0.0,4499250507.98,35258774.8,139623596.77,265503080.08,0.0,0.0,4939635959.63,0.0,346261240.16,1289992855.51,2036830824.49,4939635959.63,5285897199.8,6229628815.14,6976466784.12
54037,"Jefferson, WV",dry,1.19,0.07,False,False,1030872.23,27.77,78.1,0.0,4.71,False,0.0,2269491906.0,8637890.09,106988632.73,811909650.92,0.0,750340930.44,3947369010.18,0.0,612681120.42,2282537507.45,3604006590.71,3947369010.18,4560050130.6,6229906517.63,7551375600.89
33001,"Belknap, NH",evaporative,1.13,0.0,True,True,582313.25,144.93,162.1,0.0,2.89,True,0.0,4496997281.51,34294180.5,144801077.6,265503080.08,0.0,0.0,4941595619.69,0.0,346087832.39,1289346826.57,2035810778.79,4941595619.69,5287683452.08,6230942446.25,6977406398.48
08013,"Boulder, CO",dry,1.14,0.08,False,False,1124483.83,27.77,86.2,0.0,2.89,True,0.0,2402382091.1,13572565.14,168163842.87,265503080.08,0.0,896998475.93,3746620055.12,0.0,668317560.22,2489810518.47,3931279766.01,3746620055.12,4414937615.34,6236430573.6,7677899821.13
33019,"Sullivan, NH",evaporative,1.13,0.0,True,True,580564.96,120.24,162.1,0.0,2.89,True,0.0,4483495875.67,22905943.07,180128865.96,265503080.08,0.0,0.0,4952033764.79,0.0,345048767.44,1285475800.26,2029698631.99,4952033764.79,5297082532.23,6237509565.05,6981732396.78
17087,"Johnson, IL",evaporative,1.17,0.09,True,True,1380673.93,402.23,88.3,0.0,3.29,False,0.0,2526269964.26,34204033.69,232351368.5,388090349.08,0.0,0.0,3180915715.53,0.0,820579723.67,3057061715.65,4826939551.03,3180915715.53,4001495439.21,6237977431.18,8007855266.56
33013,"Merrimack, NH",evaporative,1.13,0.0,True,True,582212.83,143.52,162.1,0.0,2.89,True,0.0,4496221726.99,33773943.42,156946192.88,265503080.08,0.0,0.0,4952444943.38,0.0,346028145.9,1289124465.14,2035459681.79,4952444943.38,5298473089.28,6241569408.51,6987904625.17
33003,"Carroll, NH",evaporative,1.13,0.0,True,True,580513.78,119.52,162.1,0.0,2.89,True,0.0,4483100620.47,13759773.09,194067666.52,265503080.08,0.0,0.0,4956431140.15,0.0,345018348.69,1285362475.52,2029519698.19,4956431140.15,5301449488.85,6241793615.68,6985950838.35
33005,"Cheshire, NH",evaporative,1.13,0.0,True,True,581261.66,130.08,162.1,0.0,2.89,True,0.0,4488876170.95,25245960.83,178307184.28,265503080.08,0.0,0.0,4957932396.13,0.0,345462833.67,1287018399.96,2032134315.72,4957932396.13,5303395229.81,6244950796.09,6990066711.86
55111,"Sauk, WI",dry,1.15,0.06,True,True,1538944.92,27.77,85.4,0.0,2.89,True,0.0,2416464783.42,9851918.62,151396156.66,265503080.08,0.0,0.0,2843215938.78,0.0,914645353.19,3407502296.19,5380266783.46,2843215938.78,3757861291.97,6250718234.97,8223482722.23
55047,"Green Lake, WI",dry,1.16,0.06,True,True,1543978.28,27.77,85.4,0.0,2.89,True,0.0,2424368217.57,11901288.39,134778227.63,265503080.08,0.0,0.0,2836550813.67,0.0,917636846.95,3418647076.85,5397863805.56,2836550813.67,3754187660.61,6255197890.52,8234414619.23
08035,"Douglas, CO",dry,1.14,0.08,False,False,1124144.68,27.77,86.2,0.0,2.89,True,1.8,2401657503.05,13591300.13,148028686.05,265503080.08,45000000.0,896998475.93,3770779045.24,0.0,668115987.41,2489059560.93,3930094043.58,3770779045.24,4438895032.65,6259838606.18,7700873088.82
08101,"Pueblo, CO",dry,1.17,0.08,False,False,1160402.08,27.77,86.2,0.0,2.62,False,0.0,2479118952.88,12808229.51,115814060.09,186036960.99,0.0,896998475.93,3690776679.4,0.0,689664952.23,2569340018.09,4056852660.15,3690776679.4,4380441631.62,6260116697.49,7747629339.54
08014,"Broomfield, CO",dry,1.16,0.08,False,False,1150160.88,27.77,86.2,0.0,2.89,True,0.0,2457239319.71,13591932.15,84093937.26,265503080.08,0.0,896998475.93,3717426745.13,0.0,683578267.22,2546664132.77,4021048630.69,3717426745.13,4401005012.35,6264090877.9,7738475375.82
17175,"Stark, IL",dry,1.18,0.09,True,True,1396141.48,27.77,88.3,0.0,3.55,False,0.0,2554571501.47,7138980.32,146719431.74,466119096.51,0.0,0.0,3174549010.05,0.0,829772592.18,3091309657.14,4881015248.11,3174549010.05,4004321602.23,6265858667.19,8055564258.16
55065,"Lafayette, WI",dry,1.16,0.06,True,True,1549949.33,27.77,85.4,0.0,2.89,True,0.0,2433744007.86,8458714.18,126668463.29,265503080.08,0.0,0.0,2834374265.41,0.0,921185635.69,3431868054.53,5418739033.47,2834374265.41,3755559901.1,6266242319.94,8253113298.88
55057,"Juneau, WI",dry,1.15,0.06,True,True,1537434.44,27.77,85.4,0.0,2.89,True,0.0,2414093011.83,9851918.62,174712328.29,265503080.08,0.0,0.0,2864160338.82,0.0,913747624.46,3404157816.6,5374986026.21,2864160338.82,3777907963.28,6268318155.42,8239146365.03
55001,"Adams, WI",dry,1.15,0.06,True,True,1539006.47,27.77,85.4,0.0,2.89,True,0.0,2416561430.69,10097708.27,169392180.19,265503080.08,0.0,0.0,2861554399.23,0.0,914681934.72,3407638580.32,5380481968.92,2861554399.23,3776236333.95,6269192979.55,8242036368.15
17027,"Clinton, IL",dry,1.21,0.09,True,True,1429886.65,27.77,88.3,0.0,2.89,True,0.0,2616316297.15,7863471.52,215860638.15,265503080.08,0.0,0.0,3105543486.9,0.0,849828456.39,3166027582.64,4998990919.96,3105543486.9,3955371943.29,6271571069.54,8104534406.86
17163,"St. Clair, IL",evaporative,1.17,0.09,True,True,1380406.6,400.59,88.3,0.0,3.3,False,0.0,2525780822.6,94568336.19,213691999.77,388501026.69,0.0,0.0,3222542185.25,0.0,820420841.32,3056469800.98,4826004948.92,3222542185.25,4042963026.57,6279011986.24,8048547134.17
17115,"Macon, IL",evaporative,1.16,0.09,True,True,1369881.28,335.93,88.3,0.0,3.29,False,6.0,2506522257.47,57297996.08,144996379.85,388090349.08,150000000.0,0.0,3246906982.48,0.0,814165299.24,3033164840.31,4789207642.6,3246906982.48,4061072281.72,6280071822.79,8036114625.07
55077,"Marquette, WI",dry,1.16,0.06,True,True,1543165.12,27.77,85.4,0.0,2.89,True,0.0,2423091380.95,11928955.53,163224746.91,265503080.08,0.0,0.0,2863748163.47,0.0,917153557.19,3416846585.61,5395020924.64,2863748163.47,3780901720.66,6280594749.08,8258769088.12
08083,"Montezuma, CO",dry,1.15,0.08,False,False,1138837.34,27.77,86.2,0.0,2.89,True,0.0,2433047366.72,7972968.03,157388460.25,265503080.08,0.0,896998475.93,3760910351.02,0.0,676848319.03,2521591776.77,3981460700.17,3760910351.02,4437758670.04,6282502127.79,7742371051.19
55139,"Winnebago, WI",dry,1.16,0.06,True,True,1544029.36,27.77,85.4,0.0,2.5,False,6.0,2424448418.09,6887347.78,132126549.11,150308008.21,150000000.0,0.0,2863770323.19,0.0,917667203.29,3418760169.11,5398042372.28,2863770323.19,3781437526.48,6282530492.3,8261812695.47
17119,"Madison, IL",dry,1.21,0.09,True,True,1431578.97,27.77,88.3,0.0,2.89,True,1.8,2619412790.47,7435177.68,175501597.62,265503080.08,45000000.0,0.0,3112852645.85,0.0,850834255.33,3169774676.71,5004907384.27,3112852645.85,3963686901.17,6282627322.55,8117760030.12
55117,"Sheboygan, WI",dry,1.15,0.06,True,True,1537959.62,27.77,85.4,0.0,3.29,False,0.0,2414917658.68,7680364.35,78938334.7,388090349.08,0.0,0.0,2889626706.81,0.0,914059757.87,3405320666.59,5376822105.13,2889626706.81,3803686464.68,6294947373.39,8266448811.94
17135,"Montgomery, IL",dry,1.2,0.09,True,True,1421313.38,27.77,88.3,0.0,3.29,False,0.0,2600629452.59,7084181.22,154360703.56,388090349.08,0.0,0.0,3150164686.45,0.0,844733075.95,3147044792.75,4969018093.82,3150164686.45,3994897762.4,6297209479.2,8119182780.27
17109,"McDonough, IL",evaporative,1.16,0.09,True,True,1366190.07,313.26,88.3,0.0,4.08,False,0.0,2499768314.23,28498316.93,121960897.23,622997946.61,0.0,0.0,3273225475.0,0.0,811971492.19,3024991833.63,4776302895.21,3273225475.0,4085196967.19,6298217308.64,8049528370.22
17041,"Douglas, IL",dry,1.2,0.09,True,True,1416680.38,27.77,88.3,0.0,2.89,True,0.0,2592152295.54,7612543.01,305587146.7,265503080.08,0.0,0.0,3170855065.32,0.0,841979536.82,3136786509.73,4952820804.84,3170855065.32,4012834602.15,6307641575.06,8123675870.16
17029,"Coles, IL",dry,1.2,0.09,True,True,1416779.82,27.77,88.3,0.0,3.3,False,0.0,2592334244.51,7443057.91,184575518.61,388911704.31,0.0,0.0,3173264525.34,0.0,842038637.25,3137006687.8,4953168454.41,3173264525.34,4015303162.59,6310271213.14,8126432979.76
08043,"Fremont, CO",dry,1.13,0.08,False,False,1121639.42,27.77,86.2,0.0,2.89,True,0.0,2396305190.76,12808833.21,255986728.26,265503080.08,0.0,896998475.93,3827602308.24,0.0,666627030.13,2483512465.2,3921335471.36,3827602308.24,4494229338.38,6311114773.44,7748937779.61
08073,"Lincoln, CO",dry,1.16,0.08,False,False,1150788.04,27.77,86.2,0.0,2.64,False,0.0,2458579218.41,13275866.16,211427162.54,190554414.78,0.0,896998475.93,3770835137.82,0.0,683951013.02,2548052793.59,4023241253.03,3770835137.82,4454786150.84,6318887931.41,7794076390.86
17093,"Kendall, IL",dry,1.18,0.09,True,True,1392593.63,27.77,88.3,0.0,3.81,False,0.0,2548079878.9,10786916.35,135986088.01,544147843.94,0.0,0.0,3239000727.21,0.0,827663991.78,3083454087.03,4868611716.36,3239000727.21,4066664718.99,6322454814.23,8107612443.57
17079,"Jasper, IL",dry,1.2,0.09,True,True,1420550.07,27.77,88.3,0.0,3.3,False,0.0,2599232808.98,6845695.83,185507428.55,388911704.31,0.0,0.0,3180497637.68,0.0,844279419.99,3145354701.92,4966349529.34,3180497637.68,4024777057.66,6325852339.59,8146847167.02
29155,"Pemiscot, MO",dry,1.24,0.08,True,True,1464465.32,27.77,78.7,0.0,2.89,True,0.0,2388260816.48,11248153.47,423213622.13,265503080.08,0.0,0.0,3088225672.16,0.0,870379688.07,3242590994.77,5119880518.05,3088225672.16,3958605360.23,6330816666.93,8208106190.21
17077,"Jackson, IL",dry,1.21,0.09,True,True,1434295.41,27.77,88.3,0.0,2.89,True,0.0,2624383151.47,7196362.43,260156461.87,265503080.08,0.0,0.0,3157239055.85,0.0,852448721.52,3175789354.68,5014404244.24,3157239055.85,4009687777.37,6333028410.53,8171643300.09
17081,"Jefferson, IL",dry,1.21,0.09,True,True,1428217.6,27.77,88.3,0.0,3.3,False,0.0,2613262369.68,7804430.78,172619670.75,388911704.31,0.0,0.0,3182598175.52,0.0,848836483.64,3162331997.89,4993155786.15,3182598175.52,4031434659.17,6344930173.41,8175753961.67
29143,"New Madrid, MO",dry,1.23,0.08,True,True,1456449.53,27.77,78.7,0.0,3.21,False,0.0,2375188610.24,9311556.64,380543617.56,363860369.61,0.0,0.0,3128904154.05,0.0,865615642.74,3224842590.59,5091856721.99,3128904154.05,3994519796.79,6353746744.64,8220760876.04
17121,"Marion, IL",dry,1.21,0.09,True,True,1427941.55,27.77,88.3,0.0,3.31,False,0.0,2612757274.61,7018358.54,186706169.87,393018480.49,0.0,0.0,3199500283.52,0.0,848672419.32,3161720777.87,4992190701.9,3199500283.52,4048172702.84,6361221061.39,8191690985.42
55141,"Wood, WI",dry,1.15,0.06,True,True,1531000.91,27.77,85.4,0.0,3.52,False,0.0,2403991038.94,9059662.6,134151390.13,455030800.82,0.0,0.0,3002232892.49,0.0,909923971.56,3389912835.24,5352493950.37,3002232892.49,3912156864.06,6392145727.73,8354726842.87
23001,"Androscoggin, ME",evaporative,1.13,0.06,False,False,582811.35,151.97,124.6,0.0,4.87,False,1.8,3459624626.43,13215296.9,98337117.03,862012320.33,45000000.0,625284108.7,5103473469.38,0.0,346383868.47,1290449706.06,2037552167.46,5103473469.38,5449857337.85,6393923175.44,7141025636.85
55097,"Portage, WI",dry,1.15,0.06,True,True,1531557.92,27.77,85.4,0.0,3.53,False,0.0,2404865659.82,10142115.37,131849822.12,457905544.15,0.0,0.0,3004763141.45,0.0,910255020.43,3391146154.53,5354441296.62,3004763141.45,3915018161.88,6395909295.98,8359204438.07
08031,"Denver, CO",dry,1.17,0.08,False,False,1152140.48,27.77,86.2,0.0,2.89,True,1.8,2461468613.33,13591932.15,162424751.28,265503080.08,45000000.0,896998475.93,3844986852.77,0.0,684754812.45,2551047340.49,4027969484.99,3844986852.77,4529741665.22,6396034193.26,7872956337.76
17055,"Franklin, IL",dry,1.21,0.09,True,True,1432511.3,27.77,88.3,0.0,3.3,False,0.0,2621118700.92,8277142.68,206574313.44,388911704.31,0.0,0.0,3224881861.35,0.0,851388366.94,3171839014.1,5008166864.36,3224881861.35,4076270228.29,6396720875.45,8233048725.71
17145,"Perry, IL",dry,1.21,0.09,True,True,1435117.16,27.77,88.3,0.0,3.29,False,0.0,2625886737.03,8333482.8,208188278.45,388090349.08,0.0,0.0,3230498847.36,0.0,852937114.23,3177608856.93,5017277142.52,3230498847.36,4083435961.58,6408107704.28,8247775989.87
17023,"Clark, IL",evaporative,1.16,0.09,True,True,1371200.02,344.04,88.3,0.0,4.35,False,0.0,2508935208.2,83129024.85,132860443.73,705954825.46,0.0,0.0,3430879502.25,0.0,814949070.76,3036084773.43,4793818063.3,3430879502.25,4245828573.01,6466964275.68,8224697565.56
55137,"Waushara, WI",dry,1.16,0.06,True,True,1540845.3,27.77,85.4,0.0,3.63,False,0.0,2419448779.97,10965725.24,140191749.86,488295687.89,0.0,0.0,3058901942.96,0.0,915774812.47,3411710085.66,5386910661.58,3058901942.96,3974676755.43,6470612028.62,8445812604.54
08123,"Weld, CO",dry,1.16,0.08,False,False,1146058.85,27.77,86.2,0.0,3.52,False,0.0,2448475620.87,13591932.15,132942723.74,456262833.68,0.0,896998475.93,3948271586.37,0.0,681140297.9,2537581501.98,4006707634.71,3948271586.37,4629411884.27,6485853088.35,7954979221.08
09160,"Northwest Hills, CT",evaporative,1.13,0.06,True,True,583074.01,155.68,171.2,0.0,2.89,True,0.0,4755655384.97,19328481.46,186722559.32,265503080.08,0.0,0.0,5227209505.84,0.0,346539972.47,1291031270.0,2038470426.31,5227209505.84,5573749478.32,6518240775.84,7265679932.15
09140,"Naugatuck Valley, CT",evaporative,1.14,0.06,True,True,587075.69,212.19,171.2,0.0,2.89,True,0.0,4788293870.19,22451429.84,174405976.99,265503080.08,0.0,0.0,5250654357.1,0.0,348918307.08,1299891732.25,2052460629.87,5250654357.1,5599572664.18,6550546089.35,7303114986.96
09150,"Northeastern Connecticut, CT",dry,1.15,0.06,True,True,592734.2,27.77,171.2,0.0,2.89,True,0.0,4834445659.05,7222655.14,171029245.18,265503080.08,0.0,0.0,5278200639.45,0.0,352281342.95,1312420689.41,2072243193.8,5278200639.45,5630481982.4,6590621328.86,7350443833.25
55021,"Columbia, WI",dry,1.16,0.06,True,True,1545149.37,27.77,85.4,0.0,4.08,False,0.0,2426207072.55,10472521.65,269256083.89,624640657.08,0.0,0.0,3330576335.17,0.0,918332863.78,3421240080.74,5401958022.22,3330576335.17,4248909198.95,6751816415.91,8732534357.39
09110,"Capitol, CT",evaporative,1.14,0.06,True,True,586328.08,201.63,171.2,0.0,3.75,False,1.8,4782196162.85,40527820.11,149938378.57,524024640.66,45000000.0,0.0,5541687002.19,0.0,348473973.09,1298236370.33,2049846900.51,5541687002.19,5890160975.27,6839923372.51,7591533902.7
17189,"Washington, IL",dry,1.21,0.09,True,True,1433553.72,27.77,88.3,0.0,4.99,False,0.0,2623026064.42,8047634.07,217195124.36,896098562.63,0.0,0.0,3744367385.49,0.0,852007914.27,3174147131.6,5011811260.43,3744367385.49,4596375299.76,6918514517.09,8756178645.91
25027,"Worcester, MA",evaporative,1.13,0.06,False,False,583567.43,162.65,181.9,0.0,1.73,False,0.0,5057159801.61,36510230.78,101755121.62,0.0,0.0,710550123.52,5905975277.52,0.0,346833228.64,1292123792.98,2040195462.59,5905975277.52,6252808506.17,7198099070.5,7946170740.12
25003,"Berkshire, MA",evaporative,1.13,0.06,False,False,580318.36,116.76,181.9,0.0,1.73,False,0.0,5029003588.99,13739357.31,179772388.02,0.0,0.0,710550123.52,5933065457.85,0.0,344902202.04,1284929772.29,2028836482.56,5933065457.85,6277967659.88,7217995230.13,7961901940.41
25015,"Hampshire, MA",evaporative,1.13,0.06,False,False,583211.34,157.62,181.9,0.0,2.89,True,0.0,5054073983.04,29422406.04,115251866.51,265503080.08,0.0,710550123.52,6174801459.19,0.0,346621595.14,1291335354.46,2038950559.67,6174801459.19,6521423054.33,7466136813.64,8213752018.85
25013,"Hampden, MA",evaporative,1.14,0.06,False,False,584313.61,173.19,181.9,0.0,2.81,False,0.0,5063626201.35,33345370.83,134173486.28,244353182.75,0.0,710550123.52,6186048364.72,0.0,347276711.23,1293775983.0,2042804183.68,6186048364.72,6533325075.95,7479824347.72,8228852548.4
25011,"Franklin, MA",evaporative,1.13,0.06,False,False,582371.08,145.75,181.9,0.0,2.89,True,0.0,5046792333.87,27207261.42,148485207.1,265503080.08,0.0,710550123.52,6198538006.0,0.0,346122200.62,1289474865.07,2036012944.84,6198538006.0,6544660206.62,7488012871.06,8234550950.84
06061,"Placer, CA",dry,1.17,0.09,False,False,477174.9,27.77,215.3,0.0,2.89,True,0.0,6160280746.9,7933412.49,163611077.84,265503080.08,0.0,1026602818.46,7623931135.76,0.0,283600665.91,1056551500.45,1668239211.23,7623931135.76,7907531801.67,8680482636.21,9292170347.0
06067,"Sacramento, CA",evaporative,1.16,0.09,False,False,475696.24,376.68,215.3,0.0,3.46,False,0.0,6141191442.63,84042778.77,119091192.3,439014373.72,0.0,1026602818.46,7809942605.88,0.0,282721852.16,1053277488.45,1663069718.61,7809942605.88,8092664458.05,8863220094.34,9473012324.49
06069,"San Benito, CA",dry,1.15,0.09,False,False,470755.28,27.77,215.3,0.0,2.89,True,0.0,6077404069.58,9211160.12,470682478.18,265503080.08,0.0,1026602818.46,7849403606.42,0.0,279785274.72,1042337297.98,1645795733.66,7849403606.42,8129188881.15,8891740904.41,9495199340.08
06113,"Yolo, CA",dry,1.2,0.09,False,False,491614.83,27.77,215.3,0.0,2.89,True,0.0,6346698862.2,7546073.85,185723290.2,265503080.08,0.0,1026602818.46,7832074124.8,0.0,292182791.27,1088524124.35,1718722301.6,7832074124.8,8124256916.07,8920598249.14,9550796426.4
06019,"Fresno, CA",dry,1.2,0.09,False,False,488554.12,27.77,215.3,0.0,4.71,False,0.0,6307185383.8,11905622.87,184094102.5,813552361.4,0.0,1026602818.46,8343340289.03,0.0,290363710.41,1081747156.45,1708021825.97,8343340289.03,8633703999.45,9425087445.48,10051362115.0
06077,"San Joaquin, CA",dry,1.2,0.09,False,False,490083.91,27.77,215.3,0.0,4.71,False,0.0,6326934854.11,10365075.2,193489604.52,813552361.4,0.0,1026602818.46,8370944713.69,0.0,291272916.21,1085134393.71,1713370095.33,8370944713.69,8662217629.9,9456079107.4,10084314809.02
06099,"Stanislaus, CA",dry,1.2,0.09,False,False,491653.55,27.77,215.3,0.0,4.71,False,1.8,6347198735.51,10297270.8,168877678.5,813552361.4,45000000.0,1026602818.46,8411528864.67,0.0,292205803.93,1088609857.76,1718857670.15,8411528864.67,8703734668.59,9500138722.43,10130386534.82
06101,"Sutter, CA",dry,1.22,0.09,False,False,499077.65,27.77,215.3,0.0,4.71,False,0.0,6443043057.1,7300579.67,122686836.95,813552361.4,0.0,1026602818.46,8413185653.57,0.0,296618186.18,1105048144.58,1744812859.86,8413185653.57,8709803839.74,9518233798.14,10157998513.42
06047,"Merced, CA",dry,1.21,0.09,False,False,495700.35,27.77,215.3,0.0,4.71,False,0.0,6399442439.78,12637966.11,212563994.96,813552361.4,0.0,1026602818.46,8464799580.71,0.0,294610945.82,1097570190.32,1733005563.66,8464799580.71,8759410526.53,9562369771.03,10197805144.37
06031,"Kings, CA",dry,1.24,0.09,False,False,507901.05,27.77,215.3,0.0,4.71,False,1.8,6556952352.39,13591932.15,196511915.91,813552361.4,45000000.0,1026602818.46,8652211380.31,0.0,301862225.1,1124584760.16,1775660147.63,8652211380.31,8954073605.41,9776796140.48,10427871527.94
